

                          Summary                           
============================================================
  Block Size: 4096
  Number of blocks: 5462
  Number of streams: 14
  Signature: 0
  Age: 1
  GUID: {3E469AF7-A712-3C4C-B2B3-E058FD7CA5DD}
  Features: 0x1
  Has Debug Info: true
  Has Types: true
  Has IDs: true
  Has Globals: true
  Has Publics: true
  Is incrementally linked: false
  Has conflicting types: false
  Is stripped: false


                          Streams                           
============================================================
  Stream  0 (      0 bytes): [Old MSF Directory]
             Blocks: []
  Stream  1 (     97 bytes): [PDB Stream]
             Blocks: [5455]
  Stream  2 (3008044 bytes): [TPI Stream]
             Blocks: [2283, 2284, 2285, 2286, 2287, 2288, 2289, 2290, 2291, 2292, 2293, 2294, 2295, 2296, 2297, 2298, 2299, 2300, 2301, 2302, 2303, 2304, 2305, 2306, 2307, 2308, 2309, 2310, 2311, 2312, 2313, 2314, 2315, 2316, 2317, 2318, 2319, 2320, 2321, 2322, 2323, 2324, 2325, 2326, 2327, 2328, 2329, 2330, 2331, 2332, 2333, 2334, 2335, 2336, 2337, 2338, 2339, 2340, 2341, 2342, 2343, 2344, 2345, 2346, 2347, 2348, 2349, 2350, 2351, 2352, 2353, 2354, 2355, 2356, 2357, 2358, 2359, 2360, 2361, 2362, 2363, 2364, 2365, 2366, 2367, 2368, 2369, 2370, 2371, 2372, 2373, 2374, 2375, 2376, 2377, 2378, 2379, 2380, 2381, 2382, 2383, 2384, 2385, 2386, 2387, 2388, 2389, 2390, 2391, 2392, 2393, 2394, 2395, 2396, 2397, 2398, 2399, 2400, 2401, 2402, 2403, 2404, 2405, 2406, 2407, 2408, 2409, 2410, 2411, 2412, 2413, 2414, 2415, 2416, 2417, 2418, 2419, 2420, 2421, 2422, 2423, 2424, 2425, 2426, 2427, 2428, 2429, 2430, 2431, 2432, 2433, 2434, 2435, 2436, 2437, 2438, 2439, 2440, 2441, 2442, 2443, 2444, 2445, 2446, 2447, 2448, 2449, 2450, 2451, 2452, 2453, 2454, 2455, 2456, 2457, 2458, 2459, 2460, 2461, 2462, 2463, 2464, 2465, 2466, 2467, 2468, 2469, 2470, 2471, 2472, 2473, 2474, 2475, 2476, 2477, 2478, 2479, 2480, 2481, 2482, 2483, 2484, 2485, 2486, 2487, 2488, 2489, 2490, 2491, 2492, 2493, 2494, 2495, 2496, 2497, 2498, 2499, 2500, 2501, 2502, 2503, 2504, 2505, 2506, 2507, 2508, 2509, 2510, 2511, 2512, 2513, 2514, 2515, 2516, 2517, 2518, 2519, 2520, 2521, 2522, 2523, 2524, 2525, 2526, 2527, 2528, 2529, 2530, 2531, 2532, 2533, 2534, 2535, 2536, 2537, 2538, 2539, 2540, 2541, 2542, 2543, 2544, 2545, 2546, 2547, 2548, 2549, 2550, 2551, 2552, 2553, 2554, 2555, 2556, 2557, 2558, 2559, 2560, 2561, 2562, 2563, 2564, 2565, 2566, 2567, 2568, 2569, 2570, 2571, 2572, 2573, 2574, 2575, 2576, 2577, 2578, 2579, 2580, 2581, 2582, 2583, 2584, 2585, 2586, 2587, 2588, 2589, 2590, 2591, 2592, 2593, 2594, 2595, 2596, 2597, 2598, 2599, 2600, 2601, 2602, 2603, 2604, 2605, 2606, 2607, 2608, 2609, 2610, 2611, 2612, 2613, 2614, 2615, 2616, 2617, 2618, 2619, 2620, 2621, 2622, 2623, 2624, 2625, 2626, 2627, 2628, 2629, 2630, 2631, 2632, 2633, 2634, 2635, 2636, 2637, 2638, 2639, 2640, 2641, 2642, 2643, 2644, 2645, 2646, 2647, 2648, 2649, 2650, 2651, 2652, 2653, 2654, 2655, 2656, 2657, 2658, 2659, 2660, 2661, 2662, 2663, 2664, 2665, 2666, 2667, 2668, 2669, 2670, 2671, 2672, 2673, 2674, 2675, 2676, 2677, 2678, 2679, 2680, 2681, 2682, 2683, 2684, 2685, 2686, 2687, 2688, 2689, 2690, 2691, 2692, 2693, 2694, 2695, 2696, 2697, 2698, 2699, 2700, 2701, 2702, 2703, 2704, 2705, 2706, 2707, 2708, 2709, 2710, 2711, 2712, 2713, 2714, 2715, 2716, 2717, 2718, 2719, 2720, 2721, 2722, 2723, 2724, 2725, 2726, 2727, 2728, 2729, 2730, 2731, 2732, 2733, 2734, 2735, 2736, 2737, 2738, 2739, 2740, 2741, 2742, 2743, 2744, 2745, 2746, 2747, 2748, 2749, 2750, 2751, 2752, 2753, 2754, 2755, 2756, 2757, 2758, 2759, 2760, 2761, 2762, 2763, 2764, 2765, 2766, 2767, 2768, 2769, 2770, 2771, 2772, 2773, 2774, 2775, 2776, 2777, 2778, 2779, 2780, 2781, 2782, 2783, 2784, 2785, 2786, 2787, 2788, 2789, 2790, 2791, 2792, 2793, 2794, 2795, 2796, 2797, 2798, 2799, 2800, 2801, 2802, 2803, 2804, 2805, 2806, 2807, 2808, 2809, 2810, 2811, 2812, 2813, 2814, 2815, 2816, 2817, 2818, 2819, 2820, 2821, 2822, 2823, 2824, 2825, 2826, 2827, 2828, 2829, 2830, 2831, 2832, 2833, 2834, 2835, 2836, 2837, 2838, 2839, 2840, 2841, 2842, 2843, 2844, 2845, 2846, 2847, 2848, 2849, 2850, 2851, 2852, 2853, 2854, 2855, 2856, 2857, 2858, 2859, 2860, 2861, 2862, 2863, 2864, 2865, 2866, 2867, 2868, 2869, 2870, 2871, 2872, 2873, 2874, 2875, 2876, 2877, 2878, 2879, 2880, 2881, 2882, 2883, 2884, 2885, 2886, 2887, 2888, 2889, 2890, 2891, 2892, 2893, 2894, 2895, 2896, 2897, 2898, 2899, 2900, 2901, 2902, 2903, 2904, 2905, 2906, 2907, 2908, 2909, 2910, 2911, 2912, 2913, 2914, 2915, 2916, 2917, 2918, 2919, 2920, 2921, 2922, 2923, 2924, 2925, 2926, 2927, 2928, 2929, 2930, 2931, 2932, 2933, 2934, 2935, 2936, 2937, 2938, 2939, 2940, 2941, 2942, 2943, 2944, 2945, 2946, 2947, 2948, 2949, 2950, 2951, 2952, 2953, 2954, 2955, 2956, 2957, 2958, 2959, 2960, 2961, 2962, 2963, 2964, 2965, 2966, 2967, 2968, 2969, 2970, 2971, 2972, 2973, 2974, 2975, 2976, 2977, 2978, 2979, 2980, 2981, 2982, 2983, 2984, 2985, 2986, 2987, 2988, 2989, 2990, 2991, 2992, 2993, 2994, 2995, 2996, 2997, 2998, 2999, 3000, 3001, 3002, 3003, 3004, 3005, 3006, 3007, 3008, 3009, 3010, 3011, 3012, 3013, 3014, 3015, 3016, 3017]
  Stream  3 (    347 bytes): [DBI Stream]
             Blocks: [4580]
  Stream  4 (3343476 bytes): [IPI Stream]
             Blocks: [4582, 4583, 4584, 4585, 4586, 4587, 4588, 4589, 4590, 4591, 4592, 4593, 4594, 4595, 4596, 4597, 4598, 4599, 4600, 4601, 4602, 4603, 4604, 4605, 4606, 4607, 4608, 4609, 4610, 4611, 4612, 4613, 4614, 4615, 4616, 4617, 4618, 4619, 4620, 4621, 4622, 4623, 4624, 4625, 4626, 4627, 4628, 4629, 4630, 4631, 4632, 4633, 4634, 4635, 4636, 4637, 4638, 4639, 4640, 4641, 4642, 4643, 4644, 4645, 4646, 4647, 4648, 4649, 4650, 4651, 4652, 4653, 4654, 4655, 4656, 4657, 4658, 4659, 4660, 4661, 4662, 4663, 4664, 4665, 4666, 4667, 4668, 4669, 4670, 4671, 4672, 4673, 4674, 4675, 4676, 4677, 4678, 4679, 4680, 4681, 4682, 4683, 4684, 4685, 4686, 4687, 4688, 4689, 4690, 4691, 4692, 4693, 4694, 4695, 4696, 4697, 4698, 4699, 4700, 4701, 4702, 4703, 4704, 4705, 4706, 4707, 4708, 4709, 4710, 4711, 4712, 4713, 4714, 4715, 4716, 4717, 4718, 4719, 4720, 4721, 4722, 4723, 4724, 4725, 4726, 4727, 4728, 4729, 4730, 4731, 4732, 4733, 4734, 4735, 4736, 4737, 4738, 4739, 4740, 4741, 4742, 4743, 4744, 4745, 4746, 4747, 4748, 4749, 4750, 4751, 4752, 4753, 4754, 4755, 4756, 4757, 4758, 4759, 4760, 4761, 4762, 4763, 4764, 4765, 4766, 4767, 4768, 4769, 4770, 4771, 4772, 4773, 4774, 4775, 4776, 4777, 4778, 4779, 4780, 4781, 4782, 4783, 4784, 4785, 4786, 4787, 4788, 4789, 4790, 4791, 4792, 4793, 4794, 4795, 4796, 4797, 4798, 4799, 4800, 4801, 4802, 4803, 4804, 4805, 4806, 4807, 4808, 4809, 4810, 4811, 4812, 4813, 4814, 4815, 4816, 4817, 4818, 4819, 4820, 4821, 4822, 4823, 4824, 4825, 4826, 4827, 4828, 4829, 4830, 4831, 4832, 4833, 4834, 4835, 4836, 4837, 4838, 4839, 4840, 4841, 4842, 4843, 4844, 4845, 4846, 4847, 4848, 4849, 4850, 4851, 4852, 4853, 4854, 4855, 4856, 4857, 4858, 4859, 4860, 4861, 4862, 4863, 4864, 4865, 4866, 4867, 4868, 4869, 4870, 4871, 4872, 4873, 4874, 4875, 4876, 4877, 4878, 4879, 4880, 4881, 4882, 4883, 4884, 4885, 4886, 4887, 4888, 4889, 4890, 4891, 4892, 4893, 4894, 4895, 4896, 4897, 4898, 4899, 4900, 4901, 4902, 4903, 4904, 4905, 4906, 4907, 4908, 4909, 4910, 4911, 4912, 4913, 4914, 4915, 4916, 4917, 4918, 4919, 4920, 4921, 4922, 4923, 4924, 4925, 4926, 4927, 4928, 4929, 4930, 4931, 4932, 4933, 4934, 4935, 4936, 4937, 4938, 4939, 4940, 4941, 4942, 4943, 4944, 4945, 4946, 4947, 4948, 4949, 4950, 4951, 4952, 4953, 4954, 4955, 4956, 4957, 4958, 4959, 4960, 4961, 4962, 4963, 4964, 4965, 4966, 4967, 4968, 4969, 4970, 4971, 4972, 4973, 4974, 4975, 4976, 4977, 4978, 4979, 4980, 4981, 4982, 4983, 4984, 4985, 4986, 4987, 4988, 4989, 4990, 4991, 4992, 4993, 4994, 4995, 4996, 4997, 4998, 4999, 5000, 5001, 5002, 5003, 5004, 5005, 5006, 5007, 5008, 5009, 5010, 5011, 5012, 5013, 5014, 5015, 5016, 5017, 5018, 5019, 5020, 5021, 5022, 5023, 5024, 5025, 5026, 5027, 5028, 5029, 5030, 5031, 5032, 5033, 5034, 5035, 5036, 5037, 5038, 5039, 5040, 5041, 5042, 5043, 5044, 5045, 5046, 5047, 5048, 5049, 5050, 5051, 5052, 5053, 5054, 5055, 5056, 5057, 5058, 5059, 5060, 5061, 5062, 5063, 5064, 5065, 5066, 5067, 5068, 5069, 5070, 5071, 5072, 5073, 5074, 5075, 5076, 5077, 5078, 5079, 5080, 5081, 5082, 5083, 5084, 5085, 5086, 5087, 5088, 5089, 5090, 5091, 5092, 5093, 5094, 5095, 5096, 5097, 5098, 5099, 5100, 5101, 5102, 5103, 5104, 5105, 5106, 5107, 5108, 5109, 5110, 5111, 5112, 5113, 5114, 5115, 5116, 5117, 5118, 5119, 5120, 5121, 5122, 5123, 5124, 5125, 5126, 5127, 5128, 5129, 5130, 5131, 5132, 5133, 5134, 5135, 5136, 5137, 5138, 5139, 5140, 5141, 5142, 5143, 5144, 5145, 5146, 5147, 5148, 5149, 5150, 5151, 5152, 5153, 5154, 5155, 5156, 5157, 5158, 5159, 5160, 5161, 5162, 5163, 5164, 5165, 5166, 5167, 5168, 5169, 5170, 5171, 5172, 5173, 5174, 5175, 5176, 5177, 5178, 5179, 5180, 5181, 5182, 5183, 5184, 5185, 5186, 5187, 5188, 5189, 5190, 5191, 5192, 5193, 5194, 5195, 5196, 5197, 5198, 5199, 5200, 5201, 5202, 5203, 5204, 5205, 5206, 5207, 5208, 5209, 5210, 5211, 5212, 5213, 5214, 5215, 5216, 5217, 5218, 5219, 5220, 5221, 5222, 5223, 5224, 5225, 5226, 5227, 5228, 5229, 5230, 5231, 5232, 5233, 5234, 5235, 5236, 5237, 5238, 5239, 5240, 5241, 5242, 5243, 5244, 5245, 5246, 5247, 5248, 5249, 5250, 5251, 5252, 5253, 5254, 5255, 5256, 5257, 5258, 5259, 5260, 5261, 5262, 5263, 5264, 5265, 5266, 5267, 5268, 5269, 5270, 5271, 5272, 5273, 5274, 5275, 5276, 5277, 5278, 5279, 5280, 5281, 5282, 5283, 5284, 5285, 5286, 5287, 5288, 5289, 5290, 5291, 5292, 5293, 5294, 5295, 5296, 5297, 5298, 5299, 5300, 5301, 5302, 5303, 5304, 5305, 5306, 5307, 5308, 5309, 5310, 5311, 5312, 5313, 5314, 5315, 5316, 5317, 5318, 5319, 5320, 5321, 5322, 5323, 5324, 5325, 5326, 5327, 5328, 5329, 5330, 5331, 5332, 5333, 5334, 5335, 5336, 5337, 5338, 5339, 5340, 5341, 5342, 5343, 5344, 5345, 5346, 5347, 5348, 5349, 5350, 5351, 5352, 5353, 5354, 5355, 5356, 5357, 5358, 5359, 5360, 5361, 5362, 5363, 5364, 5365, 5366, 5367, 5368, 5369, 5370, 5371, 5372, 5373, 5374, 5375, 5376, 5377, 5378, 5379, 5380, 5381, 5382, 5383, 5384, 5385, 5386, 5387, 5388, 5389, 5390, 5391, 5392, 5393, 5394, 5395, 5396, 5397, 5398]
  Stream  5 (      0 bytes): [Named Stream "/LinkInfo"]
             Blocks: []
  Stream  6 ( 463084 bytes): [Global Symbol Hash]
             Blocks: [4, 5, 6, 7, 8, 9, 10, 11, 12, 13, 14, 15, 16, 17, 18, 19, 20, 21, 22, 23, 24, 25, 26, 27, 28, 29, 30, 31, 32, 33, 34, 35, 36, 37, 38, 39, 40, 41, 42, 43, 44, 45, 46, 47, 48, 49, 50, 51, 52, 53, 54, 55, 56, 57, 58, 59, 60, 61, 62, 63, 64, 65, 66, 67, 68, 69, 70, 71, 72, 73, 74, 75, 76, 77, 78, 79, 80, 81, 82, 83, 84, 85, 86, 87, 88, 89, 90, 91, 92, 93, 94, 95, 96, 97, 98, 99, 100, 101, 102, 103, 104, 105, 106, 107, 108, 109, 110, 111, 112, 113, 114, 115, 116, 117]
  Stream  7 ( 686240 bytes): [Public Symbol Hash]
             Blocks: [118, 119, 120, 121, 122, 123, 124, 125, 126, 127, 128, 129, 130, 131, 132, 133, 134, 135, 136, 137, 138, 139, 140, 141, 142, 143, 144, 145, 146, 147, 148, 149, 150, 151, 152, 153, 154, 155, 156, 157, 158, 159, 160, 161, 162, 163, 164, 165, 166, 167, 168, 169, 170, 171, 172, 173, 174, 175, 176, 177, 178, 179, 180, 181, 182, 183, 184, 185, 186, 187, 188, 189, 190, 191, 192, 193, 194, 195, 196, 197, 198, 199, 200, 201, 202, 203, 204, 205, 206, 207, 208, 209, 210, 211, 212, 213, 214, 215, 216, 217, 218, 219, 220, 221, 222, 223, 224, 225, 226, 227, 228, 229, 230, 231, 232, 233, 234, 235, 236, 237, 238, 239, 240, 241, 242, 243, 244, 245, 246, 247, 248, 249, 250, 251, 252, 253, 254, 255, 256, 257, 258, 259, 260, 261, 262, 263, 264, 265, 266, 267, 268, 269, 270, 271, 272, 273, 274, 275, 276, 277, 278, 279, 280, 281, 282, 283, 284, 285]
  Stream  8 (8175860 bytes): [Symbol Records]
             Blocks: [286, 287, 288, 289, 290, 291, 292, 293, 294, 295, 296, 297, 298, 299, 300, 301, 302, 303, 304, 305, 306, 307, 308, 309, 310, 311, 312, 313, 314, 315, 316, 317, 318, 319, 320, 321, 322, 323, 324, 325, 326, 327, 328, 329, 330, 331, 332, 333, 334, 335, 336, 337, 338, 339, 340, 341, 342, 343, 344, 345, 346, 347, 348, 349, 350, 351, 352, 353, 354, 355, 356, 357, 358, 359, 360, 361, 362, 363, 364, 365, 366, 367, 368, 369, 370, 371, 372, 373, 374, 375, 376, 377, 378, 379, 380, 381, 382, 383, 384, 385, 386, 387, 388, 389, 390, 391, 392, 393, 394, 395, 396, 397, 398, 399, 400, 401, 402, 403, 404, 405, 406, 407, 408, 409, 410, 411, 412, 413, 414, 415, 416, 417, 418, 419, 420, 421, 422, 423, 424, 425, 426, 427, 428, 429, 430, 431, 432, 433, 434, 435, 436, 437, 438, 439, 440, 441, 442, 443, 444, 445, 446, 447, 448, 449, 450, 451, 452, 453, 454, 455, 456, 457, 458, 459, 460, 461, 462, 463, 464, 465, 466, 467, 468, 469, 470, 471, 472, 473, 474, 475, 476, 477, 478, 479, 480, 481, 482, 483, 484, 485, 486, 487, 488, 489, 490, 491, 492, 493, 494, 495, 496, 497, 498, 499, 500, 501, 502, 503, 504, 505, 506, 507, 508, 509, 510, 511, 512, 513, 514, 515, 516, 517, 518, 519, 520, 521, 522, 523, 524, 525, 526, 527, 528, 529, 530, 531, 532, 533, 534, 535, 536, 537, 538, 539, 540, 541, 542, 543, 544, 545, 546, 547, 548, 549, 550, 551, 552, 553, 554, 555, 556, 557, 558, 559, 560, 561, 562, 563, 564, 565, 566, 567, 568, 569, 570, 571, 572, 573, 574, 575, 576, 577, 578, 579, 580, 581, 582, 583, 584, 585, 586, 587, 588, 589, 590, 591, 592, 593, 594, 595, 596, 597, 598, 599, 600, 601, 602, 603, 604, 605, 606, 607, 608, 609, 610, 611, 612, 613, 614, 615, 616, 617, 618, 619, 620, 621, 622, 623, 624, 625, 626, 627, 628, 629, 630, 631, 632, 633, 634, 635, 636, 637, 638, 639, 640, 641, 642, 643, 644, 645, 646, 647, 648, 649, 650, 651, 652, 653, 654, 655, 656, 657, 658, 659, 660, 661, 662, 663, 664, 665, 666, 667, 668, 669, 670, 671, 672, 673, 674, 675, 676, 677, 678, 679, 680, 681, 682, 683, 684, 685, 686, 687, 688, 689, 690, 691, 692, 693, 694, 695, 696, 697, 698, 699, 700, 701, 702, 703, 704, 705, 706, 707, 708, 709, 710, 711, 712, 713, 714, 715, 716, 717, 718, 719, 720, 721, 722, 723, 724, 725, 726, 727, 728, 729, 730, 731, 732, 733, 734, 735, 736, 737, 738, 739, 740, 741, 742, 743, 744, 745, 746, 747, 748, 749, 750, 751, 752, 753, 754, 755, 756, 757, 758, 759, 760, 761, 762, 763, 764, 765, 766, 767, 768, 769, 770, 771, 772, 773, 774, 775, 776, 777, 778, 779, 780, 781, 782, 783, 784, 785, 786, 787, 788, 789, 790, 791, 792, 793, 794, 795, 796, 797, 798, 799, 800, 801, 802, 803, 804, 805, 806, 807, 808, 809, 810, 811, 812, 813, 814, 815, 816, 817, 818, 819, 820, 821, 822, 823, 824, 825, 826, 827, 828, 829, 830, 831, 832, 833, 834, 835, 836, 837, 838, 839, 840, 841, 842, 843, 844, 845, 846, 847, 848, 849, 850, 851, 852, 853, 854, 855, 856, 857, 858, 859, 860, 861, 862, 863, 864, 865, 866, 867, 868, 869, 870, 871, 872, 873, 874, 875, 876, 877, 878, 879, 880, 881, 882, 883, 884, 885, 886, 887, 888, 889, 890, 891, 892, 893, 894, 895, 896, 897, 898, 899, 900, 901, 902, 903, 904, 905, 906, 907, 908, 909, 910, 911, 912, 913, 914, 915, 916, 917, 918, 919, 920, 921, 922, 923, 924, 925, 926, 927, 928, 929, 930, 931, 932, 933, 934, 935, 936, 937, 938, 939, 940, 941, 942, 943, 944, 945, 946, 947, 948, 949, 950, 951, 952, 953, 954, 955, 956, 957, 958, 959, 960, 961, 962, 963, 964, 965, 966, 967, 968, 969, 970, 971, 972, 973, 974, 975, 976, 977, 978, 979, 980, 981, 982, 983, 984, 985, 986, 987, 988, 989, 990, 991, 992, 993, 994, 995, 996, 997, 998, 999, 1000, 1001, 1002, 1003, 1004, 1005, 1006, 1007, 1008, 1009, 1010, 1011, 1012, 1013, 1014, 1015, 1016, 1017, 1018, 1019, 1020, 1021, 1022, 1023, 1024, 1025, 1026, 1027, 1028, 1029, 1030, 1031, 1032, 1033, 1034, 1035, 1036, 1037, 1038, 1039, 1040, 1041, 1042, 1043, 1044, 1045, 1046, 1047, 1048, 1049, 1050, 1051, 1052, 1053, 1054, 1055, 1056, 1057, 1058, 1059, 1060, 1061, 1062, 1063, 1064, 1065, 1066, 1067, 1068, 1069, 1070, 1071, 1072, 1073, 1074, 1075, 1076, 1077, 1078, 1079, 1080, 1081, 1082, 1083, 1084, 1085, 1086, 1087, 1088, 1089, 1090, 1091, 1092, 1093, 1094, 1095, 1096, 1097, 1098, 1099, 1100, 1101, 1102, 1103, 1104, 1105, 1106, 1107, 1108, 1109, 1110, 1111, 1112, 1113, 1114, 1115, 1116, 1117, 1118, 1119, 1120, 1121, 1122, 1123, 1124, 1125, 1126, 1127, 1128, 1129, 1130, 1131, 1132, 1133, 1134, 1135, 1136, 1137, 1138, 1139, 1140, 1141, 1142, 1143, 1144, 1145, 1146, 1147, 1148, 1149, 1150, 1151, 1152, 1153, 1154, 1155, 1156, 1157, 1158, 1159, 1160, 1161, 1162, 1163, 1164, 1165, 1166, 1167, 1168, 1169, 1170, 1171, 1172, 1173, 1174, 1175, 1176, 1177, 1178, 1179, 1180, 1181, 1182, 1183, 1184, 1185, 1186, 1187, 1188, 1189, 1190, 1191, 1192, 1193, 1194, 1195, 1196, 1197, 1198, 1199, 1200, 1201, 1202, 1203, 1204, 1205, 1206, 1207, 1208, 1209, 1210, 1211, 1212, 1213, 1214, 1215, 1216, 1217, 1218, 1219, 1220, 1221, 1222, 1223, 1224, 1225, 1226, 1227, 1228, 1229, 1230, 1231, 1232, 1233, 1234, 1235, 1236, 1237, 1238, 1239, 1240, 1241, 1242, 1243, 1244, 1245, 1246, 1247, 1248, 1249, 1250, 1251, 1252, 1253, 1254, 1255, 1256, 1257, 1258, 1259, 1260, 1261, 1262, 1263, 1264, 1265, 1266, 1267, 1268, 1269, 1270, 1271, 1272, 1273, 1274, 1275, 1276, 1277, 1278, 1279, 1280, 1281, 1282, 1283, 1284, 1285, 1286, 1287, 1288, 1289, 1290, 1291, 1292, 1293, 1294, 1295, 1296, 1297, 1298, 1299, 1300, 1301, 1302, 1303, 1304, 1305, 1306, 1307, 1308, 1309, 1310, 1311, 1312, 1313, 1314, 1315, 1316, 1317, 1318, 1319, 1320, 1321, 1322, 1323, 1324, 1325, 1326, 1327, 1328, 1329, 1330, 1331, 1332, 1333, 1334, 1335, 1336, 1337, 1338, 1339, 1340, 1341, 1342, 1343, 1344, 1345, 1346, 1347, 1348, 1349, 1350, 1351, 1352, 1353, 1354, 1355, 1356, 1357, 1358, 1359, 1360, 1361, 1362, 1363, 1364, 1365, 1366, 1367, 1368, 1369, 1370, 1371, 1372, 1373, 1374, 1375, 1376, 1377, 1378, 1379, 1380, 1381, 1382, 1383, 1384, 1385, 1386, 1387, 1388, 1389, 1390, 1391, 1392, 1393, 1394, 1395, 1396, 1397, 1398, 1399, 1400, 1401, 1402, 1403, 1404, 1405, 1406, 1407, 1408, 1409, 1410, 1411, 1412, 1413, 1414, 1415, 1416, 1417, 1418, 1419, 1420, 1421, 1422, 1423, 1424, 1425, 1426, 1427, 1428, 1429, 1430, 1431, 1432, 1433, 1434, 1435, 1436, 1437, 1438, 1439, 1440, 1441, 1442, 1443, 1444, 1445, 1446, 1447, 1448, 1449, 1450, 1451, 1452, 1453, 1454, 1455, 1456, 1457, 1458, 1459, 1460, 1461, 1462, 1463, 1464, 1465, 1466, 1467, 1468, 1469, 1470, 1471, 1472, 1473, 1474, 1475, 1476, 1477, 1478, 1479, 1480, 1481, 1482, 1483, 1484, 1485, 1486, 1487, 1488, 1489, 1490, 1491, 1492, 1493, 1494, 1495, 1496, 1497, 1498, 1499, 1500, 1501, 1502, 1503, 1504, 1505, 1506, 1507, 1508, 1509, 1510, 1511, 1512, 1513, 1514, 1515, 1516, 1517, 1518, 1519, 1520, 1521, 1522, 1523, 1524, 1525, 1526, 1527, 1528, 1529, 1530, 1531, 1532, 1533, 1534, 1535, 1536, 1537, 1538, 1539, 1540, 1541, 1542, 1543, 1544, 1545, 1546, 1547, 1548, 1549, 1550, 1551, 1552, 1553, 1554, 1555, 1556, 1557, 1558, 1559, 1560, 1561, 1562, 1563, 1564, 1565, 1566, 1567, 1568, 1569, 1570, 1571, 1572, 1573, 1574, 1575, 1576, 1577, 1578, 1579, 1580, 1581, 1582, 1583, 1584, 1585, 1586, 1587, 1588, 1589, 1590, 1591, 1592, 1593, 1594, 1595, 1596, 1597, 1598, 1599, 1600, 1601, 1602, 1603, 1604, 1605, 1606, 1607, 1608, 1609, 1610, 1611, 1612, 1613, 1614, 1615, 1616, 1617, 1618, 1619, 1620, 1621, 1622, 1623, 1624, 1625, 1626, 1627, 1628, 1629, 1630, 1631, 1632, 1633, 1634, 1635, 1636, 1637, 1638, 1639, 1640, 1641, 1642, 1643, 1644, 1645, 1646, 1647, 1648, 1649, 1650, 1651, 1652, 1653, 1654, 1655, 1656, 1657, 1658, 1659, 1660, 1661, 1662, 1663, 1664, 1665, 1666, 1667, 1668, 1669, 1670, 1671, 1672, 1673, 1674, 1675, 1676, 1677, 1678, 1679, 1680, 1681, 1682, 1683, 1684, 1685, 1686, 1687, 1688, 1689, 1690, 1691, 1692, 1693, 1694, 1695, 1696, 1697, 1698, 1699, 1700, 1701, 1702, 1703, 1704, 1705, 1706, 1707, 1708, 1709, 1710, 1711, 1712, 1713, 1714, 1715, 1716, 1717, 1718, 1719, 1720, 1721, 1722, 1723, 1724, 1725, 1726, 1727, 1728, 1729, 1730, 1731, 1732, 1733, 1734, 1735, 1736, 1737, 1738, 1739, 1740, 1741, 1742, 1743, 1744, 1745, 1746, 1747, 1748, 1749, 1750, 1751, 1752, 1753, 1754, 1755, 1756, 1757, 1758, 1759, 1760, 1761, 1762, 1763, 1764, 1765, 1766, 1767, 1768, 1769, 1770, 1771, 1772, 1773, 1774, 1775, 1776, 1777, 1778, 1779, 1780, 1781, 1782, 1783, 1784, 1785, 1786, 1787, 1788, 1789, 1790, 1791, 1792, 1793, 1794, 1795, 1796, 1797, 1798, 1799, 1800, 1801, 1802, 1803, 1804, 1805, 1806, 1807, 1808, 1809, 1810, 1811, 1812, 1813, 1814, 1815, 1816, 1817, 1818, 1819, 1820, 1821, 1822, 1823, 1824, 1825, 1826, 1827, 1828, 1829, 1830, 1831, 1832, 1833, 1834, 1835, 1836, 1837, 1838, 1839, 1840, 1841, 1842, 1843, 1844, 1845, 1846, 1847, 1848, 1849, 1850, 1851, 1852, 1853, 1854, 1855, 1856, 1857, 1858, 1859, 1860, 1861, 1862, 1863, 1864, 1865, 1866, 1867, 1868, 1869, 1870, 1871, 1872, 1873, 1874, 1875, 1876, 1877, 1878, 1879, 1880, 1881, 1882, 1883, 1884, 1885, 1886, 1887, 1888, 1889, 1890, 1891, 1892, 1893, 1894, 1895, 1896, 1897, 1898, 1899, 1900, 1901, 1902, 1903, 1904, 1905, 1906, 1907, 1908, 1909, 1910, 1911, 1912, 1913, 1914, 1915, 1916, 1917, 1918, 1919, 1920, 1921, 1922, 1923, 1924, 1925, 1926, 1927, 1928, 1929, 1930, 1931, 1932, 1933, 1934, 1935, 1936, 1937, 1938, 1939, 1940, 1941, 1942, 1943, 1944, 1945, 1946, 1947, 1948, 1949, 1950, 1951, 1952, 1953, 1954, 1955, 1956, 1957, 1958, 1959, 1960, 1961, 1962, 1963, 1964, 1965, 1966, 1967, 1968, 1969, 1970, 1971, 1972, 1973, 1974, 1975, 1976, 1977, 1978, 1979, 1980, 1981, 1982, 1983, 1984, 1985, 1986, 1987, 1988, 1989, 1990, 1991, 1992, 1993, 1994, 1995, 1996, 1997, 1998, 1999, 2000, 2001, 2002, 2003, 2004, 2005, 2006, 2007, 2008, 2009, 2010, 2011, 2012, 2013, 2014, 2015, 2016, 2017, 2018, 2019, 2020, 2021, 2022, 2023, 2024, 2025, 2026, 2027, 2028, 2029, 2030, 2031, 2032, 2033, 2034, 2035, 2036, 2037, 2038, 2039, 2040, 2041, 2042, 2043, 2044, 2045, 2046, 2047, 2048, 2049, 2050, 2051, 2052, 2053, 2054, 2055, 2056, 2057, 2058, 2059, 2060, 2061, 2062, 2063, 2064, 2065, 2066, 2067, 2068, 2069, 2070, 2071, 2072, 2073, 2074, 2075, 2076, 2077, 2078, 2079, 2080, 2081, 2082, 2083, 2084, 2085, 2086, 2087, 2088, 2089, 2090, 2091, 2092, 2093, 2094, 2095, 2096, 2097, 2098, 2099, 2100, 2101, 2102, 2103, 2104, 2105, 2106, 2107, 2108, 2109, 2110, 2111, 2112, 2113, 2114, 2115, 2116, 2117, 2118, 2119, 2120, 2121, 2122, 2123, 2124, 2125, 2126, 2127, 2128, 2129, 2130, 2131, 2132, 2133, 2134, 2135, 2136, 2137, 2138, 2139, 2140, 2141, 2142, 2143, 2144, 2145, 2146, 2147, 2148, 2149, 2150, 2151, 2152, 2153, 2154, 2155, 2156, 2157, 2158, 2159, 2160, 2161, 2162, 2163, 2164, 2165, 2166, 2167, 2168, 2169, 2170, 2171, 2172, 2173, 2174, 2175, 2176, 2177, 2178, 2179, 2180, 2181, 2182, 2183, 2184, 2185, 2186, 2187, 2188, 2189, 2190, 2191, 2192, 2193, 2194, 2195, 2196, 2197, 2198, 2199, 2200, 2201, 2202, 2203, 2204, 2205, 2206, 2207, 2208, 2209, 2210, 2211, 2212, 2213, 2214, 2215, 2216, 2217, 2218, 2219, 2220, 2221, 2222, 2223, 2224, 2225, 2226, 2227, 2228, 2229, 2230, 2231, 2232, 2233, 2234, 2235, 2236, 2237, 2238, 2239, 2240, 2241, 2242, 2243, 2244, 2245, 2246, 2247, 2248, 2249, 2250, 2251, 2252, 2253, 2254, 2255, 2256, 2257, 2258, 2259, 2260, 2261, 2262, 2263, 2264, 2265, 2266, 2267, 2268, 2269, 2270, 2271, 2272, 2273, 2274, 2275, 2276, 2277, 2278, 2279, 2280, 2281, 2282]
  Stream  9 ( 677844 bytes): [TPI Hash]
             Blocks: [3018, 3019, 3020, 3021, 3022, 3023, 3024, 3025, 3026, 3027, 3028, 3029, 3030, 3031, 3032, 3033, 3034, 3035, 3036, 3037, 3038, 3039, 3040, 3041, 3042, 3043, 3044, 3045, 3046, 3047, 3048, 3049, 3050, 3051, 3052, 3053, 3054, 3055, 3056, 3057, 3058, 3059, 3060, 3061, 3062, 3063, 3064, 3065, 3066, 3067, 3068, 3069, 3070, 3071, 3072, 3073, 3074, 3075, 3076, 3077, 3078, 3079, 3080, 3081, 3082, 3083, 3084, 3085, 3086, 3087, 3088, 3089, 3090, 3091, 3092, 3093, 3094, 3095, 3096, 3097, 3098, 3099, 3100, 3101, 3102, 3103, 3104, 3105, 3106, 3107, 3108, 3109, 3110, 3111, 3112, 3113, 3114, 3115, 3116, 3117, 3118, 3119, 3120, 3121, 3122, 3123, 3124, 3125, 3126, 3127, 3128, 3129, 3130, 3131, 3132, 3133, 3134, 3135, 3136, 3137, 3138, 3139, 3140, 3141, 3142, 3143, 3144, 3145, 3146, 3147, 3148, 3149, 3150, 3151, 3152, 3153, 3154, 3155, 3156, 3157, 3158, 3159, 3160, 3161, 3162, 3163, 3164, 3165, 3166, 3167, 3168, 3169, 3170, 3171, 3172, 3173, 3174, 3175, 3176, 3177, 3178, 3179, 3180, 3181, 3182, 3183]
  Stream 10 (    240 bytes): [Section Header Data]
             Blocks: [3184]
  Stream 11 (5703196 bytes): [Module "fake.obj"]
             Blocks: [3185, 3186, 3187, 3188, 3189, 3190, 3191, 3192, 3193, 3194, 3195, 3196, 3197, 3198, 3199, 3200, 3201, 3202, 3203, 3204, 3205, 3206, 3207, 3208, 3209, 3210, 3211, 3212, 3213, 3214, 3215, 3216, 3217, 3218, 3219, 3220, 3221, 3222, 3223, 3224, 3225, 3226, 3227, 3228, 3229, 3230, 3231, 3232, 3233, 3234, 3235, 3236, 3237, 3238, 3239, 3240, 3241, 3242, 3243, 3244, 3245, 3246, 3247, 3248, 3249, 3250, 3251, 3252, 3253, 3254, 3255, 3256, 3257, 3258, 3259, 3260, 3261, 3262, 3263, 3264, 3265, 3266, 3267, 3268, 3269, 3270, 3271, 3272, 3273, 3274, 3275, 3276, 3277, 3278, 3279, 3280, 3281, 3282, 3283, 3284, 3285, 3286, 3287, 3288, 3289, 3290, 3291, 3292, 3293, 3294, 3295, 3296, 3297, 3298, 3299, 3300, 3301, 3302, 3303, 3304, 3305, 3306, 3307, 3308, 3309, 3310, 3311, 3312, 3313, 3314, 3315, 3316, 3317, 3318, 3319, 3320, 3321, 3322, 3323, 3324, 3325, 3326, 3327, 3328, 3329, 3330, 3331, 3332, 3333, 3334, 3335, 3336, 3337, 3338, 3339, 3340, 3341, 3342, 3343, 3344, 3345, 3346, 3347, 3348, 3349, 3350, 3351, 3352, 3353, 3354, 3355, 3356, 3357, 3358, 3359, 3360, 3361, 3362, 3363, 3364, 3365, 3366, 3367, 3368, 3369, 3370, 3371, 3372, 3373, 3374, 3375, 3376, 3377, 3378, 3379, 3380, 3381, 3382, 3383, 3384, 3385, 3386, 3387, 3388, 3389, 3390, 3391, 3392, 3393, 3394, 3395, 3396, 3397, 3398, 3399, 3400, 3401, 3402, 3403, 3404, 3405, 3406, 3407, 3408, 3409, 3410, 3411, 3412, 3413, 3414, 3415, 3416, 3417, 3418, 3419, 3420, 3421, 3422, 3423, 3424, 3425, 3426, 3427, 3428, 3429, 3430, 3431, 3432, 3433, 3434, 3435, 3436, 3437, 3438, 3439, 3440, 3441, 3442, 3443, 3444, 3445, 3446, 3447, 3448, 3449, 3450, 3451, 3452, 3453, 3454, 3455, 3456, 3457, 3458, 3459, 3460, 3461, 3462, 3463, 3464, 3465, 3466, 3467, 3468, 3469, 3470, 3471, 3472, 3473, 3474, 3475, 3476, 3477, 3478, 3479, 3480, 3481, 3482, 3483, 3484, 3485, 3486, 3487, 3488, 3489, 3490, 3491, 3492, 3493, 3494, 3495, 3496, 3497, 3498, 3499, 3500, 3501, 3502, 3503, 3504, 3505, 3506, 3507, 3508, 3509, 3510, 3511, 3512, 3513, 3514, 3515, 3516, 3517, 3518, 3519, 3520, 3521, 3522, 3523, 3524, 3525, 3526, 3527, 3528, 3529, 3530, 3531, 3532, 3533, 3534, 3535, 3536, 3537, 3538, 3539, 3540, 3541, 3542, 3543, 3544, 3545, 3546, 3547, 3548, 3549, 3550, 3551, 3552, 3553, 3554, 3555, 3556, 3557, 3558, 3559, 3560, 3561, 3562, 3563, 3564, 3565, 3566, 3567, 3568, 3569, 3570, 3571, 3572, 3573, 3574, 3575, 3576, 3577, 3578, 3579, 3580, 3581, 3582, 3583, 3584, 3585, 3586, 3587, 3588, 3589, 3590, 3591, 3592, 3593, 3594, 3595, 3596, 3597, 3598, 3599, 3600, 3601, 3602, 3603, 3604, 3605, 3606, 3607, 3608, 3609, 3610, 3611, 3612, 3613, 3614, 3615, 3616, 3617, 3618, 3619, 3620, 3621, 3622, 3623, 3624, 3625, 3626, 3627, 3628, 3629, 3630, 3631, 3632, 3633, 3634, 3635, 3636, 3637, 3638, 3639, 3640, 3641, 3642, 3643, 3644, 3645, 3646, 3647, 3648, 3649, 3650, 3651, 3652, 3653, 3654, 3655, 3656, 3657, 3658, 3659, 3660, 3661, 3662, 3663, 3664, 3665, 3666, 3667, 3668, 3669, 3670, 3671, 3672, 3673, 3674, 3675, 3676, 3677, 3678, 3679, 3680, 3681, 3682, 3683, 3684, 3685, 3686, 3687, 3688, 3689, 3690, 3691, 3692, 3693, 3694, 3695, 3696, 3697, 3698, 3699, 3700, 3701, 3702, 3703, 3704, 3705, 3706, 3707, 3708, 3709, 3710, 3711, 3712, 3713, 3714, 3715, 3716, 3717, 3718, 3719, 3720, 3721, 3722, 3723, 3724, 3725, 3726, 3727, 3728, 3729, 3730, 3731, 3732, 3733, 3734, 3735, 3736, 3737, 3738, 3739, 3740, 3741, 3742, 3743, 3744, 3745, 3746, 3747, 3748, 3749, 3750, 3751, 3752, 3753, 3754, 3755, 3756, 3757, 3758, 3759, 3760, 3761, 3762, 3763, 3764, 3765, 3766, 3767, 3768, 3769, 3770, 3771, 3772, 3773, 3774, 3775, 3776, 3777, 3778, 3779, 3780, 3781, 3782, 3783, 3784, 3785, 3786, 3787, 3788, 3789, 3790, 3791, 3792, 3793, 3794, 3795, 3796, 3797, 3798, 3799, 3800, 3801, 3802, 3803, 3804, 3805, 3806, 3807, 3808, 3809, 3810, 3811, 3812, 3813, 3814, 3815, 3816, 3817, 3818, 3819, 3820, 3821, 3822, 3823, 3824, 3825, 3826, 3827, 3828, 3829, 3830, 3831, 3832, 3833, 3834, 3835, 3836, 3837, 3838, 3839, 3840, 3841, 3842, 3843, 3844, 3845, 3846, 3847, 3848, 3849, 3850, 3851, 3852, 3853, 3854, 3855, 3856, 3857, 3858, 3859, 3860, 3861, 3862, 3863, 3864, 3865, 3866, 3867, 3868, 3869, 3870, 3871, 3872, 3873, 3874, 3875, 3876, 3877, 3878, 3879, 3880, 3881, 3882, 3883, 3884, 3885, 3886, 3887, 3888, 3889, 3890, 3891, 3892, 3893, 3894, 3895, 3896, 3897, 3898, 3899, 3900, 3901, 3902, 3903, 3904, 3905, 3906, 3907, 3908, 3909, 3910, 3911, 3912, 3913, 3914, 3915, 3916, 3917, 3918, 3919, 3920, 3921, 3922, 3923, 3924, 3925, 3926, 3927, 3928, 3929, 3930, 3931, 3932, 3933, 3934, 3935, 3936, 3937, 3938, 3939, 3940, 3941, 3942, 3943, 3944, 3945, 3946, 3947, 3948, 3949, 3950, 3951, 3952, 3953, 3954, 3955, 3956, 3957, 3958, 3959, 3960, 3961, 3962, 3963, 3964, 3965, 3966, 3967, 3968, 3969, 3970, 3971, 3972, 3973, 3974, 3975, 3976, 3977, 3978, 3979, 3980, 3981, 3982, 3983, 3984, 3985, 3986, 3987, 3988, 3989, 3990, 3991, 3992, 3993, 3994, 3995, 3996, 3997, 3998, 3999, 4000, 4001, 4002, 4003, 4004, 4005, 4006, 4007, 4008, 4009, 4010, 4011, 4012, 4013, 4014, 4015, 4016, 4017, 4018, 4019, 4020, 4021, 4022, 4023, 4024, 4025, 4026, 4027, 4028, 4029, 4030, 4031, 4032, 4033, 4034, 4035, 4036, 4037, 4038, 4039, 4040, 4041, 4042, 4043, 4044, 4045, 4046, 4047, 4048, 4049, 4050, 4051, 4052, 4053, 4054, 4055, 4056, 4057, 4058, 4059, 4060, 4061, 4062, 4063, 4064, 4065, 4066, 4067, 4068, 4069, 4070, 4071, 4072, 4073, 4074, 4075, 4076, 4077, 4078, 4079, 4080, 4081, 4082, 4083, 4084, 4085, 4086, 4087, 4088, 4089, 4090, 4091, 4092, 4093, 4094, 4095, 4096, 4099, 4100, 4101, 4102, 4103, 4104, 4105, 4106, 4107, 4108, 4109, 4110, 4111, 4112, 4113, 4114, 4115, 4116, 4117, 4118, 4119, 4120, 4121, 4122, 4123, 4124, 4125, 4126, 4127, 4128, 4129, 4130, 4131, 4132, 4133, 4134, 4135, 4136, 4137, 4138, 4139, 4140, 4141, 4142, 4143, 4144, 4145, 4146, 4147, 4148, 4149, 4150, 4151, 4152, 4153, 4154, 4155, 4156, 4157, 4158, 4159, 4160, 4161, 4162, 4163, 4164, 4165, 4166, 4167, 4168, 4169, 4170, 4171, 4172, 4173, 4174, 4175, 4176, 4177, 4178, 4179, 4180, 4181, 4182, 4183, 4184, 4185, 4186, 4187, 4188, 4189, 4190, 4191, 4192, 4193, 4194, 4195, 4196, 4197, 4198, 4199, 4200, 4201, 4202, 4203, 4204, 4205, 4206, 4207, 4208, 4209, 4210, 4211, 4212, 4213, 4214, 4215, 4216, 4217, 4218, 4219, 4220, 4221, 4222, 4223, 4224, 4225, 4226, 4227, 4228, 4229, 4230, 4231, 4232, 4233, 4234, 4235, 4236, 4237, 4238, 4239, 4240, 4241, 4242, 4243, 4244, 4245, 4246, 4247, 4248, 4249, 4250, 4251, 4252, 4253, 4254, 4255, 4256, 4257, 4258, 4259, 4260, 4261, 4262, 4263, 4264, 4265, 4266, 4267, 4268, 4269, 4270, 4271, 4272, 4273, 4274, 4275, 4276, 4277, 4278, 4279, 4280, 4281, 4282, 4283, 4284, 4285, 4286, 4287, 4288, 4289, 4290, 4291, 4292, 4293, 4294, 4295, 4296, 4297, 4298, 4299, 4300, 4301, 4302, 4303, 4304, 4305, 4306, 4307, 4308, 4309, 4310, 4311, 4312, 4313, 4314, 4315, 4316, 4317, 4318, 4319, 4320, 4321, 4322, 4323, 4324, 4325, 4326, 4327, 4328, 4329, 4330, 4331, 4332, 4333, 4334, 4335, 4336, 4337, 4338, 4339, 4340, 4341, 4342, 4343, 4344, 4345, 4346, 4347, 4348, 4349, 4350, 4351, 4352, 4353, 4354, 4355, 4356, 4357, 4358, 4359, 4360, 4361, 4362, 4363, 4364, 4365, 4366, 4367, 4368, 4369, 4370, 4371, 4372, 4373, 4374, 4375, 4376, 4377, 4378, 4379, 4380, 4381, 4382, 4383, 4384, 4385, 4386, 4387, 4388, 4389, 4390, 4391, 4392, 4393, 4394, 4395, 4396, 4397, 4398, 4399, 4400, 4401, 4402, 4403, 4404, 4405, 4406, 4407, 4408, 4409, 4410, 4411, 4412, 4413, 4414, 4415, 4416, 4417, 4418, 4419, 4420, 4421, 4422, 4423, 4424, 4425, 4426, 4427, 4428, 4429, 4430, 4431, 4432, 4433, 4434, 4435, 4436, 4437, 4438, 4439, 4440, 4441, 4442, 4443, 4444, 4445, 4446, 4447, 4448, 4449, 4450, 4451, 4452, 4453, 4454, 4455, 4456, 4457, 4458, 4459, 4460, 4461, 4462, 4463, 4464, 4465, 4466, 4467, 4468, 4469, 4470, 4471, 4472, 4473, 4474, 4475, 4476, 4477, 4478, 4479, 4480, 4481, 4482, 4483, 4484, 4485, 4486, 4487, 4488, 4489, 4490, 4491, 4492, 4493, 4494, 4495, 4496, 4497, 4498, 4499, 4500, 4501, 4502, 4503, 4504, 4505, 4506, 4507, 4508, 4509, 4510, 4511, 4512, 4513, 4514, 4515, 4516, 4517, 4518, 4519, 4520, 4521, 4522, 4523, 4524, 4525, 4526, 4527, 4528, 4529, 4530, 4531, 4532, 4533, 4534, 4535, 4536, 4537, 4538, 4539, 4540, 4541, 4542, 4543, 4544, 4545, 4546, 4547, 4548, 4549, 4550, 4551, 4552, 4553, 4554, 4555, 4556, 4557, 4558, 4559, 4560, 4561, 4562, 4563, 4564, 4565, 4566, 4567, 4568, 4569, 4570, 4571, 4572, 4573, 4574, 4575, 4576, 4577, 4578, 4579]
  Stream 12 (     25 bytes): [Named Stream "/names"]
             Blocks: [4581]
  Stream 13 ( 226816 bytes): [IPI Hash]
             Blocks: [5399, 5400, 5401, 5402, 5403, 5404, 5405, 5406, 5407, 5408, 5409, 5410, 5411, 5412, 5413, 5414, 5415, 5416, 5417, 5418, 5419, 5420, 5421, 5422, 5423, 5424, 5425, 5426, 5427, 5428, 5429, 5430, 5431, 5432, 5433, 5434, 5435, 5436, 5437, 5438, 5439, 5440, 5441, 5442, 5443, 5444, 5445, 5446, 5447, 5448, 5449, 5450, 5451, 5452, 5453, 5454]


                        Module Stats                        
============================================================
Mod 0000 | `fake.obj`: 
  Stream 11, 5703196 bytes
  
    Symbols
                                       Total:  111543 entries (   5,703,188 bytes)
    --------------------------------------------------------------------------
                                   S_GPROC32:   55771 entries (   5,480,084 bytes)
                                       S_END:   55771 entries (     223,084 bytes)
                                   S_OBJNAME:       1 entries (          20 bytes)
  
    Chunks
                                       Total:       0 entries (           0 bytes)
    --------------------------------------------------------------------------
  Summary |
    
      Symbols
                                         Total:  111543 entries (   5,703,188 bytes)
      --------------------------------------------------------------------------
                                     S_GPROC32:   55771 entries (   5,480,084 bytes)
                                         S_END:   55771 entries (     223,084 bytes)
                                     S_OBJNAME:       1 entries (          20 bytes)
    
      Chunks
                                         Total:       0 entries (           0 bytes)
      --------------------------------------------------------------------------


                     S_UDT Record Stats                     
============================================================
    
      Record Kind | Count  Size
    ----------------------------
    ----------------------------
    Total (S_UDT) |     0     0
    ----------------------------


                        String Table                        
============================================================
  ID | String
  
  String Table Header:
    Signature: 4026462206
    Hash Version: 1
    Name Buffer Size: 1
    
  Name Buffer (
    0000: 00                                                                       |.|
  )
  
  Hash Table:
    Bucket Count: 1
    Bucket[0] : 0
    Name Count: 0


                          Modules                           
============================================================
  Mod 0000 | `fake.obj`: 
  SC[.text]  | mod = 0, 0001:1136, size = 374, data crc = 2800844987, reloc crc = 0
          IMAGE_SCN_CNT_CODE | IMAGE_SCN_ALIGN_16BYTES | IMAGE_SCN_MEM_EXECUTE | 
          IMAGE_SCN_MEM_READ
  Obj: `fake.obj`: 
  debug stream: 11, # files: 0, has ec info: false
  pdb file ni: 0 ``, src file ni: 0 ``

                           Files                            
============================================================
Mod 0000 | `fake.obj`: 

                           Lines                            
============================================================
Mod 0000 | `fake.obj`: 

                       Inlinee Lines                        
============================================================
Mod 0000 | `fake.obj`: 

                    Cross Module Imports                    
============================================================
Mod 0000 | `fake.obj`: 

                    Cross Module Exports                    
============================================================
Mod 0000 | `fake.obj`: 

                        Old FPO Data                        
============================================================
    FPO stream not present

                        New FPO Data                        
============================================================
    New FPO stream not present

                     Types (TPI Stream)                     
============================================================
  Showing 168,725 records
    0x1000 | LF_STRUCTURE [size = 76, hash = 0x13ED] `__lc_time_data`
             unique name: `3d53b268-f8c4-4a37-863d-4470aa807e8c`
             vtable: <no type>, base list: <no type>, field list: <no type>
             options: forward ref (-> 0x28BD3) | has unique name, sizeof 0
    0x1001 | LF_ENUM [size = 68, hash = 0x39C13] `_ACCESS_MODE`
             unique name: `9f2ef358-c167-49b3-92d6-6974d67ceb33`
             field list: <no type>, underlying type: <no type>
             options: forward ref (-> 0x245D) | has unique name
    0x1002 | LF_STRUCTURE [size = 64, hash = 0x35646] `_ACL`
             unique name: `5fa42171-8119-4fe2-b2a8-bc3333f3ffa3`
             vtable: <no type>, base list: <no type>, field list: <no type>
             options: forward ref (-> 0x28BD5) | has unique name, sizeof 0
    0x1003 | LF_STRUCTURE [size = 88, hash = 0x3C494] `_CONSOLE_READCONSOLE_CONTROL`
             unique name: `e6af5718-461e-4828-ba85-61b89c2a1ae6`
             vtable: <no type>, base list: <no type>, field list: <no type>
             options: forward ref (-> 0x28BD7) | has unique name, sizeof 0
    0x1004 | LF_STRUCTURE [size = 76, hash = 0x3C59A] `_Container_base`
             unique name: `98888f3a-4244-4bac-a69f-8d8eb49f8b9e`
             vtable: <no type>, base list: <no type>, field list: <no type>
             options: forward ref (-> 0x245F) | has unique name, sizeof 0
    0x1005 | LF_STRUCTURE [size = 68, hash = 0xCA56] `_CONTEXT`
             unique name: `4aad787e-6ff6-4b4b-9d41-60949b8e15c7`
             vtable: <no type>, base list: <no type>, field list: <no type>
             options: forward ref (-> 0x28BD9) | has unique name, sizeof 0
    0x1006 | LF_STRUCTURE [size = 68, hash = 0x1FF93] `_cpinfo`
             unique name: `b8c2ae05-43d3-450c-bdc2-d4a9e61fe648`
             vtable: <no type>, base list: <no type>, field list: <no type>
             options: forward ref (-> 0x28BDB) | has unique name, sizeof 0
    0x1007 | LF_STRUCTURE [size = 72, hash = 0x122F] `_CRT_DOUBLE`
             unique name: `a7927485-64fe-44ad-aac4-23c8473a8d6e`
             vtable: <no type>, base list: <no type>, field list: <no type>
             options: forward ref (-> 0x2465) | has unique name, sizeof 0
    0x1008 | LF_STRUCTURE [size = 72, hash = 0x1E212] `_CRT_FLOAT`
             unique name: `6125f06e-9c7a-4c1f-8f5f-df4e36d47f12`
             vtable: <no type>, base list: <no type>, field list: <no type>
             options: forward ref (-> 0x2468) | has unique name, sizeof 0
    0x1009 | LF_STRUCTURE [size = 72, hash = 0x1B299] `_Ctypevec`
             unique name: `21997c8f-98ca-4439-b164-4f3b2b743dd4`
             vtable: <no type>, base list: <no type>, field list: <no type>
             options: forward ref (-> 0x28BDD) | has unique name, sizeof 0
    0x100A | LF_ENUM [size = 64, hash = 0xACC2] `_D3DBLEND`
             unique name: `b1694834-ba07-4bd6-b05a-1db9dfe9f6d4`
             field list: <no type>, underlying type: <no type>
             options: forward ref (-> 0x246B) | has unique name
    0x100B | LF_ENUM [size = 68, hash = 0x31CCB] `_D3DBLENDOP`
             unique name: `d0bca995-2ae3-4b30-b651-ab600230e886`
             field list: <no type>, underlying type: <no type>
             options: forward ref (-> 0x246D) | has unique name
    0x100C | LF_STRUCTURE [size = 76, hash = 0x276E8] `_D3DCOLORVALUE`
             unique name: `4532c678-315d-4097-b5a4-dcade8545e77`
             vtable: <no type>, base list: <no type>, field list: <no type>
             options: forward ref (-> 0x246F) | has unique name, sizeof 0
    0x100D | LF_ENUM [size = 68, hash = 0x37894] `_D3DDEVTYPE`
             unique name: `04e878f4-503b-4cc7-b46b-e87ceb761a6f`
             field list: <no type>, underlying type: <no type>
             options: forward ref (-> 0x2471) | has unique name
    0x100E | LF_ENUM [size = 64, hash = 0x3971A] `_D3DFORMAT`
             unique name: `308344ed-49fe-43c8-9aff-16e130f2207c`
             field list: <no type>, underlying type: <no type>
             options: forward ref (-> 0x2472) | has unique name
    0x100F | LF_STRUCTURE [size = 76, hash = 0x1417F] `_D3DMATERIAL9`
             unique name: `4a71a225-d398-4053-b8ed-bec8a7711e87`
             vtable: <no type>, base list: <no type>, field list: <no type>
             options: forward ref (-> 0x2474) | has unique name, sizeof 0
    0x1010 | LF_ENUM [size = 76, hash = 0xBC9E] `_D3DMULTISAMPLE_TYPE`
             unique name: `4bca486d-9222-4831-bc5d-63c810927b1d`
             field list: <no type>, underlying type: <no type>
             options: forward ref (-> 0x2476) | has unique name
    0x1011 | LF_ENUM [size = 64, hash = 0x2E398] `_D3DPOOL`
             unique name: `07651318-8375-4966-adad-567ff7380d5d`
             field list: <no type>, underlying type: <no type>
             options: forward ref (-> 0x2477) | has unique name
    0x1012 | LF_STRUCTURE [size = 84, hash = 0x2FBB1] `_D3DPRESENT_PARAMETERS_`
             unique name: `97fda0da-1852-4f60-8ed6-b2288a416e03`
             vtable: <no type>, base list: <no type>, field list: <no type>
             options: forward ref (-> 0x2478) | has unique name, sizeof 0
    0x1013 | LF_ENUM [size = 76, hash = 0x226C0] `_D3DRENDERSTATETYPE`
             unique name: `316515d1-c7dd-4f92-bd71-f18d5bc3e090`
             field list: <no type>, underlying type: <no type>
             options: forward ref (-> 0x247A) | has unique name
    0x1014 | LF_ENUM [size = 72, hash = 0x19788] `_D3DRESOURCETYPE`
             unique name: `46b8e4e9-2386-4ddf-9cc0-4c54d6af2545`
             field list: <no type>, underlying type: <no type>
             options: forward ref (-> 0x247B) | has unique name
    0x1015 | LF_ENUM [size = 76, hash = 0x2E2C0] `_D3DSAMPLERSTATETYPE`
             unique name: `0329184f-1cea-4424-90e7-8a8267f84247`
             field list: <no type>, underlying type: <no type>
             options: forward ref (-> 0x247C) | has unique name
    0x1016 | LF_ENUM [size = 72, hash = 0x1AC7] `_D3DTEXTUREADDRESS`
             unique name: `96360410-c2b9-4b4d-b7e8-985c2c2089b8`
             field list: <no type>, underlying type: <no type>
             options: forward ref (-> 0x247D) | has unique name
    0x1017 | LF_ENUM [size = 76, hash = 0x323E6] `_D3DTEXTUREFILTERTYPE`
             unique name: `3d039140-14b0-4357-8557-2fabf6b7e5d7`
             field list: <no type>, underlying type: <no type>
             options: forward ref (-> 0x247F) | has unique name
    0x1018 | LF_ENUM [size = 68, hash = 0x33640] `_D3DTEXTUREOP`
             unique name: `58ca909e-8d36-4c14-bbdb-fc6f1544a870`
             field list: <no type>, underlying type: <no type>
             options: forward ref (-> 0x2481) | has unique name
    0x1019 | LF_ENUM [size = 80, hash = 0x2AF86] `_D3DTEXTURESTAGESTATETYPE`
             unique name: `c5147472-60b0-426c-93da-86a98382a127`
             field list: <no type>, underlying type: <no type>
             options: forward ref (-> 0x2483) | has unique name
    0x101A | LF_ENUM [size = 76, hash = 0x1F43] `_D3DTRANSFORMSTATETYPE`
             unique name: `5259cf4a-4174-4fc1-a8f8-e6ced5c64d5a`
             field list: <no type>, underlying type: <no type>
             options: forward ref (-> 0x2484) | has unique name
    0x101B | LF_STRUCTURE [size = 76, hash = 0x76B8] `_D3DVIEWPORT9`
             unique name: `a019b29b-f059-49c1-a716-12bb4164e5d5`
             vtable: <no type>, base list: <no type>, field list: <no type>
             options: forward ref (-> 0x2486) | has unique name, sizeof 0
    0x101C | LF_STRUCTURE [size = 80, hash = 0x1A058] `_D3DXCONSTANT_DESC`
             unique name: `25d89b04-2f59-455f-8671-848ded86e4b5`
             vtable: <no type>, base list: <no type>, field list: <no type>
             options: forward ref (-> 0x2488) | has unique name, sizeof 0
    0x101D | LF_STRUCTURE [size = 76, hash = 0x1BBC8] `_D3DXIMAGE_INFO`
             unique name: `24b29c54-9e41-4c33-b387-d50f38cf78a9`
             vtable: <no type>, base list: <no type>, field list: <no type>
             options: forward ref (-> 0x248A) | has unique name, sizeof 0
    0x101E | LF_ENUM [size = 72, hash = 0x115C8] `_D3DXINCLUDE_TYPE`
             unique name: `7c222705-8860-4887-b9be-be9068a2075b`
             field list: <no type>, underlying type: <no type>
             options: forward ref (-> 0x248C) | has unique name
    0x101F | LF_STRUCTURE [size = 76, hash = 0x3F4AD] `_D3DXSEMANTIC`
             unique name: `c262d53a-a5a5-4855-a3da-46d8a7664db3`
             vtable: <no type>, base list: <no type>, field list: <no type>
             options: forward ref (-> 0x248D) | has unique name, sizeof 0
    0x1020 | LF_STRUCTURE [size = 76, hash = 0x3F629] `_DDPIXELFORMAT`
             unique name: `e0709e09-b267-44ce-8c47-21adf39f82d9`
             vtable: <no type>, base list: <no type>, field list: <no type>
             options: forward ref (-> 0x248F) | has unique name, sizeof 0
    0x1021 | LF_ENUM [size = 76, hash = 0x2D759] `_EXCEPTION_DISPOSITION`
             unique name: `ec397c24-c5cb-4d81-a7d1-cbd7b1419473`
             field list: <no type>, underlying type: <no type>
             options: forward ref (-> 0x2491) | has unique name
    0x1022 | LF_STRUCTURE [size = 80, hash = 0x32793] `_EXCEPTION_POINTERS`
             unique name: `7742d77b-8293-4a0f-919b-44c6a3f7b8d0`
             vtable: <no type>, base list: <no type>, field list: <no type>
             options: forward ref (-> 0x28BDF) | has unique name, sizeof 0
    0x1023 | LF_STRUCTURE [size = 80, hash = 0x18130] `_EXCEPTION_RECORD`
             unique name: `0e5c4748-1bcd-431e-bc6a-2c3f788594f7`
             vtable: <no type>, base list: <no type>, field list: <no type>
             options: forward ref (-> 0x28BE1) | has unique name, sizeof 0
    0x1024 | LF_STRUCTURE [size = 80, hash = 0x31FC1] `_EXPLICIT_ACCESS_W`
             unique name: `dcc199c2-68e8-458d-9f76-15a0fcff7690`
             vtable: <no type>, base list: <no type>, field list: <no type>
             options: forward ref (-> 0x28BE3) | has unique name, sizeof 0
    0x1025 | LF_STRUCTURE [size = 72, hash = 0x321C2] `_FILETIME`
             unique name: `39df8413-8a24-4087-bb38-cb725049ed8b`
             vtable: <no type>, base list: <no type>, field list: <no type>
             options: forward ref (-> 0x28BE5) | has unique name, sizeof 0
    0x1026 | LF_STRUCTURE [size = 80, hash = 0x1AB19] `_FLOATING_SAVE_AREA`
             unique name: `449424c6-2ef8-4217-90ac-b2b0c0c04536`
             vtable: <no type>, base list: <no type>, field list: <no type>
             options: forward ref (-> 0x28BE7) | has unique name, sizeof 0
    0x1027 | LF_STRUCTURE [size = 64, hash = 0xAA34] `_flt`
             unique name: `7f84757e-3403-402c-9e76-54b9b003acd2`
             vtable: <no type>, base list: <no type>, field list: <no type>
             options: forward ref (-> 0x2498) | has unique name, sizeof 0
    0x1028 | LF_STRUCTURE [size = 68, hash = 0x1B830] `_GUID`
             unique name: `5085c47e-f9ae-490b-90bb-9a9e1978e5bc`
             vtable: <no type>, base list: <no type>, field list: <no type>
             options: forward ref (-> 0x28D17) | has unique name, sizeof 0
    0x1029 | LF_STRUCTURE [size = 72, hash = 0x1DDCA] `_ICONINFO`
             unique name: `087ebf5b-3d45-4a85-b436-5421117b6b4c`
             vtable: <no type>, base list: <no type>, field list: <no type>
             options: forward ref (-> 0x28D19) | has unique name, sizeof 0
    0x102A | LF_STRUCTURE [size = 84, hash = 0x2E841] `_IMAGE_SECTION_HEADER`
             unique name: `66c6c0f5-c8b6-4e3a-964a-1c855ffc37cc`
             vtable: <no type>, base list: <no type>, field list: <no type>
             options: forward ref (-> 0x28D1B) | has unique name, sizeof 0
    0x102B | LF_STRUCTURE [size = 68, hash = 0x2CA82] `_iobuf`
             unique name: `0b25f254-f995-41ca-aa5e-2855afc8b0ac`
             vtable: <no type>, base list: <no type>, field list: <no type>
             options: forward ref (-> 0x28D20) | has unique name, sizeof 0
    0x102C | LF_STRUCTURE [size = 80, hash = 0x239FF] `_is_ctype_compatible`
             unique name: `f6ec078f-4986-4030-97e6-f72ab012f848`
             vtable: <no type>, base list: <no type>, field list: <no type>
             options: forward ref (-> 0x24BA) | has unique name, sizeof 0
    0x102D | LF_UNION [size = 68, hash = 0x16B81] `_LARGE_INTEGER`
             unique name: `b6e176e5-ab67-431a-a55e-ebe039098916`
             field list: <no type>
             options: forward ref (-> 0x28D22) | has unique name, sizeof 0
    0x102E | LF_STRUCTURE [size = 68, hash = 0x2A1A7] `_LDBL12`
             unique name: `db07dfff-0bae-4991-b30c-f59bfb6efec1`
             vtable: <no type>, base list: <no type>, field list: <no type>
             options: forward ref (-> 0x28D24) | has unique name, sizeof 0
    0x102F | LF_STRUCTURE [size = 72, hash = 0x30228] `_LIST_ENTRY`
             unique name: `3226a078-73ca-494e-8b1b-654fd3696a3b`
             vtable: <no type>, base list: <no type>, field list: <no type>
             options: forward ref (-> 0x28D26) | has unique name, sizeof 0
    0x1030 | LF_STRUCTURE [size = 76, hash = 0x29CE1] `_LocaleUpdate`
             unique name: `378c70ad-d57e-405f-926b-5e1a0735e3dc`
             vtable: <no type>, base list: <no type>, field list: <no type>
             options: forward ref (-> 0x24BE) | has unique name, sizeof 0
    0x1031 | LF_STRUCTURE [size = 68, hash = 0x490E] `_Locimp`
             unique name: `47815e9b-97d1-48e4-99cd-a5df6dbc019b`
             vtable: <no type>, base list: <no type>, field list: <no type>
             options: forward ref (-> 0x24BF) | has unique name, sizeof 0
    0x1032 | LF_STRUCTURE [size = 68, hash = 0x3EE46] `_Locinfo`
             unique name: `adc073d6-b49c-4011-9415-0124a6cae025`
             vtable: <no type>, base list: <no type>, field list: <no type>
             options: forward ref (-> 0x24C1) | has unique name, sizeof 0
    0x1033 | LF_STRUCTURE [size = 68, hash = 0x2536E] `_Lockit`
             unique name: `57194850-7ad3-4270-aaf5-36fcd6e7508c`
             vtable: <no type>, base list: <no type>, field list: <no type>
             options: forward ref (-> 0x24C3) | has unique name, sizeof 0
    0x1034 | LF_STRUCTURE [size = 76, hash = 0x1893F] `_MEMORYSTATUS`
             unique name: `8ba59088-1ae4-474c-bf4c-5bcdd7ab3446`
             vtable: <no type>, base list: <no type>, field list: <no type>
             options: forward ref (-> 0x28D28) | has unique name, sizeof 0
    0x1035 | LF_STRUCTURE [size = 76, hash = 0xBA10] `_MEMORYSTATUSEX`
             unique name: `5cc0b0da-ed3c-44b6-9239-be26653f9afd`
             vtable: <no type>, base list: <no type>, field list: <no type>
             options: forward ref (-> 0x28D2A) | has unique name, sizeof 0
    0x1036 | LF_STRUCTURE [size = 72, hash = 0x3F7A1] `_MMCKINFO`
             unique name: `7e915194-666d-4d06-8718-0fd0e799c570`
             vtable: <no type>, base list: <no type>, field list: <no type>
             options: forward ref (-> 0x28D2C) | has unique name, sizeof 0
    0x1037 | LF_STRUCTURE [size = 72, hash = 0x9052] `_MMIOINFO`
             unique name: `9bb8e146-b39f-4c24-a16f-6ee3a45c3d89`
             vtable: <no type>, base list: <no type>, field list: <no type>
             options: forward ref (-> 0x2A314) | has unique name, sizeof 0
    0x1038 | LF_ENUM [size = 84, hash = 0x3D862] `_MULTIPLE_TRUSTEE_OPERATION`
             unique name: `5474e5a8-21e9-4fa9-a134-75e06be452d3`
             field list: <no type>, underlying type: <no type>
             options: forward ref (-> 0x24C9) | has unique name
    0x1039 | LF_STRUCTURE [size = 68, hash = 0x2E92C] `_Mutex`
             unique name: `057ef0a2-7a4c-4b0e-8a6c-c39e34114347`
             vtable: <no type>, base list: <no type>, field list: <no type>
             options: forward ref (-> 0x24CA) | has unique name, sizeof 0
    0x103A | LF_STRUCTURE [size = 76, hash = 0x198D1] `_OSVERSIONINFOA`
             unique name: `b3e487fb-f5db-48a3-8e96-7c69da45dd12`
             vtable: <no type>, base list: <no type>, field list: <no type>
             options: forward ref (-> 0x28D2E) | has unique name, sizeof 0
    0x103B | LF_STRUCTURE [size = 72, hash = 0x28BDF] `_OVERLAPPED`
             unique name: `2f22d3b8-b638-4842-a05a-04cd027a77ab`
             vtable: <no type>, base list: <no type>, field list: <no type>
             options: forward ref (-> 0x28D30) | has unique name, sizeof 0
    0x103C | LF_STRUCTURE [size = 84, hash = 0x3DC5] `_ParamMoveFrameEffect`
             unique name: `8e45a03d-feab-42e2-8964-f284d7cc4793`
             vtable: <no type>, base list: <no type>, field list: <no type>
             options: forward ref (-> 0x24D0) | has unique name, sizeof 0
    0x103D | LF_STRUCTURE [size = 84, hash = 0x17204] `_RTL_CRITICAL_SECTION`
             unique name: `788033a1-3efe-47e4-ac92-2127961eb404`
             vtable: <no type>, base list: <no type>, field list: <no type>
             options: forward ref (-> 0x28D32) | has unique name, sizeof 0
    0x103E | LF_STRUCTURE [size = 88, hash = 0x3D229] `_RTL_CRITICAL_SECTION_DEBUG`
             unique name: `1ffd6971-ac6f-46f6-a9d5-4856659be68a`
             vtable: <no type>, base list: <no type>, field list: <no type>
             options: forward ref (-> 0x28D34) | has unique name, sizeof 0
    0x103F | LF_STRUCTURE [size = 88, hash = 0x1A8B8] `_s__RTTIBaseClassDescriptor`
             unique name: `c4bec196-175f-4e3d-b59b-2b46819cf998`
             vtable: <no type>, base list: <no type>, field list: <no type>
             options: forward ref (-> 0x28D36) | has unique name, sizeof 0
    0x1040 | LF_STRUCTURE [size = 92, hash = 0x1EC7F] `_s__RTTIClassHierarchyDescriptor`
             unique name: `ef9bff6a-a7c9-4e6d-80fa-c24eb19f4404`
             vtable: <no type>, base list: <no type>, field list: <no type>
             options: forward ref (-> 0x28D38) | has unique name, sizeof 0
    0x1041 | LF_STRUCTURE [size = 92, hash = 0x992B] `_s__RTTICompleteObjectLocator`
             unique name: `17092fd7-6715-44bd-be8b-65e41705731b`
             vtable: <no type>, base list: <no type>, field list: <no type>
             options: forward ref (-> 0x28D3A) | has unique name, sizeof 0
    0x1042 | LF_STRUCTURE [size = 76, hash = 0x251DA] `_s_CatchableType`
             unique name: `3008ff26-42a9-410b-b8f4-550c6954f6ea`
             vtable: <no type>, base list: <no type>, field list: <no type>
             options: forward ref (-> 0x24D9) | has unique name, sizeof 0
    0x1043 | LF_STRUCTURE [size = 76, hash = 0x2A603] `_s_ESTypeList`
             unique name: `28bd6f64-d759-45a8-ac10-be07ea4e6a2d`
             vtable: <no type>, base list: <no type>, field list: <no type>
             options: forward ref (-> 0x28D3C) | has unique name, sizeof 0
    0x1044 | LF_STRUCTURE [size = 72, hash = 0x8689] `_s_FuncInfo`
             unique name: `0af72f0a-bc9c-4e2e-88fc-227c167110ae`
             vtable: <no type>, base list: <no type>, field list: <no type>
             options: forward ref (-> 0x28D3E) | has unique name, sizeof 0
    0x1045 | LF_STRUCTURE [size = 76, hash = 0xD599] `_s_HandlerType`
             unique name: `55e904c0-9f45-426c-86f5-bce87e1b454b`
             vtable: <no type>, base list: <no type>, field list: <no type>
             options: forward ref (-> 0x28D40) | has unique name, sizeof 0
    0x1046 | LF_STRUCTURE [size = 80, hash = 0xAE76] `_s_TryBlockMapEntry`
             unique name: `973ecef6-eab4-4144-be6c-5b500114c149`
             vtable: <no type>, base list: <no type>, field list: <no type>
             options: forward ref (-> 0x28D42) | has unique name, sizeof 0
    0x1047 | LF_STRUCTURE [size = 80, hash = 0x68D4] `_s_UnwindMapEntry`
             unique name: `7de3af41-2d6f-47e3-8002-d15b3105e36c`
             vtable: <no type>, base list: <no type>, field list: <no type>
             options: forward ref (-> 0x28D44) | has unique name, sizeof 0
    0x1048 | LF_ENUM [size = 72, hash = 0x2FEF6] `_SE_OBJECT_TYPE`
             unique name: `90596a0a-0d01-4a4e-8e17-268199488cd8`
             field list: <no type>, underlying type: <no type>
             options: forward ref (-> 0x24E0) | has unique name
    0x1049 | LF_STRUCTURE [size = 80, hash = 0x7FD9] `_SECURITY_ATTRIBUTES`
             unique name: `0a4a4fcf-eebc-451c-abe5-9ef71bfa6111`
             vtable: <no type>, base list: <no type>, field list: <no type>
             options: forward ref (-> 0x28D46) | has unique name, sizeof 0
    0x104A | LF_STRUCTURE [size = 72, hash = 0x35A51] `_Sentry_base`
             unique name: `6daea12c-e6f4-4516-858a-93bfc96324e1`
             vtable: <no type>, base list: <no type>, field list: <no type>
             options: forward ref (-> 0x24E2) | has unique name, sizeof 0
    0x104B | LF_STRUCTURE [size = 76, hash = 0x3F607] `_SHFILEOPSTRUCTW`
             unique name: `493bd9c5-2542-4211-8693-e3b15bef5256`
             vtable: <no type>, base list: <no type>, field list: <no type>
             options: forward ref (-> 0x28D48) | has unique name, sizeof 0
    0x104C | LF_STRUCTURE [size = 88, hash = 0x3C7F0] `_SID_IDENTIFIER_AUTHORITY`
             unique name: `eab034ff-13b0-4fc3-8e0e-29fd76b44b10`
             vtable: <no type>, base list: <no type>, field list: <no type>
             options: forward ref (-> 0x28D4A) | has unique name, sizeof 0
    0x104D | LF_STRUCTURE [size = 76, hash = 0x156E] `_STARTUPINFOA`
             unique name: `36f4556a-eba8-4ad4-8fc0-e54acc0a7d40`
             vtable: <no type>, base list: <no type>, field list: <no type>
             options: forward ref (-> 0x28D4C) | has unique name, sizeof 0
    0x104E | LF_STRUCTURE [size = 68, hash = 0x3D18C] `_strflt`
             unique name: `2d306c8f-6c76-46e5-b8af-37a515ce6a6f`
             vtable: <no type>, base list: <no type>, field list: <no type>
             options: forward ref (-> 0x28D4E) | has unique name, sizeof 0
    0x104F | LF_STRUCTURE [size = 148, hash = 0xE8E0] `_String_const_iterator<char,struct_std::char_traits<char>,class_std::allocator<char>_>`
             unique name: `d0321978-a21b-4735-850e-badafb23fd68`
             vtable: <no type>, base list: <no type>, field list: <no type>
             options: forward ref (-> 0x24E7) | has unique name, sizeof 0
    0x1050 | LF_STRUCTURE [size = 140, hash = 0x3D8E5] `_String_iterator<char,struct_std::char_traits<char>,class_std::allocator<char>_>`
             unique name: `bf86e60e-17d2-47f3-a3a0-bf632e232153`
             vtable: <no type>, base list: <no type>, field list: <no type>
             options: forward ref (-> 0x24E8) | has unique name, sizeof 0
    0x1051 | LF_STRUCTURE [size = 72, hash = 0x24AC5] `_struct_19`
             unique name: `ac96529b-b4ef-4ff6-96af-f5c71444c198`
             vtable: <no type>, base list: <no type>, field list: <no type>
             options: forward ref (-> 0x3DBF) | has unique name, sizeof 0
    0x1052 | LF_STRUCTURE [size = 72, hash = 0x1A27C] `_struct_20`
             unique name: `ddf065fd-d046-4da1-8393-fd562cdfa48c`
             vtable: <no type>, base list: <no type>, field list: <no type>
             options: forward ref (-> 0x3DC1) | has unique name, sizeof 0
    0x1053 | LF_STRUCTURE [size = 72, hash = 0x24C7B] `_struct_22`
             unique name: `18eee8a9-4014-4f7c-b8be-060b6896544c`
             vtable: <no type>, base list: <no type>, field list: <no type>
             options: forward ref (-> 0x3DD8) | has unique name, sizeof 0
    0x1054 | LF_STRUCTURE [size = 72, hash = 0x2BA95] `_struct_23`
             unique name: `d4db7e40-6d56-4d3c-ad17-2007046c7326`
             vtable: <no type>, base list: <no type>, field list: <no type>
             options: forward ref (-> 0x3DDA) | has unique name, sizeof 0
    0x1055 | LF_STRUCTURE [size = 72, hash = 0x28C76] `_struct_519`
             unique name: `56e56108-b65a-4bf5-94b2-bb56501d4e5c`
             vtable: <no type>, base list: <no type>, field list: <no type>
             options: forward ref (-> 0x3DCD) | has unique name, sizeof 0
    0x1056 | LF_STRUCTURE [size = 72, hash = 0x3842A] `_struct_531`
             unique name: `bca1e467-089f-48d5-99c4-39edc2b814ca`
             vtable: <no type>, base list: <no type>, field list: <no type>
             options: forward ref (-> 0x3DD4) | has unique name, sizeof 0
    0x1057 | LF_STRUCTURE [size = 72, hash = 0xDFA2] `_SYSTEM_INFO`
             unique name: `19130928-d867-4927-99a1-a8d48ee4d846`
             vtable: <no type>, base list: <no type>, field list: <no type>
             options: forward ref (-> 0x28D5C) | has unique name, sizeof 0
    0x1058 | LF_STRUCTURE [size = 72, hash = 0x22499] `_SYSTEMTIME`
             unique name: `b7f24231-125e-442a-a7f0-4d766c2ca497`
             vtable: <no type>, base list: <no type>, field list: <no type>
             options: forward ref (-> 0x28D5E) | has unique name, sizeof 0
    0x1059 | LF_STRUCTURE [size = 68, hash = 0x28023] `_tiddata`
             unique name: `75e57aa9-890e-4038-96ef-b037a6af8742`
             vtable: <no type>, base list: <no type>, field list: <no type>
             options: forward ref (-> 0x28D60) | has unique name, sizeof 0
    0x105A | LF_STRUCTURE [size = 84, hash = 0x1E450] `_TIME_ZONE_INFORMATION`
             unique name: `0a14bb74-b425-42ee-83d8-208d758f2a38`
             vtable: <no type>, base list: <no type>, field list: <no type>
             options: forward ref (-> 0x28D62) | has unique name, sizeof 0
    0x105B | LF_ENUM [size = 68, hash = 0x30246] `_TRUSTEE_FORM`
             unique name: `057d7c7a-6863-49ec-8649-2f58bc8d8a13`
             field list: <no type>, underlying type: <no type>
             options: forward ref (-> 0x24EE) | has unique name
    0x105C | LF_ENUM [size = 68, hash = 0x2DA1C] `_TRUSTEE_TYPE`
             unique name: `1943a718-a6c1-4949-a374-0df4e292ba1b`
             field list: <no type>, underlying type: <no type>
             options: forward ref (-> 0x24F0) | has unique name
    0x105D | LF_STRUCTURE [size = 72, hash = 0x22673] `_TRUSTEE_W`
             unique name: `bddb35fb-fc49-4b5b-9198-4c03931173af`
             vtable: <no type>, base list: <no type>, field list: <no type>
             options: forward ref (-> 0x28D64) | has unique name, sizeof 0
    0x105E | LF_UNION [size = 68, hash = 0x2B6EB] `_ULARGE_INTEGER`
             unique name: `cf0da737-5c60-4fcf-9ece-cdaad1f9bb78`
             field list: <no type>
             options: forward ref (-> 0x28D66) | has unique name, sizeof 0
    0x105F | LF_UNION [size = 64, hash = 0x19A0] `_union_226`
             unique name: `26a9eb93-7090-4e64-8993-b33e3879f50c`
             field list: <no type>
             options: forward ref (-> 0x3DB7) | has unique name, sizeof 0
    0x1060 | LF_UNION [size = 64, hash = 0x1EDA5] `_union_518`
             unique name: `2b67097d-afc2-4e42-9d03-a104dc98d580`
             field list: <no type>
             options: forward ref (-> 0x3DCB) | has unique name, sizeof 0
    0x1061 | LF_UNION [size = 64, hash = 0x13288] `_union_530`
             unique name: `8ff04f31-88de-4b84-a5e3-fa397b33b9ab`
             field list: <no type>
             options: forward ref (-> 0x3DD2) | has unique name, sizeof 0
    0x1062 | LF_STRUCTURE [size = 136, hash = 0x25B4D] `_Vector_iterator<class_NvEdgeInfo*,class_std::allocator<class_NvEdgeInfo*>_>`
             unique name: `28b12259-f9af-4157-a0f9-59d58867c574`
             vtable: <no type>, base list: <no type>, field list: <no type>
             options: forward ref (-> 0x24F2) | has unique name, sizeof 0
    0x1063 | LF_STRUCTURE [size = 136, hash = 0x58E4] `_Vector_iterator<class_NvFaceInfo*,class_std::allocator<class_NvFaceInfo*>_>`
             unique name: `d779515e-a8fd-4717-ae80-816a987f4362`
             vtable: <no type>, base list: <no type>, field list: <no type>
             options: forward ref (-> 0x24F3) | has unique name, sizeof 0
    0x1064 | LF_STRUCTURE [size = 140, hash = 0x296D3] `_Vector_iterator<class_NvStripInfo*,class_std::allocator<class_NvStripInfo*>_>`
             unique name: `6e55c153-6c60-44ed-b077-cffbad4e69eb`
             vtable: <no type>, base list: <no type>, field list: <no type>
             options: forward ref (-> 0x24F4) | has unique name, sizeof 0
    0x1065 | LF_STRUCTURE [size = 108, hash = 0x295F3] `_Vector_iterator<int,class_std::allocator<int>_>`
             unique name: `2b48af84-cf4b-4b29-92f3-aecf9cfa0161`
             vtable: <no type>, base list: <no type>, field list: <no type>
             options: forward ref (-> 0x24F5) | has unique name, sizeof 0
    0x1066 | LF_STRUCTURE [size = 132, hash = 0x2C35A] `_Vector_iterator<unsigned_short,class_std::allocator<unsigned_short>_>`
             unique name: `3fdd56a6-6979-4fbc-b890-a1fe267fbb11`
             vtable: <no type>, base list: <no type>, field list: <no type>
             options: forward ref (-> 0x24F6) | has unique name, sizeof 0
    0x1067 | LF_STRUCTURE [size = 80, hash = 0x2B8] `_WIN32_FIND_DATAW`
             unique name: `6076f5df-8b02-403a-b084-b3532c6f5ef1`
             vtable: <no type>, base list: <no type>, field list: <no type>
             options: forward ref (-> 0x28D6E) | has unique name, sizeof 0
    0x1068 | LF_STRUCTURE [size = 72, hash = 0x63E0] `_xmlrpc_env`
             unique name: `94246edd-6577-4c1f-97d7-982e7830a12d`
             vtable: <no type>, base list: <no type>, field list: <no type>
             options: forward ref (-> 0x24F8) | has unique name, sizeof 0
    0x1069 | LF_STRUCTURE [size = 80, hash = 0x876A] `_xmlrpc_mem_block`
             unique name: `2edf6f45-f85e-4c32-9e45-219fe003b9b3`
             vtable: <no type>, base list: <no type>, field list: <no type>
             options: forward ref (-> 0x24FA) | has unique name, sizeof 0
    0x106A | LF_STRUCTURE [size = 80, hash = 0x1E8A5] `_xmlrpc_server_info`
             unique name: `1f9619fe-7ecb-49e1-af9a-25f259871446`
             vtable: <no type>, base list: <no type>, field list: <no type>
             options: forward ref (-> 0x24FC) | has unique name, sizeof 0
    0x106B | LF_STRUCTURE [size = 76, hash = 0x20845] `_xmlrpc_value`
             unique name: `c86f455f-962c-4859-90b6-2625c485c394`
             vtable: <no type>, base list: <no type>, field list: <no type>
             options: forward ref (-> 0x24FE) | has unique name, sizeof 0
    0x106C | LF_STRUCTURE [size = 76, hash = 0x19431] `ALCdevice_struct`
             unique name: `b2b65d33-333b-490d-bf38-e801e0f259ff`
             vtable: <no type>, base list: <no type>, field list: <no type>
             options: forward ref (-> 0x2505) | has unique name, sizeof 0
    0x106D | LF_STRUCTURE [size = 76, hash = 0xAF82] `allocator<char>`
             unique name: `ee44c607-b88d-491e-8eaf-ff9ee3210171`
             vtable: <no type>, base list: <no type>, field list: <no type>
             options: forward ref (-> 0x2507) | has unique name, sizeof 0
    0x106E | LF_STRUCTURE [size = 72, hash = 0x19E9] `AsyncIOData`
             unique name: `46ff1bac-9be7-41b0-862f-5b52d65096f2`
             vtable: <no type>, base list: <no type>, field list: <no type>
             options: forward ref (-> 0x2508) | has unique name, sizeof 0
    0x106F | LF_STRUCTURE [size = 72, hash = 0x3517B] `bad_alloc`
             unique name: `4e59e68c-7a0e-49d3-aa6c-4818de218c65`
             vtable: <no type>, base list: <no type>, field list: <no type>
             options: forward ref (-> 0x250A) | has unique name, sizeof 0
    0x1070 | LF_STRUCTURE [size = 68, hash = 0x2A2FF] `bad_cast`
             unique name: `df3c17f4-a83a-4053-94c2-b6db242e8cb5`
             vtable: <no type>, base list: <no type>, field list: <no type>
             options: forward ref (-> 0x250C) | has unique name, sizeof 0
    0x1071 | LF_STRUCTURE [size = 76, hash = 0x5B9D] `bad_exception`
             unique name: `a26a00dd-3645-4dbf-97e3-ee8d993d37e5`
             vtable: <no type>, base list: <no type>, field list: <no type>
             options: forward ref (-> 0x250E) | has unique name, sizeof 0
    0x1072 | LF_STRUCTURE [size = 112, hash = 0x2F07] `basic_filebuf<char,struct_std::char_traits<char>_>`
             unique name: `3b9871e3-6afb-4748-bd86-22c1945c8aba`
             vtable: <no type>, base list: <no type>, field list: <no type>
             options: forward ref (-> 0x2510) | has unique name, sizeof 0
    0x1073 | LF_STRUCTURE [size = 108, hash = 0x15618] `basic_ios<char,struct_std::char_traits<char>_>`
             unique name: `cef9a11d-1b63-4d08-8338-ae11d1d95a4b`
             vtable: <no type>, base list: <no type>, field list: <no type>
             options: forward ref (-> 0x2512) | has unique name, sizeof 0
    0x1074 | LF_STRUCTURE [size = 112, hash = 0x23456] `basic_istream<char,struct_std::char_traits<char>_>`
             unique name: `62d4e7dc-a99f-409a-b9e0-1bd52d9ad5a0`
             vtable: <no type>, base list: <no type>, field list: <no type>
             options: forward ref (-> 0x2513) | has unique name, sizeof 0
    0x1075 | LF_STRUCTURE [size = 116, hash = 0x13882] `basic_istream<wchar_t,struct_std::char_traits<wchar_t>_>`
             unique name: `8cbfb925-9598-4e14-b48a-9cb7d8002c9e`
             vtable: <no type>, base list: <no type>, field list: <no type>
             options: forward ref (-> 0x2515) | has unique name, sizeof 0
    0x1076 | LF_STRUCTURE [size = 112, hash = 0x2F78F] `basic_ofstream<char,struct_std::char_traits<char>_>`
             unique name: `862ee199-4a26-47ad-b69d-f46ab8445788`
             vtable: <no type>, base list: <no type>, field list: <no type>
             options: forward ref (-> 0x2517) | has unique name, sizeof 0
    0x1077 | LF_STRUCTURE [size = 112, hash = 0x3F301] `basic_ostream<char,struct_std::char_traits<char>_>`
             unique name: `639a7707-767b-4fe6-9a81-303f42e80016`
             vtable: <no type>, base list: <no type>, field list: <no type>
             options: forward ref (-> 0x2518) | has unique name, sizeof 0
    0x1078 | LF_STRUCTURE [size = 116, hash = 0x9DDA] `basic_ostream<wchar_t,struct_std::char_traits<wchar_t>_>`
             unique name: `8a830ee3-2a70-4da7-b75b-acd14b8d5577`
             vtable: <no type>, base list: <no type>, field list: <no type>
             options: forward ref (-> 0x251A) | has unique name, sizeof 0
    0x1079 | LF_STRUCTURE [size = 112, hash = 0xEE44] `basic_streambuf<char,struct_std::char_traits<char>_>`
             unique name: `9eda6631-c02a-4c74-a4dc-0ce689510547`
             vtable: <no type>, base list: <no type>, field list: <no type>
             options: forward ref (-> 0x251C) | has unique name, sizeof 0
    0x107A | LF_STRUCTURE [size = 136, hash = 0x289A2] `basic_string<char,struct_std::char_traits<char>,class_std::allocator<char>_>`
             unique name: `f08c56a2-ea8b-4c29-a514-6d2d9c1df8e1`
             vtable: <no type>, base list: <no type>, field list: <no type>
             options: forward ref (-> 0x251E) | has unique name, sizeof 0
    0x107B | LF_STRUCTURE [size = 72, hash = 0x15BC0] `CatchGuardRN`
             unique name: `633f3aea-1dc4-47fb-b305-d66ff542b369`
             vtable: <no type>, base list: <no type>, field list: <no type>
             options: forward ref (-> 0x252C) | has unique name, sizeof 0
    0x107C | LF_STRUCTURE [size = 80, hash = 0x261EA] `CAudioBufferKeeper`
             unique name: `02765446-941f-491a-8800-a6b2d634fefc`
             vtable: <no type>, base list: <no type>, field list: <no type>
             options: forward ref (-> 0x252E) | has unique name, sizeof 0
    0x107D | LF_STRUCTURE [size = 72, hash = 0x58AC] `CAudioEngine`
             unique name: `d9599c41-a658-473a-b0f1-564c74ce2da9`
             vtable: <no type>, base list: <no type>, field list: <no type>
             options: forward ref (-> 0x2530) | has unique name, sizeof 0
    0x107E | LF_STRUCTURE [size = 72, hash = 0x8BB7] `CAudioMusic`
             unique name: `c621b238-90c9-4714-95aa-82bbc2999a73`
             vtable: <no type>, base list: <no type>, field list: <no type>
             options: forward ref (-> 0x2531) | has unique name, sizeof 0
    0x107F | LF_STRUCTURE [size = 72, hash = 0x85F5] `CAudioPort`
             unique name: `2cc73bb5-529b-4711-b7cd-06226d856a50`
             vtable: <no type>, base list: <no type>, field list: <no type>
             options: forward ref (-> 0x2532) | has unique name, sizeof 0
    0x1080 | LF_STRUCTURE [size = 76, hash = 0x2F515] `CAudioPortNull`
             unique name: `1f0a2415-b4ac-4b74-a3a9-2dd20092ee1c`
             vtable: <no type>, base list: <no type>, field list: <no type>
             options: forward ref (-> 0x2534) | has unique name, sizeof 0
    0x1081 | LF_STRUCTURE [size = 72, hash = 0x333BE] `CAudioSound`
             unique name: `8a59a5cd-35f1-4690-b0ac-2ff3d09b2559`
             vtable: <no type>, base list: <no type>, field list: <no type>
             options: forward ref (-> 0x2535) | has unique name, sizeof 0
    0x1082 | LF_STRUCTURE [size = 76, hash = 0x2A18E] `CAudioSoundBink`
             unique name: `9465b14c-050c-4496-9b05-2aa94127b730`
             vtable: <no type>, base list: <no type>, field list: <no type>
             options: forward ref (-> 0x2537) | has unique name, sizeof 0
    0x1083 | LF_STRUCTURE [size = 80, hash = 0x3C1B0] `CAudioSoundEngine`
             unique name: `e5b245cc-767b-4352-b506-70bfe2fd2922`
             vtable: <no type>, base list: <no type>, field list: <no type>
             options: forward ref (-> 0x2538) | has unique name, sizeof 0
    0x1084 | LF_STRUCTURE [size = 84, hash = 0x29DE3] `CAudioSoundEngine_Mixer`
             unique name: `5b234c55-0260-4d2c-bad7-ee34ee996321`
             vtable: <no type>, base list: <no type>, field list: <no type>
             options: forward ref (-> 0x2539) | has unique name, sizeof 0
    0x1085 | LF_STRUCTURE [size = 100, hash = 0x27FAB] `CAudioSoundEngine_Mixer_Implem<float,2>`
             unique name: `2fc9256b-1e54-4f4c-ab95-6a09bbf86652`
             vtable: <no type>, base list: <no type>, field list: <no type>
             options: forward ref (-> 0x253B) | has unique name, sizeof 0
    0x1086 | LF_STRUCTURE [size = 100, hash = 0x194BB] `CAudioSoundEngine_Mixer_Implem<float,6>`
             unique name: `808b1636-b11d-4119-964a-afd26e03e8c2`
             vtable: <no type>, base list: <no type>, field list: <no type>
             options: forward ref (-> 0x253C) | has unique name, sizeof 0
    0x1087 | LF_STRUCTURE [size = 100, hash = 0x63F4] `CAudioSoundEngine_Mixer_Implem<int,2>`
             unique name: `80e0c843-300e-48fc-90f9-f56d1d8f73f2`
             vtable: <no type>, base list: <no type>, field list: <no type>
             options: forward ref (-> 0x253D) | has unique name, sizeof 0
    0x1088 | LF_STRUCTURE [size = 100, hash = 0x27000] `CAudioSoundEngine_Mixer_Implem<int,6>`
             unique name: `23e3775b-c9f1-46f6-a415-c7a3a0f31a84`
             vtable: <no type>, base list: <no type>, field list: <no type>
             options: forward ref (-> 0x253E) | has unique name, sizeof 0
    0x1089 | LF_STRUCTURE [size = 76, hash = 0x179E4] `CAudioSoundMulti`
             unique name: `2bbff5b8-6423-4998-85ab-6b8f7cc10668`
             vtable: <no type>, base list: <no type>, field list: <no type>
             options: forward ref (-> 0x253F) | has unique name, sizeof 0
    0x108A | LF_STRUCTURE [size = 80, hash = 0x3FF75] `CAudioSoundSurface`
             unique name: `87edb3c1-eb6b-48ec-aa6b-cb2eebaf466f`
             vtable: <no type>, base list: <no type>, field list: <no type>
             options: forward ref (-> 0x2540) | has unique name, sizeof 0
    0x108B | LF_STRUCTURE [size = 72, hash = 0x380F6] `CBlendedBone`
             unique name: `b6df4473-31a8-497f-907b-09fb844760a6`
             vtable: <no type>, base list: <no type>, field list: <no type>
             options: forward ref (-> 0x2541) | has unique name, sizeof 0
    0x108C | LF_STRUCTURE [size = 76, hash = 0x95D6] `CBlendedSolid`
             unique name: `8a2821d3-a767-4fbb-9cd7-c6bf35b093ad`
             vtable: <no type>, base list: <no type>, field list: <no type>
             options: forward ref (-> 0x2543) | has unique name, sizeof 0
    0x108D | LF_STRUCTURE [size = 84, hash = 0xA40A] `CBlendedSolidSkelValue`
             unique name: `6bd43926-c7ce-4574-83dc-9d24fe5b2874`
             vtable: <no type>, base list: <no type>, field list: <no type>
             options: forward ref (-> 0x2545) | has unique name, sizeof 0
    0x108E | LF_STRUCTURE [size = 76, hash = 0x5731] `CBlockVariable`
             unique name: `36abacc6-c5be-4b20-87de-38f63b4ae3a1`
             vtable: <no type>, base list: <no type>, field list: <no type>
             options: forward ref (-> 0x2547) | has unique name, sizeof 0
    0x108F | LF_STRUCTURE [size = 72, hash = 0x3A684] `CBoatParam`
             unique name: `f4718c6b-cd97-444e-bc9a-99cc12770dfc`
             vtable: <no type>, base list: <no type>, field list: <no type>
             options: forward ref (-> 0x2549) | has unique name, sizeof 0
    0x1090 | LF_STRUCTURE [size = 72, hash = 0x3525A] `CBoatSail`
             unique name: `5f84fff3-831a-43c8-b6aa-ac1ad038e58f`
             vtable: <no type>, base list: <no type>, field list: <no type>
             options: forward ref (-> 0x254B) | has unique name, sizeof 0
    0x1091 | LF_STRUCTURE [size = 76, hash = 0x574C] `CBoatSailState`
             unique name: `91f5e9bc-a6c5-4138-8d0a-83c8034ef061`
             vtable: <no type>, base list: <no type>, field list: <no type>
             options: forward ref (-> 0x254D) | has unique name, sizeof 0
    0x1092 | LF_STRUCTURE [size = 80, hash = 0x2F0BB] `CBoatTeamActionDesc`
             unique name: `96e6f522-96cc-4887-ba31-48296de2f8bf`
             vtable: <no type>, base list: <no type>, field list: <no type>
             options: forward ref (-> 0x254F) | has unique name, sizeof 0
    0x1093 | LF_STRUCTURE [size = 76, hash = 0x1D666] `CBoatTeamDesc`
             unique name: `2f4d800a-76a3-473b-93f6-4da14a4ca383`
             vtable: <no type>, base list: <no type>, field list: <no type>
             options: forward ref (-> 0x2550) | has unique name, sizeof 0
    0x1094 | LF_STRUCTURE [size = 84, hash = 0x3C5B8] `CBoatTeamMateActionDesc`
             unique name: `dfafc6c9-8f2d-4eb4-ab82-f00fe4ca17cf`
             vtable: <no type>, base list: <no type>, field list: <no type>
             options: forward ref (-> 0x2551) | has unique name, sizeof 0
    0x1095 | LF_STRUCTURE [size = 88, hash = 0x52B2] `CBoatTeamMateLocationDesc`
             unique name: `645da7ef-c8ac-4fdb-b8d8-ba9075e61e7b`
             vtable: <no type>, base list: <no type>, field list: <no type>
             options: forward ref (-> 0x2552) | has unique name, sizeof 0
    0x1096 | LF_STRUCTURE [size = 68, hash = 0x3D69F] `CCache`
             unique name: `02a6bd6d-03ba-467f-9d1f-ba2ad536cf66`
             vtable: <no type>, base list: <no type>, field list: <no type>
             options: forward ref (-> 0x2553) | has unique name, sizeof 0
    0x1097 | LF_STRUCTURE [size = 72, hash = 0x64DF] `CCacheArray`
             unique name: `0c611e47-f7d6-40c3-ab8b-7130207ef191`
             vtable: <no type>, base list: <no type>, field list: <no type>
             options: forward ref (-> 0x2556) | has unique name, sizeof 0
    0x1098 | LF_STRUCTURE [size = 80, hash = 0x26E10] `CCacheTweakKeysTrans`
             unique name: `07118d15-3c96-4c5b-a85e-6b63e06e45be`
             vtable: <no type>, base list: <no type>, field list: <no type>
             options: forward ref (-> 0x2557) | has unique name, sizeof 0
    0x1099 | LF_STRUCTURE [size = 72, hash = 0x319E7] `CCallback`
             unique name: `b8378bcf-545b-4245-b9ff-a174720e278d`
             vtable: <no type>, base list: <no type>, field list: <no type>
             options: forward ref (-> 0x2558) | has unique name, sizeof 0
    0x109A | LF_STRUCTURE [size = 84, hash = 0x36972] `CCallbackComputeForces`
             unique name: `295f08fa-4c1b-4b2b-8ab3-57eb1981f091`
             vtable: <no type>, base list: <no type>, field list: <no type>
             options: forward ref (-> 0x255A) | has unique name, sizeof 0
    0x109B | LF_STRUCTURE [size = 92, hash = 0xBAA7] `CCallbackComputeForcesSpeedBoat`
             unique name: `3b78bc4f-9164-4cc0-a92a-93167823e204`
             vtable: <no type>, base list: <no type>, field list: <no type>
             options: forward ref (-> 0x255B) | has unique name, sizeof 0
    0x109C | LF_STRUCTURE [size = 88, hash = 0x2A977] `CCallbackMeasureImpression`
             unique name: `f48b3b07-36b5-41c6-8bae-d9ce6e31dd50`
             vtable: <no type>, base list: <no type>, field list: <no type>
             options: forward ref (-> 0x255C) | has unique name, sizeof 0
    0x109D | LF_STRUCTURE [size = 88, hash = 0x3BE47] `CCallbackRenderBeforeTree`
             unique name: `43d5a6e1-34ea-47e2-a7c2-d3c07757efc8`
             vtable: <no type>, base list: <no type>, field list: <no type>
             options: forward ref (-> 0x255D) | has unique name, sizeof 0
    0x109E | LF_STRUCTURE [size = 96, hash = 0x3D7EA] `CCallbackSceneToyBoatComputeForces`
             unique name: `f5e2701c-38fb-494c-b042-dea94e0636aa`
             vtable: <no type>, base list: <no type>, field list: <no type>
             options: forward ref (-> 0x255F) | has unique name, sizeof 0
    0x109F | LF_STRUCTURE [size = 92, hash = 0x17A88] `CCallbackSceneToyBoatSortCustom`
             unique name: `781d6822-9a29-4fa9-8ef7-60103d84d846`
             vtable: <no type>, base list: <no type>, field list: <no type>
             options: forward ref (-> 0x2560) | has unique name, sizeof 0
    0x10A0 | LF_STRUCTURE [size = 100, hash = 0x132EE] `CCallbackSceneToyBroomStickComputeForces`
             unique name: `4fb8c2a1-306f-4467-9d21-f9ec9ebc34c9`
             vtable: <no type>, base list: <no type>, field list: <no type>
             options: forward ref (-> 0x2561) | has unique name, sizeof 0
    0x10A1 | LF_STRUCTURE [size = 100, hash = 0xA48B] `CCallbackSceneToyCharacterAfterContacts`
             unique name: `46f9ac36-9114-40cb-8d34-3071d330bbbb`
             vtable: <no type>, base list: <no type>, field list: <no type>
             options: forward ref (-> 0x2562) | has unique name, sizeof 0
    0x10A2 | LF_STRUCTURE [size = 100, hash = 0x3BBD4] `CCallbackSceneToyCharacterComputeForces`
             unique name: `af3f8594-4088-49d7-abf3-1aa6e301e2fa`
             vtable: <no type>, base list: <no type>, field list: <no type>
             options: forward ref (-> 0x2563) | has unique name, sizeof 0
    0x10A3 | LF_STRUCTURE [size = 100, hash = 0x1B884] `CCallbackSceneVehicleBallAfterContacts`
             unique name: `8355c88c-8c67-4f89-b297-fa37805168c0`
             vtable: <no type>, base list: <no type>, field list: <no type>
             options: forward ref (-> 0x2564) | has unique name, sizeof 0
    0x10A4 | LF_STRUCTURE [size = 100, hash = 0x26CEA] `CCallbackSceneVehicleCarAfterContacts`
             unique name: `a3293f97-d679-4353-a291-19c60c3cc5d2`
             vtable: <no type>, base list: <no type>, field list: <no type>
             options: forward ref (-> 0x2565) | has unique name, sizeof 0
    0x10A5 | LF_STRUCTURE [size = 100, hash = 0x25688] `CCallbackSceneVehicleCarComputeForces`
             unique name: `b06d310a-ea16-4573-bbdf-4ab4095ce7ec`
             vtable: <no type>, base list: <no type>, field list: <no type>
             options: forward ref (-> 0x2566) | has unique name, sizeof 0
    0x10A6 | LF_STRUCTURE [size = 72, hash = 0x35D64] `CCameraFxDx9`
             unique name: `0210992a-9e8b-4023-b60f-fe3dc30866e9`
             vtable: <no type>, base list: <no type>, field list: <no type>
             options: forward ref (-> 0x2567) | has unique name, sizeof 0
    0x10A7 | LF_STRUCTURE [size = 76, hash = 0x2514F] `CClassicArchive`
             unique name: `37b02572-334e-4371-a6c1-2c96c066c7af`
             vtable: <no type>, base list: <no type>, field list: <no type>
             options: forward ref (-> 0x2568) | has unique name, sizeof 0
    0x10A8 | LF_STRUCTURE [size = 76, hash = 0x320A0] `CClassicBuffer`
             unique name: `bf95afbe-3b52-4866-8c31-bbe0f2a18d45`
             vtable: <no type>, base list: <no type>, field list: <no type>
             options: forward ref (-> 0x256B) | has unique name, sizeof 0
    0x10A9 | LF_STRUCTURE [size = 84, hash = 0x19DC] `CClassicBufferCrypted`
             unique name: `d185354d-2d2e-4f1a-bf33-690cf3c1b1b4`
             vtable: <no type>, base list: <no type>, field list: <no type>
             options: forward ref (-> 0x256D) | has unique name, sizeof 0
    0x10AA | LF_STRUCTURE [size = 80, hash = 0x380CD] `CClassicBufferMemory`
             unique name: `20e920ba-a400-48b4-a110-abf8990a4e83`
             vtable: <no type>, base list: <no type>, field list: <no type>
             options: forward ref (-> 0x256E) | has unique name, sizeof 0
    0x10AB | LF_STRUCTURE [size = 80, hash = 0x3BD9F] `CClassicBufferPart`
             unique name: `7376ff34-e221-430a-8d47-a67d9f794861`
             vtable: <no type>, base list: <no type>, field list: <no type>
             options: forward ref (-> 0x2571) | has unique name, sizeof 0
    0x10AC | LF_STRUCTURE [size = 80, hash = 0x5CCA] `CClassicBufferRef`
             unique name: `6f59f429-8425-4406-bbfc-f6922ba9a2dd`
             vtable: <no type>, base list: <no type>, field list: <no type>
             options: forward ref (-> 0x2572) | has unique name, sizeof 0
    0x10AD | LF_STRUCTURE [size = 80, hash = 0x382FB] `CClassicBufferZip`
             unique name: `309aadd1-b14b-43ab-815a-fa5555adb307`
             vtable: <no type>, base list: <no type>, field list: <no type>
             options: forward ref (-> 0x2573) | has unique name, sizeof 0
    0x10AE | LF_STRUCTURE [size = 80, hash = 0x3B1BA] `CClassicBufferZlib`
             unique name: `8bc08601-7642-4124-bc8b-bb581382d949`
             vtable: <no type>, base list: <no type>, field list: <no type>
             options: forward ref (-> 0x2574) | has unique name, sizeof 0
    0x10AF | LF_STRUCTURE [size = 80, hash = 0x1D853] `CClassicCrashDump`
             unique name: `574533fc-e224-4fa5-a8dd-fe45c05c3a86`
             vtable: <no type>, base list: <no type>, field list: <no type>
             options: forward ref (-> 0x2575) | has unique name, sizeof 0
    0x10B0 | LF_STRUCTURE [size = 84, hash = 0x9F12] `CClassicCrypto_BlowFish`
             unique name: `283f207f-e85d-403f-9aa1-f9f552a7bdc3`
             vtable: <no type>, base list: <no type>, field list: <no type>
             options: forward ref (-> 0x2577) | has unique name, sizeof 0
    0x10B1 | LF_STRUCTURE [size = 80, hash = 0x16137] `CClassicCrypto_RSA`
             unique name: `0d47ee77-bffe-43c8-96bb-22ac54c1c696`
             vtable: <no type>, base list: <no type>, field list: <no type>
             options: forward ref (-> 0x2578) | has unique name, sizeof 0
    0x10B2 | LF_STRUCTURE [size = 80, hash = 0x1D05F] `CClassicDependant`
             unique name: `62c90121-24e3-4471-bf50-5b5abcc9a460`
             vtable: <no type>, base list: <no type>, field list: <no type>
             options: forward ref (-> 0x257A) | has unique name, sizeof 0
    0x10B3 | LF_STRUCTURE [size = 72, hash = 0x2EFC5] `CClassicI18n`
             unique name: `463522e3-e62a-4917-b683-39a50acac36b`
             vtable: <no type>, base list: <no type>, field list: <no type>
             options: forward ref (-> 0x257C) | has unique name, sizeof 0
    0x10B4 | LF_STRUCTURE [size = 72, hash = 0x36597] `CClassicLog`
             unique name: `fec7f80a-45e1-47f9-9f5f-bc0d07ea9b88`
             vtable: <no type>, base list: <no type>, field list: <no type>
             options: forward ref (-> 0x257D) | has unique name, sizeof 0
    0x10B5 | LF_STRUCTURE [size = 68, hash = 0xAFC8] `CConfig`
             unique name: `bc5ab30f-caaf-4fe3-bc61-d220d13fecf9`
             vtable: <no type>, base list: <no type>, field list: <no type>
             options: forward ref (-> 0x257E) | has unique name, sizeof 0
    0x10B6 | LF_STRUCTURE [size = 84, hash = 0x3AC5] `CConstArray<char_const*>`
             unique name: `46428cdb-4ade-4986-9391-bc3b6e1e8611`
             vtable: <no type>, base list: <no type>, field list: <no type>
             options: forward ref (-> 0x257F) | has unique name, sizeof 0
    0x10B7 | LF_STRUCTURE [size = 88, hash = 0x17BA1] `CConstArray<class_GmVec4>`
             unique name: `c6be0c26-d78a-4618-b762-f9e8d43414c0`
             vtable: <no type>, base list: <no type>, field list: <no type>
             options: forward ref (-> 0x2580) | has unique name, sizeof 0
    0x10B8 | LF_STRUCTURE [size = 112, hash = 0x155FC] `CConstArray<struct_SHmsItem_CallbackSortCustom_Elem>`
             unique name: `4d3640e1-1448-475a-9891-6dc0ad6dcda1`
             vtable: <no type>, base list: <no type>, field list: <no type>
             options: forward ref (-> 0x2582) | has unique name, sizeof 0
    0x10B9 | LF_STRUCTURE [size = 80, hash = 0x15203] `CConstructionImage`
             unique name: `f316eefb-d5ba-4df9-a07c-66bc8683afa3`
             vtable: <no type>, base list: <no type>, field list: <no type>
             options: forward ref (-> 0x2584) | has unique name, sizeof 0
    0x10BA | LF_STRUCTURE [size = 72, hash = 0x99FC] `CControlBase`
             unique name: `76ea84b2-96ad-4e2c-ab70-9359c5e843ac`
             vtable: <no type>, base list: <no type>, field list: <no type>
             options: forward ref (-> 0x2586) | has unique name, sizeof 0
    0x10BB | LF_STRUCTURE [size = 76, hash = 0xC17B] `CControlButton`
             unique name: `f055c102-04a5-471f-a0d6-e37986fe60c0`
             vtable: <no type>, base list: <no type>, field list: <no type>
             options: forward ref (-> 0x2589) | has unique name, sizeof 0
    0x10BC | LF_STRUCTURE [size = 80, hash = 0x37C05] `CControlColorChooser`
             unique name: `dd7d008d-8564-424c-b593-bd02c940017a`
             vtable: <no type>, base list: <no type>, field list: <no type>
             options: forward ref (-> 0x258C) | has unique name, sizeof 0
    0x10BD | LF_STRUCTURE [size = 84, hash = 0x280EE] `CControlColorChooser2`
             unique name: `df102ef5-2f4b-42cf-ab61-667d9a4108af`
             vtable: <no type>, base list: <no type>, field list: <no type>
             options: forward ref (-> 0x258D) | has unique name, sizeof 0
    0x10BE | LF_STRUCTURE [size = 80, hash = 0x35E4] `CControlContainer`
             unique name: `a1e11001-7528-4598-834e-08fc8e5f4038`
             vtable: <no type>, base list: <no type>, field list: <no type>
             options: forward ref (-> 0x2590) | has unique name, sizeof 0
    0x10BF | LF_STRUCTURE [size = 76, hash = 0x2D0C] `CControlCredit`
             unique name: `ec861550-1701-4a12-8f04-02d35cfc72ab`
             vtable: <no type>, base list: <no type>, field list: <no type>
             options: forward ref (-> 0x2593) | has unique name, sizeof 0
    0x10C0 | LF_STRUCTURE [size = 76, hash = 0x288A8] `CControlCurve`
             unique name: `c1e9c1f8-dd35-458c-8977-73ef891c9d3d`
             vtable: <no type>, base list: <no type>, field list: <no type>
             options: forward ref (-> 0x2594) | has unique name, sizeof 0
    0x10C1 | LF_STRUCTURE [size = 80, hash = 0xB154] `CControlDisplayGraph`
             unique name: `af2d02ed-54a0-4d0b-8adb-53f4db32075e`
             vtable: <no type>, base list: <no type>, field list: <no type>
             options: forward ref (-> 0x2595) | has unique name, sizeof 0
    0x10C2 | LF_STRUCTURE [size = 76, hash = 0xFC8B] `CControlEffect`
             unique name: `528d724f-f567-4321-97bb-eb5fa51cb307`
             vtable: <no type>, base list: <no type>, field list: <no type>
             options: forward ref (-> 0x2597) | has unique name, sizeof 0
    0x10C3 | LF_STRUCTURE [size = 84, hash = 0x16934] `CControlEffectCombined`
             unique name: `bddca311-f097-4020-aba3-edd20a1ac2d1`
             vtable: <no type>, base list: <no type>, field list: <no type>
             options: forward ref (-> 0x2599) | has unique name, sizeof 0
    0x10C4 | LF_STRUCTURE [size = 80, hash = 0x16576] `CControlEffectMaster`
             unique name: `1bb1dbf5-d782-4d66-b228-ee3bd831c87b`
             vtable: <no type>, base list: <no type>, field list: <no type>
             options: forward ref (-> 0x259A) | has unique name, sizeof 0
    0x10C5 | LF_STRUCTURE [size = 80, hash = 0x2B694] `CControlEffectMotion`
             unique name: `2f17ded1-2fba-4bed-b923-78d35772684b`
             vtable: <no type>, base list: <no type>, field list: <no type>
             options: forward ref (-> 0x259B) | has unique name, sizeof 0
    0x10C6 | LF_STRUCTURE [size = 84, hash = 0x4121] `CControlEffectMoveFrame`
             unique name: `2b90dfec-5973-4f32-94f3-aa1d79b37cb1`
             vtable: <no type>, base list: <no type>, field list: <no type>
             options: forward ref (-> 0x259C) | has unique name, sizeof 0
    0x10C7 | LF_STRUCTURE [size = 80, hash = 0x373C8] `CControlEffectSimi`
             unique name: `02bc332e-aeb5-486c-8db9-961ccfe46d39`
             vtable: <no type>, base list: <no type>, field list: <no type>
             options: forward ref (-> 0x259D) | has unique name, sizeof 0
    0x10C8 | LF_STRUCTURE [size = 88, hash = 0x1F7AD] `CControlEffectSwitchStyle`
             unique name: `f784880a-8318-4787-8084-6fbab74e0dda`
             vtable: <no type>, base list: <no type>, field list: <no type>
             options: forward ref (-> 0x259E) | has unique name, sizeof 0
    0x10C9 | LF_STRUCTURE [size = 76, hash = 0x3903B] `CControlEngine`
             unique name: `941ccc26-6c98-4a7a-ba92-eae464a826d3`
             vtable: <no type>, base list: <no type>, field list: <no type>
             options: forward ref (-> 0x259F) | has unique name, sizeof 0
    0x10CA | LF_STRUCTURE [size = 76, hash = 0x38930] `CControlEntry`
             unique name: `06d22707-305b-46b7-8271-4ca535c42e27`
             vtable: <no type>, base list: <no type>, field list: <no type>
             options: forward ref (-> 0x25A0) | has unique name, sizeof 0
    0x10CB | LF_STRUCTURE [size = 72, hash = 0x34993] `CControlEnum`
             unique name: `5ecba891-1d48-4136-9039-72c51a905377`
             vtable: <no type>, base list: <no type>, field list: <no type>
             options: forward ref (-> 0x25A3) | has unique name, sizeof 0
    0x10CC | LF_STRUCTURE [size = 76, hash = 0x12F75] `CControlField2`
             unique name: `30ab9ee7-c36c-42ed-9fdc-9ac6db58279d`
             vtable: <no type>, base list: <no type>, field list: <no type>
             options: forward ref (-> 0x25A6) | has unique name, sizeof 0
    0x10CD | LF_STRUCTURE [size = 72, hash = 0x3BBF4] `CControlForm`
             unique name: `3a352429-29bb-450c-9c9e-1f9b5e2a2a9c`
             vtable: <no type>, base list: <no type>, field list: <no type>
             options: forward ref (-> 0x25A7) | has unique name, sizeof 0
    0x10CE | LF_STRUCTURE [size = 76, hash = 0x2A952] `CControlFrame`
             unique name: `5bb58df9-a0dc-4895-b818-1b9e5eefd87a`
             vtable: <no type>, base list: <no type>, field list: <no type>
             options: forward ref (-> 0x25A9) | has unique name, sizeof 0
    0x10CF | LF_STRUCTURE [size = 84, hash = 0x1A22F] `CControlFrameAnimated`
             unique name: `36d66fac-253e-49c8-92b1-5f567c9ec6c6`
             vtable: <no type>, base list: <no type>, field list: <no type>
             options: forward ref (-> 0x25AC) | has unique name, sizeof 0
    0x10D0 | LF_STRUCTURE [size = 80, hash = 0x4810] `CControlFrameStyled`
             unique name: `2a70fc7f-38b8-4401-9729-25390887cfc4`
             vtable: <no type>, base list: <no type>, field list: <no type>
             options: forward ref (-> 0x25AD) | has unique name, sizeof 0
    0x10D1 | LF_STRUCTURE [size = 72, hash = 0x13C3B] `CControlGrid`
             unique name: `f61ea3a4-6348-4447-9c9b-6d125ae479f8`
             vtable: <no type>, base list: <no type>, field list: <no type>
             options: forward ref (-> 0x25B0) | has unique name, sizeof 0
    0x10D2 | LF_STRUCTURE [size = 80, hash = 0x23947] `CControlIconIndex`
             unique name: `9abf2068-f10b-4eec-99ed-5de81e658e45`
             vtable: <no type>, base list: <no type>, field list: <no type>
             options: forward ref (-> 0x25B3) | has unique name, sizeof 0
    0x10D3 | LF_STRUCTURE [size = 76, hash = 0x10DF] `CControlImage`
             unique name: `e4b79b18-006c-41d1-bb0d-1b0353b965d2`
             vtable: <no type>, base list: <no type>, field list: <no type>
             options: forward ref (-> 0x25B4) | has unique name, sizeof 0
    0x10D4 | LF_STRUCTURE [size = 88, hash = 0x26291] `CControlKeyboardInterface`
             unique name: `6d80d313-547e-41dd-9cc7-014ccf61f976`
             vtable: <no type>, base list: <no type>, field list: <no type>
             options: forward ref (-> 0x25B5) | has unique name, sizeof 0
    0x10D5 | LF_STRUCTURE [size = 76, hash = 0x229F5] `CControlLabel`
             unique name: `1911545c-aa4a-437d-b4f4-2e11684d940c`
             vtable: <no type>, base list: <no type>, field list: <no type>
             options: forward ref (-> 0x25B6) | has unique name, sizeof 0
    0x10D6 | LF_STRUCTURE [size = 76, hash = 0x30D9B] `CControlLayout`
             unique name: `cb7e52eb-3c83-40a5-be09-ab785e31039b`
             vtable: <no type>, base list: <no type>, field list: <no type>
             options: forward ref (-> 0x25B9) | has unique name, sizeof 0
    0x10D7 | LF_STRUCTURE [size = 72, hash = 0x14A87] `CControlList`
             unique name: `1f3e774b-ace8-46ed-9a68-95f5b04622a4`
             vtable: <no type>, base list: <no type>, field list: <no type>
             options: forward ref (-> 0x25BB) | has unique name, sizeof 0
    0x10D8 | LF_STRUCTURE [size = 76, hash = 0x2E6D9] `CControlListItem`
             unique name: `ab90a926-e0fe-4c6c-8f84-c4c2ebdd5a44`
             vtable: <no type>, base list: <no type>, field list: <no type>
             options: forward ref (-> 0x25BE) | has unique name, sizeof 0
    0x10D9 | LF_STRUCTURE [size = 76, hash = 0x331A6] `CControlListMap`
             unique name: `2af1c555-0dbf-45ce-bcf1-f0047261c651`
             vtable: <no type>, base list: <no type>, field list: <no type>
             options: forward ref (-> 0x25C1) | has unique name, sizeof 0
    0x10DA | LF_STRUCTURE [size = 76, hash = 0x16E06] `CControlListMap2`
             unique name: `adf71575-9d77-4513-a6d2-f7acb43413bd`
             vtable: <no type>, base list: <no type>, field list: <no type>
             options: forward ref (-> 0x25C2) | has unique name, sizeof 0
    0x10DB | LF_STRUCTURE [size = 80, hash = 0x1B430] `CControlMediaItem`
             unique name: `1ed4ec01-9c66-4fbc-a058-355c03b5c135`
             vtable: <no type>, base list: <no type>, field list: <no type>
             options: forward ref (-> 0x25C3) | has unique name, sizeof 0
    0x10DC | LF_STRUCTURE [size = 80, hash = 0xED3E] `CControlMediaPlayer`
             unique name: `9137d730-e1f4-4434-9efa-3b189f09b75a`
             vtable: <no type>, base list: <no type>, field list: <no type>
             options: forward ref (-> 0x25C5) | has unique name, sizeof 0
    0x10DD | LF_STRUCTURE [size = 76, hash = 0x2BC39] `CControlOverlay`
             unique name: `d593e190-e007-4dc2-a5a4-299457a856fb`
             vtable: <no type>, base list: <no type>, field list: <no type>
             options: forward ref (-> 0x25C7) | has unique name, sizeof 0
    0x10DE | LF_STRUCTURE [size = 76, hash = 0x20D07] `CControlPager`
             unique name: `ce44eb6c-6688-4ffb-929c-c4e784deac7d`
             vtable: <no type>, base list: <no type>, field list: <no type>
             options: forward ref (-> 0x25C9) | has unique name, sizeof 0
    0x10DF | LF_STRUCTURE [size = 72, hash = 0x23D08] `CControlQuad`
             unique name: `023c3bef-4325-4de2-b81a-b3f60cae98a9`
             vtable: <no type>, base list: <no type>, field list: <no type>
             options: forward ref (-> 0x25CC) | has unique name, sizeof 0
    0x10E0 | LF_STRUCTURE [size = 76, hash = 0x31E96] `CControlRadar`
             unique name: `d6c978d4-009a-42fd-85cb-cab5bdff4398`
             vtable: <no type>, base list: <no type>, field list: <no type>
             options: forward ref (-> 0x25CF) | has unique name, sizeof 0
    0x10E1 | LF_STRUCTURE [size = 76, hash = 0x117EA] `CControlSimi2`
             unique name: `d9b5973b-c70b-47b7-abcf-c3aaabbe4eb7`
             vtable: <no type>, base list: <no type>, field list: <no type>
             options: forward ref (-> 0x25D0) | has unique name, sizeof 0
    0x10E2 | LF_STRUCTURE [size = 76, hash = 0x2AFE] `CControlSlider`
             unique name: `bb8ea4d5-aa2e-4515-913c-4aa9c874b6f3`
             vtable: <no type>, base list: <no type>, field list: <no type>
             options: forward ref (-> 0x25D1) | has unique name, sizeof 0
    0x10E3 | LF_STRUCTURE [size = 76, hash = 0x2D539] `CControlStyle`
             unique name: `1a512f98-58b6-423d-b208-afdad9f08231`
             vtable: <no type>, base list: <no type>, field list: <no type>
             options: forward ref (-> 0x25D3) | has unique name, sizeof 0
    0x10E4 | LF_STRUCTURE [size = 80, hash = 0x1AEF9] `CControlStyleSheet`
             unique name: `72df0128-e1b5-4c82-83d1-09a5f73870f8`
             vtable: <no type>, base list: <no type>, field list: <no type>
             options: forward ref (-> 0x25D5) | has unique name, sizeof 0
    0x10E5 | LF_STRUCTURE [size = 72, hash = 0x19C43] `CControlText`
             unique name: `1de11ef5-e838-44cc-b35e-4a134786b5fa`
             vtable: <no type>, base list: <no type>, field list: <no type>
             options: forward ref (-> 0x25D7) | has unique name, sizeof 0
    0x10E6 | LF_STRUCTURE [size = 76, hash = 0x3EFDF] `CControlTimeLine`
             unique name: `ced93dfd-e836-4d91-894d-688d3b959c0e`
             vtable: <no type>, base list: <no type>, field list: <no type>
             options: forward ref (-> 0x25D8) | has unique name, sizeof 0
    0x10E7 | LF_STRUCTURE [size = 80, hash = 0x254B3] `CControlTimeLine2`
             unique name: `6605deaa-6be1-4231-91bf-0672fc64dc1e`
             vtable: <no type>, base list: <no type>, field list: <no type>
             options: forward ref (-> 0x25D9) | has unique name, sizeof 0
    0x10E8 | LF_STRUCTURE [size = 88, hash = 0x20598] `CControlTrackManiaTeamCard`
             unique name: `105dd41e-a09d-4d97-9ee5-f52155e36326`
             vtable: <no type>, base list: <no type>, field list: <no type>
             options: forward ref (-> 0x25DC) | has unique name, sizeof 0
    0x10E9 | LF_STRUCTURE [size = 80, hash = 0xCFCF] `CControlUiDockable`
             unique name: `8aef5841-d1d6-4518-8118-22cc16f20589`
             vtable: <no type>, base list: <no type>, field list: <no type>
             options: forward ref (-> 0x25DD) | has unique name, sizeof 0
    0x10EA | LF_STRUCTURE [size = 80, hash = 0x23C86] `CControlUiElement`
             unique name: `f4cd6971-db22-425a-8100-428b3e444a0a`
             vtable: <no type>, base list: <no type>, field list: <no type>
             options: forward ref (-> 0x25DF) | has unique name, sizeof 0
    0x10EB | LF_STRUCTURE [size = 76, hash = 0x5640] `CControlUiRange`
             unique name: `b1dcd3a8-9e19-4956-8f04-9480aad3b1eb`
             vtable: <no type>, base list: <no type>, field list: <no type>
             options: forward ref (-> 0x25E0) | has unique name, sizeof 0
    0x10EC | LF_STRUCTURE [size = 76, hash = 0x1C830] `CControlUrlLinks`
             unique name: `b4723a9a-311c-4153-a2cf-af783e4068fb`
             vtable: <no type>, base list: <no type>, field list: <no type>
             options: forward ref (-> 0x25E3) | has unique name, sizeof 0
    0x10ED | LF_STRUCTURE [size = 68, hash = 0x17D8C] `CCrystal`
             unique name: `fee6d51c-05f2-4709-80e8-8bd5b9075f66`
             vtable: <no type>, base list: <no type>, field list: <no type>
             options: forward ref (-> 0x25E5) | has unique name, sizeof 0
    0x10EE | LF_STRUCTURE [size = 72, hash = 0x5788] `CCrystalEdge`
             unique name: `88c5ff3d-db33-40ea-8a06-75157e1f3397`
             vtable: <no type>, base list: <no type>, field list: <no type>
             options: forward ref (-> 0x25E7) | has unique name, sizeof 0
    0x10EF | LF_STRUCTURE [size = 72, hash = 0xA07C] `CCrystalFace`
             unique name: `05c028f6-c05b-4cbe-873e-b6fc377d6b94`
             vtable: <no type>, base list: <no type>, field list: <no type>
             options: forward ref (-> 0x25EA) | has unique name, sizeof 0
    0x10F0 | LF_STRUCTURE [size = 76, hash = 0x2AED9] `CCrystalGroup`
             unique name: `bb1564f8-23d8-4657-941d-7e55e89c776b`
             vtable: <no type>, base list: <no type>, field list: <no type>
             options: forward ref (-> 0x25ED) | has unique name, sizeof 0
    0x10F1 | LF_STRUCTURE [size = 72, hash = 0x12E60] `CCrystalLink`
             unique name: `217348c3-3f3b-40a2-ab71-39acb1e06469`
             vtable: <no type>, base list: <no type>, field list: <no type>
             options: forward ref (-> 0x25EE) | has unique name, sizeof 0
    0x10F2 | LF_STRUCTURE [size = 72, hash = 0x2345] `CCrystalQuad`
             unique name: `9f633ebe-8703-49c7-a9fe-bda73e2d3791`
             vtable: <no type>, base list: <no type>, field list: <no type>
             options: forward ref (-> 0x25F1) | has unique name, sizeof 0
    0x10F3 | LF_STRUCTURE [size = 76, hash = 0x15CAD] `CCrystalQuadEqui`
             unique name: `29124417-df7e-4a91-928b-42c70109c595`
             vtable: <no type>, base list: <no type>, field list: <no type>
             options: forward ref (-> 0x25F2) | has unique name, sizeof 0
    0x10F4 | LF_STRUCTURE [size = 76, hash = 0x31328] `CCrystalQuadRaw`
             unique name: `80f42260-d08a-4cc1-a7ae-93af0eb34c65`
             vtable: <no type>, base list: <no type>, field list: <no type>
             options: forward ref (-> 0x25F3) | has unique name, sizeof 0
    0x10F5 | LF_STRUCTURE [size = 76, hash = 0x3B4D5] `CCrystalTexCoord`
             unique name: `6ba0015e-1ec7-46dd-b3e2-34a61907e5e7`
             vtable: <no type>, base list: <no type>, field list: <no type>
             options: forward ref (-> 0x25F4) | has unique name, sizeof 0
    0x10F6 | LF_STRUCTURE [size = 80, hash = 0x18961] `CCrystalTravelEdge`
             unique name: `3cb01878-ec4e-4636-943b-e4008a381598`
             vtable: <no type>, base list: <no type>, field list: <no type>
             options: forward ref (-> 0x25F6) | has unique name, sizeof 0
    0x10F7 | LF_STRUCTURE [size = 76, hash = 0x17D64] `CCrystalTriangle`
             unique name: `29c8d776-8142-4a8e-aa8a-1e9a67fc015d`
             vtable: <no type>, base list: <no type>, field list: <no type>
             options: forward ref (-> 0x25F8) | has unique name, sizeof 0
    0x10F8 | LF_STRUCTURE [size = 80, hash = 0x13502] `CCrystalTriangleEqui`
             unique name: `0940e06f-9912-462e-8faa-5a2fa633bec6`
             vtable: <no type>, base list: <no type>, field list: <no type>
             options: forward ref (-> 0x25F9) | has unique name, sizeof 0
    0x10F9 | LF_STRUCTURE [size = 80, hash = 0x92ED] `CCrystalTriangleRaw`
             unique name: `c9bcbd98-b9d0-4a14-9e3a-2c536a2577b4`
             vtable: <no type>, base list: <no type>, field list: <no type>
             options: forward ref (-> 0x25FA) | has unique name, sizeof 0
    0x10FA | LF_STRUCTURE [size = 76, hash = 0x1B16] `CCrystalVertex`
             unique name: `ca50f216-9823-4748-bc66-7d637d87261e`
             vtable: <no type>, base list: <no type>, field list: <no type>
             options: forward ref (-> 0x25FB) | has unique name, sizeof 0
    0x10FB | LF_STRUCTURE [size = 92, hash = 0x1AFBF] `CCtnMediaBlockEventTrackMania`
             unique name: `bdac59b7-8fe9-4038-8553-36c3a72bae8e`
             vtable: <no type>, base list: <no type>, field list: <no type>
             options: forward ref (-> 0x25FE) | has unique name, sizeof 0
    0x10FC | LF_STRUCTURE [size = 96, hash = 0x2692] `CCtnMediaBlockUiTMSimpleEvtsDisplay`
             unique name: `97385af9-6eb4-4d55-8722-75c55f743804`
             vtable: <no type>, base list: <no type>, field list: <no type>
             options: forward ref (-> 0x25FF) | has unique name, sizeof 0
    0x10FD | LF_STRUCTURE [size = 76, hash = 0x30447] `CCurveInterface`
             unique name: `360a5162-1b4e-4d96-b37f-481a91f48889`
             vtable: <no type>, base list: <no type>, field list: <no type>
             options: forward ref (-> 0x2600) | has unique name, sizeof 0
    0x10FE | LF_STRUCTURE [size = 76, hash = 0xD6BB] `CDx9DeviceCaps`
             unique name: `85203e14-bb17-4b47-b230-58866bb3de6e`
             vtable: <no type>, base list: <no type>, field list: <no type>
             options: forward ref (-> 0x2603) | has unique name, sizeof 0
    0x10FF | LF_STRUCTURE [size = 76, hash = 0x227C3] `CDx9DynamicVB`
             unique name: `f59c207a-996a-46d8-afd6-a9162a609134`
             vtable: <no type>, base list: <no type>, field list: <no type>
             options: forward ref (-> 0x2605) | has unique name, sizeof 0
    0x1100 | LF_STRUCTURE [size = 72, hash = 0x1E788] `CDx9FlareOcc`
             unique name: `77a034d4-425e-43c8-8ab2-b5d289a520df`
             vtable: <no type>, base list: <no type>, field list: <no type>
             options: forward ref (-> 0x2606) | has unique name, sizeof 0
    0x1101 | LF_STRUCTURE [size = 76, hash = 0x1A178] `CDx9GpuBuilder`
             unique name: `82e3f584-84b5-4a67-b0d0-4d5c3af97b28`
             vtable: <no type>, base list: <no type>, field list: <no type>
             options: forward ref (-> 0x2607) | has unique name, sizeof 0
    0x1102 | LF_STRUCTURE [size = 76, hash = 0x3A9E5] `CDx9IndexBuffer`
             unique name: `76b155fa-bbd2-48e8-be6e-f4a6fda15760`
             vtable: <no type>, base list: <no type>, field list: <no type>
             options: forward ref (-> 0x2608) | has unique name, sizeof 0
    0x1103 | LF_STRUCTURE [size = 76, hash = 0x86F7] `CDx9PixelShader`
             unique name: `24ae5aba-669d-442a-9faf-31e718af8e28`
             vtable: <no type>, base list: <no type>, field list: <no type>
             options: forward ref (-> 0x260B) | has unique name, sizeof 0
    0x1104 | LF_STRUCTURE [size = 76, hash = 0x3A385] `CDx9ShaderKeeper`
             unique name: `9a54c42f-5a9d-4c4d-b495-4b01753c0ec1`
             vtable: <no type>, base list: <no type>, field list: <no type>
             options: forward ref (-> 0x260D) | has unique name, sizeof 0
    0x1105 | LF_STRUCTURE [size = 76, hash = 0x3B489] `CDx9StateBlock`
             unique name: `03fe1fce-97ff-4cc4-9c10-cafc88e0d573`
             vtable: <no type>, base list: <no type>, field list: <no type>
             options: forward ref (-> 0x260F) | has unique name, sizeof 0
    0x1106 | LF_STRUCTURE [size = 80, hash = 0x399C7] `CDx9TextureKeeper`
             unique name: `ae08e62c-d080-47db-8406-2751bcc234ff`
             vtable: <no type>, base list: <no type>, field list: <no type>
             options: forward ref (-> 0x2611) | has unique name, sizeof 0
    0x1107 | LF_STRUCTURE [size = 76, hash = 0x2D657] `CDx9VertexBuffer`
             unique name: `3aa63842-eddb-4a9a-9829-090a3739903c`
             vtable: <no type>, base list: <no type>, field list: <no type>
             options: forward ref (-> 0x2614) | has unique name, sizeof 0
    0x1108 | LF_STRUCTURE [size = 76, hash = 0x110FB] `CDx9VertexShader`
             unique name: `16786cbd-2a6e-4fe9-b113-18e95b56bf84`
             vtable: <no type>, base list: <no type>, field list: <no type>
             options: forward ref (-> 0x2615) | has unique name, sizeof 0
    0x1109 | LF_STRUCTURE [size = 76, hash = 0x1BA35] `CDx9VisualKeeper`
             unique name: `b7f76a10-aa44-4b2e-9733-75c9b956ed36`
             vtable: <no type>, base list: <no type>, field list: <no type>
             options: forward ref (-> 0x2617) | has unique name, sizeof 0
    0x110A | LF_STRUCTURE [size = 80, hash = 0x18F1] `CDx9VStreamKeeper`
             unique name: `a3c5af86-42e7-4be1-a1c1-cd8bda9df9bb`
             vtable: <no type>, base list: <no type>, field list: <no type>
             options: forward ref (-> 0x2619) | has unique name, sizeof 0
    0x110B | LF_STRUCTURE [size = 76, hash = 0x3442A] `CDynaSpecular`
             unique name: `febcfaaa-b20e-45e1-870b-62994a0be43b`
             vtable: <no type>, base list: <no type>, field list: <no type>
             options: forward ref (-> 0x261A) | has unique name, sizeof 0
    0x110C | LF_STRUCTURE [size = 72, hash = 0x28755] `CEditionData`
             unique name: `d72ad8a6-f280-4ac8-ad1d-627bebe49535`
             vtable: <no type>, base list: <no type>, field list: <no type>
             options: forward ref (-> 0x261B) | has unique name, sizeof 0
    0x110D | LF_STRUCTURE [size = 80, hash = 0x1E7F4] `CEditionDataBitmap`
             unique name: `885a6db0-8646-496f-9650-d23f816a1c84`
             vtable: <no type>, base list: <no type>, field list: <no type>
             options: forward ref (-> 0x261E) | has unique name, sizeof 0
    0x110E | LF_ENUM [size = 64, hash = 0xB472] `CELL_SIDE`
             unique name: `47782515-ec5c-4ff9-845b-d991e4089cfc`
             field list: <no type>, underlying type: <no type>
             options: forward ref (-> 0x261F) | has unique name
    0x110F | LF_STRUCTURE [size = 76, hash = 0xCF3B] `CFastArray<char>`
             unique name: `6f321163-b5cc-4455-8065-f8f91946ffd2`
             vtable: <no type>, base list: <no type>, field list: <no type>
             options: forward ref (-> 0x2621) | has unique name, sizeof 0
    0x1110 | LF_STRUCTURE [size = 92, hash = 0x1BCBC] `CFastArray<class_CBlockVariable>`
             unique name: `cb50bc73-5a16-4b84-8a44-f2af9969540d`
             vtable: <no type>, base list: <no type>, field list: <no type>
             options: forward ref (-> 0x2622) | has unique name, sizeof 0
    0x1111 | LF_STRUCTURE [size = 92, hash = 0x31BB4] `CFastArray<class_CControlBase*>`
             unique name: `12f7cedf-e738-475d-9ce2-5a2f67de60b1`
             vtable: <no type>, base list: <no type>, field list: <no type>
             options: forward ref (-> 0x2624) | has unique name, sizeof 0
    0x1112 | LF_STRUCTURE [size = 92, hash = 0x3C309] `CFastArray<class_CCrystalEdge*>`
             unique name: `1c0103ad-e963-45c2-b887-ae4094b42498`
             vtable: <no type>, base list: <no type>, field list: <no type>
             options: forward ref (-> 0x2626) | has unique name, sizeof 0
    0x1113 | LF_STRUCTURE [size = 96, hash = 0x2FA86] `CFastArray<class_CCrystalTexCoord>`
             unique name: `d2348e64-6dc5-4fe4-9d25-6a3fd3f900b3`
             vtable: <no type>, base list: <no type>, field list: <no type>
             options: forward ref (-> 0x2627) | has unique name, sizeof 0
    0x1114 | LF_STRUCTURE [size = 96, hash = 0x1ECA0] `CFastArray<class_CCrystalVertex*>`
             unique name: `118ec86d-0a58-4ddc-acb6-0c7f9c637f23`
             vtable: <no type>, base list: <no type>, field list: <no type>
             options: forward ref (-> 0x2628) | has unique name, sizeof 0
    0x1115 | LF_STRUCTURE [size = 116, hash = 0xD716] `CFastArray<class_CFastBuffer<class_CGameCtnFieldUnit*>*>`
             unique name: `0e7ce718-4407-4c93-8781-ac8aa826a0d7`
             vtable: <no type>, base list: <no type>, field list: <no type>
             options: forward ref (-> 0x2629) | has unique name, sizeof 0
    0x1116 | LF_STRUCTURE [size = 112, hash = 0x14AFA] `CFastArray<class_CFastBuffer<class_CSceneMobil*>*>`
             unique name: `7e7c0889-92c2-4f56-8914-ad959ea90d97`
             vtable: <no type>, base list: <no type>, field list: <no type>
             options: forward ref (-> 0x262A) | has unique name, sizeof 0
    0x1117 | LF_STRUCTURE [size = 92, hash = 0x99A8] `CFastArray<class_CFastString>`
             unique name: `fd9785e7-4de3-4693-b96e-652b282ce40b`
             vtable: <no type>, base list: <no type>, field list: <no type>
             options: forward ref (-> 0x262B) | has unique name, sizeof 0
    0x1118 | LF_STRUCTURE [size = 92, hash = 0x1CB67] `CFastArray<class_CFastStringInt>`
             unique name: `a17ebdd8-7a31-4a4b-95d8-c436a32d96a5`
             vtable: <no type>, base list: <no type>, field list: <no type>
             options: forward ref (-> 0x262D) | has unique name, sizeof 0
    0x1119 | LF_STRUCTURE [size = 92, hash = 0x3B94] `CFastArray<class_CFuncKeySkel>`
             unique name: `41f8cd8d-e549-4b3a-bc96-89a9af30719a`
             vtable: <no type>, base list: <no type>, field list: <no type>
             options: forward ref (-> 0x262F) | has unique name, sizeof 0
    0x111A | LF_STRUCTURE [size = 92, hash = 0x1C082] `CFastArray<class_CFuncKeysPath*>`
             unique name: `8d82643a-dc29-4bdf-96be-c8265c360639`
             vtable: <no type>, base list: <no type>, field list: <no type>
             options: forward ref (-> 0x2630) | has unique name, sizeof 0
    0x111B | LF_STRUCTURE [size = 92, hash = 0xC73] `CFastArray<class_CFuncShader*>`
             unique name: `82dae543-9a77-4ef4-8f9d-75f4dd43fcdb`
             vtable: <no type>, base list: <no type>, field list: <no type>
             options: forward ref (-> 0x2631) | has unique name, sizeof 0
    0x111C | LF_STRUCTURE [size = 96, hash = 0x235E7] `CFastArray<class_CGameMenuFrame*>`
             unique name: `b2374b13-132b-4c04-9cb1-7105fe90f911`
             vtable: <no type>, base list: <no type>, field list: <no type>
             options: forward ref (-> 0x2632) | has unique name, sizeof 0
    0x111D | LF_STRUCTURE [size = 96, hash = 0x5579] `CFastArray<class_CHmsShadowGroup*>`
             unique name: `a70641d2-a57f-450a-8578-53763bf8bb60`
             vtable: <no type>, base list: <no type>, field list: <no type>
             options: forward ref (-> 0x2633) | has unique name, sizeof 0
    0x111E | LF_STRUCTURE [size = 96, hash = 0x20641] `CFastArray<class_CHmsVPackerLevel>`
             unique name: `16150ffd-55df-416f-a068-d779097f3298`
             vtable: <no type>, base list: <no type>, field list: <no type>
             options: forward ref (-> 0x2635) | has unique name, sizeof 0
    0x111F | LF_STRUCTURE [size = 92, hash = 0x36E6E] `CFastArray<class_CManoeuvre*>`
             unique name: `5c0cad7c-561f-4af3-a1f7-53650fa5fe97`
             vtable: <no type>, base list: <no type>, field list: <no type>
             options: forward ref (-> 0x2636) | has unique name, sizeof 0
    0x1120 | LF_STRUCTURE [size = 88, hash = 0x2628] `CFastArray<class_CMotion*>`
             unique name: `f23e19cc-06b4-4e42-928c-e2cac2dd728a`
             vtable: <no type>, base list: <no type>, field list: <no type>
             options: forward ref (-> 0x2637) | has unique name, sizeof 0
    0x1121 | LF_STRUCTURE [size = 88, hash = 0x31754] `CFastArray<class_CMwCmdExp*>`
             unique name: `8401e3c3-994a-4b33-b87b-a631bcf99998`
             vtable: <no type>, base list: <no type>, field list: <no type>
             options: forward ref (-> 0x2638) | has unique name, sizeof 0
    0x1122 | LF_STRUCTURE [size = 84, hash = 0x306ED] `CFastArray<class_CMwId>`
             unique name: `98f58ee1-79c7-4c3a-a570-11a77dfde8a4`
             vtable: <no type>, base list: <no type>, field list: <no type>
             options: forward ref (-> 0x263A) | has unique name, sizeof 0
    0x1123 | LF_STRUCTURE [size = 88, hash = 0x8BA0] `CFastArray<class_CMwNod*>`
             unique name: `35739a13-66ee-46d2-ab93-38c2cf1681a1`
             vtable: <no type>, base list: <no type>, field list: <no type>
             options: forward ref (-> 0x263C) | has unique name, sizeof 0
    0x1124 | LF_STRUCTURE [size = 116, hash = 0x3D25E] `CFastArray<class_CMwNodRef<class_CGameCtnChallenge>_>`
             unique name: `943f153b-7810-4fd5-9903-235f57b29f73`
             vtable: <no type>, base list: <no type>, field list: <no type>
             options: forward ref (-> 0x263E) | has unique name, sizeof 0
    0x1125 | LF_STRUCTURE [size = 108, hash = 0x10DF1] `CFastArray<class_CMwNodRef<class_CPlugBitmap>_>`
             unique name: `cf996f5b-fd44-49ee-b2c7-2a5b058ab1aa`
             vtable: <no type>, base list: <no type>, field list: <no type>
             options: forward ref (-> 0x263F) | has unique name, sizeof 0
    0x1126 | LF_STRUCTURE [size = 112, hash = 0x1072D] `CFastArray<class_CMwNodRef<class_CPlugMaterial>_>`
             unique name: `867e2f3e-a33c-4aa6-ba21-075b9d74a516`
             vtable: <no type>, base list: <no type>, field list: <no type>
             options: forward ref (-> 0x2640) | has unique name, sizeof 0
    0x1127 | LF_STRUCTURE [size = 108, hash = 0x15743] `CFastArray<class_CMwNodRef<class_CPlugShader>_>`
             unique name: `9207dd34-73a3-476c-8799-4ab0c27a1686`
             vtable: <no type>, base list: <no type>, field list: <no type>
             options: forward ref (-> 0x2641) | has unique name, sizeof 0
    0x1128 | LF_STRUCTURE [size = 116, hash = 0x12835] `CFastArray<class_CMwNodRef<class_CPlugVertexStream>_>`
             unique name: `138a7770-c140-4b93-8f89-67454bcc1881`
             vtable: <no type>, base list: <no type>, field list: <no type>
             options: forward ref (-> 0x2642) | has unique name, sizeof 0
    0x1129 | LF_STRUCTURE [size = 96, hash = 0x3039D] `CFastArray<class_CPlugBlendShape>`
             unique name: `64dea22a-4bc4-44fd-9cca-438bc281a311`
             vtable: <no type>, base list: <no type>, field list: <no type>
             options: forward ref (-> 0x2644) | has unique name, sizeof 0
    0x112A | LF_STRUCTURE [size = 100, hash = 0x68E2] `CFastArray<class_CPlugBlendShapeFrame>`
             unique name: `9261ddf2-cd15-4872-8fa8-93080e8b571d`
             vtable: <no type>, base list: <no type>, field list: <no type>
             options: forward ref (-> 0x2645) | has unique name, sizeof 0
    0x112B | LF_STRUCTURE [size = 100, hash = 0x244A1] `CFastArray<class_CPlugBlendShapeVertex>`
             unique name: `6ae226d7-4015-403e-8f19-5afd7d34b044`
             vtable: <no type>, base list: <no type>, field list: <no type>
             options: forward ref (-> 0x2646) | has unique name, sizeof 0
    0x112C | LF_STRUCTURE [size = 92, hash = 0x9D82] `CFastArray<class_CPlugFileSnd*>`
             unique name: `7ab7f714-4c11-424b-a5c9-27c8e08d1e9c`
             vtable: <no type>, base list: <no type>, field list: <no type>
             options: forward ref (-> 0x2647) | has unique name, sizeof 0
    0x112D | LF_STRUCTURE [size = 96, hash = 0x35255] `CFastArray<class_CPlugShaderPass*>`
             unique name: `528df07c-08f8-4ea3-80df-bacb03aa9e3b`
             vtable: <no type>, base list: <no type>, field list: <no type>
             options: forward ref (-> 0x2648) | has unique name, sizeof 0
    0x112E | LF_STRUCTURE [size = 104, hash = 0xC85D] `CFastArray<class_CPlugSoundEngineComponent*>`
             unique name: `b50b9bb4-6bc8-4cdb-bcf6-829c3a1f6a7e`
             vtable: <no type>, base list: <no type>, field list: <no type>
             options: forward ref (-> 0x2649) | has unique name, sizeof 0
    0x112F | LF_STRUCTURE [size = 88, hash = 0x1CD3E] `CFastArray<class_CPlugTree*>`
             unique name: `862e32a1-0f98-4ca5-b2ed-fcd8d58f813f`
             vtable: <no type>, base list: <no type>, field list: <no type>
             options: forward ref (-> 0x264A) | has unique name, sizeof 0
    0x1130 | LF_STRUCTURE [size = 96, hash = 0x11AEB] `CFastArray<class_CSceneToySeaHoule*>`
             unique name: `7cdf6532-d2b8-499a-9e91-b458cd19e033`
             vtable: <no type>, base list: <no type>, field list: <no type>
             options: forward ref (-> 0x264B) | has unique name, sizeof 0
    0x1131 | LF_STRUCTURE [size = 112, hash = 0x1B83B] `CFastArray<class_CSysFidNodRef<class_CFuncShader>_>`
             unique name: `74c48572-1bdf-4c3a-a6fe-9076f2d49ce3`
             vtable: <no type>, base list: <no type>, field list: <no type>
             options: forward ref (-> 0x264C) | has unique name, sizeof 0
    0x1132 | LF_STRUCTURE [size = 96, hash = 0xB9EB] `CFastArray<class_CSystemFidFile*>`
             unique name: `13b8a5d4-6380-4165-8fc9-a16bd67b65b0`
             vtable: <no type>, base list: <no type>, field list: <no type>
             options: forward ref (-> 0x264E) | has unique name, sizeof 0
    0x1133 | LF_STRUCTURE [size = 92, hash = 0x1259F] `CFastArray<class_CSystemFids*>`
             unique name: `3291ccd4-4fab-4fd8-90cb-64de618d47ae`
             vtable: <no type>, base list: <no type>, field list: <no type>
             options: forward ref (-> 0x264F) | has unique name, sizeof 0
    0x1134 | LF_STRUCTURE [size = 84, hash = 0x19280] `CFastArray<class_GmIso3>`
             unique name: `1480ac84-1dd0-4383-9a57-269461792312`
             vtable: <no type>, base list: <no type>, field list: <no type>
             options: forward ref (-> 0x2651) | has unique name, sizeof 0
    0x1135 | LF_STRUCTURE [size = 84, hash = 0x18C90] `CFastArray<class_GmIso4>`
             unique name: `abc09a16-194b-4dd5-ba3b-1a3a938b3288`
             vtable: <no type>, base list: <no type>, field list: <no type>
             options: forward ref (-> 0x2653) | has unique name, sizeof 0
    0x1136 | LF_STRUCTURE [size = 84, hash = 0x189E8] `CFastArray<class_GmQuat>`
             unique name: `62574934-9fad-44a6-93ca-af1041289bcf`
             vtable: <no type>, base list: <no type>, field list: <no type>
             options: forward ref (-> 0x2655) | has unique name, sizeof 0
    0x1137 | LF_STRUCTURE [size = 92, hash = 0x3DE91] `CFastArray<class_GmTransQuat>`
             unique name: `a18579bc-089d-448c-8ed4-884216820546`
             vtable: <no type>, base list: <no type>, field list: <no type>
             options: forward ref (-> 0x2657) | has unique name, sizeof 0
    0x1138 | LF_STRUCTURE [size = 84, hash = 0xBD7B] `CFastArray<class_GmVec2>`
             unique name: `f2cd9024-8d8d-4fd2-b41c-2bd9e9283e86`
             vtable: <no type>, base list: <no type>, field list: <no type>
             options: forward ref (-> 0x2658) | has unique name, sizeof 0
    0x1139 | LF_STRUCTURE [size = 84, hash = 0x2E2E0] `CFastArray<class_GmVec3>`
             unique name: `4fa9bf83-bb6d-4ab8-be93-9e3b7a86fde4`
             vtable: <no type>, base list: <no type>, field list: <no type>
             options: forward ref (-> 0x265A) | has unique name, sizeof 0
    0x113A | LF_STRUCTURE [size = 84, hash = 0x3B557] `CFastArray<class_GmVec4>`
             unique name: `6c80f212-b71e-44d9-a26c-ca126f2fc659`
             vtable: <no type>, base list: <no type>, field list: <no type>
             options: forward ref (-> 0x265C) | has unique name, sizeof 0
    0x113B | LF_STRUCTURE [size = 88, hash = 0xE12E] `CFastArray<class_GxColor>`
             unique name: `c09f095f-2b14-4b04-85e2-12279c1630ae`
             vtable: <no type>, base list: <no type>, field list: <no type>
             options: forward ref (-> 0x265E) | has unique name, sizeof 0
    0x113C | LF_STRUCTURE [size = 92, hash = 0x274D7] `CFastArray<class_GxTexCoordSet>`
             unique name: `5f3fe44d-f6ad-4299-8739-b32f8c460d26`
             vtable: <no type>, base list: <no type>, field list: <no type>
             options: forward ref (-> 0x265F) | has unique name, sizeof 0
    0x113D | LF_STRUCTURE [size = 88, hash = 0x3DDB7] `CFastArray<enum__D3DFORMAT>`
             unique name: `fac15a9f-801b-48ed-95eb-b095279b0c31`
             vtable: <no type>, base list: <no type>, field list: <no type>
             options: forward ref (-> 0x2660) | has unique name, sizeof 0
    0x113E | LF_STRUCTURE [size = 112, hash = 0x39B89] `CFastArray<enum_CTrackManiaEditorTerrain::EUpdate>`
             unique name: `01bbe012-0052-42a5-8d66-f69d89a96d8d`
             vtable: <no type>, base list: <no type>, field list: <no type>
             options: forward ref (-> 0x2661) | has unique name, sizeof 0
    0x113F | LF_STRUCTURE [size = 80, hash = 0x2A48C] `CFastArray<float*>`
             unique name: `97c06b4a-bd20-461a-8926-468dec26d487`
             vtable: <no type>, base list: <no type>, field list: <no type>
             options: forward ref (-> 0x2662) | has unique name, sizeof 0
    0x1140 | LF_STRUCTURE [size = 80, hash = 0x1152F] `CFastArray<float>`
             unique name: `fdb1331d-aef9-4879-a39f-3c4ad4130783`
             vtable: <no type>, base list: <no type>, field list: <no type>
             options: forward ref (-> 0x2664) | has unique name, sizeof 0
    0x1141 | LF_STRUCTURE [size = 108, hash = 0x38999] `CFastArray<struct_CCrystalEdge::SSplineConnect>`
             unique name: `9e8521f2-9087-4632-9bdb-007d7d7d216e`
             vtable: <no type>, base list: <no type>, field list: <no type>
             options: forward ref (-> 0x2666) | has unique name, sizeof 0
    0x1142 | LF_STRUCTURE [size = 104, hash = 0x218D6] `CFastArray<struct_CDx9DeviceCaps::SFormat>`
             unique name: `dc25b75b-400a-4016-b1df-22df1f3a432b`
             vtable: <no type>, base list: <no type>, field list: <no type>
             options: forward ref (-> 0x2667) | has unique name, sizeof 0
    0x1143 | LF_STRUCTURE [size = 108, hash = 0x3F4ED] `CFastArray<struct_CDx9ShaderKeeper::SPassDesc>`
             unique name: `3dffe512-fecb-4134-88fe-69281478a333`
             vtable: <no type>, base list: <no type>, field list: <no type>
             options: forward ref (-> 0x2668) | has unique name, sizeof 0
    0x1144 | LF_STRUCTURE [size = 108, hash = 0x6B60] `CFastArray<struct_CDx9StateBlock::SPackedDesc>`
             unique name: `cceb2b1d-99ec-40b4-9463-24b97625f59e`
             vtable: <no type>, base list: <no type>, field list: <no type>
             options: forward ref (-> 0x266A) | has unique name, sizeof 0
    0x1145 | LF_STRUCTURE [size = 108, hash = 0x27C68] `CFastArray<struct_CDx9StateBlock::SRenderState>`
             unique name: `525f4be3-7c87-4cdb-9c35-b4ef12b1d5f6`
             vtable: <no type>, base list: <no type>, field list: <no type>
             options: forward ref (-> 0x266C) | has unique name, sizeof 0
    0x1146 | LF_STRUCTURE [size = 112, hash = 0x2D3B0] `CFastArray<struct_CDx9StateBlock::STransformDesc>`
             unique name: `1a57cd96-cd17-423c-be8b-a4ef110ebebd`
             vtable: <no type>, base list: <no type>, field list: <no type>
             options: forward ref (-> 0x266E) | has unique name, sizeof 0
    0x1147 | LF_STRUCTURE [size = 112, hash = 0x2688A] `CFastArray<struct_CGameNetwork::SVoteSpecificRatio>`
             unique name: `c69f6967-c10f-41aa-9d54-968929f3ed95`
             vtable: <no type>, base list: <no type>, field list: <no type>
             options: forward ref (-> 0x2670) | has unique name, sizeof 0
    0x1148 | LF_STRUCTURE [size = 104, hash = 0x27B41] `CFastArray<struct_CGameRace::SCameraPreset>`
             unique name: `ee1f9766-d58d-45d6-bc23-4ef10b7c0b8c`
             vtable: <no type>, base list: <no type>, field list: <no type>
             options: forward ref (-> 0x2672) | has unique name, sizeof 0
    0x1149 | LF_STRUCTURE [size = 112, hash = 0x4B0C] `CFastArray<struct_CHmsItem::SHmsCollisionGroupPair>`
             unique name: `1befd998-6b36-494d-9fe2-cdd8c6286cdc`
             vtable: <no type>, base list: <no type>, field list: <no type>
             options: forward ref (-> 0x2673) | has unique name, sizeof 0
    0x114A | LF_STRUCTURE [size = 108, hash = 0x1A4D3] `CFastArray<struct_CHmsViewport::SDisplayMode>`
             unique name: `e7f6a78f-c8c8-4b69-8820-b62c6b2ed078`
             vtable: <no type>, base list: <no type>, field list: <no type>
             options: forward ref (-> 0x2674) | has unique name, sizeof 0
    0x114B | LF_STRUCTURE [size = 104, hash = 0x4475] `CFastArray<struct_CHmsWaterRegion::SCell>`
             unique name: `7b725e3c-2214-46d2-81b1-b302198059a5`
             vtable: <no type>, base list: <no type>, field list: <no type>
             options: forward ref (-> 0x2676) | has unique name, sizeof 0
    0x114C | LF_STRUCTURE [size = 120, hash = 0xD220] `CFastArray<struct_CMotionTrackMobilPitchin::SurfacePoint>`
             unique name: `1b13e171-4619-4b0b-9389-283ce66916f6`
             vtable: <no type>, base list: <no type>, field list: <no type>
             options: forward ref (-> 0x2677) | has unique name, sizeof 0
    0x114D | LF_STRUCTURE [size = 108, hash = 0x3CDB] `CFastArray<struct_CPlugBlendShapes::SRefVertex>`
             unique name: `2f4a1eee-363c-4e02-a8af-3f6392f884ae`
             vtable: <no type>, base list: <no type>, field list: <no type>
             options: forward ref (-> 0x2678) | has unique name, sizeof 0
    0x114E | LF_STRUCTURE [size = 104, hash = 0x64CC] `CFastArray<struct_CPlugFileGPU::SSampler>`
             unique name: `7c602abb-caae-4a8c-8d1c-1f9a378b3fa4`
             vtable: <no type>, base list: <no type>, field list: <no type>
             options: forward ref (-> 0x2679) | has unique name, sizeof 0
    0x114F | LF_STRUCTURE [size = 104, hash = 0x10EB8] `CFastArray<struct_CPlugFileGPU::SSemantic>`
             unique name: `0d3aed23-71a6-4f32-afde-5e29cc7eaabe`
             vtable: <no type>, base list: <no type>, field list: <no type>
             options: forward ref (-> 0x267B) | has unique name, sizeof 0
    0x1150 | LF_STRUCTURE [size = 108, hash = 0xFC40] `CFastArray<struct_CPlugFileGPU::SShaderQuality>`
             unique name: `a433bd92-14d5-4680-8630-646ab4456c20`
             vtable: <no type>, base list: <no type>, field list: <no type>
             options: forward ref (-> 0x267D) | has unique name, sizeof 0
    0x1151 | LF_STRUCTURE [size = 108, hash = 0x2739B] `CFastArray<struct_CPlugFileGPU::SSkipSampler>`
             unique name: `caacb062-918b-43b8-a67f-45e8428e3556`
             vtable: <no type>, base list: <no type>, field list: <no type>
             options: forward ref (-> 0x267E) | has unique name, sizeof 0
    0x1152 | LF_STRUCTURE [size = 104, hash = 0x1A908] `CFastArray<struct_CPlugMaterial::SDeviceMat>`
             unique name: `d87f6dbe-5155-43a6-a532-60573cf9732d`
             vtable: <no type>, base list: <no type>, field list: <no type>
             options: forward ref (-> 0x267F) | has unique name, sizeof 0
    0x1153 | LF_STRUCTURE [size = 108, hash = 0xC468] `CFastArray<struct_CPlugMaterialCustom::SBitmap>`
             unique name: `88743367-709a-456e-9fdd-dfd8a9c01083`
             vtable: <no type>, base list: <no type>, field list: <no type>
             options: forward ref (-> 0x2681) | has unique name, sizeof 0
    0x1154 | LF_STRUCTURE [size = 108, hash = 0x4FD9] `CFastArray<struct_CPlugMaterialCustom::SGpuFx>`
             unique name: `5da32215-7231-4886-bf58-c2e526802dfd`
             vtable: <no type>, base list: <no type>, field list: <no type>
             options: forward ref (-> 0x2682) | has unique name, sizeof 0
    0x1155 | LF_STRUCTURE [size = 104, hash = 0x281E6] `CFastArray<struct_CPlugShaderPass::SGpuFx>`
             unique name: `3581450d-0661-40d8-bde9-d8c4313d035e`
             vtable: <no type>, base list: <no type>, field list: <no type>
             options: forward ref (-> 0x2684) | has unique name, sizeof 0
    0x1156 | LF_STRUCTURE [size = 108, hash = 0x26716] `CFastArray<struct_CPlugVertexStream::SDataDecl>`
             unique name: `6a8b3beb-b560-481c-b5d4-f1315b333f7d`
             vtable: <no type>, base list: <no type>, field list: <no type>
             options: forward ref (-> 0x2685) | has unique name, sizeof 0
    0x1157 | LF_STRUCTURE [size = 104, hash = 0x22B1A] `CFastArray<struct_CPlugVisual::SSubVisual>`
             unique name: `8e51c4e8-55f7-49fe-84fd-78296da0e0f8`
             vtable: <no type>, base list: <no type>, field list: <no type>
             options: forward ref (-> 0x2686) | has unique name, sizeof 0
    0x1158 | LF_STRUCTURE [size = 108, hash = 0x80DF] `CFastArray<struct_CSceneMobilSnow::SSnowFlakes>`
             unique name: `837d1d1d-0bc1-4e6f-8c48-dd5ee5aa6a07`
             vtable: <no type>, base list: <no type>, field list: <no type>
             options: forward ref (-> 0x2687) | has unique name, sizeof 0
    0x1159 | LF_STRUCTURE [size = 104, hash = 0x88ED] `CFastArray<struct_CSceneToySea::SThreadInfo>`
             unique name: `036897f2-ea8d-45f2-8241-5a0901f1bbb4`
             vtable: <no type>, base list: <no type>, field list: <no type>
             options: forward ref (-> 0x2688) | has unique name, sizeof 0
    0x115A | LF_STRUCTURE [size = 104, hash = 0x39359] `CFastArray<struct_CSceneToyStem::SStemInfo>`
             unique name: `88300e32-9c44-4a6b-a914-d78353b054d3`
             vtable: <no type>, base list: <no type>, field list: <no type>
             options: forward ref (-> 0x2689) | has unique name, sizeof 0
    0x115B | LF_STRUCTURE [size = 108, hash = 0x208D6] `CFastArray<struct_CSceneToySubway::SCubeDeform>`
             unique name: `835017ea-028c-4a12-98b1-ad662145a6b3`
             vtable: <no type>, base list: <no type>, field list: <no type>
             options: forward ref (-> 0x268A) | has unique name, sizeof 0
    0x115C | LF_STRUCTURE [size = 108, hash = 0x1BFD8] `CFastArray<struct_CSceneToySubway::SLineDeform>`
             unique name: `17cbef01-2f39-4d10-a4b0-ae8cd6cbf805`
             vtable: <no type>, base list: <no type>, field list: <no type>
             options: forward ref (-> 0x268B) | has unique name, sizeof 0
    0x115D | LF_STRUCTURE [size = 108, hash = 0x32666] `CFastArray<struct_CSystemDataFolders::SBrowse>`
             unique name: `9ebcaa88-5704-4bf9-8561-0a94f238932a`
             vtable: <no type>, base list: <no type>, field list: <no type>
             options: forward ref (-> 0x268C) | has unique name, sizeof 0
    0x115E | LF_STRUCTURE [size = 116, hash = 0x1C329] `CFastArray<struct_CTrackManiaEditorInterface::SIcon*>`
             unique name: `358214c8-3ca5-4c60-8f5d-b2e80ab5471d`
             vtable: <no type>, base list: <no type>, field list: <no type>
             options: forward ref (-> 0x268D) | has unique name, sizeof 0
    0x115F | LF_STRUCTURE [size = 100, hash = 0x36214] `CFastArray<struct_GmSurfMesh::STriangle>`
             unique name: `b729e46d-ea9e-46e8-af71-88267bd91ccd`
             vtable: <no type>, base list: <no type>, field list: <no type>
             options: forward ref (-> 0x268E) | has unique name, sizeof 0
    0x1160 | LF_STRUCTURE [size = 92, hash = 0x1E141] `CFastArray<struct_SAllocInfo>`
             unique name: `3c1ceb1d-2345-48a5-85e6-d082dc4e9372`
             vtable: <no type>, base list: <no type>, field list: <no type>
             options: forward ref (-> 0x268F) | has unique name, sizeof 0
    0x1161 | LF_STRUCTURE [size = 96, hash = 0x1E533] `CFastArray<struct_SBitmapElemToPack>`
             unique name: `30009c08-fb3e-41cc-89a6-615ac9034a26`
             vtable: <no type>, base list: <no type>, field list: <no type>
             options: forward ref (-> 0x2690) | has unique name, sizeof 0
    0x1162 | LF_STRUCTURE [size = 92, hash = 0x36700] `CFastArray<struct_SCorpusData>`
             unique name: `afb432b8-f29a-4f58-9127-5097c0ea6332`
             vtable: <no type>, base list: <no type>, field list: <no type>
             options: forward ref (-> 0x2691) | has unique name, sizeof 0
    0x1163 | LF_STRUCTURE [size = 96, hash = 0x392EE] `CFastArray<struct_SCustomBitmapOld>`
             unique name: `b0578702-a5eb-4ac7-adca-81d697a4fcd1`
             vtable: <no type>, base list: <no type>, field list: <no type>
             options: forward ref (-> 0x2692) | has unique name, sizeof 0
    0x1164 | LF_STRUCTURE [size = 96, hash = 0x2BB24] `CFastArray<struct_SCustomGpuFxOld>`
             unique name: `ed544a50-5ac4-4c7d-ac0d-3658ea248c42`
             vtable: <no type>, base list: <no type>, field list: <no type>
             options: forward ref (-> 0x2693) | has unique name, sizeof 0
    0x1165 | LF_STRUCTURE [size = 112, hash = 0x2399D] `CFastArray<struct_SDeprecatedChallengeLeagueScore>`
             unique name: `e535ee74-de6b-4f7f-8673-8a69902e6525`
             vtable: <no type>, base list: <no type>, field list: <no type>
             options: forward ref (-> 0x2694) | has unique name, sizeof 0
    0x1166 | LF_STRUCTURE [size = 100, hash = 0x351A6] `CFastArray<struct_SGameCtnIdentifier>`
             unique name: `fad75f44-4d28-48e2-81b7-77e5c6b5ffb5`
             vtable: <no type>, base list: <no type>, field list: <no type>
             options: forward ref (-> 0x2696) | has unique name, sizeof 0
    0x1167 | LF_STRUCTURE [size = 108, hash = 0x393DD] `CFastArray<struct_SGameCtnRacePlayerCheckpoint>`
             unique name: `9a2aeae0-e2dd-43e5-a201-c18dcfe507b1`
             vtable: <no type>, base list: <no type>, field list: <no type>
             options: forward ref (-> 0x2697) | has unique name, sizeof 0
    0x1168 | LF_STRUCTURE [size = 96, hash = 0x10ADF] `CFastArray<struct_SMeshOctreeCell>`
             unique name: `2ef78186-c810-401e-94b2-b17573d673e2`
             vtable: <no type>, base list: <no type>, field list: <no type>
             options: forward ref (-> 0x2699) | has unique name, sizeof 0
    0x1169 | LF_STRUCTURE [size = 88, hash = 0x10014] `CFastArray<struct_SModule>`
             unique name: `300a25d2-32ec-469a-b5d7-eae10a2ead0b`
             vtable: <no type>, base list: <no type>, field list: <no type>
             options: forward ref (-> 0x269A) | has unique name, sizeof 0
    0x116A | LF_STRUCTURE [size = 88, hash = 0x8E1B] `CFastArray<struct_SNodFid>`
             unique name: `f7619904-7eb1-4d94-a665-2cfb95cc7951`
             vtable: <no type>, base list: <no type>, field list: <no type>
             options: forward ref (-> 0x269C) | has unique name, sizeof 0
    0x116B | LF_STRUCTURE [size = 92, hash = 0x2D705] `CFastArray<struct_SOldLetter2>`
             unique name: `bb56ccf0-151e-4f99-a751-f0e348373efa`
             vtable: <no type>, base list: <no type>, field list: <no type>
             options: forward ref (-> 0x269D) | has unique name, sizeof 0
    0x116C | LF_STRUCTURE [size = 92, hash = 0x11ABC] `CFastArray<struct_SOldLetter>`
             unique name: `f970cdbf-f46e-49b5-9f1a-69d29d5010cb`
             vtable: <no type>, base list: <no type>, field list: <no type>
             options: forward ref (-> 0x269E) | has unique name, sizeof 0
    0x116D | LF_STRUCTURE [size = 96, hash = 0x5FDD] `CFastArray<struct_SPlugGpuDefine>`
             unique name: `5388e4d6-0060-4b97-85c4-7aa71af3e0b2`
             vtable: <no type>, base list: <no type>, field list: <no type>
             options: forward ref (-> 0x269F) | has unique name, sizeof 0
    0x116E | LF_STRUCTURE [size = 96, hash = 0x17AFA] `CFastArray<struct_SPlugGpuLoadFx>`
             unique name: `5f7f9d59-fd94-47ed-ae19-2fb364aa2ff0`
             vtable: <no type>, base list: <no type>, field list: <no type>
             options: forward ref (-> 0x26A1) | has unique name, sizeof 0
    0x116F | LF_STRUCTURE [size = 104, hash = 0xDC01] `CFastArray<struct_SPlugGpuParamSkipSampler>`
             unique name: `0d2531a3-f673-4299-a062-be3813881983`
             vtable: <no type>, base list: <no type>, field list: <no type>
             options: forward ref (-> 0x26A3) | has unique name, sizeof 0
    0x1170 | LF_STRUCTURE [size = 104, hash = 0x20E9B] `CFastArray<struct_SStringParamInt_const*>`
             unique name: `c51a95de-f3f7-4ab6-b518-a2c9103f4314`
             vtable: <no type>, base list: <no type>, field list: <no type>
             options: forward ref (-> 0x26A4) | has unique name, sizeof 0
    0x1171 | LF_STRUCTURE [size = 92, hash = 0x2DC24] `CFastArray<struct_STangentUV>`
             unique name: `93b9a722-2a45-4130-99aa-c3c3a44ad3d1`
             vtable: <no type>, base list: <no type>, field list: <no type>
             options: forward ref (-> 0x26A6) | has unique name, sizeof 0
    0x1172 | LF_STRUCTURE [size = 92, hash = 0x24B36] `CFastArray<struct_STempBoneBox>`
             unique name: `c89ef398-d8fe-4084-97ca-d72136bdcde5`
             vtable: <no type>, base list: <no type>, field list: <no type>
             options: forward ref (-> 0x26A8) | has unique name, sizeof 0
    0x1173 | LF_STRUCTURE [size = 96, hash = 0x1DB43] `CFastArray<struct_SZoneGenealogy*>`
             unique name: `083d87f2-d4af-4919-b061-9ba556c1f0cb`
             vtable: <no type>, base list: <no type>, field list: <no type>
             options: forward ref (-> 0x26A9) | has unique name, sizeof 0
    0x1174 | LF_STRUCTURE [size = 88, hash = 0x161F6] `CFastArray<unsigned_char>`
             unique name: `ffba1f4d-a743-4c81-a024-dc29efb9b3cb`
             vtable: <no type>, base list: <no type>, field list: <no type>
             options: forward ref (-> 0x26AA) | has unique name, sizeof 0
    0x1175 | LF_STRUCTURE [size = 88, hash = 0x1BB17] `CFastArray<unsigned_short>`
             unique name: `414fd0ce-58c9-4640-b853-d65b336922c2`
             vtable: <no type>, base list: <no type>, field list: <no type>
             options: forward ref (-> 0x26AB) | has unique name, sizeof 0
    0x1176 | LF_STRUCTURE [size = 80, hash = 0x18482] `CFastBuffer<char>`
             unique name: `cc9e8b34-d05f-4718-95f4-67dc0e777b85`
             vtable: <no type>, base list: <no type>, field list: <no type>
             options: forward ref (-> 0x26AD) | has unique name, sizeof 0
    0x1177 | LF_STRUCTURE [size = 84, hash = 0x3967F] `CFastBuffer<char_const*>`
             unique name: `9c0d10b2-d20b-40e6-8823-4252b7caecb8`
             vtable: <no type>, base list: <no type>, field list: <no type>
             options: forward ref (-> 0x26AE) | has unique name, sizeof 0
    0x1178 | LF_STRUCTURE [size = 92, hash = 0x2F0E3] `CFastBuffer<class_CAudioSound*>`
             unique name: `d273cf25-dc00-4cad-9242-0927085d5222`
             vtable: <no type>, base list: <no type>, field list: <no type>
             options: forward ref (-> 0x26B0) | has unique name, sizeof 0
    0x1179 | LF_STRUCTURE [size = 100, hash = 0x359EC] `CFastBuffer<class_CBlendShapeVertexOld>`
             unique name: `00619623-41cf-4bf1-b31c-53b4515f7d93`
             vtable: <no type>, base list: <no type>, field list: <no type>
             options: forward ref (-> 0x26B1) | has unique name, sizeof 0
    0x117A | LF_STRUCTURE [size = 100, hash = 0x320C2] `CFastBuffer<class_CClassicBufferMemory*>`
             unique name: `78472627-3bd6-40ab-9ae5-119eb7cd02a8`
             vtable: <no type>, base list: <no type>, field list: <no type>
             options: forward ref (-> 0x26B2) | has unique name, sizeof 0
    0x117B | LF_STRUCTURE [size = 92, hash = 0x39461] `CFastBuffer<class_CControlBase*>`
             unique name: `aaf8df4f-4978-4e68-bb06-edeff6a28aa7`
             vtable: <no type>, base list: <no type>, field list: <no type>
             options: forward ref (-> 0x26B3) | has unique name, sizeof 0
    0x117C | LF_STRUCTURE [size = 96, hash = 0xB15] `CFastBuffer<class_CControlButton*>`
             unique name: `bc4101f3-2fb5-4ab1-8608-1927cacd1a37`
             vtable: <no type>, base list: <no type>, field list: <no type>
             options: forward ref (-> 0x26B5) | has unique name, sizeof 0
    0x117D | LF_STRUCTURE [size = 100, hash = 0x19DAE] `CFastBuffer<class_CControlContainer*>`
             unique name: `ce90be4f-7856-41b7-a705-c347e408bfab`
             vtable: <no type>, base list: <no type>, field list: <no type>
             options: forward ref (-> 0x26B7) | has unique name, sizeof 0
    0x117E | LF_STRUCTURE [size = 96, hash = 0x9E9] `CFastBuffer<class_CControlListItem*>`
             unique name: `ad757af9-1374-4f0f-a426-b2d2cf703164`
             vtable: <no type>, base list: <no type>, field list: <no type>
             options: forward ref (-> 0x26B9) | has unique name, sizeof 0
    0x117F | LF_STRUCTURE [size = 92, hash = 0x1D366] `CFastBuffer<class_CCrystalEdge*>`
             unique name: `22c407d5-b605-4ee7-b526-90a229b21774`
             vtable: <no type>, base list: <no type>, field list: <no type>
             options: forward ref (-> 0x26BB) | has unique name, sizeof 0
    0x1180 | LF_STRUCTURE [size = 92, hash = 0x49B9] `CFastBuffer<class_CCrystalFace*>`
             unique name: `2b998c48-383c-40e4-aa45-1704392bfd1c`
             vtable: <no type>, base list: <no type>, field list: <no type>
             options: forward ref (-> 0x26BD) | has unique name, sizeof 0
    0x1181 | LF_STRUCTURE [size = 100, hash = 0x3FDA8] `CFastBuffer<class_CDx9TextureKeeper*>`
             unique name: `0588faa4-3b42-445e-ba79-73fae7d66a2e`
             vtable: <no type>, base list: <no type>, field list: <no type>
             options: forward ref (-> 0x26BF) | has unique name, sizeof 0
    0x1182 | LF_STRUCTURE [size = 96, hash = 0x9E2B] `CFastBuffer<class_CFastCrypt<int>_>`
             unique name: `97ed5076-ebcc-4be6-a2e5-72ae64634425`
             vtable: <no type>, base list: <no type>, field list: <no type>
             options: forward ref (-> 0x26C0) | has unique name, sizeof 0
    0x1183 | LF_STRUCTURE [size = 108, hash = 0x2613D] `CFastBuffer<class_CFastCrypt<unsigned_long>_>`
             unique name: `22a88287-36b9-452e-ac1c-e9ee171893dc`
             vtable: <no type>, base list: <no type>, field list: <no type>
             options: forward ref (-> 0x26C1) | has unique name, sizeof 0
    0x1184 | LF_STRUCTURE [size = 92, hash = 0x13489] `CFastBuffer<class_CFastString*>`
             unique name: `2ed16b71-1fcb-4898-ae01-ce493e8d5499`
             vtable: <no type>, base list: <no type>, field list: <no type>
             options: forward ref (-> 0x26C2) | has unique name, sizeof 0
    0x1185 | LF_STRUCTURE [size = 92, hash = 0x1643C] `CFastBuffer<class_CFastString>`
             unique name: `7a879448-65c7-473a-9b17-a36e5af04cdf`
             vtable: <no type>, base list: <no type>, field list: <no type>
             options: forward ref (-> 0x26C3) | has unique name, sizeof 0
    0x1186 | LF_STRUCTURE [size = 100, hash = 0x133BA] `CFastBuffer<class_CFastStringForArray>`
             unique name: `66aae203-999d-4905-b2ac-fa6452184293`
             vtable: <no type>, base list: <no type>, field list: <no type>
             options: forward ref (-> 0x26C5) | has unique name, sizeof 0
    0x1187 | LF_STRUCTURE [size = 96, hash = 0x194B6] `CFastBuffer<class_CFastStringInt>`
             unique name: `37bcb12b-3ea6-42e8-8b60-50ac5f30e84b`
             vtable: <no type>, base list: <no type>, field list: <no type>
             options: forward ref (-> 0x26C6) | has unique name, sizeof 0
    0x1188 | LF_STRUCTURE [size = 104, hash = 0xC1B5] `CFastBuffer<class_CFastStringIntForArray>`
             unique name: `f45fa2d3-ad03-4d25-b389-48a7f864e804`
             vtable: <no type>, base list: <no type>, field list: <no type>
             options: forward ref (-> 0x26C8) | has unique name, sizeof 0
    0x1189 | LF_STRUCTURE [size = 108, hash = 0x20DA1] `CFastBuffer<class_CFuncTreeSubVisualSequence*>`
             unique name: `7a61f5ea-0e34-419f-b81b-bbba5596547d`
             vtable: <no type>, base list: <no type>, field list: <no type>
             options: forward ref (-> 0x26C9) | has unique name, sizeof 0
    0x118A | LF_STRUCTURE [size = 104, hash = 0x4F8B] `CFastBuffer<class_CGameAdvertisingElement*>`
             unique name: `0b6e7b74-05ff-4b81-b2d2-cb85acf07666`
             vtable: <no type>, base list: <no type>, field list: <no type>
             options: forward ref (-> 0x26CB) | has unique name, sizeof 0
    0x118B | LF_STRUCTURE [size = 92, hash = 0x2DB9] `CFastBuffer<class_CGameBuddy*>`
             unique name: `174afcdb-6625-4191-b7a0-ffcbc4b4fec8`
             vtable: <no type>, base list: <no type>, field list: <no type>
             options: forward ref (-> 0x26CD) | has unique name, sizeof 0
    0x118C | LF_STRUCTURE [size = 100, hash = 0x106A3] `CFastBuffer<class_CGameControlDataType*>`
             unique name: `e827af34-a4d1-403f-bbdc-90669f879314`
             vtable: <no type>, base list: <no type>, field list: <no type>
             options: forward ref (-> 0x26CE) | has unique name, sizeof 0
    0x118D | LF_STRUCTURE [size = 96, hash = 0xEFF7] `CFastBuffer<class_CGameCtnArticle*>`
             unique name: `8a77bdd9-648c-49e3-a53c-a555196ab8ed`
             vtable: <no type>, base list: <no type>, field list: <no type>
             options: forward ref (-> 0x26D0) | has unique name, sizeof 0
    0x118E | LF_STRUCTURE [size = 96, hash = 0x12E9C] `CFastBuffer<class_CGameCtnBlock*>`
             unique name: `5308fcbd-d705-40e2-ab2d-a741ef739ea8`
             vtable: <no type>, base list: <no type>, field list: <no type>
             options: forward ref (-> 0x26D1) | has unique name, sizeof 0
    0x118F | LF_STRUCTURE [size = 96, hash = 0x36453] `CFastBuffer<class_CGameCtnCampaign*>`
             unique name: `83bd2105-276e-49e0-a5d2-7c52f515f354`
             vtable: <no type>, base list: <no type>, field list: <no type>
             options: forward ref (-> 0x26D2) | has unique name, sizeof 0
    0x1190 | LF_STRUCTURE [size = 104, hash = 0xB97D] `CFastBuffer<class_CGameCtnChallengeGroup*>`
             unique name: `8f1c87ea-fae2-4769-b868-d267397e3d8f`
             vtable: <no type>, base list: <no type>, field list: <no type>
             options: forward ref (-> 0x26D4) | has unique name, sizeof 0
    0x1191 | LF_STRUCTURE [size = 104, hash = 0x2A06C] `CFastBuffer<class_CGameCtnChallengeInfo*>`
             unique name: `e71c93d0-534c-4ae0-bd12-833a6108ff0a`
             vtable: <no type>, base list: <no type>, field list: <no type>
             options: forward ref (-> 0x26D5) | has unique name, sizeof 0
    0x1192 | LF_STRUCTURE [size = 96, hash = 0x1FE4E] `CFastBuffer<class_CGameCtnGhost*>`
             unique name: `447173b1-173f-46c0-80d9-efbe552a2273`
             vtable: <no type>, base list: <no type>, field list: <no type>
             options: forward ref (-> 0x26D7) | has unique name, sizeof 0
    0x1193 | LF_STRUCTURE [size = 100, hash = 0x384B6] `CFastBuffer<class_CGameCtnMediaBlock*>`
             unique name: `2c8a2640-f5dd-4635-ad1f-6dff9e4ca8ff`
             vtable: <no type>, base list: <no type>, field list: <no type>
             options: forward ref (-> 0x26D9) | has unique name, sizeof 0
    0x1194 | LF_STRUCTURE [size = 116, hash = 0x4519] `CFastBuffer<class_CGameCtnPainter::CConstructionImage>`
             unique name: `81a92330-41df-4cac-89b5-27f938becef2`
             vtable: <no type>, base list: <no type>, field list: <no type>
             options: forward ref (-> 0x26DB) | has unique name, sizeof 0
    0x1195 | LF_STRUCTURE [size = 104, hash = 0x330ED] `CFastBuffer<class_CGameCtnReplayRecordInfo*>`
             unique name: `bb52690a-a5b8-4a44-982a-bffe31ece92b`
             vtable: <no type>, base list: <no type>, field list: <no type>
             options: forward ref (-> 0x26DD) | has unique name, sizeof 0
    0x1196 | LF_STRUCTURE [size = 88, hash = 0x3FBBC] `CFastBuffer<class_CGameFid*>`
             unique name: `82cdddcd-d929-4fc2-bac1-bc38057ed54b`
             vtable: <no type>, base list: <no type>, field list: <no type>
             options: forward ref (-> 0x26DF) | has unique name, sizeof 0
    0x1197 | LF_STRUCTURE [size = 100, hash = 0x299A4] `CFastBuffer<class_CGameLadderRanking*>`
             unique name: `f4d3142e-9a68-41b1-a618-88986b8d71f9`
             vtable: <no type>, base list: <no type>, field list: <no type>
             options: forward ref (-> 0x26E1) | has unique name, sizeof 0
    0x1198 | LF_STRUCTURE [size = 92, hash = 0x5881] `CFastBuffer<class_CGameLeague*>`
             unique name: `b5dbb507-c377-4e81-b49c-6ac020b57982`
             vtable: <no type>, base list: <no type>, field list: <no type>
             options: forward ref (-> 0x26E3) | has unique name, sizeof 0
    0x1199 | LF_STRUCTURE [size = 92, hash = 0x25DFB] `CFastBuffer<class_CGameMenu*>`
             unique name: `621855f3-8274-4bb4-bdc5-7425c33f722c`
             vtable: <no type>, base list: <no type>, field list: <no type>
             options: forward ref (-> 0x26E5) | has unique name, sizeof 0
    0x119A | LF_STRUCTURE [size = 108, hash = 0xE9FA] `CFastBuffer<class_CGameMultiLocalProfileHeader*>`
             unique name: `51f78467-d8ea-41fe-9370-24bceba6baab`
             vtable: <no type>, base list: <no type>, field list: <no type>
             options: forward ref (-> 0x26E7) | has unique name, sizeof 0
    0x119B | LF_STRUCTURE [size = 100, hash = 0x2BEF2] `CFastBuffer<class_CGameNetPlayerInfo*>`
             unique name: `c89cd4e0-928b-49a4-a6f1-58f36b8c7da2`
             vtable: <no type>, base list: <no type>, field list: <no type>
             options: forward ref (-> 0x26E8) | has unique name, sizeof 0
    0x119C | LF_STRUCTURE [size = 96, hash = 0x2D867] `CFastBuffer<class_CGamePlayerInfo*>`
             unique name: `32d16caa-7ca9-4148-9ecb-48dd009d4d1d`
             vtable: <no type>, base list: <no type>, field list: <no type>
             options: forward ref (-> 0x26EA) | has unique name, sizeof 0
    0x119D | LF_STRUCTURE [size = 100, hash = 0x35C60] `CFastBuffer<class_CGamePlayerProfile*>`
             unique name: `4be405c0-3be4-4b9e-aed4-e3a6e13ee161`
             vtable: <no type>, base list: <no type>, field list: <no type>
             options: forward ref (-> 0x26EC) | has unique name, sizeof 0
    0x119E | LF_STRUCTURE [size = 96, hash = 0x15782] `CFastBuffer<class_CGamePlayerScore*>`
             unique name: `cafc09f6-f3e1-4173-afa8-40b3363effd9`
             vtable: <no type>, base list: <no type>, field list: <no type>
             options: forward ref (-> 0x26EE) | has unique name, sizeof 0
    0x119F | LF_STRUCTURE [size = 96, hash = 0x3FB72] `CFastBuffer<class_CHmsCorpusLight*>`
             unique name: `6b0526e0-0265-4815-bc7e-ab834e47ff76`
             vtable: <no type>, base list: <no type>, field list: <no type>
             options: forward ref (-> 0x26F0) | has unique name, sizeof 0
    0x11A0 | LF_STRUCTURE [size = 96, hash = 0x32222] `CFastBuffer<class_CHmsZoneOverlay*>`
             unique name: `7f90de47-5a81-442e-b957-eec2519d64d8`
             vtable: <no type>, base list: <no type>, field list: <no type>
             options: forward ref (-> 0x26F2) | has unique name, sizeof 0
    0x11A1 | LF_STRUCTURE [size = 96, hash = 0x35B31] `CFastBuffer<class_CMotionPlayer*>`
             unique name: `b6b0b6ee-4ae8-4ff4-81e9-be080883dc3b`
             vtable: <no type>, base list: <no type>, field list: <no type>
             options: forward ref (-> 0x26F4) | has unique name, sizeof 0
    0x11A2 | LF_STRUCTURE [size = 112, hash = 0x2E6E1] `CFastBuffer<class_CMotionSkelBlender::CBlendedSolid>`
             unique name: `d1f2c4b5-8223-4fca-a4c0-6bcafe845138`
             vtable: <no type>, base list: <no type>, field list: <no type>
             options: forward ref (-> 0x26F5) | has unique name, sizeof 0
    0x11A3 | LF_STRUCTURE [size = 100, hash = 0x1BB4A] `CFastBuffer<class_CMwClassInfo_const*>`
             unique name: `a0215cb6-4825-42f5-9c0d-0b1ee3070b92`
             vtable: <no type>, base list: <no type>, field list: <no type>
             options: forward ref (-> 0x26F6) | has unique name, sizeof 0
    0x11A4 | LF_STRUCTURE [size = 84, hash = 0x31FDA] `CFastBuffer<class_CMwId>`
             unique name: `6dfe2239-60e8-4fd4-8f56-2955d657d695`
             vtable: <no type>, base list: <no type>, field list: <no type>
             options: forward ref (-> 0x26F8) | has unique name, sizeof 0
    0x11A5 | LF_STRUCTURE [size = 88, hash = 0x84B0] `CFastBuffer<class_CMwNod*>`
             unique name: `691f62a0-a875-4647-b158-f03f6336cb80`
             vtable: <no type>, base list: <no type>, field list: <no type>
             options: forward ref (-> 0x26FA) | has unique name, sizeof 0
    0x11A6 | LF_STRUCTURE [size = 108, hash = 0x1D517] `CFastBuffer<class_CMwNodRef<class_CBoatSail>_>`
             unique name: `d69551c4-6e2e-4c31-8986-18fabfb62974`
             vtable: <no type>, base list: <no type>, field list: <no type>
             options: forward ref (-> 0x26FC) | has unique name, sizeof 0
    0x11A7 | LF_STRUCTURE [size = 112, hash = 0x22C57] `CFastBuffer<class_CMwNodRef<class_CBoatSailState>_>`
             unique name: `12c72163-fa8b-4c6b-9a64-a5e44bfa393e`
             vtable: <no type>, base list: <no type>, field list: <no type>
             options: forward ref (-> 0x26FD) | has unique name, sizeof 0
    0x11A8 | LF_STRUCTURE [size = 120, hash = 0xCB2] `CFastBuffer<class_CMwNodRef<class_CBoatTeamMateActionDesc>_>`
             unique name: `03ad6f0a-246a-4d04-9fa3-795f8f20a35c`
             vtable: <no type>, base list: <no type>, field list: <no type>
             options: forward ref (-> 0x26FE) | has unique name, sizeof 0
    0x11A9 | LF_STRUCTURE [size = 112, hash = 0x6DB5] `CFastBuffer<class_CMwNodRef<class_CControlBase>_>`
             unique name: `be45a66c-08b8-4405-b6bf-844595e0f76c`
             vtable: <no type>, base list: <no type>, field list: <no type>
             options: forward ref (-> 0x26FF) | has unique name, sizeof 0
    0x11AA | LF_STRUCTURE [size = 116, hash = 0x3E7D2] `CFastBuffer<class_CMwNodRef<class_CControlListItem>_>`
             unique name: `3abe6d30-e25f-43e6-abdb-7f4fc376c315`
             vtable: <no type>, base list: <no type>, field list: <no type>
             options: forward ref (-> 0x2700) | has unique name, sizeof 0
    0x11AB | LF_STRUCTURE [size = 112, hash = 0x35497] `CFastBuffer<class_CMwNodRef<class_CFuncCurvesReal>_>`
             unique name: `00a4ee7d-0050-4ba3-a013-04826f1ff007`
             vtable: <no type>, base list: <no type>, field list: <no type>
             options: forward ref (-> 0x2701) | has unique name, sizeof 0
    0x11AC | LF_STRUCTURE [size = 108, hash = 0x30602] `CFastBuffer<class_CMwNodRef<class_CFuncTree>_>`
             unique name: `0c7d4250-5125-406d-be17-1c962f5bb216`
             vtable: <no type>, base list: <no type>, field list: <no type>
             options: forward ref (-> 0x2702) | has unique name, sizeof 0
    0x11AD | LF_STRUCTURE [size = 116, hash = 0x229A9] `CFastBuffer<class_CMwNodRef<class_CGameCalendarEvent>_>`
             unique name: `70955c89-8b41-4dc4-b1de-33a348de9d33`
             vtable: <no type>, base list: <no type>, field list: <no type>
             options: forward ref (-> 0x2703) | has unique name, sizeof 0
    0x11AE | LF_STRUCTURE [size = 124, hash = 0x2B3FC] `CFastBuffer<class_CMwNodRef<class_CGameCampaignPlayerScores>_>`
             unique name: `1230a7f8-2a99-445a-8b9e-3f178539e1d3`
             vtable: <no type>, base list: <no type>, field list: <no type>
             options: forward ref (-> 0x2704) | has unique name, sizeof 0
    0x11AF | LF_STRUCTURE [size = 116, hash = 0x7D76] `CFastBuffer<class_CMwNodRef<class_CGameCampaignScores>_>`
             unique name: `a6417d0e-64e7-4c94-a159-ae0f0817231d`
             vtable: <no type>, base list: <no type>, field list: <no type>
             options: forward ref (-> 0x2705) | has unique name, sizeof 0
    0x11B0 | LF_STRUCTURE [size = 120, hash = 0x3B75B] `CFastBuffer<class_CMwNodRef<class_CGameChallengeScores>_>`
             unique name: `8482327f-231a-4cda-a28e-a71b538b09e1`
             vtable: <no type>, base list: <no type>, field list: <no type>
             options: forward ref (-> 0x2706) | has unique name, sizeof 0
    0x11B1 | LF_STRUCTURE [size = 116, hash = 0xB073] `CFastBuffer<class_CMwNodRef<class_CGameControlCamera>_>`
             unique name: `602fbc14-dc0b-49ac-aff8-9217d72731b2`
             vtable: <no type>, base list: <no type>, field list: <no type>
             options: forward ref (-> 0x2707) | has unique name, sizeof 0
    0x11B2 | LF_STRUCTURE [size = 124, hash = 0x850E] `CFastBuffer<class_CMwNodRef<class_CGameControlCameraEffect>_>`
             unique name: `f3a0e225-9cb7-48d8-9728-5f7128f9e7ba`
             vtable: <no type>, base list: <no type>, field list: <no type>
             options: forward ref (-> 0x2708) | has unique name, sizeof 0
    0x11B3 | LF_STRUCTURE [size = 120, hash = 0x3C0D0] `CFastBuffer<class_CMwNodRef<class_CGameControlDataType>_>`
             unique name: `e5f6ac88-5967-4780-b9b7-caa22cd58db7`
             vtable: <no type>, base list: <no type>, field list: <no type>
             options: forward ref (-> 0x2709) | has unique name, sizeof 0
    0x11B4 | LF_STRUCTURE [size = 132, hash = 0x1C8BE] `CFastBuffer<class_CMwNodRef<class_CGameControlGridCtnChallengeGroup>_>`
             unique name: `1f4d89c5-de51-4b86-b90d-40140f055b65`
             vtable: <no type>, base list: <no type>, field list: <no type>
             options: forward ref (-> 0x270A) | has unique name, sizeof 0
    0x11B5 | LF_STRUCTURE [size = 116, hash = 0x14ECE] `CFastBuffer<class_CMwNodRef<class_CGameCtnCampaign>_>`
             unique name: `d61b0a5f-f944-4fc4-9e03-49973901b239`
             vtable: <no type>, base list: <no type>, field list: <no type>
             options: forward ref (-> 0x270B) | has unique name, sizeof 0
    0x11B6 | LF_STRUCTURE [size = 124, hash = 0x365C7] `CFastBuffer<class_CMwNodRef<class_CGameCtnCollectorVehicle>_>`
             unique name: `f3ed979b-d4f9-461e-9375-ee94dbb5fa09`
             vtable: <no type>, base list: <no type>, field list: <no type>
             options: forward ref (-> 0x270C) | has unique name, sizeof 0
    0x11B7 | LF_STRUCTURE [size = 132, hash = 0x1976A] `CFastBuffer<class_CMwNodRef<class_CGameCtnDecorationTerrainModifier>_>`
             unique name: `f49f8214-9b2d-4697-a355-5ca5e5b701e7`
             vtable: <no type>, base list: <no type>, field list: <no type>
             options: forward ref (-> 0x270D) | has unique name, sizeof 0
    0x11B8 | LF_STRUCTURE [size = 112, hash = 0x3138D] `CFastBuffer<class_CMwNodRef<class_CGameCtnGhost>_>`
             unique name: `1dbe002b-b168-451a-8309-a1411127e7f3`
             vtable: <no type>, base list: <no type>, field list: <no type>
             options: forward ref (-> 0x270E) | has unique name, sizeof 0
    0x11B9 | LF_STRUCTURE [size = 116, hash = 0x3971A] `CFastBuffer<class_CMwNodRef<class_CGameCtnGhostInfo>_>`
             unique name: `ca5dc34a-4398-4f03-a70c-01241675d8d5`
             vtable: <no type>, base list: <no type>, field list: <no type>
             options: forward ref (-> 0x270F) | has unique name, sizeof 0
    0x11BA | LF_STRUCTURE [size = 116, hash = 0x93E2] `CFastBuffer<class_CMwNodRef<class_CGameCtnMediaBlock>_>`
             unique name: `83e72652-2fc7-4751-a5e2-6848a34775ff`
             vtable: <no type>, base list: <no type>, field list: <no type>
             options: forward ref (-> 0x2710) | has unique name, sizeof 0
    0x11BB | LF_STRUCTURE [size = 116, hash = 0x2B7C3] `CFastBuffer<class_CMwNodRef<class_CGameCtnMediaClip>_>`
             unique name: `e67e42de-108c-4037-a624-27c7ed109f87`
             vtable: <no type>, base list: <no type>, field list: <no type>
             options: forward ref (-> 0x2711) | has unique name, sizeof 0
    0x11BC | LF_STRUCTURE [size = 116, hash = 0x32E7B] `CFastBuffer<class_CMwNodRef<class_CGameCtnMediaTrack>_>`
             unique name: `5db6a455-4ce3-49ac-91e0-eab7c8791203`
             vtable: <no type>, base list: <no type>, field list: <no type>
             options: forward ref (-> 0x2712) | has unique name, sizeof 0
    0x11BD | LF_STRUCTURE [size = 112, hash = 0x2DA9E] `CFastBuffer<class_CMwNodRef<class_CGameHighScore>_>`
             unique name: `c4cb1ad2-5b7d-41d4-85a2-0ca61728faeb`
             vtable: <no type>, base list: <no type>, field list: <no type>
             options: forward ref (-> 0x2714) | has unique name, sizeof 0
    0x11BE | LF_STRUCTURE [size = 108, hash = 0xAAA8] `CFastBuffer<class_CMwNodRef<class_CGameLeague>_>`
             unique name: `549b63ac-2e68-4c64-9a3d-3b828590858c`
             vtable: <no type>, base list: <no type>, field list: <no type>
             options: forward ref (-> 0x2715) | has unique name, sizeof 0
    0x11BF | LF_STRUCTURE [size = 116, hash = 0x30CEB] `CFastBuffer<class_CMwNodRef<class_CGameManialinkEntry>_>`
             unique name: `d3899b2b-6029-4a03-ae23-8072e0456dac`
             vtable: <no type>, base list: <no type>, field list: <no type>
             options: forward ref (-> 0x2716) | has unique name, sizeof 0
    0x11C0 | LF_STRUCTURE [size = 108, hash = 0x2D9A9] `CFastBuffer<class_CMwNodRef<class_CGameMobil>_>`
             unique name: `451886fc-0a03-47e2-b65d-e38b4c738d78`
             vtable: <no type>, base list: <no type>, field list: <no type>
             options: forward ref (-> 0x2717) | has unique name, sizeof 0
    0x11C1 | LF_STRUCTURE [size = 120, hash = 0x362B9] `CFastBuffer<class_CMwNodRef<class_CGameNetManialinkPage>_>`
             unique name: `5a876ee0-024d-4981-8e2c-8f58b3188b16`
             vtable: <no type>, base list: <no type>, field list: <no type>
             options: forward ref (-> 0x2718) | has unique name, sizeof 0
    0x11C2 | LF_STRUCTURE [size = 120, hash = 0x3D97F] `CFastBuffer<class_CMwNodRef<class_CGameNetOnlineMessage>_>`
             unique name: `945b6c63-3620-42bc-ba67-77c4a085419d`
             vtable: <no type>, base list: <no type>, field list: <no type>
             options: forward ref (-> 0x2719) | has unique name, sizeof 0
    0x11C3 | LF_STRUCTURE [size = 116, hash = 0x19F51] `CFastBuffer<class_CMwNodRef<class_CGameNetTeamInfo>_>`
             unique name: `723722df-09df-4416-b6d0-ff6c9bad7892`
             vtable: <no type>, base list: <no type>, field list: <no type>
             options: forward ref (-> 0x271B) | has unique name, sizeof 0
    0x11C4 | LF_STRUCTURE [size = 116, hash = 0x9199] `CFastBuffer<class_CMwNodRef<class_CGamePlayerTagData>_>`
             unique name: `1ef32582-5a89-41f8-9eba-9d1f9c03cacb`
             vtable: <no type>, base list: <no type>, field list: <no type>
             options: forward ref (-> 0x271C) | has unique name, sizeof 0
    0x11C5 | LF_STRUCTURE [size = 124, hash = 0x34DBB] `CFastBuffer<class_CMwNodRef<class_CGameRemoteBufferDataInfo>_>`
             unique name: `e2031f13-15b5-4f9c-aeea-10ddf0c7a280`
             vtable: <no type>, base list: <no type>, field list: <no type>
             options: forward ref (-> 0x271D) | has unique name, sizeof 0
    0x11C6 | LF_STRUCTURE [size = 120, hash = 0x2EDCA] `CFastBuffer<class_CMwNodRef<class_CGameRemoteBufferPool>_>`
             unique name: `d28a2b88-41ce-4030-912e-74a85738fb05`
             vtable: <no type>, base list: <no type>, field list: <no type>
             options: forward ref (-> 0x271E) | has unique name, sizeof 0
    0x11C7 | LF_STRUCTURE [size = 112, hash = 0x120B8] `CFastBuffer<class_CMwNodRef<class_CGameTournament>_>`
             unique name: `ede77f16-9e61-4b98-898a-fe651aac2e4f`
             vtable: <no type>, base list: <no type>, field list: <no type>
             options: forward ref (-> 0x271F) | has unique name, sizeof 0
    0x11C8 | LF_STRUCTURE [size = 112, hash = 0xECD8] `CFastBuffer<class_CMwNodRef<class_CMotionManager>_>`
             unique name: `7c753a2b-a731-4231-94db-5c191b6d6071`
             vtable: <no type>, base list: <no type>, field list: <no type>
             options: forward ref (-> 0x2720) | has unique name, sizeof 0
    0x11C9 | LF_STRUCTURE [size = 104, hash = 0x2DC35] `CFastBuffer<class_CMwNodRef<class_CMwNod>_>`
             unique name: `a7641324-fd4c-4fa5-b0de-e4a6109713fe`
             vtable: <no type>, base list: <no type>, field list: <no type>
             options: forward ref (-> 0x2721) | has unique name, sizeof 0
    0x11CA | LF_STRUCTURE [size = 120, hash = 0x1E6A7] `CFastBuffer<class_CMwNodRef<class_CNetMasterServerRequest>_>`
             unique name: `3b7d80c8-1ddf-4b27-b786-5a95f1d19334`
             vtable: <no type>, base list: <no type>, field list: <no type>
             options: forward ref (-> 0x2722) | has unique name, sizeof 0
    0x11CB | LF_STRUCTURE [size = 108, hash = 0x1BA7] `CFastBuffer<class_CMwNodRef<class_CPlugBitmap>_>`
             unique name: `e7047ffb-d98e-4305-bc8c-70766ce260d4`
             vtable: <no type>, base list: <no type>, field list: <no type>
             options: forward ref (-> 0x2723) | has unique name, sizeof 0
    0x11CC | LF_STRUCTURE [size = 116, hash = 0x5230] `CFastBuffer<class_CMwNodRef<class_CPlugDecoratorTree>_>`
             unique name: `599ade9e-75fd-4295-9a9d-98a7a18d649c`
             vtable: <no type>, base list: <no type>, field list: <no type>
             options: forward ref (-> 0x2724) | has unique name, sizeof 0
    0x11CD | LF_STRUCTURE [size = 112, hash = 0x282F3] `CFastBuffer<class_CMwNodRef<class_CPlugMaterial>_>`
             unique name: `3110714b-4c6f-4468-9042-72bd5640b889`
             vtable: <no type>, base list: <no type>, field list: <no type>
             options: forward ref (-> 0x2725) | has unique name, sizeof 0
    0x11CE | LF_STRUCTURE [size = 116, hash = 0x2CAF8] `CFastBuffer<class_CMwNodRef<class_CPlugModelLodMesh>_>`
             unique name: `2663eba7-4ce6-44de-87d4-afe6fc5ba280`
             vtable: <no type>, base list: <no type>, field list: <no type>
             options: forward ref (-> 0x2727) | has unique name, sizeof 0
    0x11CF | LF_STRUCTURE [size = 112, hash = 0x13492] `CFastBuffer<class_CMwNodRef<class_CPlugModelMesh>_>`
             unique name: `7834c891-5e79-4cc1-aba8-47918325373b`
             vtable: <no type>, base list: <no type>, field list: <no type>
             options: forward ref (-> 0x2728) | has unique name, sizeof 0
    0x11D0 | LF_STRUCTURE [size = 112, hash = 0x37C3B] `CFastBuffer<class_CMwNodRef<class_CPlugModelTree>_>`
             unique name: `cfbf620b-cee4-490d-9fac-d6f9dd0d577e`
             vtable: <no type>, base list: <no type>, field list: <no type>
             options: forward ref (-> 0x2729) | has unique name, sizeof 0
    0x11D1 | LF_STRUCTURE [size = 116, hash = 0x36940] `CFastBuffer<class_CMwNodRef<class_CPlugShaderApply>_>`
             unique name: `7862c448-3982-434b-a28c-d1c293925c07`
             vtable: <no type>, base list: <no type>, field list: <no type>
             options: forward ref (-> 0x272A) | has unique name, sizeof 0
    0x11D2 | LF_STRUCTURE [size = 108, hash = 0x5C57] `CFastBuffer<class_CMwNodRef<class_CPlugSolid>_>`
             unique name: `21e31bee-4e5a-477f-b13a-fd4fc33a444a`
             vtable: <no type>, base list: <no type>, field list: <no type>
             options: forward ref (-> 0x272B) | has unique name, sizeof 0
    0x11D3 | LF_STRUCTURE [size = 112, hash = 0x12EE2] `CFastBuffer<class_CMwNodRef<class_CPlugSurface>_>`
             unique name: `a180d082-75f3-45e6-9b46-8fece362893b`
             vtable: <no type>, base list: <no type>, field list: <no type>
             options: forward ref (-> 0x272C) | has unique name, sizeof 0
    0x11D4 | LF_STRUCTURE [size = 108, hash = 0x21F6F] `CFastBuffer<class_CMwNodRef<class_CSceneField>_>`
             unique name: `474524a8-dd8d-452c-bdfc-127ab22d7870`
             vtable: <no type>, base list: <no type>, field list: <no type>
             options: forward ref (-> 0x272D) | has unique name, sizeof 0
    0x11D5 | LF_STRUCTURE [size = 108, hash = 0x124A3] `CFastBuffer<class_CMwNodRef<class_CSceneFx>_>`
             unique name: `de08f7c0-b08f-4a26-ac72-7c1c1f725545`
             vtable: <no type>, base list: <no type>, field list: <no type>
             options: forward ref (-> 0x272E) | has unique name, sizeof 0
    0x11D6 | LF_STRUCTURE [size = 116, hash = 0x780A] `CFastBuffer<class_CMwNodRef<class_CSceneFxBloomData>_>`
             unique name: `36056252-6ccc-4cd7-bbb9-b90ff7d191d2`
             vtable: <no type>, base list: <no type>, field list: <no type>
             options: forward ref (-> 0x272F) | has unique name, sizeof 0
    0x11D7 | LF_STRUCTURE [size = 108, hash = 0x1663F] `CFastBuffer<class_CMwNodRef<class_CSceneFxNod>_>`
             unique name: `69da9137-36db-441d-8a5d-58c45e06c5bc`
             vtable: <no type>, base list: <no type>, field list: <no type>
             options: forward ref (-> 0x2730) | has unique name, sizeof 0
    0x11D8 | LF_STRUCTURE [size = 108, hash = 0x30F98] `CFastBuffer<class_CMwNodRef<class_CSceneGate>_>`
             unique name: `bb51df8e-df24-4754-851e-203f7bae3e26`
             vtable: <no type>, base list: <no type>, field list: <no type>
             options: forward ref (-> 0x2731) | has unique name, sizeof 0
    0x11D9 | LF_STRUCTURE [size = 108, hash = 0x160DC] `CFastBuffer<class_CMwNodRef<class_CSceneMobil>_>`
             unique name: `0ecdf1d7-7ca9-4002-a671-a82972cb0dc0`
             vtable: <no type>, base list: <no type>, field list: <no type>
             options: forward ref (-> 0x2732) | has unique name, sizeof 0
    0x11DA | LF_STRUCTURE [size = 108, hash = 0x10621] `CFastBuffer<class_CMwNodRef<class_CSceneMood>_>`
             unique name: `802ab27e-0806-49c5-903f-dc077b87f7bf`
             vtable: <no type>, base list: <no type>, field list: <no type>
             options: forward ref (-> 0x2733) | has unique name, sizeof 0
    0x11DB | LF_STRUCTURE [size = 112, hash = 0x37C19] `CFastBuffer<class_CMwNodRef<class_CSceneObject>_>`
             unique name: `f3d7518a-cc6b-4f9e-ab52-466c3cc7f187`
             vtable: <no type>, base list: <no type>, field list: <no type>
             options: forward ref (-> 0x2734) | has unique name, sizeof 0
    0x11DC | LF_STRUCTURE [size = 116, hash = 0x33269] `CFastBuffer<class_CMwNodRef<class_CSceneObjectLink>_>`
             unique name: `723d1be3-f09b-432f-bd59-889743537a68`
             vtable: <no type>, base list: <no type>, field list: <no type>
             options: forward ref (-> 0x2735) | has unique name, sizeof 0
    0x11DD | LF_STRUCTURE [size = 108, hash = 0x2D9A3] `CFastBuffer<class_CMwNodRef<class_CScenePath>_>`
             unique name: `5fb6c88f-e1bd-415a-bbe6-302766264ee3`
             vtable: <no type>, base list: <no type>, field list: <no type>
             options: forward ref (-> 0x2736) | has unique name, sizeof 0
    0x11DE | LF_STRUCTURE [size = 112, hash = 0x3A6A6] `CFastBuffer<class_CMwNodRef<class_CSceneSector>_>`
             unique name: `2ed7bf70-e60f-4f51-9c4a-acbe0d92f28d`
             vtable: <no type>, base list: <no type>, field list: <no type>
             options: forward ref (-> 0x2737) | has unique name, sizeof 0
    0x11DF | LF_STRUCTURE [size = 116, hash = 0xE16A] `CFastBuffer<class_CMwNodRef<class_CSceneSoundSource>_>`
             unique name: `ea72f0ff-034f-4c76-a168-40b1ba1e1fdd`
             vtable: <no type>, base list: <no type>, field list: <no type>
             options: forward ref (-> 0x2738) | has unique name, sizeof 0
    0x11E0 | LF_STRUCTURE [size = 124, hash = 0xA689] `CFastBuffer<class_CMwNodRef<class_CSceneToyCharacterTuning>_>`
             unique name: `5b120420-4065-45d7-a71e-05d619c4d67c`
             vtable: <no type>, base list: <no type>, field list: <no type>
             options: forward ref (-> 0x2739) | has unique name, sizeof 0
    0x11E1 | LF_STRUCTURE [size = 112, hash = 0x64DA] `CFastBuffer<class_CMwNodRef<class_CSceneToyStem>_>`
             unique name: `1d96a2de-6ec1-4525-9434-02ffb13860eb`
             vtable: <no type>, base list: <no type>, field list: <no type>
             options: forward ref (-> 0x273A) | has unique name, sizeof 0
    0x11E2 | LF_STRUCTURE [size = 120, hash = 0x3AD02] `CFastBuffer<class_CMwNodRef<class_CSceneVehicleEmitter>_>`
             unique name: `2a8b6912-7f10-454c-b901-314e99654b17`
             vtable: <no type>, base list: <no type>, field list: <no type>
             options: forward ref (-> 0x273B) | has unique name, sizeof 0
    0x11E3 | LF_STRUCTURE [size = 124, hash = 0x3B7CB] `CFastBuffer<class_CMwNodRef<class_CSceneVehicleMaterialGroup>_>`
             unique name: `cdd7c652-1155-4332-8bb6-19f57917ef3a`
             vtable: <no type>, base list: <no type>, field list: <no type>
             options: forward ref (-> 0x273C) | has unique name, sizeof 0
    0x11E4 | LF_STRUCTURE [size = 116, hash = 0x2CF81] `CFastBuffer<class_CMwNodRef<class_CSceneVehicleTuning>_>`
             unique name: `4985a20a-4405-46fa-a911-af2ddd66463b`
             vtable: <no type>, base list: <no type>, field list: <no type>
             options: forward ref (-> 0x273D) | has unique name, sizeof 0
    0x11E5 | LF_STRUCTURE [size = 104, hash = 0x2E4FF] `CFastBuffer<class_CNetFileTransferDownload*>`
             unique name: `c86e0fac-4d25-4170-8d55-1ccdb0887f49`
             vtable: <no type>, base list: <no type>, field list: <no type>
             options: forward ref (-> 0x273E) | has unique name, sizeof 0
    0x11E6 | LF_STRUCTURE [size = 136, hash = 0x3D561] `CFastBuffer<class_CNetFileTransferDownload::CNetFileTransferDataToWrite*>`
             unique name: `acd426f3-3ef5-4664-9809-1bc38bc52c08`
             vtable: <no type>, base list: <no type>, field list: <no type>
             options: forward ref (-> 0x273F) | has unique name, sizeof 0
    0x11E7 | LF_STRUCTURE [size = 104, hash = 0x260EF] `CFastBuffer<class_CNetFileTransferUpload*>`
             unique name: `52b6a84c-2637-4de6-9d48-15bcfafcef2f`
             vtable: <no type>, base list: <no type>, field list: <no type>
             options: forward ref (-> 0x2740) | has unique name, sizeof 0
    0x11E8 | LF_STRUCTURE [size = 132, hash = 0x3FFA8] `CFastBuffer<class_CNetFileTransferUpload::CNetFileTransferDataToSend*>`
             unique name: `dec692e2-1616-4cd9-af45-ef86be61488d`
             vtable: <no type>, base list: <no type>, field list: <no type>
             options: forward ref (-> 0x2742) | has unique name, sizeof 0
    0x11E9 | LF_STRUCTURE [size = 96, hash = 0x3E456] `CFastBuffer<class_CNetHttpResult*>`
             unique name: `2bfb793c-f6fc-455c-a765-aa46b04e107f`
             vtable: <no type>, base list: <no type>, field list: <no type>
             options: forward ref (-> 0x2743) | has unique name, sizeof 0
    0x11EA | LF_STRUCTURE [size = 92, hash = 0x72C3] `CFastBuffer<class_CNetIPSource*>`
             unique name: `3aaf23f0-481d-4edd-b0f4-4ce2abf240ec`
             vtable: <no type>, base list: <no type>, field list: <no type>
             options: forward ref (-> 0x2744) | has unique name, sizeof 0
    0x11EB | LF_STRUCTURE [size = 88, hash = 0x181EC] `CFastBuffer<class_CNetNod*>`
             unique name: `c9a51d52-eb9f-4147-8aa1-c6312a4e1e69`
             vtable: <no type>, base list: <no type>, field list: <no type>
             options: forward ref (-> 0x2746) | has unique name, sizeof 0
    0x11EC | LF_STRUCTURE [size = 92, hash = 0x2298E] `CFastBuffer<class_CNetSource*>`
             unique name: `2468e6d8-2ca5-4c26-af75-b1029649adcf`
             vtable: <no type>, base list: <no type>, field list: <no type>
             options: forward ref (-> 0x2748) | has unique name, sizeof 0
    0x11ED | LF_STRUCTURE [size = 92, hash = 0x3B5D5] `CFastBuffer<class_COalDevice*>`
             unique name: `99bbcb66-a440-4ffa-b752-f2734ccb9888`
             vtable: <no type>, base list: <no type>, field list: <no type>
             options: forward ref (-> 0x274A) | has unique name, sizeof 0
    0x11EE | LF_STRUCTURE [size = 88, hash = 0xF31D] `CFastBuffer<class_CPfmNode>`
             unique name: `465745bd-1648-4413-8a45-3ade33132203`
             vtable: <no type>, base list: <no type>, field list: <no type>
             options: forward ref (-> 0x274C) | has unique name, sizeof 0
    0x11EF | LF_STRUCTURE [size = 92, hash = 0x1B93E] `CFastBuffer<class_CPlugBitmap*>`
             unique name: `2d9ebcf5-2f02-4236-9af5-27df6f5c5ff5`
             vtable: <no type>, base list: <no type>, field list: <no type>
             options: forward ref (-> 0x274D) | has unique name, sizeof 0
    0x11F0 | LF_STRUCTURE [size = 100, hash = 0x2CA4D] `CFastBuffer<class_CPlugBitmapPackInput*>`
             unique name: `6616f5a2-685e-4b68-a531-b1f773879ec5`
             vtable: <no type>, base list: <no type>, field list: <no type>
             options: forward ref (-> 0x274F) | has unique name, sizeof 0
    0x11F1 | LF_STRUCTURE [size = 96, hash = 0x4C5E] `CFastBuffer<class_CPlugFileGPUV*>`
             unique name: `9d30efec-c2f2-4e20-9369-990e475ce056`
             vtable: <no type>, base list: <no type>, field list: <no type>
             options: forward ref (-> 0x2750) | has unique name, sizeof 0
    0x11F2 | LF_STRUCTURE [size = 96, hash = 0x17FF7] `CFastBuffer<class_CPlugFilePack*>`
             unique name: `4d1f093b-2dd4-47f1-b50c-d6f93b435da6`
             vtable: <no type>, base list: <no type>, field list: <no type>
             options: forward ref (-> 0x2751) | has unique name, sizeof 0
    0x11F3 | LF_STRUCTURE [size = 96, hash = 0x1DCC1] `CFastBuffer<class_CPlugFileSndGen*>`
             unique name: `41794dae-dfe5-474d-afa5-87eadd97e92c`
             vtable: <no type>, base list: <no type>, field list: <no type>
             options: forward ref (-> 0x2753) | has unique name, sizeof 0
    0x11F4 | LF_STRUCTURE [size = 112, hash = 0x662F] `CFastBuffer<class_CPlugFileVHlsl::CCustomDefine*>`
             unique name: `b6b1181f-c2ea-4107-a694-113e958447d6`
             vtable: <no type>, base list: <no type>, field list: <no type>
             options: forward ref (-> 0x2754) | has unique name, sizeof 0
    0x11F5 | LF_STRUCTURE [size = 96, hash = 0x231C2] `CFastBuffer<class_CPlugMaterial*>`
             unique name: `79032200-92f4-4452-bd72-38063c54e201`
             vtable: <no type>, base list: <no type>, field list: <no type>
             options: forward ref (-> 0x2755) | has unique name, sizeof 0
    0x11F6 | LF_STRUCTURE [size = 92, hash = 0x6DE4] `CFastBuffer<class_CPlugShader*>`
             unique name: `1c5f9de8-5eb7-43a8-83ed-b224cddb3061`
             vtable: <no type>, base list: <no type>, field list: <no type>
             options: forward ref (-> 0x2756) | has unique name, sizeof 0
    0x11F7 | LF_STRUCTURE [size = 92, hash = 0x40C6] `CFastBuffer<class_CPlugSound*>`
             unique name: `12616e94-b663-4b49-8c31-c92ad1866b0f`
             vtable: <no type>, base list: <no type>, field list: <no type>
             options: forward ref (-> 0x2758) | has unique name, sizeof 0
    0x11F8 | LF_STRUCTURE [size = 92, hash = 0x315EE] `CFastBuffer<class_CPlugTree*>`
             unique name: `7976c011-d15c-4ec1-935f-b19b3a6e1fa0`
             vtable: <no type>, base list: <no type>, field list: <no type>
             options: forward ref (-> 0x2759) | has unique name, sizeof 0
    0x11F9 | LF_STRUCTURE [size = 92, hash = 0x1A152] `CFastBuffer<class_CPlugVisual*>`
             unique name: `1dbe03c2-6b5f-4d11-9b1b-ca37dfa7f1db`
             vtable: <no type>, base list: <no type>, field list: <no type>
             options: forward ref (-> 0x275B) | has unique name, sizeof 0
    0x11FA | LF_STRUCTURE [size = 100, hash = 0x39AD8] `CFastBuffer<class_CPlugVolumeShadow*>`
             unique name: `924f4696-76f9-4f47-848f-f739aa678177`
             vtable: <no type>, base list: <no type>, field list: <no type>
             options: forward ref (-> 0x275D) | has unique name, sizeof 0
    0x11FB | LF_STRUCTURE [size = 92, hash = 0x23A93] `CFastBuffer<class_CSceneMobil*>`
             unique name: `1076e66d-92be-457e-8745-7af6ae65546a`
             vtable: <no type>, base list: <no type>, field list: <no type>
             options: forward ref (-> 0x275F) | has unique name, sizeof 0
    0x11FC | LF_STRUCTURE [size = 96, hash = 0x2C7D3] `CFastBuffer<class_CSceneToyBird*>`
             unique name: `b07123f7-66e0-44f0-92b6-56facf3607d9`
             vtable: <no type>, base list: <no type>, field list: <no type>
             options: forward ref (-> 0x2762) | has unique name, sizeof 0
    0x11FD | LF_STRUCTURE [size = 92, hash = 0x31FAF] `CFastBuffer<class_CSystemFid*>`
             unique name: `84783620-7d7c-45a4-b3d2-d23fd83ab82f`
             vtable: <no type>, base list: <no type>, field list: <no type>
             options: forward ref (-> 0x2764) | has unique name, sizeof 0
    0x11FE | LF_STRUCTURE [size = 96, hash = 0x3DE35] `CFastBuffer<class_CSystemFidFile*>`
             unique name: `bd9d3290-1af1-4634-87e1-ee81aa9b7709`
             vtable: <no type>, base list: <no type>, field list: <no type>
             options: forward ref (-> 0x2766) | has unique name, sizeof 0
    0x11FF | LF_STRUCTURE [size = 100, hash = 0x147C9] `CFastBuffer<class_CSystemFidParameters>`
             unique name: `c813f805-0bb7-4383-9a43-ff7c5538d733`
             vtable: <no type>, base list: <no type>, field list: <no type>
             options: forward ref (-> 0x2768) | has unique name, sizeof 0
    0x1200 | LF_STRUCTURE [size = 108, hash = 0x1E9F8] `CFastBuffer<class_CSystemFidParameters_const*>`
             unique name: `9120c8b3-0fb1-4773-b66a-08926de9faea`
             vtable: <no type>, base list: <no type>, field list: <no type>
             options: forward ref (-> 0x2769) | has unique name, sizeof 0
    0x1201 | LF_STRUCTURE [size = 92, hash = 0x22744] `CFastBuffer<class_CSystemFids*>`
             unique name: `fba34a1f-3571-40a1-9907-c0dc6f7e6542`
             vtable: <no type>, base list: <no type>, field list: <no type>
             options: forward ref (-> 0x276A) | has unique name, sizeof 0
    0x1202 | LF_STRUCTURE [size = 100, hash = 0xD86B] `CFastBuffer<class_CSystemFidsFolder*>`
             unique name: `84373ac0-1901-4ba5-93be-b5784d255f72`
             vtable: <no type>, base list: <no type>, field list: <no type>
             options: forward ref (-> 0x276D) | has unique name, sizeof 0
    0x1203 | LF_STRUCTURE [size = 92, hash = 0x2F0E1] `CFastBuffer<class_CSystemFile*>`
             unique name: `d0f991fa-b848-4b85-aaaa-06cccd18e325`
             vtable: <no type>, base list: <no type>, field list: <no type>
             options: forward ref (-> 0x276E) | has unique name, sizeof 0
    0x1204 | LF_STRUCTURE [size = 96, hash = 0x32BC1] `CFastBuffer<class_CSystemPackDesc*>`
             unique name: `47b253b2-759b-495a-afd8-f2b868191af0`
             vtable: <no type>, base list: <no type>, field list: <no type>
             options: forward ref (-> 0x276F) | has unique name, sizeof 0
    0x1205 | LF_STRUCTURE [size = 104, hash = 0x19AF6] `CFastBuffer<class_CTrackManiaEditorIcon*>`
             unique name: `1f98ec2a-ab37-44f3-a3d4-32133a2cbf30`
             vtable: <no type>, base list: <no type>, field list: <no type>
             options: forward ref (-> 0x2771) | has unique name, sizeof 0
    0x1206 | LF_STRUCTURE [size = 104, hash = 0x2172B] `CFastBuffer<class_CTrackManiaPlayerInfo*>`
             unique name: `a1274967-ac4f-440f-bc81-47653b7f88b4`
             vtable: <no type>, base list: <no type>, field list: <no type>
             options: forward ref (-> 0x2772) | has unique name, sizeof 0
    0x1207 | LF_STRUCTURE [size = 100, hash = 0x3E952] `CFastBuffer<class_CTrackManiaRaceScore*>`
             unique name: `3a880029-a403-4196-89ac-f5a4217cdaed`
             vtable: <no type>, base list: <no type>, field list: <no type>
             options: forward ref (-> 0x2774) | has unique name, sizeof 0
    0x1208 | LF_STRUCTURE [size = 92, hash = 0x1996F] `CFastBuffer<class_GmBoxAligned>`
             unique name: `e0c06ef6-3da1-4196-8925-1021191b227d`
             vtable: <no type>, base list: <no type>, field list: <no type>
             options: forward ref (-> 0x2776) | has unique name, sizeof 0
    0x1209 | LF_STRUCTURE [size = 88, hash = 0x1C51C] `CFastBuffer<class_GmInt3>`
             unique name: `4f3e9204-1ac5-4e6b-92d7-6d8183f9d6b0`
             vtable: <no type>, base list: <no type>, field list: <no type>
             options: forward ref (-> 0x2778) | has unique name, sizeof 0
    0x120A | LF_STRUCTURE [size = 88, hash = 0x2A365] `CFastBuffer<class_GmInt4>`
             unique name: `4c900d72-8979-4b48-9e1c-88a763f9589e`
             vtable: <no type>, base list: <no type>, field list: <no type>
             options: forward ref (-> 0x277A) | has unique name, sizeof 0
    0x120B | LF_STRUCTURE [size = 88, hash = 0x7B1C] `CFastBuffer<class_GmIso3>`
             unique name: `6c4fcbc0-f8d7-4800-94a4-75daa67422e0`
             vtable: <no type>, base list: <no type>, field list: <no type>
             options: forward ref (-> 0x277B) | has unique name, sizeof 0
    0x120C | LF_STRUCTURE [size = 88, hash = 0x20CCF] `CFastBuffer<class_GmIso4>`
             unique name: `2aeada49-1c10-4213-b7d9-7022ae978b83`
             vtable: <no type>, base list: <no type>, field list: <no type>
             options: forward ref (-> 0x277D) | has unique name, sizeof 0
    0x120D | LF_STRUCTURE [size = 88, hash = 0x569E] `CFastBuffer<class_GmMat3>`
             unique name: `d0e96f5d-77fc-40ec-89a5-5c867bcc5cac`
             vtable: <no type>, base list: <no type>, field list: <no type>
             options: forward ref (-> 0x277F) | has unique name, sizeof 0
    0x120E | LF_STRUCTURE [size = 88, hash = 0x167BF] `CFastBuffer<class_GmNat2>`
             unique name: `14df8a4f-16c4-4a95-8665-34f0f688c40a`
             vtable: <no type>, base list: <no type>, field list: <no type>
             options: forward ref (-> 0x2780) | has unique name, sizeof 0
    0x120F | LF_STRUCTURE [size = 88, hash = 0x1FA74] `CFastBuffer<class_GmNat3>`
             unique name: `d15ed51c-274e-44ca-b0eb-87032191abd3`
             vtable: <no type>, base list: <no type>, field list: <no type>
             options: forward ref (-> 0x2781) | has unique name, sizeof 0
    0x1210 | LF_STRUCTURE [size = 88, hash = 0x38E22] `CFastBuffer<class_GmQuat>`
             unique name: `9f7f6bdd-b927-4285-affe-d868cd96781f`
             vtable: <no type>, base list: <no type>, field list: <no type>
             options: forward ref (-> 0x2782) | has unique name, sizeof 0
    0x1211 | LF_STRUCTURE [size = 92, hash = 0xE6E4] `CFastBuffer<class_GmReal4_64>`
             unique name: `72084b75-59d6-4774-856c-fdee467ea20d`
             vtable: <no type>, base list: <no type>, field list: <no type>
             options: forward ref (-> 0x2784) | has unique name, sizeof 0
    0x1212 | LF_STRUCTURE [size = 88, hash = 0xA799] `CFastBuffer<class_GmVec2>`
             unique name: `90a13a1c-3323-468b-a4a1-dac44fef5548`
             vtable: <no type>, base list: <no type>, field list: <no type>
             options: forward ref (-> 0x2785) | has unique name, sizeof 0
    0x1213 | LF_STRUCTURE [size = 88, hash = 0x2A3D9] `CFastBuffer<class_GmVec3>`
             unique name: `d97628fc-e486-443b-82f7-52cb90d9f29f`
             vtable: <no type>, base list: <no type>, field list: <no type>
             options: forward ref (-> 0x2787) | has unique name, sizeof 0
    0x1214 | LF_STRUCTURE [size = 88, hash = 0xEB37] `CFastBuffer<class_GmVec4>`
             unique name: `ad5ab1ec-8bf9-4d91-b40d-36e065a78d9b`
             vtable: <no type>, base list: <no type>, field list: <no type>
             options: forward ref (-> 0x2789) | has unique name, sizeof 0
    0x1215 | LF_STRUCTURE [size = 108, hash = 0x34EF2] `CFastBuffer<class_GmVector2<unsigned_short>_>`
             unique name: `43d0b8d5-1135-496b-b2de-ee5c9aa33053`
             vtable: <no type>, base list: <no type>, field list: <no type>
             options: forward ref (-> 0x278B) | has unique name, sizeof 0
    0x1216 | LF_STRUCTURE [size = 88, hash = 0x3A84E] `CFastBuffer<class_GxColor>`
             unique name: `e01a66a0-b57a-4bee-876d-6744f11b2d00`
             vtable: <no type>, base list: <no type>, field list: <no type>
             options: forward ref (-> 0x278C) | has unique name, sizeof 0
    0x1217 | LF_STRUCTURE [size = 88, hash = 0x22836] `CFastBuffer<class_GxVertex2>`
             unique name: `e4586dd6-ea04-484d-be7d-1cac47b06214`
             vtable: <no type>, base list: <no type>, field list: <no type>
             options: forward ref (-> 0x278E) | has unique name, sizeof 0
    0x1218 | LF_STRUCTURE [size = 88, hash = 0x125F0] `CFastBuffer<class_GxVertex>`
             unique name: `623df8d5-254b-48df-bcaa-ad1a44194883`
             vtable: <no type>, base list: <no type>, field list: <no type>
             options: forward ref (-> 0x278F) | has unique name, sizeof 0
    0x1219 | LF_STRUCTURE [size = 92, hash = 0x12FC7] `CFastBuffer<class_TiXmlElement*>`
             unique name: `6876cbe4-ae0c-4821-884d-46635e28833e`
             vtable: <no type>, base list: <no type>, field list: <no type>
             options: forward ref (-> 0x2791) | has unique name, sizeof 0
    0x121A | LF_STRUCTURE [size = 80, hash = 0xBBE5] `CFastBuffer<float>`
             unique name: `2663583f-67e7-4cb0-8441-d0577f3953dd`
             vtable: <no type>, base list: <no type>, field list: <no type>
             options: forward ref (-> 0x2793) | has unique name, sizeof 0
    0x121B | LF_STRUCTURE [size = 76, hash = 0x13575] `CFastBuffer<int>`
             unique name: `8883ad8f-0d08-4e83-af6a-982535069521`
             vtable: <no type>, base list: <no type>, field list: <no type>
             options: forward ref (-> 0x2795) | has unique name, sizeof 0
    0x121C | LF_STRUCTURE [size = 100, hash = 0x1DA13] `CFastBuffer<struct__D3DVERTEXELEMENT9>`
             unique name: `e8f16685-e9b4-4700-81d5-ed8f8ad3edb0`
             vtable: <no type>, base list: <no type>, field list: <no type>
             options: forward ref (-> 0x2797) | has unique name, sizeof 0
    0x121D | LF_STRUCTURE [size = 96, hash = 0x134D8] `CFastBuffer<struct__IP_ADAPTER_INFO>`
             unique name: `bd070f14-3558-49b8-abb8-8211e43be92d`
             vtable: <no type>, base list: <no type>, field list: <no type>
             options: forward ref (-> 0x2799) | has unique name, sizeof 0
    0x121E | LF_STRUCTURE [size = 112, hash = 0x35510] `CFastBuffer<struct_CAudioPort::SAutoBalancedSound>`
             unique name: `f0ccc105-cc79-4cad-927e-3dbf67f70a8d`
             vtable: <no type>, base list: <no type>, field list: <no type>
             options: forward ref (-> 0x279A) | has unique name, sizeof 0
    0x121F | LF_STRUCTURE [size = 104, hash = 0x37822] `CFastBuffer<struct_CAudioPort::SFadingSound>`
             unique name: `b4fd797f-454c-442e-9f4c-1ebe5cb5c858`
             vtable: <no type>, base list: <no type>, field list: <no type>
             options: forward ref (-> 0x279C) | has unique name, sizeof 0
    0x1220 | LF_STRUCTURE [size = 108, hash = 0x24C7E] `CFastBuffer<struct_CAudioSoundBink::SSetting>`
             unique name: `539bc195-5bf7-4a65-b863-f65da7c2391f`
             vtable: <no type>, base list: <no type>, field list: <no type>
             options: forward ref (-> 0x279E) | has unique name, sizeof 0
    0x1221 | LF_STRUCTURE [size = 104, hash = 0x34D85] `CFastBuffer<struct_CControlCredit::SBlock>`
             unique name: `f23f98b2-8032-45cd-94c5-c318c38f0972`
             vtable: <no type>, base list: <no type>, field list: <no type>
             options: forward ref (-> 0x279F) | has unique name, sizeof 0
    0x1222 | LF_STRUCTURE [size = 104, hash = 0x344BA] `CFastBuffer<struct_CControlCredit::SElement>`
             unique name: `ff23dff2-b594-4712-8c26-7bc5adf458d1`
             vtable: <no type>, base list: <no type>, field list: <no type>
             options: forward ref (-> 0x27A0) | has unique name, sizeof 0
    0x1223 | LF_STRUCTURE [size = 108, hash = 0x3C31C] `CFastBuffer<struct_CControlDisplayGraph::SGraph>`
             unique name: `efc4ce24-1730-47dc-84b1-1dbe5a8d68b1`
             vtable: <no type>, base list: <no type>, field list: <no type>
             options: forward ref (-> 0x27A2) | has unique name, sizeof 0
    0x1224 | LF_STRUCTURE [size = 108, hash = 0x16203] `CFastBuffer<struct_CControlGrid::SBBoxBackup>`
             unique name: `c595cf6a-5dec-4c32-b298-1fc59b7efac5`
             vtable: <no type>, base list: <no type>, field list: <no type>
             options: forward ref (-> 0x27A3) | has unique name, sizeof 0
    0x1225 | LF_STRUCTURE [size = 112, hash = 0x81AF] `CFastBuffer<struct_CControlListMap2::SControlElem>`
             unique name: `842c0081-a541-4574-80a6-33ae2f7c38cc`
             vtable: <no type>, base list: <no type>, field list: <no type>
             options: forward ref (-> 0x27A4) | has unique name, sizeof 0
    0x1226 | LF_STRUCTURE [size = 116, hash = 0xA9FD] `CFastBuffer<struct_CControlTimeLine2::STrack::SBlock>`
             unique name: `e6de2932-61ef-4dbb-92aa-a14539d59b36`
             vtable: <no type>, base list: <no type>, field list: <no type>
             options: forward ref (-> 0x27A5) | has unique name, sizeof 0
    0x1227 | LF_STRUCTURE [size = 108, hash = 0x1D83E] `CFastBuffer<struct_CControlTimeLine2::STrack>`
             unique name: `076ff6b4-0416-4644-a8f6-96c986c05900`
             vtable: <no type>, base list: <no type>, field list: <no type>
             options: forward ref (-> 0x27A6) | has unique name, sizeof 0
    0x1228 | LF_STRUCTURE [size = 108, hash = 0x636F] `CFastBuffer<struct_CCrystal::SSmoothingGroup>`
             unique name: `cd816caa-b541-4e09-8dd0-9293b2fb0ba0`
             vtable: <no type>, base list: <no type>, field list: <no type>
             options: forward ref (-> 0x27A7) | has unique name, sizeof 0
    0x1229 | LF_STRUCTURE [size = 112, hash = 0x2EB07] `CFastBuffer<struct_CDx9ShaderKeeper::SContextShader>`
             unique name: `689d95d1-390a-484c-a70f-fbad657d4646`
             vtable: <no type>, base list: <no type>, field list: <no type>
             options: forward ref (-> 0x27A8) | has unique name, sizeof 0
    0x122A | LF_STRUCTURE [size = 108, hash = 0x1BC31] `CFastBuffer<struct_CDx9StateBlock::SMaterial>`
             unique name: `7ba459a9-85c2-4fc7-b856-33a5d9200d91`
             vtable: <no type>, base list: <no type>, field list: <no type>
             options: forward ref (-> 0x27A9) | has unique name, sizeof 0
    0x122B | LF_STRUCTURE [size = 108, hash = 0x1D491] `CFastBuffer<struct_CDx9StateBlock::STexStageCat>`
             unique name: `cf782cdf-51cf-4875-bd9b-309fef23615f`
             vtable: <no type>, base list: <no type>, field list: <no type>
             options: forward ref (-> 0x27AA) | has unique name, sizeof 0
    0x122C | LF_STRUCTURE [size = 112, hash = 0x3C499] `CFastBuffer<struct_CDx9StateBlock::STexStageState>`
             unique name: `9035e9f2-536c-436a-95c1-4eed314371bd`
             vtable: <no type>, base list: <no type>, field list: <no type>
             options: forward ref (-> 0x27AB) | has unique name, sizeof 0
    0x122D | LF_STRUCTURE [size = 116, hash = 0x22D5D] `CFastBuffer<struct_CDx9VertexDeclaration::SDeclaration>`
             unique name: `c82ce1fc-a654-4619-a193-763aa39628e8`
             vtable: <no type>, base list: <no type>, field list: <no type>
             options: forward ref (-> 0x27AD) | has unique name, sizeof 0
    0x122E | LF_STRUCTURE [size = 144, hash = 0xF156] `CFastBuffer<struct_CFastBufferKey<class_CMwNodRef<class_CFuncCurvesReal>_>::SKey>`
             unique name: `8f229837-a1f9-404d-b8bc-adc6344c9e9a`
             vtable: <no type>, base list: <no type>, field list: <no type>
             options: forward ref (-> 0x27AE) | has unique name, sizeof 0
    0x122F | LF_STRUCTURE [size = 140, hash = 0x11F0F] `CFastBuffer<struct_CFastBufferKey<class_CMwNodRef<class_CFuncKeysReal>_>::SKey>`
             unique name: `d46c3189-cc7c-4f22-9634-a29b98928607`
             vtable: <no type>, base list: <no type>, field list: <no type>
             options: forward ref (-> 0x27AF) | has unique name, sizeof 0
    0x1230 | LF_STRUCTURE [size = 132, hash = 0x4C63] `CFastBuffer<struct_CFastBufferKey<class_CMwNodRef<class_GxFog>_>::SKey>`
             unique name: `43ee34b6-0642-491e-8b97-dc990b03a132`
             vtable: <no type>, base list: <no type>, field list: <no type>
             options: forward ref (-> 0x27B0) | has unique name, sizeof 0
    0x1231 | LF_STRUCTURE [size = 136, hash = 0x10869] `CFastBuffer<struct_CFastBufferKey<struct_CControlEffectSimi::SKeyVal>::SKey>`
             unique name: `80507807-1163-4626-bb47-2c8fcd10fad2`
             vtable: <no type>, base list: <no type>, field list: <no type>
             options: forward ref (-> 0x27B1) | has unique name, sizeof 0
    0x1232 | LF_STRUCTURE [size = 148, hash = 0xE3B6] `CFastBuffer<struct_CFastBufferKey<struct_CCtnMediaBlockEventTrackMania::SEvent>::SKey>`
             unique name: `5eb86f31-3b63-4d5e-8f1f-5accaef8fd75`
             vtable: <no type>, base list: <no type>, field list: <no type>
             options: forward ref (-> 0x27B2) | has unique name, sizeof 0
    0x1233 | LF_STRUCTURE [size = 128, hash = 0x14B13] `CFastBuffer<struct_CFastBufferKey<struct_CFuncSegment::SKey>::SKey>`
             unique name: `402ffaff-a703-4d44-81fd-640bedd3f6f5`
             vtable: <no type>, base list: <no type>, field list: <no type>
             options: forward ref (-> 0x27B3) | has unique name, sizeof 0
    0x1234 | LF_STRUCTURE [size = 144, hash = 0x253F0] `CFastBuffer<struct_CFastBufferKey<struct_CGameCtnMediaBlock3dStereo::SKeyVal>::SKey>`
             unique name: `f44f6e1a-39ab-4883-b020-89fcfe800c9d`
             vtable: <no type>, base list: <no type>, field list: <no type>
             options: forward ref (-> 0x27B4) | has unique name, sizeof 0
    0x1235 | LF_STRUCTURE [size = 148, hash = 0x31314] `CFastBuffer<struct_CFastBufferKey<struct_CGameCtnMediaBlockCameraCustom::SKeyVal>::SKey>`
             unique name: `d260f8d1-6487-43d0-9a85-703cfa528656`
             vtable: <no type>, base list: <no type>, field list: <no type>
             options: forward ref (-> 0x27B5) | has unique name, sizeof 0
    0x1236 | LF_STRUCTURE [size = 156, hash = 0x5C84] `CFastBuffer<struct_CFastBufferKey<struct_CGameCtnMediaBlockCameraEffectShake::SKeyVal>::SKey>`
             unique name: `0230aa05-9304-4c9d-9822-6f7886708011`
             vtable: <no type>, base list: <no type>, field list: <no type>
             options: forward ref (-> 0x27B6) | has unique name, sizeof 0
    0x1237 | LF_STRUCTURE [size = 152, hash = 0x33DDE] `CFastBuffer<struct_CFastBufferKey<struct_CGameCtnMediaBlockCameraOrbital::SKeyVal>::SKey>`
             unique name: `1c071282-2d51-44ac-a768-11ad08b68ef9`
             vtable: <no type>, base list: <no type>, field list: <no type>
             options: forward ref (-> 0x27B7) | has unique name, sizeof 0
    0x1238 | LF_STRUCTURE [size = 148, hash = 0x1842C] `CFastBuffer<struct_CFastBufferKey<struct_CGameCtnMediaBlockCameraPath::SKeyVal>::SKey>`
             unique name: `c94e4c98-f8e4-4230-a002-cebdf79b0044`
             vtable: <no type>, base list: <no type>, field list: <no type>
             options: forward ref (-> 0x27B8) | has unique name, sizeof 0
    0x1239 | LF_STRUCTURE [size = 148, hash = 0x26643] `CFastBuffer<struct_CFastBufferKey<struct_CGameCtnMediaBlockCameraSimple::SKeyVal>::SKey>`
             unique name: `0c676b3c-2251-4782-859e-d6ea1dfa4cb0`
             vtable: <no type>, base list: <no type>, field list: <no type>
             options: forward ref (-> 0x27B9) | has unique name, sizeof 0
    0x123A | LF_STRUCTURE [size = 148, hash = 0x33FB8] `CFastBuffer<struct_CFastBufferKey<struct_CGameCtnMediaBlockFxBlurDepth::SKeyVal>::SKey>`
             unique name: `9a3f3eb9-1b67-4ab3-b67b-b01b6da468eb`
             vtable: <no type>, base list: <no type>, field list: <no type>
             options: forward ref (-> 0x27BA) | has unique name, sizeof 0
    0x123B | LF_STRUCTURE [size = 144, hash = 0x24FF4] `CFastBuffer<struct_CFastBufferKey<struct_CGameCtnMediaBlockFxColors::SKeyVal>::SKey>`
             unique name: `d5577a47-e6c3-4b98-a0b0-33b87a812970`
             vtable: <no type>, base list: <no type>, field list: <no type>
             options: forward ref (-> 0x27BB) | has unique name, sizeof 0
    0x123C | LF_STRUCTURE [size = 148, hash = 0x33954] `CFastBuffer<struct_CFastBufferKey<struct_CGameCtnMediaBlockMusicEffect::SKeyVal>::SKey>`
             unique name: `84150cda-4059-49ed-98fa-5fdbce3f0c35`
             vtable: <no type>, base list: <no type>, field list: <no type>
             options: forward ref (-> 0x27BC) | has unique name, sizeof 0
    0x123D | LF_STRUCTURE [size = 144, hash = 0x3CC18] `CFastBuffer<struct_CFastBufferKey<struct_CGameCtnMediaBlockSound::SKeyVal>::SKey>`
             unique name: `488acf37-a1c6-4214-bea5-1d1339218a8a`
             vtable: <no type>, base list: <no type>, field list: <no type>
             options: forward ref (-> 0x27BD) | has unique name, sizeof 0
    0x123E | LF_STRUCTURE [size = 144, hash = 0x30D94] `CFastBuffer<struct_CFastBufferKey<struct_CSceneToyBoat::STeamMateWayPoint>::SKey>`
             unique name: `7121578f-0884-4c0b-84e6-460c1998a6d7`
             vtable: <no type>, base list: <no type>, field list: <no type>
             options: forward ref (-> 0x27BE) | has unique name, sizeof 0
    0x123F | LF_STRUCTURE [size = 120, hash = 0x3BADE] `CFastBuffer<struct_CFastBufferKey<struct_SOldKeyVal>::SKey>`
             unique name: `e828e383-a7e2-47c2-9a59-c76370c6472a`
             vtable: <no type>, base list: <no type>, field list: <no type>
             options: forward ref (-> 0x27BF) | has unique name, sizeof 0
    0x1240 | LF_STRUCTURE [size = 148, hash = 0x383D4] `CFastBuffer<struct_CFastBufferPool<struct_CGameNetPlayerInfo::SNetStateBuffer>::SElem>`
             unique name: `e149db9f-a4f2-455c-854b-5d98e291f43d`
             vtable: <no type>, base list: <no type>, field list: <no type>
             options: forward ref (-> 0x27C0) | has unique name, sizeof 0
    0x1241 | LF_STRUCTURE [size = 116, hash = 0x1DFA6] `CFastBuffer<struct_CFastMap<class_CMwId,float>::SPair>`
             unique name: `d81d29d1-d9e0-425f-b53a-c7692ed83333`
             vtable: <no type>, base list: <no type>, field list: <no type>
             options: forward ref (-> 0x27C1) | has unique name, sizeof 0
    0x1242 | LF_STRUCTURE [size = 124, hash = 0xB618] `CFastBuffer<struct_CFastMap<class_CMwId,unsigned_long>::SPair>`
             unique name: `eeff5276-c531-4a91-b79b-3ee0a5620a0d`
             vtable: <no type>, base list: <no type>, field list: <no type>
             options: forward ref (-> 0x27C2) | has unique name, sizeof 0
    0x1243 | LF_STRUCTURE [size = 108, hash = 0x3F054] `CFastBuffer<struct_CFuncClouds::SHeightPoint>`
             unique name: `3c0e5e0e-3e1e-4aff-9adb-64ebc85f40f7`
             vtable: <no type>, base list: <no type>, field list: <no type>
             options: forward ref (-> 0x27C3) | has unique name, sizeof 0
    0x1244 | LF_STRUCTURE [size = 120, hash = 0x168B7] `CFastBuffer<struct_CFuncKeysTrans::SParametrizationPoint>`
             unique name: `91af6f3a-ca50-4d62-962a-6b1e1294d7f6`
             vtable: <no type>, base list: <no type>, field list: <no type>
             options: forward ref (-> 0x27C4) | has unique name, sizeof 0
    0x1245 | LF_STRUCTURE [size = 104, hash = 0x2EEA8] `CFastBuffer<struct_CFuncPathMesh::WayPoint>`
             unique name: `5772965e-dc30-4e11-984a-1c008adab157`
             vtable: <no type>, base list: <no type>, field list: <no type>
             options: forward ref (-> 0x27C6) | has unique name, sizeof 0
    0x1246 | LF_STRUCTURE [size = 112, hash = 0x29610] `CFastBuffer<struct_CGameAdvertising::SImpressionAxe>`
             unique name: `b58cdd3d-c893-42eb-bec8-7e5eff007a10`
             vtable: <no type>, base list: <no type>, field list: <no type>
             options: forward ref (-> 0x27C8) | has unique name, sizeof 0
    0x1247 | LF_STRUCTURE [size = 116, hash = 0x20671] `CFastBuffer<struct_CGameAdvertisingNadeo::SImpression>`
             unique name: `217b564f-1cd3-4e5b-bee0-162f33f28cbc`
             vtable: <no type>, base list: <no type>, field list: <no type>
             options: forward ref (-> 0x27C9) | has unique name, sizeof 0
    0x1248 | LF_STRUCTURE [size = 116, hash = 0x2C8C3] `CFastBuffer<struct_CGameAdvertisingRadial::SCellDesc>`
             unique name: `c3d63c25-7e34-4d05-9cb5-57ec3ff3109d`
             vtable: <no type>, base list: <no type>, field list: <no type>
             options: forward ref (-> 0x27CB) | has unique name, sizeof 0
    0x1249 | LF_STRUCTURE [size = 108, hash = 0x7415] `CFastBuffer<struct_CGameBuddy::SCampaignMedals>`
             unique name: `09bcb9cb-2c01-45f7-8b0c-0a1064940950`
             vtable: <no type>, base list: <no type>, field list: <no type>
             options: forward ref (-> 0x27CC) | has unique name, sizeof 0
    0x124A | LF_STRUCTURE [size = 124, hash = 0x21466] `CFastBuffer<struct_CGameCampaignPlayerScores::SGameModeScores>`
             unique name: `f5e90b40-a799-4170-817d-61db4c72fe02`
             vtable: <no type>, base list: <no type>, field list: <no type>
             options: forward ref (-> 0x27CD) | has unique name, sizeof 0
    0x124B | LF_STRUCTURE [size = 124, hash = 0x2ADB1] `CFastBuffer<struct_CGameCampaignScores::SFilteredMedalsScores*>`
             unique name: `90152866-2bc1-417e-8555-35e0700d2d5a`
             vtable: <no type>, base list: <no type>, field list: <no type>
             options: forward ref (-> 0x27CE) | has unique name, sizeof 0
    0x124C | LF_STRUCTURE [size = 116, hash = 0x1B7B8] `CFastBuffer<struct_CGameCampaignScores::SFilterInfos*>`
             unique name: `4297b0c8-77d9-4ea1-8012-5e025e5f7e47`
             vtable: <no type>, base list: <no type>, field list: <no type>
             options: forward ref (-> 0x27CF) | has unique name, sizeof 0
    0x124D | LF_STRUCTURE [size = 120, hash = 0x15ED9] `CFastBuffer<struct_CGameChallengeScores::SFilteredInfos*>`
             unique name: `dc303ffd-073d-4d33-9821-6ddcbcf423ab`
             vtable: <no type>, base list: <no type>, field list: <no type>
             options: forward ref (-> 0x27D0) | has unique name, sizeof 0
    0x124E | LF_STRUCTURE [size = 116, hash = 0x147EC] `CFastBuffer<struct_CGameControlCardCalendar::SMonth*>`
             unique name: `191834f1-a6a6-4d61-8a3a-11d460709f99`
             vtable: <no type>, base list: <no type>, field list: <no type>
             options: forward ref (-> 0x27D1) | has unique name, sizeof 0
    0x124F | LF_STRUCTURE [size = 120, hash = 0x5BC5] `CFastBuffer<struct_CGameControlGridCard::SCachedPageCards>`
             unique name: `e9adf3e5-fa5c-40b9-b9fc-eb5dd39193f5`
             vtable: <no type>, base list: <no type>, field list: <no type>
             options: forward ref (-> 0x27D2) | has unique name, sizeof 0
    0x1250 | LF_STRUCTURE [size = 120, hash = 0x115E5] `CFastBuffer<struct_CGameControlSelection::SSelectableObject>`
             unique name: `4f460781-c8f6-4182-87a8-a11286f5b45c`
             vtable: <no type>, base list: <no type>, field list: <no type>
             options: forward ref (-> 0x27D3) | has unique name, sizeof 0
    0x1251 | LF_STRUCTURE [size = 116, hash = 0x2810] `CFastBuffer<struct_CGameCtnApp::SCampaignScoresRequest*>`
             unique name: `f54563d5-df04-4518-9efb-1485d2a45526`
             vtable: <no type>, base list: <no type>, field list: <no type>
             options: forward ref (-> 0x27D5) | has unique name, sizeof 0
    0x1252 | LF_STRUCTURE [size = 108, hash = 0x29D47] `CFastBuffer<struct_CGameCtnApp::SGeomSkinRemap>`
             unique name: `0dbaeec0-44cd-483f-8c60-a7e9afd65421`
             vtable: <no type>, base list: <no type>, field list: <no type>
             options: forward ref (-> 0x27D6) | has unique name, sizeof 0
    0x1253 | LF_STRUCTURE [size = 108, hash = 0x2573C] `CFastBuffer<struct_CGameCtnApp::SLightMapInfo>`
             unique name: `b11be9c8-eb0b-4180-8876-69f67546465f`
             vtable: <no type>, base list: <no type>, field list: <no type>
             options: forward ref (-> 0x27D8) | has unique name, sizeof 0
    0x1254 | LF_STRUCTURE [size = 108, hash = 0x274AC] `CFastBuffer<struct_CGameCtnApp::SNationConfig>`
             unique name: `c76a57f2-d6f2-4ead-a578-10ff9cd35593`
             vtable: <no type>, base list: <no type>, field list: <no type>
             options: forward ref (-> 0x27D9) | has unique name, sizeof 0
    0x1255 | LF_STRUCTURE [size = 100, hash = 0xA5E1] `CFastBuffer<struct_CGameCtnApp::STip>`
             unique name: `3e134f1f-f805-46bb-be25-6a6e08b8f3f9`
             vtable: <no type>, base list: <no type>, field list: <no type>
             options: forward ref (-> 0x27DA) | has unique name, sizeof 0
    0x1256 | LF_STRUCTURE [size = 108, hash = 0x1537B] `CFastBuffer<struct_CGameCtnCampaign::SkinSet>`
             unique name: `6ca4817b-43d8-47b1-a7fc-c0ec47ebc5e1`
             vtable: <no type>, base list: <no type>, field list: <no type>
             options: forward ref (-> 0x27DB) | has unique name, sizeof 0
    0x1257 | LF_STRUCTURE [size = 116, hash = 0x2EAA0] `CFastBuffer<struct_CGameCtnMasterServer::SBuddyAsker>`
             unique name: `954de5c6-2d4b-4e84-a2ff-811b360df136`
             vtable: <no type>, base list: <no type>, field list: <no type>
             options: forward ref (-> 0x27DC) | has unique name, sizeof 0
    0x1258 | LF_STRUCTURE [size = 120, hash = 0x3CA08] `CFastBuffer<struct_CGameCtnMasterServer::SDownloadedData>`
             unique name: `5dca52a2-ae0a-4b9d-8a01-f006db0b3cad`
             vtable: <no type>, base list: <no type>, field list: <no type>
             options: forward ref (-> 0x27DE) | has unique name, sizeof 0
    0x1259 | LF_STRUCTURE [size = 116, hash = 0xB115] `CFastBuffer<struct_CGameCtnMasterServer::SMedalsInfo>`
             unique name: `441d3a48-9ef8-4058-9521-d4fe8d9e01af`
             vtable: <no type>, base list: <no type>, field list: <no type>
             options: forward ref (-> 0x27E0) | has unique name, sizeof 0
    0x125A | LF_STRUCTURE [size = 128, hash = 0x11D05] `CFastBuffer<struct_CGameCtnMediaBlockEditorTriangles::SBlockState>`
             unique name: `ceae157c-8fa4-48d3-8182-9363121693e7`
             vtable: <no type>, base list: <no type>, field list: <no type>
             options: forward ref (-> 0x27E2) | has unique name, sizeof 0
    0x125B | LF_STRUCTURE [size = 132, hash = 0x15D4] `CFastBuffer<struct_CGameCtnMediaBlockEditorTriangles::SNewTriangleVert>`
             unique name: `34455a6f-4ea1-423b-a511-9884cb347a7c`
             vtable: <no type>, base list: <no type>, field list: <no type>
             options: forward ref (-> 0x27E3) | has unique name, sizeof 0
    0x125C | LF_STRUCTURE [size = 116, hash = 0xC715] `CFastBuffer<struct_CGameCtnMediaBlockTriangles::STri>`
             unique name: `628d9c45-debf-478f-8f3f-71e096cf9c38`
             vtable: <no type>, base list: <no type>, field list: <no type>
             options: forward ref (-> 0x27E4) | has unique name, sizeof 0
    0x125D | LF_STRUCTURE [size = 116, hash = 0x16F21] `CFastBuffer<struct_CGameCtnMediaTracker::SBlockEditInfo>`
             unique name: `32326722-8b81-4b1c-8127-6751c179b9ea`
             vtable: <no type>, base list: <no type>, field list: <no type>
             options: forward ref (-> 0x27E6) | has unique name, sizeof 0
    0x125E | LF_STRUCTURE [size = 120, hash = 0x27FEB] `CFastBuffer<struct_CGameCtnMenus::SFrameLadderRankingsStep>`
             unique name: `36d9fb37-bef0-4a1b-926a-af3642f308d7`
             vtable: <no type>, base list: <no type>, field list: <no type>
             options: forward ref (-> 0x27E7) | has unique name, sizeof 0
    0x125F | LF_STRUCTURE [size = 124, hash = 0x10ADA] `CFastBuffer<struct_CGameCtnMenus::SFrameLadderRankingsStepOld>`
             unique name: `16cb6410-97c0-498e-9f5b-af966a9bb2bf`
             vtable: <no type>, base list: <no type>, field list: <no type>
             options: forward ref (-> 0x27E8) | has unique name, sizeof 0
    0x1260 | LF_STRUCTURE [size = 120, hash = 0x9892] `CFastBuffer<struct_CGameCtnMenus::SMenuLeaguePathStepInfos>`
             unique name: `fdc0e6c2-4ad1-4308-8a7f-e1bb406cd8a5`
             vtable: <no type>, base list: <no type>, field list: <no type>
             options: forward ref (-> 0x27E9) | has unique name, sizeof 0
    0x1261 | LF_STRUCTURE [size = 124, hash = 0x1D029] `CFastBuffer<struct_CGameCtnMenus::SVehicleProfile_VehicleParam>`
             unique name: `d72367c9-4bec-4b86-9a54-80c9b167dab0`
             vtable: <no type>, base list: <no type>, field list: <no type>
             options: forward ref (-> 0x27EA) | has unique name, sizeof 0
    0x1262 | LF_STRUCTURE [size = 124, hash = 0xF3A8] `CFastBuffer<struct_CGameCtnNetServerInfo::SChallengeList_Info>`
             unique name: `6563d05d-b876-4a60-a104-93812da2bedc`
             vtable: <no type>, base list: <no type>, field list: <no type>
             options: forward ref (-> 0x27EB) | has unique name, sizeof 0
    0x1263 | LF_STRUCTURE [size = 116, hash = 0x390F0] `CFastBuffer<struct_CGameCtnNetwork::SManiaCodeAction*>`
             unique name: `4da0e89e-68fe-4545-b806-416ac587e79f`
             vtable: <no type>, base list: <no type>, field list: <no type>
             options: forward ref (-> 0x27EC) | has unique name, sizeof 0
    0x1264 | LF_STRUCTURE [size = 124, hash = 0x3461D] `CFastBuffer<struct_CGameGeneralScores::SFilteredScoresInfos*>`
             unique name: `9d69efc0-14c9-4900-ad67-b296c81d5f92`
             vtable: <no type>, base list: <no type>, field list: <no type>
             options: forward ref (-> 0x27EE) | has unique name, sizeof 0
    0x1265 | LF_STRUCTURE [size = 116, hash = 0x17F74] `CFastBuffer<struct_CGameLadderScores::SFilteredScores>`
             unique name: `7ceb11fd-2a10-4a34-8de9-b6e5daece58d`
             vtable: <no type>, base list: <no type>, field list: <no type>
             options: forward ref (-> 0x27EF) | has unique name, sizeof 0
    0x1266 | LF_STRUCTURE [size = 108, hash = 0x238CC] `CFastBuffer<struct_CGameManialink::SDicoEntry>`
             unique name: `71fea4e0-773a-4a05-9070-f70bedfabe48`
             vtable: <no type>, base list: <no type>, field list: <no type>
             options: forward ref (-> 0x27F0) | has unique name, sizeof 0
    0x1267 | LF_STRUCTURE [size = 116, hash = 0x26D0F] `CFastBuffer<struct_CGameManiaNetResource::SRecipient>`
             unique name: `46f338f6-a76a-4ad1-97c7-39785a31c1af`
             vtable: <no type>, base list: <no type>, field list: <no type>
             options: forward ref (-> 0x27F1) | has unique name, sizeof 0
    0x1268 | LF_STRUCTURE [size = 108, hash = 0x2C518] `CFastBuffer<struct_CGameMasterServer::SCriteria>`
             unique name: `c7553cbb-fac3-4664-9757-a99b86ab6068`
             vtable: <no type>, base list: <no type>, field list: <no type>
             options: forward ref (-> 0x27F3) | has unique name, sizeof 0
    0x1269 | LF_STRUCTURE [size = 116, hash = 0x1C9F] `CFastBuffer<struct_CGameMasterServer::SCustomFileInfo>`
             unique name: `d877f57f-4fd6-49b5-894c-6224019d9658`
             vtable: <no type>, base list: <no type>, field list: <no type>
             options: forward ref (-> 0x27F5) | has unique name, sizeof 0
    0x126A | LF_STRUCTURE [size = 108, hash = 0x20223] `CFastBuffer<struct_CGameMasterServer::SFeature>`
             unique name: `f69d95ca-6c17-4a6e-92da-fb83408fbfcb`
             vtable: <no type>, base list: <no type>, field list: <no type>
             options: forward ref (-> 0x27F6) | has unique name, sizeof 0
    0x126B | LF_STRUCTURE [size = 112, hash = 0x28079] `CFastBuffer<struct_CGameMasterServer::SLadderResult>`
             unique name: `d5684ad3-6924-4133-85d7-662daf488e41`
             vtable: <no type>, base list: <no type>, field list: <no type>
             options: forward ref (-> 0x27F7) | has unique name, sizeof 0
    0x126C | LF_STRUCTURE [size = 104, hash = 0x3B022] `CFastBuffer<struct_CGameMasterServer::SUrl>`
             unique name: `5448c901-d1b1-4f82-ae81-21692b9baf32`
             vtable: <no type>, base list: <no type>, field list: <no type>
             options: forward ref (-> 0x27F9) | has unique name, sizeof 0
    0x126D | LF_STRUCTURE [size = 116, hash = 0x3AB54] `CFastBuffer<struct_CGameMasterServer::SWaitingRequest>`
             unique name: `5ba625c9-a6b9-4ccf-add2-11e5fd4eb7ec`
             vtable: <no type>, base list: <no type>, field list: <no type>
             options: forward ref (-> 0x27FA) | has unique name, sizeof 0
    0x126E | LF_STRUCTURE [size = 120, hash = 0x1CC3A] `CFastBuffer<struct_CGameMasterServerRequestParams::SParam>`
             unique name: `137a0816-515b-48ec-b83e-e191074b42ad`
             vtable: <no type>, base list: <no type>, field list: <no type>
             options: forward ref (-> 0x27FC) | has unique name, sizeof 0
    0x126F | LF_STRUCTURE [size = 120, hash = 0x2745C] `CFastBuffer<struct_CGameNetPlayerInfo::SNetStateSendingInfo>`
             unique name: `b5712531-53d8-4d6c-a784-2bd06b1642c6`
             vtable: <no type>, base list: <no type>, field list: <no type>
             options: forward ref (-> 0x27FE) | has unique name, sizeof 0
    0x1270 | LF_STRUCTURE [size = 116, hash = 0x2511B] `CFastBuffer<struct_CGameNetPlayerInfo::SPagesOnClient>`
             unique name: `d559ce54-8217-468d-b6e2-df9792ee89c5`
             vtable: <no type>, base list: <no type>, field list: <no type>
             options: forward ref (-> 0x27FF) | has unique name, sizeof 0
    0x1271 | LF_STRUCTURE [size = 112, hash = 0x1B744] `CFastBuffer<struct_CGameNetTeamInfo::SMemberInfo>`
             unique name: `d633f765-4768-4e17-ae75-ff92f2f04650`
             vtable: <no type>, base list: <no type>, field list: <no type>
             options: forward ref (-> 0x2801) | has unique name, sizeof 0
    0x1272 | LF_STRUCTURE [size = 112, hash = 0x3CAC0] `CFastBuffer<struct_CGameNetwork::SClientBannedInfo*>`
             unique name: `09b08887-9989-4f11-be58-fedb470928a5`
             vtable: <no type>, base list: <no type>, field list: <no type>
             options: forward ref (-> 0x2802) | has unique name, sizeof 0
    0x1273 | LF_STRUCTURE [size = 112, hash = 0x147DD] `CFastBuffer<struct_CGameNetwork::SPlayerInfosToSend>`
             unique name: `453e6cc6-ad7c-4f44-bf2e-ed6ce38887f2`
             vtable: <no type>, base list: <no type>, field list: <no type>
             options: forward ref (-> 0x2803) | has unique name, sizeof 0
    0x1274 | LF_STRUCTURE [size = 112, hash = 0x229EC] `CFastBuffer<struct_CGameNetwork::SRpcBannedPlayer>`
             unique name: `147b1c62-a8bb-40d0-803c-9665f167894b`
             vtable: <no type>, base list: <no type>, field list: <no type>
             options: forward ref (-> 0x2805) | has unique name, sizeof 0
    0x1275 | LF_STRUCTURE [size = 112, hash = 0x39E24] `CFastBuffer<struct_CGameNetwork::SVoteSpecificRatio>`
             unique name: `4557b7e2-0656-429b-ab3d-27a00367e294`
             vtable: <no type>, base list: <no type>, field list: <no type>
             options: forward ref (-> 0x2807) | has unique name, sizeof 0
    0x1276 | LF_STRUCTURE [size = 108, hash = 0x1F44C] `CFastBuffer<struct_CGamePlayerInfo::SSkinInfo>`
             unique name: `eed9f28b-163f-471f-8fd2-580db2c456df`
             vtable: <no type>, base list: <no type>, field list: <no type>
             options: forward ref (-> 0x2809) | has unique name, sizeof 0
    0x1277 | LF_STRUCTURE [size = 128, hash = 0x2940C] `CFastBuffer<struct_CGamePlayerOfficialScores::SFilteredPlayerRank>`
             unique name: `22727206-7ecc-46c8-9cf6-2a641ed13e76`
             vtable: <no type>, base list: <no type>, field list: <no type>
             options: forward ref (-> 0x280A) | has unique name, sizeof 0
    0x1278 | LF_STRUCTURE [size = 116, hash = 0x34CA7] `CFastBuffer<struct_CGamePlayerProfile::SCampaignUnlocks>`
             unique name: `e986b4b4-5942-46c1-9114-16092cc15afa`
             vtable: <no type>, base list: <no type>, field list: <no type>
             options: forward ref (-> 0x280B) | has unique name, sizeof 0
    0x1279 | LF_STRUCTURE [size = 116, hash = 0x20A8D] `CFastBuffer<struct_CGamePlayerProfile::SFavouriteInfo>`
             unique name: `4561ad43-cac7-4187-a1a7-6cd3274f32f1`
             vtable: <no type>, base list: <no type>, field list: <no type>
             options: forward ref (-> 0x280C) | has unique name, sizeof 0
    0x127A | LF_STRUCTURE [size = 116, hash = 0x1D4CC] `CFastBuffer<struct_CGamePlayerProfile::SVehicleProfile>`
             unique name: `99f0d768-0ede-484f-86b0-d2e6b5f5b38f`
             vtable: <no type>, base list: <no type>, field list: <no type>
             options: forward ref (-> 0x280D) | has unique name, sizeof 0
    0x127B | LF_STRUCTURE [size = 120, hash = 0xA679] `CFastBuffer<struct_CGamePlayerScore::SCampaignRecordsState>`
             unique name: `34b39443-dad2-4b80-836f-1e88a72c8e9b`
             vtable: <no type>, base list: <no type>, field list: <no type>
             options: forward ref (-> 0x280E) | has unique name, sizeof 0
    0x127C | LF_STRUCTURE [size = 116, hash = 0x22831] `CFastBuffer<struct_CGamePlayerScore::SLadderMatchResult>`
             unique name: `f1707142-4eec-4ada-b950-cf23681157fb`
             vtable: <no type>, base list: <no type>, field list: <no type>
             options: forward ref (-> 0x280F) | has unique name, sizeof 0
    0x127D | LF_STRUCTURE [size = 120, hash = 0x39236] `CFastBuffer<struct_CGamePlayerScore::STrainingMedalsScores>`
             unique name: `bb573042-0897-45a3-a499-a8a088b81a54`
             vtable: <no type>, base list: <no type>, field list: <no type>
             options: forward ref (-> 0x2810) | has unique name, sizeof 0
    0x127E | LF_STRUCTURE [size = 120, hash = 0x133E0] `CFastBuffer<struct_CGamePlaygroundInterface::SAvatarMessage>`
             unique name: `cca2f5f3-f6d4-4909-b8db-2db8f70f69e6`
             vtable: <no type>, base list: <no type>, field list: <no type>
             options: forward ref (-> 0x2811) | has unique name, sizeof 0
    0x127F | LF_STRUCTURE [size = 100, hash = 0x15B2B] `CFastBuffer<struct_CGamePopUp::SItem>`
             unique name: `7af37a82-2403-448e-a79d-9b41c72bf879`
             vtable: <no type>, base list: <no type>, field list: <no type>
             options: forward ref (-> 0x2812) | has unique name, sizeof 0
    0x1280 | LF_STRUCTURE [size = 120, hash = 0x39B] `CFastBuffer<struct_CGameRace::SPlayerInfosForTargetting*>`
             unique name: `3c8f6e00-0132-4bc3-9a11-6380cbaf4909`
             vtable: <no type>, base list: <no type>, field list: <no type>
             options: forward ref (-> 0x2813) | has unique name, sizeof 0
    0x1281 | LF_STRUCTURE [size = 116, hash = 0x16C15] `CFastBuffer<struct_CGameRace::SPlayerInfosForTargetting>`
             unique name: `9c7d7abd-09e4-4bdb-9c38-4464e84bedc2`
             vtable: <no type>, base list: <no type>, field list: <no type>
             options: forward ref (-> 0x2815) | has unique name, sizeof 0
    0x1282 | LF_STRUCTURE [size = 116, hash = 0x19759] `CFastBuffer<struct_CGameRemoteBuffer::SRemoteDatasPage*>`
             unique name: `1f651918-c16f-4a91-92be-6a68c418cad4`
             vtable: <no type>, base list: <no type>, field list: <no type>
             options: forward ref (-> 0x2816) | has unique name, sizeof 0
    0x1283 | LF_STRUCTURE [size = 108, hash = 0x18831] `CFastBuffer<struct_CGameRemoteBuffer::SUser*>`
             unique name: `178791c5-ca48-42b3-bdc7-eac788969c1b`
             vtable: <no type>, base list: <no type>, field list: <no type>
             options: forward ref (-> 0x2818) | has unique name, sizeof 0
    0x1284 | LF_STRUCTURE [size = 108, hash = 0x58E5] `CFastBuffer<struct_CHmsCameraFx::SBitmapOutput>`
             unique name: `1f94a86a-8908-49cf-91f8-be2a0c725bd3`
             vtable: <no type>, base list: <no type>, field list: <no type>
             options: forward ref (-> 0x281A) | has unique name, sizeof 0
    0x1285 | LF_STRUCTURE [size = 116, hash = 0x3A149] `CFastBuffer<struct_CHmsCollisionManager::SColOctreeCell>`
             unique name: `43c74ed4-ef8a-4452-a303-2ddc726c3871`
             vtable: <no type>, base list: <no type>, field list: <no type>
             options: forward ref (-> 0x281B) | has unique name, sizeof 0
    0x1286 | LF_STRUCTURE [size = 124, hash = 0x309F1] `CFastBuffer<struct_CHmsCollisionManager::SGroup::SAgainstGroup>`
             unique name: `d39d7ed5-f2f2-4c4c-b45e-a448bb10f873`
             vtable: <no type>, base list: <no type>, field list: <no type>
             options: forward ref (-> 0x281D) | has unique name, sizeof 0
    0x1287 | LF_STRUCTURE [size = 108, hash = 0x15229] `CFastBuffer<struct_CHmsCollisionManager::SZone*>`
             unique name: `6029615c-fe39-4bef-8e73-0d34299567be`
             vtable: <no type>, base list: <no type>, field list: <no type>
             options: forward ref (-> 0x281E) | has unique name, sizeof 0
    0x1288 | LF_STRUCTURE [size = 104, hash = 0x74DE] `CFastBuffer<struct_CHmsDyna::SHistoryPoint>`
             unique name: `3c46b725-72aa-4969-8307-9b0722293bb6`
             vtable: <no type>, base list: <no type>, field list: <no type>
             options: forward ref (-> 0x281F) | has unique name, sizeof 0
    0x1289 | LF_STRUCTURE [size = 108, hash = 0x27643] `CFastBuffer<struct_CHmsOcclusion::SPlanesAtPos*>`
             unique name: `16adf16d-0169-43ee-ac4f-15efda1bac8d`
             vtable: <no type>, base list: <no type>, field list: <no type>
             options: forward ref (-> 0x2820) | has unique name, sizeof 0
    0x128A | LF_STRUCTURE [size = 104, hash = 0x1D260] `CFastBuffer<struct_CHmsPackLightMap::SBlock>`
             unique name: `a1afe025-7612-484b-9d57-4cbc43834375`
             vtable: <no type>, base list: <no type>, field list: <no type>
             options: forward ref (-> 0x2821) | has unique name, sizeof 0
    0x128B | LF_STRUCTURE [size = 108, hash = 0x33137] `CFastBuffer<struct_CHmsPackLightMapCache::SMap>`
             unique name: `aa0dc67d-03c2-471f-abaf-c95a3a8b9c90`
             vtable: <no type>, base list: <no type>, field list: <no type>
             options: forward ref (-> 0x2823) | has unique name, sizeof 0
    0x128C | LF_STRUCTURE [size = 112, hash = 0x26752] `CFastBuffer<struct_CHmsViewport::SClippingFrustum>`
             unique name: `697392d8-84e8-49d4-ab2f-0fc2d6c012d5`
             vtable: <no type>, base list: <no type>, field list: <no type>
             options: forward ref (-> 0x2825) | has unique name, sizeof 0
    0x128D | LF_STRUCTURE [size = 112, hash = 0xBFC] `CFastBuffer<struct_CHmsViewport::SVisualLocation>`
             unique name: `e9e6201a-4615-4405-8490-ca70ca8431ec`
             vtable: <no type>, base list: <no type>, field list: <no type>
             options: forward ref (-> 0x2826) | has unique name, sizeof 0
    0x128E | LF_STRUCTURE [size = 112, hash = 0x2C7AA] `CFastBuffer<struct_CHmsVPackerCell::SLightBallLoc>`
             unique name: `ad48fd8e-5441-4f40-b261-546d196baaa9`
             vtable: <no type>, base list: <no type>, field list: <no type>
             options: forward ref (-> 0x2827) | has unique name, sizeof 0
    0x128F | LF_STRUCTURE [size = 112, hash = 0xA2B5] `CFastBuffer<struct_CHmsVPackerCell::SLightSpotLoc>`
             unique name: `63625585-ead1-4194-ae22-c95268437f4c`
             vtable: <no type>, base list: <no type>, field list: <no type>
             options: forward ref (-> 0x2829) | has unique name, sizeof 0
    0x1290 | LF_STRUCTURE [size = 112, hash = 0x4385] `CFastBuffer<struct_CHmsVPackerCell::STreeMipLocated>`
             unique name: `f92c0c0c-d969-481d-9598-e604ff688789`
             vtable: <no type>, base list: <no type>, field list: <no type>
             options: forward ref (-> 0x282B) | has unique name, sizeof 0
    0x1291 | LF_STRUCTURE [size = 108, hash = 0x1AE6D] `CFastBuffer<struct_CHmsZoneVPacker::SClipPlane>`
             unique name: `bfb0940d-135a-48ee-bb80-d19335051dc1`
             vtable: <no type>, base list: <no type>, field list: <no type>
             options: forward ref (-> 0x282C) | has unique name, sizeof 0
    0x1292 | LF_STRUCTURE [size = 112, hash = 0x2B30] `CFastBuffer<struct_CHmsZoneVPacker::SLocTreeCorpus>`
             unique name: `daaf53ca-5934-4b11-b018-d150857c9afe`
             vtable: <no type>, base list: <no type>, field list: <no type>
             options: forward ref (-> 0x282E) | has unique name, sizeof 0
    0x1293 | LF_STRUCTURE [size = 108, hash = 0xC5B4] `CFastBuffer<struct_CHmsZoneVPacker::SShaderWrap>`
             unique name: `61bc0997-d1cc-4eb7-ab93-8348581af847`
             vtable: <no type>, base list: <no type>, field list: <no type>
             options: forward ref (-> 0x2830) | has unique name, sizeof 0
    0x1294 | LF_STRUCTURE [size = 112, hash = 0x166A6] `CFastBuffer<struct_CHmsZoneVPacker::SStackLocation>`
             unique name: `8ae713a4-35ac-4e5b-a836-fd4fa4506d9e`
             vtable: <no type>, base list: <no type>, field list: <no type>
             options: forward ref (-> 0x2831) | has unique name, sizeof 0
    0x1295 | LF_STRUCTURE [size = 108, hash = 0xE896] `CFastBuffer<struct_CHmsZoneVPacker::SVisualWrap>`
             unique name: `1c02f45a-e069-4c29-98a6-4a412f1e4b87`
             vtable: <no type>, base list: <no type>, field list: <no type>
             options: forward ref (-> 0x2832) | has unique name, sizeof 0
    0x1296 | LF_STRUCTURE [size = 112, hash = 0xF2F9] `CFastBuffer<struct_CInputBindingsConfig::SBinding>`
             unique name: `ca9e2def-c46f-479b-92b7-56747a13c8a0`
             vtable: <no type>, base list: <no type>, field list: <no type>
             options: forward ref (-> 0x2833) | has unique name, sizeof 0
    0x1297 | LF_STRUCTURE [size = 124, hash = 0xEF1] `CFastBuffer<struct_CInputBindingsConfig::SGameActionToReconnect>`
             unique name: `27680c69-77c9-431d-a4ca-158972e3474d`
             vtable: <no type>, base list: <no type>, field list: <no type>
             options: forward ref (-> 0x2835) | has unique name, sizeof 0
    0x1298 | LF_STRUCTURE [size = 104, hash = 0x3A45B] `CFastBuffer<struct_CInputDevice::SRumble>`
             unique name: `582726ca-2f7f-42b3-8c00-4b015748b594`
             vtable: <no type>, base list: <no type>, field list: <no type>
             options: forward ref (-> 0x2836) | has unique name, sizeof 0
    0x1299 | LF_STRUCTURE [size = 112, hash = 0x3DBF3] `CFastBuffer<struct_CInputDeviceDx8Pad::SObjectDesc>`
             unique name: `e7b73d5d-59d8-4724-beaa-9bbb98c59bee`
             vtable: <no type>, base list: <no type>, field list: <no type>
             options: forward ref (-> 0x2837) | has unique name, sizeof 0
    0x129A | LF_STRUCTURE [size = 112, hash = 0x1C4BF] `CFastBuffer<struct_CInputEventsStore::SCachedValue>`
             unique name: `4d2a5235-78b6-49c7-841e-7c8fdcdaaf4b`
             vtable: <no type>, base list: <no type>, field list: <no type>
             options: forward ref (-> 0x2838) | has unique name, sizeof 0
    0x129B | LF_STRUCTURE [size = 112, hash = 0x3483B] `CFastBuffer<struct_CIPCRemoteControl_SAuthParams*>`
             unique name: `5d207a0c-1945-4b02-b4f7-293205d9dcb0`
             vtable: <no type>, base list: <no type>, field list: <no type>
             options: forward ref (-> 0x2839) | has unique name, sizeof 0
    0x129C | LF_STRUCTURE [size = 112, hash = 0x16C3F] `CFastBuffer<struct_CMotionManagerParticles::SPart>`
             unique name: `0325fce4-4e96-40c1-9438-13f7f00f9be3`
             vtable: <no type>, base list: <no type>, field list: <no type>
             options: forward ref (-> 0x283A) | has unique name, sizeof 0
    0x129D | LF_STRUCTURE [size = 124, hash = 0x3A717] `CFastBuffer<struct_CMotionManagerParticles::SPartBirthParams>`
             unique name: `6938e594-67fc-48d5-b4b8-aeb1f35fa288`
             vtable: <no type>, base list: <no type>, field list: <no type>
             options: forward ref (-> 0x283B) | has unique name, sizeof 0
    0x129E | LF_STRUCTURE [size = 116, hash = 0xDE6E] `CFastBuffer<struct_CMotionManagerParticles::SPartGroup>`
             unique name: `fc887f60-aa67-4835-9e54-56bd5d643199`
             vtable: <no type>, base list: <no type>, field list: <no type>
             options: forward ref (-> 0x283C) | has unique name, sizeof 0
    0x129F | LF_STRUCTURE [size = 124, hash = 0x2927A] `CFastBuffer<struct_CMotionManagerParticles::SPartGroupEmitter>`
             unique name: `90df9855-a812-4fbf-8572-5e1a45e0f24b`
             vtable: <no type>, base list: <no type>, field list: <no type>
             options: forward ref (-> 0x283D) | has unique name, sizeof 0
    0x12A0 | LF_STRUCTURE [size = 112, hash = 0x245F1] `CFastBuffer<struct_CMotionSkelBlender::CBlendedBone>`
             unique name: `6ef2e8e9-18ee-41c3-8f6a-c9a63772a9c5`
             vtable: <no type>, base list: <no type>, field list: <no type>
             options: forward ref (-> 0x283F) | has unique name, sizeof 0
    0x12A1 | LF_STRUCTURE [size = 112, hash = 0x18B53] `CFastBuffer<struct_CMwCmdBlockMain::SMainContext>`
             unique name: `e13be517-0d3f-4519-8bf0-d6f3be7d5c64`
             vtable: <no type>, base list: <no type>, field list: <no type>
             options: forward ref (-> 0x2841) | has unique name, sizeof 0
    0x12A2 | LF_STRUCTURE [size = 108, hash = 0x3DFAE] `CFastBuffer<struct_CMwNod::SManuallyLoadedFid>`
             unique name: `bb6caf05-5e5e-4b20-b143-3b5388bf80ef`
             vtable: <no type>, base list: <no type>, field list: <no type>
             options: forward ref (-> 0x2842) | has unique name, sizeof 0
    0x12A3 | LF_STRUCTURE [size = 120, hash = 0x1175D] `CFastBuffer<struct_CNetClient::SQueuedNetConnectionLessNod>`
             unique name: `c678c68d-56cf-4f54-a9c5-dc1a68e73317`
             vtable: <no type>, base list: <no type>, field list: <no type>
             options: forward ref (-> 0x2844) | has unique name, sizeof 0
    0x12A4 | LF_STRUCTURE [size = 108, hash = 0x12428] `CFastBuffer<struct_CNetClient::SQueuedNetNod>`
             unique name: `1f832a7a-0401-4f8a-9f44-ff0759ae21f4`
             vtable: <no type>, base list: <no type>, field list: <no type>
             options: forward ref (-> 0x2845) | has unique name, sizeof 0
    0x12A5 | LF_STRUCTURE [size = 112, hash = 0x3C829] `CFastBuffer<struct_CNetConnection::SEmmissionElem>`
             unique name: `343130a5-cb99-4546-99e8-71f5daffcc52`
             vtable: <no type>, base list: <no type>, field list: <no type>
             options: forward ref (-> 0x2846) | has unique name, sizeof 0
    0x12A6 | LF_STRUCTURE [size = 96, hash = 0x3BCCC] `CFastBuffer<struct_CNetIPAddress>`
             unique name: `7ae18563-26aa-48f7-83ca-0e29afee97c0`
             vtable: <no type>, base list: <no type>, field list: <no type>
             options: forward ref (-> 0x2847) | has unique name, sizeof 0
    0x12A7 | LF_STRUCTURE [size = 116, hash = 0x5F50] `CFastBuffer<struct_CNetIPCConnectedClient::SQueueElem>`
             unique name: `3c24b9ac-aa59-4c24-b67b-aa2f3feccebe`
             vtable: <no type>, base list: <no type>, field list: <no type>
             options: forward ref (-> 0x2849) | has unique name, sizeof 0
    0x12A8 | LF_STRUCTURE [size = 116, hash = 0x26D92] `CFastBuffer<struct_CNetMasterServer::SMasterServerInfos>`
             unique name: `43ae0b8b-89ea-4dae-bd54-5581c260e0db`
             vtable: <no type>, base list: <no type>, field list: <no type>
             options: forward ref (-> 0x284A) | has unique name, sizeof 0
    0x12A9 | LF_STRUCTURE [size = 112, hash = 0x27CD3] `CFastBuffer<struct_CNetMasterServer::SRequestInfos>`
             unique name: `152f9d59-7fe7-47dc-9fd2-358a37f09fba`
             vtable: <no type>, base list: <no type>, field list: <no type>
             options: forward ref (-> 0x284B) | has unique name, sizeof 0
    0x12AA | LF_STRUCTURE [size = 124, hash = 0x22C94] `CFastBuffer<struct_CNetMasterServerRequest::SRequestElement*>`
             unique name: `d54ffc97-0ca4-4d9e-a29d-0391bd0c2b62`
             vtable: <no type>, base list: <no type>, field list: <no type>
             options: forward ref (-> 0x284C) | has unique name, sizeof 0
    0x12AB | LF_STRUCTURE [size = 116, hash = 0x379EF] `CFastBuffer<struct_COalAudioBufferKeeper::SStreamBuffer>`
             unique name: `70c36c7d-f35e-4305-b20a-408dea6dd347`
             vtable: <no type>, base list: <no type>, field list: <no type>
             options: forward ref (-> 0x284E) | has unique name, sizeof 0
    0x12AC | LF_STRUCTURE [size = 108, hash = 0x3D588] `CFastBuffer<struct_CPlugBitmap::SPixCopyDesc>`
             unique name: `27fb784b-75b1-4e18-9001-d588e57645a9`
             vtable: <no type>, base list: <no type>, field list: <no type>
             options: forward ref (-> 0x284F) | has unique name, sizeof 0
    0x12AD | LF_STRUCTURE [size = 112, hash = 0x9C54] `CFastBuffer<struct_CPlugBitmap::SSpecularSubMapCat>`
             unique name: `6c2b66a4-12ea-4c5a-9c6e-c8397b995375`
             vtable: <no type>, base list: <no type>, field list: <no type>
             options: forward ref (-> 0x2850) | has unique name, sizeof 0
    0x12AE | LF_STRUCTURE [size = 120, hash = 0x362D8] `CFastBuffer<struct_CPlugBitmapRenderHemisphere::SHemiObject>`
             unique name: `c1d8152e-7cdf-4e41-bad3-1269f4e0e5b6`
             vtable: <no type>, base list: <no type>, field list: <no type>
             options: forward ref (-> 0x2851) | has unique name, sizeof 0
    0x12AF | LF_STRUCTURE [size = 124, hash = 0x231BF] `CFastBuffer<struct_CPlugBitmapRenderLightFromMap::SObjectColors>`
             unique name: `f4f84d0b-e9f5-4f44-8619-0b6c740c24d1`
             vtable: <no type>, base list: <no type>, field list: <no type>
             options: forward ref (-> 0x2852) | has unique name, sizeof 0
    0x12B0 | LF_STRUCTURE [size = 112, hash = 0x28D74] `CFastBuffer<struct_CPlugBitmapRenderSolid::SSolid>`
             unique name: `6d80fd63-af0c-4d79-b427-7730c6390432`
             vtable: <no type>, base list: <no type>, field list: <no type>
             options: forward ref (-> 0x2853) | has unique name, sizeof 0
    0x12B1 | LF_STRUCTURE [size = 104, hash = 0x39199] `CFastBuffer<struct_CPlugFile::SPlugFileType>`
             unique name: `e97a52b3-4906-491c-adae-2adfcec99b61`
             vtable: <no type>, base list: <no type>, field list: <no type>
             options: forward ref (-> 0x2854) | has unique name, sizeof 0
    0x12B2 | LF_STRUCTURE [size = 112, hash = 0x1EF5] `CFastBuffer<struct_CPlugFileFidContainer::SFileDesc>`
             unique name: `4e492ae5-1249-4e53-a09a-ef8f3933b302`
             vtable: <no type>, base list: <no type>, field list: <no type>
             options: forward ref (-> 0x2855) | has unique name, sizeof 0
    0x12B3 | LF_STRUCTURE [size = 116, hash = 0x29E2F] `CFastBuffer<struct_CPlugFileFidContainer::SFolderDesc>`
             unique name: `89eab7ca-5b06-4277-9c31-1a8cd8a5056c`
             vtable: <no type>, base list: <no type>, field list: <no type>
             options: forward ref (-> 0x2856) | has unique name, sizeof 0
    0x12B4 | LF_STRUCTURE [size = 104, hash = 0x12BEB] `CFastBuffer<struct_CPlugFileGPU::SDxDefine>`
             unique name: `d942e5c5-9c29-432e-8867-64ed87b5c79d`
             vtable: <no type>, base list: <no type>, field list: <no type>
             options: forward ref (-> 0x2857) | has unique name, sizeof 0
    0x12B5 | LF_STRUCTURE [size = 104, hash = 0x186E1] `CFastBuffer<struct_CPlugFileGPU::SLoadDesc>`
             unique name: `6824f701-881d-4c15-8dc7-68abc04ec3af`
             vtable: <no type>, base list: <no type>, field list: <no type>
             options: forward ref (-> 0x2859) | has unique name, sizeof 0
    0x12B6 | LF_STRUCTURE [size = 104, hash = 0x240A8] `CFastBuffer<struct_CPlugFileGPU::SSampler>`
             unique name: `dad971cc-691e-4f4d-ab67-c5cd1a18966d`
             vtable: <no type>, base list: <no type>, field list: <no type>
             options: forward ref (-> 0x285A) | has unique name, sizeof 0
    0x12B7 | LF_STRUCTURE [size = 112, hash = 0xAECB] `CFastBuffer<struct_CPlugFont::CUrlLinks::SUrlLink>`
             unique name: `101c5ea7-23e8-4b12-8bfc-8e3fc41ece0a`
             vtable: <no type>, base list: <no type>, field list: <no type>
             options: forward ref (-> 0x285C) | has unique name, sizeof 0
    0x12B8 | LF_STRUCTURE [size = 112, hash = 0x3836E] `CFastBuffer<struct_CPlugFont::SCharStyle::SStyle>`
             unique name: `cc3b7be4-0e09-4fa6-bd8e-d78af88f6eb8`
             vtable: <no type>, base list: <no type>, field list: <no type>
             options: forward ref (-> 0x285D) | has unique name, sizeof 0
    0x12B9 | LF_STRUCTURE [size = 112, hash = 0x20F39] `CFastBuffer<struct_CPlugModelLodMesh::SDataLayer>`
             unique name: `041eac7a-aadc-4450-811d-428331c9f623`
             vtable: <no type>, base list: <no type>, field list: <no type>
             options: forward ref (-> 0x285F) | has unique name, sizeof 0
    0x12BA | LF_STRUCTURE [size = 108, hash = 0xC06E] `CFastBuffer<struct_CPlugModelLodMesh::SLevel>`
             unique name: `28e70a52-713a-4b5e-a46d-53cf4568f20f`
             vtable: <no type>, base list: <no type>, field list: <no type>
             options: forward ref (-> 0x2860) | has unique name, sizeof 0
    0x12BB | LF_STRUCTURE [size = 108, hash = 0x2D621] `CFastBuffer<struct_CPlugModelMesh::SBlendShape2>`
             unique name: `b3be9dcd-b7fb-4db7-907d-23a902d914f1`
             vtable: <no type>, base list: <no type>, field list: <no type>
             options: forward ref (-> 0x2861) | has unique name, sizeof 0
    0x12BC | LF_STRUCTURE [size = 112, hash = 0x391EB] `CFastBuffer<struct_CPlugModelMesh::SBlendShapeFrame>`
             unique name: `bc163c3c-4dd7-4d07-81be-7c632a219bbe`
             vtable: <no type>, base list: <no type>, field list: <no type>
             options: forward ref (-> 0x2862) | has unique name, sizeof 0
    0x12BD | LF_STRUCTURE [size = 108, hash = 0x2DA03] `CFastBuffer<struct_CPlugModelMesh::SEllipsoid>`
             unique name: `3ffdfe59-3c06-4d5c-afff-023926139b9c`
             vtable: <no type>, base list: <no type>, field list: <no type>
             options: forward ref (-> 0x2864) | has unique name, sizeof 0
    0x12BE | LF_STRUCTURE [size = 108, hash = 0x29847] `CFastBuffer<struct_CPlugModelMesh::SLineColor>`
             unique name: `238585ab-35b7-4b67-bca2-4898bc9f758f`
             vtable: <no type>, base list: <no type>, field list: <no type>
             options: forward ref (-> 0x2865) | has unique name, sizeof 0
    0x12BF | LF_STRUCTURE [size = 108, hash = 0x11413] `CFastBuffer<struct_CPlugModelMesh::SMaterial>`
             unique name: `98e83354-50ae-4151-938d-c4914b9b739c`
             vtable: <no type>, base list: <no type>, field list: <no type>
             options: forward ref (-> 0x2866) | has unique name, sizeof 0
    0x12C0 | LF_STRUCTURE [size = 112, hash = 0x3EDE8] `CFastBuffer<struct_CPlugModelMesh::SOldBlendShape>`
             unique name: `7622c092-21cf-40fd-a847-16c73cef61c3`
             vtable: <no type>, base list: <no type>, field list: <no type>
             options: forward ref (-> 0x2867) | has unique name, sizeof 0
    0x12C1 | LF_STRUCTURE [size = 104, hash = 0x6022] `CFastBuffer<struct_CPlugModelMesh::SPoly>`
             unique name: `4852f588-6a8c-4fcd-aa0c-6202cc932dbc`
             vtable: <no type>, base list: <no type>, field list: <no type>
             options: forward ref (-> 0x2868) | has unique name, sizeof 0
    0x12C2 | LF_STRUCTURE [size = 108, hash = 0x1B8BE] `CFastBuffer<struct_CPlugModelMesh::SPolyGroup>`
             unique name: `0352d0aa-dd72-4244-b7b1-456ef72626e1`
             vtable: <no type>, base list: <no type>, field list: <no type>
             options: forward ref (-> 0x2869) | has unique name, sizeof 0
    0x12C3 | LF_STRUCTURE [size = 104, hash = 0x288D2] `CFastBuffer<struct_CPlugModelMesh::SSphere>`
             unique name: `081a8f0f-eed5-4d95-8cb1-97830e31d2d5`
             vtable: <no type>, base list: <no type>, field list: <no type>
             options: forward ref (-> 0x286A) | has unique name, sizeof 0
    0x12C4 | LF_STRUCTURE [size = 104, hash = 0x1D0D] `CFastBuffer<struct_CPlugModelMesh::STangent>`
             unique name: `116d0652-0f86-4776-9def-8d20251f4916`
             vtable: <no type>, base list: <no type>, field list: <no type>
             options: forward ref (-> 0x286B) | has unique name, sizeof 0
    0x12C5 | LF_STRUCTURE [size = 112, hash = 0x3AC27] `CFastBuffer<struct_CPlugModelMesh::SVertexDataLayer>`
             unique name: `c94cada7-2e4c-4017-a3ea-f9b2ded9ce8b`
             vtable: <no type>, base list: <no type>, field list: <no type>
             options: forward ref (-> 0x286C) | has unique name, sizeof 0
    0x12C6 | LF_STRUCTURE [size = 108, hash = 0x4AA6] `CFastBuffer<struct_CPlugModelTree::SDataLayer>`
             unique name: `e66d810c-e634-4adc-940c-5773ce84715c`
             vtable: <no type>, base list: <no type>, field list: <no type>
             options: forward ref (-> 0x286D) | has unique name, sizeof 0
    0x12C7 | LF_STRUCTURE [size = 112, hash = 0x28F95] `CFastBuffer<struct_CPlugPointsInSphereOpt::SPack>`
             unique name: `35b9abd1-9aea-4c17-9224-d8bee640991e`
             vtable: <no type>, base list: <no type>, field list: <no type>
             options: forward ref (-> 0x286E) | has unique name, sizeof 0
    0x12C8 | LF_STRUCTURE [size = 104, hash = 0x1D2F5] `CFastBuffer<struct_CPlugShader::SFxValue>`
             unique name: `f71d4691-c08f-45e5-b515-53ac6bcc951d`
             vtable: <no type>, base list: <no type>, field list: <no type>
             options: forward ref (-> 0x286F) | has unique name, sizeof 0
    0x12C9 | LF_STRUCTURE [size = 116, hash = 0x2C557] `CFastBuffer<struct_CPlugVertexStream::SStreamOrDeclType>`
             unique name: `0864101e-5a16-4be1-b315-c7e7aaee2e35`
             vtable: <no type>, base list: <no type>, field list: <no type>
             options: forward ref (-> 0x2871) | has unique name, sizeof 0
    0x12CA | LF_STRUCTURE [size = 112, hash = 0x21FAF] `CFastBuffer<struct_CPlugVisual3D::SMergeForceDecl>`
             unique name: `48a513a2-9833-48c0-a403-454deab83d96`
             vtable: <no type>, base list: <no type>, field list: <no type>
             options: forward ref (-> 0x2873) | has unique name, sizeof 0
    0x12CB | LF_STRUCTURE [size = 112, hash = 0xADC] `CFastBuffer<struct_CPlugVisual3D::SVisualToMerge>`
             unique name: `a0a1e1fe-fa7f-4829-afd9-cbb67f9087db`
             vtable: <no type>, base list: <no type>, field list: <no type>
             options: forward ref (-> 0x2874) | has unique name, sizeof 0
    0x12CC | LF_STRUCTURE [size = 104, hash = 0x3D19E] `CFastBuffer<struct_CPlugVisual::SSkinIndex>`
             unique name: `7c111ffe-94ef-45ae-987e-7a48e9b5ed1b`
             vtable: <no type>, base list: <no type>, field list: <no type>
             options: forward ref (-> 0x2876) | has unique name, sizeof 0
    0x12CD | LF_STRUCTURE [size = 112, hash = 0x385B] `CFastBuffer<struct_CPlugVisual::SSkinIndexWeight4>`
             unique name: `2febcc8b-412f-414b-9a69-4106140cecee`
             vtable: <no type>, base list: <no type>, field list: <no type>
             options: forward ref (-> 0x2877) | has unique name, sizeof 0
    0x12CE | LF_STRUCTURE [size = 100, hash = 0xB692] `CFastBuffer<struct_CPlugVisual::SSplit>`
             unique name: `31465244-8ecc-4d3e-aaa9-f2a7aab7c8ae`
             vtable: <no type>, base list: <no type>, field list: <no type>
             options: forward ref (-> 0x2878) | has unique name, sizeof 0
    0x12CF | LF_STRUCTURE [size = 112, hash = 0x3D8FB] `CFastBuffer<struct_CSceneExtraFlocking::SBirdData*>`
             unique name: `fa633443-a94a-4342-b981-8c4decf9f29a`
             vtable: <no type>, base list: <no type>, field list: <no type>
             options: forward ref (-> 0x287A) | has unique name, sizeof 0
    0x12D0 | LF_STRUCTURE [size = 104, hash = 0x3BDEC] `CFastBuffer<struct_CSceneFxCompo::SBitmap>`
             unique name: `09e09594-4dae-4a96-8072-a8d3490e3e2f`
             vtable: <no type>, base list: <no type>, field list: <no type>
             options: forward ref (-> 0x287C) | has unique name, sizeof 0
    0x12D1 | LF_STRUCTURE [size = 112, hash = 0x35AE6] `CFastBuffer<struct_CSceneFxSuperSample::SMultiLight>`
             unique name: `4ae64990-abda-446a-b58b-78bcbe577ba8`
             vtable: <no type>, base list: <no type>, field list: <no type>
             options: forward ref (-> 0x287D) | has unique name, sizeof 0
    0x12D2 | LF_STRUCTURE [size = 100, hash = 0xC0C9] `CFastBuffer<struct_CSceneMood::SLight>`
             unique name: `17591d95-61c7-4022-b01b-bff5883b62a0`
             vtable: <no type>, base list: <no type>, field list: <no type>
             options: forward ref (-> 0x287E) | has unique name, sizeof 0
    0x12D3 | LF_STRUCTURE [size = 112, hash = 0x23A13] `CFastBuffer<struct_CSceneToyBoat::SSailManoeuvre>`
             unique name: `1ab220e5-53cc-4f09-a9ba-0e0c123891ae`
             vtable: <no type>, base list: <no type>, field list: <no type>
             options: forward ref (-> 0x287F) | has unique name, sizeof 0
    0x12D4 | LF_STRUCTURE [size = 108, hash = 0x3EC52] `CFastBuffer<struct_CSceneToyBoat::SSurfacePoint>`
             unique name: `4b1edb31-54ea-4d0c-8561-c0459d17924e`
             vtable: <no type>, base list: <no type>, field list: <no type>
             options: forward ref (-> 0x2880) | has unique name, sizeof 0
    0x12D5 | LF_STRUCTURE [size = 104, hash = 0x1E88B] `CFastBuffer<struct_CSceneToyBoat::STeamMate>`
             unique name: `a32130a0-b0f2-406c-a831-cc292beb3ebd`
             vtable: <no type>, base list: <no type>, field list: <no type>
             options: forward ref (-> 0x2882) | has unique name, sizeof 0
    0x12D6 | LF_STRUCTURE [size = 112, hash = 0x31004] `CFastBuffer<struct_CSceneToySeaHouleTable::SImageHF>`
             unique name: `ab67cbeb-1787-4b65-a922-879cc8a6a33c`
             vtable: <no type>, base list: <no type>, field list: <no type>
             options: forward ref (-> 0x2883) | has unique name, sizeof 0
    0x12D7 | LF_STRUCTURE [size = 108, hash = 0x2C66F] `CFastBuffer<struct_CSceneTrafficGraph::SEdge>`
             unique name: `0f1c5b0a-b442-403f-b3a8-1521671fc096`
             vtable: <no type>, base list: <no type>, field list: <no type>
             options: forward ref (-> 0x2884) | has unique name, sizeof 0
    0x12D8 | LF_STRUCTURE [size = 104, hash = 0x28B36] `CFastBuffer<struct_CSceneTrafficGraph::SHub>`
             unique name: `c32af4c2-3a47-47d6-b5ab-6dbb959e8c49`
             vtable: <no type>, base list: <no type>, field list: <no type>
             options: forward ref (-> 0x2885) | has unique name, sizeof 0
    0x12D9 | LF_STRUCTURE [size = 108, hash = 0x395EC] `CFastBuffer<struct_CSceneVehicle::SVisualArm>`
             unique name: `84e89476-3844-4fee-b9b0-34763af4b2ef`
             vtable: <no type>, base list: <no type>, field list: <no type>
             options: forward ref (-> 0x2886) | has unique name, sizeof 0
    0x12DA | LF_STRUCTURE [size = 112, hash = 0x24D87] `CFastBuffer<struct_CSceneVehicle::SVisualEmitter>`
             unique name: `b9560fe2-51ac-4745-a699-5df75e067314`
             vtable: <no type>, base list: <no type>, field list: <no type>
             options: forward ref (-> 0x2887) | has unique name, sizeof 0
    0x12DB | LF_STRUCTURE [size = 108, hash = 0x3754D] `CFastBuffer<struct_CSceneVehicle::SVisualLight>`
             unique name: `9809083f-d33a-440c-8e5c-eb05ae7fca47`
             vtable: <no type>, base list: <no type>, field list: <no type>
             options: forward ref (-> 0x2888) | has unique name, sizeof 0
    0x12DC | LF_STRUCTURE [size = 108, hash = 0xF42C] `CFastBuffer<struct_CSceneVehicle::SVisualWheel>`
             unique name: `1681cd92-fdf4-4365-b0f0-92c8f1f733a8`
             vtable: <no type>, base list: <no type>, field list: <no type>
             options: forward ref (-> 0x2889) | has unique name, sizeof 0
    0x12DD | LF_STRUCTURE [size = 116, hash = 0x2142] `CFastBuffer<struct_CSceneVehicleCar::SSimulationWheel>`
             unique name: `e21a7c92-5961-42dd-8651-5dd88fd0f154`
             vtable: <no type>, base list: <no type>, field list: <no type>
             options: forward ref (-> 0x288A) | has unique name, sizeof 0
    0x12DE | LF_STRUCTURE [size = 120, hash = 0x3FA30] `CFastBuffer<struct_CSceneVehicleStruct::SSimulationWheel>`
             unique name: `11625243-755b-4b67-9345-07ddf2ff3d2b`
             vtable: <no type>, base list: <no type>, field list: <no type>
             options: forward ref (-> 0x288B) | has unique name, sizeof 0
    0x12DF | LF_STRUCTURE [size = 112, hash = 0x37362] `CFastBuffer<struct_CSceneVehicleStruct::SVisualArm>`
             unique name: `8916e146-3db4-470a-a093-484fbbcecca7`
             vtable: <no type>, base list: <no type>, field list: <no type>
             options: forward ref (-> 0x288C) | has unique name, sizeof 0
    0x12E0 | LF_STRUCTURE [size = 116, hash = 0x149E9] `CFastBuffer<struct_CSceneVehicleStruct::SVisualLight>`
             unique name: `e562da7e-9db1-4c1e-b5aa-3cd43b616ab5`
             vtable: <no type>, base list: <no type>, field list: <no type>
             options: forward ref (-> 0x288E) | has unique name, sizeof 0
    0x12E1 | LF_STRUCTURE [size = 116, hash = 0x2BB41] `CFastBuffer<struct_CSceneVehicleStruct::SVisualVehicle>`
             unique name: `88ce67ed-ad85-4ab5-8119-50fa71825802`
             vtable: <no type>, base list: <no type>, field list: <no type>
             options: forward ref (-> 0x2890) | has unique name, sizeof 0
    0x12E2 | LF_STRUCTURE [size = 116, hash = 0x15B56] `CFastBuffer<struct_CSceneVehicleStruct::SVisualWheel>`
             unique name: `e402507a-181d-4ce6-a1b4-7fe2883dc923`
             vtable: <no type>, base list: <no type>, field list: <no type>
             options: forward ref (-> 0x2891) | has unique name, sizeof 0
    0x12E3 | LF_STRUCTURE [size = 112, hash = 0x8D48] `CFastBuffer<struct_CSystemArchiveNod::SExternalRef>`
             unique name: `6d9e3878-108c-4b7a-8bcf-ed472c5e27a3`
             vtable: <no type>, base list: <no type>, field list: <no type>
             options: forward ref (-> 0x2893) | has unique name, sizeof 0
    0x12E4 | LF_STRUCTURE [size = 120, hash = 0x19D8C] `CFastBuffer<struct_CSystemEngine::SCallBack_OnFidConnected>`
             unique name: `4b603650-6e88-47f8-b887-899339d4e3b1`
             vtable: <no type>, base list: <no type>, field list: <no type>
             options: forward ref (-> 0x2894) | has unique name, sizeof 0
    0x12E5 | LF_STRUCTURE [size = 112, hash = 0x3190] `CFastBuffer<struct_CSystemFidParameters::SParam*>`
             unique name: `ae6c66ff-4b4d-4c72-b7ea-1465afbd6652`
             vtable: <no type>, base list: <no type>, field list: <no type>
             options: forward ref (-> 0x2896) | has unique name, sizeof 0
    0x12E6 | LF_STRUCTURE [size = 120, hash = 0x16763] `CFastBuffer<struct_CSystemManagerFile::SEnumFileFolderInfo>`
             unique name: `d5aa477c-43a5-49f1-8fa8-d1a85fc59612`
             vtable: <no type>, base list: <no type>, field list: <no type>
             options: forward ref (-> 0x2897) | has unique name, sizeof 0
    0x12E7 | LF_STRUCTURE [size = 112, hash = 0xFA9E] `CFastBuffer<struct_CSystemPackManager::SQueueElem>`
             unique name: `f969cd25-18fb-4832-a272-eecda39c7a66`
             vtable: <no type>, base list: <no type>, field list: <no type>
             options: forward ref (-> 0x2899) | has unique name, sizeof 0
    0x12E8 | LF_STRUCTURE [size = 112, hash = 0xA60] `CFastBuffer<struct_CSystemXmlTools::SStringRemap>`
             unique name: `bb412d0f-c135-425b-8ac2-63a6dbcc3233`
             vtable: <no type>, base list: <no type>, field list: <no type>
             options: forward ref (-> 0x289A) | has unique name, sizeof 0
    0x12E9 | LF_STRUCTURE [size = 112, hash = 0x2555B] `CFastBuffer<struct_CTrackManiaControlScores2::SCell>`
             unique name: `a19bf1e5-3cc0-433c-91ee-e7291572f242`
             vtable: <no type>, base list: <no type>, field list: <no type>
             options: forward ref (-> 0x289B) | has unique name, sizeof 0
    0x12EA | LF_STRUCTURE [size = 112, hash = 0x94E4] `CFastBuffer<struct_CTrackManiaControlScores2::SList>`
             unique name: `58a616e6-a13a-447d-b2a4-7c5b04eb7cc9`
             vtable: <no type>, base list: <no type>, field list: <no type>
             options: forward ref (-> 0x289C) | has unique name, sizeof 0
    0x12EB | LF_STRUCTURE [size = 124, hash = 0x216A8] `CFastBuffer<struct_CTrackManiaEditorInterface::SFollowedNode*>`
             unique name: `8f937c1c-9a1b-425b-acfe-dbfbda59e248`
             vtable: <no type>, base list: <no type>, field list: <no type>
             options: forward ref (-> 0x289D) | has unique name, sizeof 0
    0x12EC | LF_STRUCTURE [size = 124, hash = 0x382B6] `CFastBuffer<struct_CTrackManiaNetwork::SPlayerScoreToValidate>`
             unique name: `c8d3de76-3b4e-4812-ab56-488e0bb553e3`
             vtable: <no type>, base list: <no type>, field list: <no type>
             options: forward ref (-> 0x289E) | has unique name, sizeof 0
    0x12ED | LF_STRUCTURE [size = 116, hash = 0x1622A] `CFastBuffer<struct_CTrackManiaNetwork::SPlayListElem>`
             unique name: `68c6e3d8-86b4-4073-9d1f-93c900a627ff`
             vtable: <no type>, base list: <no type>, field list: <no type>
             options: forward ref (-> 0x289F) | has unique name, sizeof 0
    0x12EE | LF_STRUCTURE [size = 124, hash = 0x1E086] `CFastBuffer<struct_CTrackManiaNetwork::SReplayToValidateData>`
             unique name: `94b141f2-f471-457d-b31d-9b415154c7d1`
             vtable: <no type>, base list: <no type>, field list: <no type>
             options: forward ref (-> 0x28A1) | has unique name, sizeof 0
    0x12EF | LF_STRUCTURE [size = 124, hash = 0x2C122] `CFastBuffer<struct_CTrackManiaNetwork::SRpcChallengeQuickInfo>`
             unique name: `29a2e507-8213-444f-9f38-771c636ff7c7`
             vtable: <no type>, base list: <no type>, field list: <no type>
             options: forward ref (-> 0x28A2) | has unique name, sizeof 0
    0x12F0 | LF_STRUCTURE [size = 116, hash = 0x19C6F] `CFastBuffer<struct_CTrackManiaNetwork::SRpcForcedScores>`
             unique name: `f641404d-f244-4a37-abb1-73ae878b4bd4`
             vtable: <no type>, base list: <no type>, field list: <no type>
             options: forward ref (-> 0x28A4) | has unique name, sizeof 0
    0x12F1 | LF_STRUCTURE [size = 124, hash = 0x23EDD] `CFastBuffer<struct_CTrackManiaNetwork::SRpcPlayerNetworkInfo>`
             unique name: `621113b7-052b-4816-addb-7926984bf9c0`
             vtable: <no type>, base list: <no type>, field list: <no type>
             options: forward ref (-> 0x28A6) | has unique name, sizeof 0
    0x12F2 | LF_STRUCTURE [size = 120, hash = 0x129C6] `CFastBuffer<struct_CTrackManiaNetwork::SRpcPlayerRanking>`
             unique name: `5186dc94-2212-4088-b224-fc133f04185f`
             vtable: <no type>, base list: <no type>, field list: <no type>
             options: forward ref (-> 0x28A7) | has unique name, sizeof 0
    0x12F3 | LF_STRUCTURE [size = 112, hash = 0x3C329] `CFastBuffer<struct_CTrackManiaNetwork::SRpcSkinInfo>`
             unique name: `e62e08a3-4377-43f1-8042-6e5c369b8ccb`
             vtable: <no type>, base list: <no type>, field list: <no type>
             options: forward ref (-> 0x28A9) | has unique name, sizeof 0
    0x12F4 | LF_STRUCTURE [size = 124, hash = 0x5824] `CFastBuffer<struct_CTrackManiaPlayerInfo::SRpcPlayerQuickInfo>`
             unique name: `f636d381-4ba6-4f80-ab81-294c9882b63d`
             vtable: <no type>, base list: <no type>, field list: <no type>
             options: forward ref (-> 0x28AA) | has unique name, sizeof 0
    0x12F5 | LF_STRUCTURE [size = 128, hash = 0x17CF6] `CFastBuffer<struct_CTrackManiaPlayerProfile::SChallengeOpponents>`
             unique name: `5e9e8d70-2f79-4bab-afd8-b2f08b07a928`
             vtable: <no type>, base list: <no type>, field list: <no type>
             options: forward ref (-> 0x28AC) | has unique name, sizeof 0
    0x12F6 | LF_STRUCTURE [size = 124, hash = 0x4DDE] `CFastBuffer<struct_CTrackManiaPlayerProfile::SSoloChallengePool>`
             unique name: `6f4ad87d-fbf9-4f72-9df0-ca7261ee3c82`
             vtable: <no type>, base list: <no type>, field list: <no type>
             options: forward ref (-> 0x28AD) | has unique name, sizeof 0
    0x12F7 | LF_STRUCTURE [size = 132, hash = 0x367A4] `CFastBuffer<struct_CTrackManiaPlayerProfile::SSoloChallengesCurrentPage>`
             unique name: `2fe195ce-c9c0-4eca-8031-52e1253ed7d7`
             vtable: <no type>, base list: <no type>, field list: <no type>
             options: forward ref (-> 0x28AE) | has unique name, sizeof 0
    0x12F8 | LF_STRUCTURE [size = 112, hash = 0x6446] `CFastBuffer<struct_CTrackManiaRace::SPlayerOrGhost>`
             unique name: `cbc1e9db-32d5-4d3b-a0da-fef40dacd1bf`
             vtable: <no type>, base list: <no type>, field list: <no type>
             options: forward ref (-> 0x28AF) | has unique name, sizeof 0
    0x12F9 | LF_STRUCTURE [size = 108, hash = 0x1BD31] `CFastBuffer<struct_CVisionHmsZone::SCasterCat>`
             unique name: `ccbdd9f0-c58a-45b9-bbe4-f84260fe0a33`
             vtable: <no type>, base list: <no type>, field list: <no type>
             options: forward ref (-> 0x28B1) | has unique name, sizeof 0
    0x12FA | LF_STRUCTURE [size = 112, hash = 0x95EB] `CFastBuffer<struct_CVisionViewport::SDelayedRender>`
             unique name: `1cc3e1ef-255f-4ba6-a9b3-8cffb593c90d`
             vtable: <no type>, base list: <no type>, field list: <no type>
             options: forward ref (-> 0x28B2) | has unique name, sizeof 0
    0x12FB | LF_STRUCTURE [size = 116, hash = 0xC07E] `CFastBuffer<struct_CVisionViewport::SDelayedToSort64b>`
             unique name: `1e1a3082-5e27-4127-a379-2a5729ec591f`
             vtable: <no type>, base list: <no type>, field list: <no type>
             options: forward ref (-> 0x28B3) | has unique name, sizeof 0
    0x12FC | LF_STRUCTURE [size = 120, hash = 0x289D0] `CFastBuffer<struct_CVisionViewport::SDelayedToSortCustom>`
             unique name: `c1c0ae11-7db8-41a6-be20-542f7f2fe14c`
             vtable: <no type>, base list: <no type>, field list: <no type>
             options: forward ref (-> 0x28B5) | has unique name, sizeof 0
    0x12FD | LF_STRUCTURE [size = 116, hash = 0x9503] `CFastBuffer<struct_CVisionViewport::SDelayedToSortPass>`
             unique name: `7dbb18e0-46c6-404a-a31f-7bfc223fe0c5`
             vtable: <no type>, base list: <no type>, field list: <no type>
             options: forward ref (-> 0x28B7) | has unique name, sizeof 0
    0x12FE | LF_STRUCTURE [size = 108, hash = 0x13C61] `CFastBuffer<struct_CVisionViewport::SLensFlare>`
             unique name: `ac4820f2-8e04-4f77-8e4b-fca47097117b`
             vtable: <no type>, base list: <no type>, field list: <no type>
             options: forward ref (-> 0x28B9) | has unique name, sizeof 0
    0x12FF | LF_STRUCTURE [size = 116, hash = 0x103DF] `CFastBuffer<struct_CVisionViewportDx9::SBitmapSpecular>`
             unique name: `f681aa38-3c18-4c02-bbf5-242a3207f259`
             vtable: <no type>, base list: <no type>, field list: <no type>
             options: forward ref (-> 0x28BA) | has unique name, sizeof 0
    0x1300 | LF_STRUCTURE [size = 120, hash = 0x39FAC] `CFastBuffer<struct_CVisionViewportDx9::SBitmapSpecularsLA>`
             unique name: `29eb06d8-a635-45e4-874a-c4fd70d24ce5`
             vtable: <no type>, base list: <no type>, field list: <no type>
             options: forward ref (-> 0x28BB) | has unique name, sizeof 0
    0x1301 | LF_STRUCTURE [size = 120, hash = 0x13694] `CFastBuffer<struct_CVisionViewportDx9::SCameraFxSharedRT>`
             unique name: `aa2ee74b-3c3f-42ee-a421-2f1e593dc23c`
             vtable: <no type>, base list: <no type>, field list: <no type>
             options: forward ref (-> 0x28BC) | has unique name, sizeof 0
    0x1302 | LF_STRUCTURE [size = 116, hash = 0x197D5] `CFastBuffer<struct_CVisionViewportDx9::SCorpusLighted>`
             unique name: `9ca0c84a-fe45-4336-98ec-90079e1a0d96`
             vtable: <no type>, base list: <no type>, field list: <no type>
             options: forward ref (-> 0x28BD) | has unique name, sizeof 0
    0x1303 | LF_STRUCTURE [size = 116, hash = 0x1DADE] `CFastBuffer<struct_CVisionViewportDx9::SDelayedVisual>`
             unique name: `7d0a5318-25d9-4071-a8d4-5f1a6421ec4c`
             vtable: <no type>, base list: <no type>, field list: <no type>
             options: forward ref (-> 0x28BE) | has unique name, sizeof 0
    0x1304 | LF_STRUCTURE [size = 112, hash = 0x3A09B] `CFastBuffer<struct_CVisionViewportDx9::SLoadedLight>`
             unique name: `68839b75-b11d-4e87-833f-5dae9312513d`
             vtable: <no type>, base list: <no type>, field list: <no type>
             options: forward ref (-> 0x28BF) | has unique name, sizeof 0
    0x1305 | LF_STRUCTURE [size = 120, hash = 0x2092C] `CFastBuffer<struct_CVisionViewportDx9::SProjectorReceivers>`
             unique name: `99d3416a-6c8a-4ec2-830e-15bff37a9ff7`
             vtable: <no type>, base list: <no type>, field list: <no type>
             options: forward ref (-> 0x28C0) | has unique name, sizeof 0
    0x1306 | LF_STRUCTURE [size = 116, hash = 0x19D5B] `CFastBuffer<struct_CVisionViewportDx9::SRenderTarget>`
             unique name: `a7c247af-d8e8-40d3-8360-4e71172af15e`
             vtable: <no type>, base list: <no type>, field list: <no type>
             options: forward ref (-> 0x28C1) | has unique name, sizeof 0
    0x1307 | LF_STRUCTURE [size = 116, hash = 0x36BA5] `CFastBuffer<struct_CVisionViewportDx9::SShaderBlurDepth>`
             unique name: `e5b253a6-ea75-495d-a9d5-bfaaa5585d3c`
             vtable: <no type>, base list: <no type>, field list: <no type>
             options: forward ref (-> 0x28C2) | has unique name, sizeof 0
    0x1308 | LF_STRUCTURE [size = 120, hash = 0x2FA34] `CFastBuffer<struct_CVisionViewportDx9::SShaderTweakSampler>`
             unique name: `f39112d5-d856-4fa0-8e7d-daa4cf5d06b4`
             vtable: <no type>, base list: <no type>, field list: <no type>
             options: forward ref (-> 0x28C3) | has unique name, sizeof 0
    0x1309 | LF_STRUCTURE [size = 108, hash = 0x2FB6] `CFastBuffer<struct_CVisionViewportDx9::SSurface>`
             unique name: `05c37c00-76a1-4c77-8c61-ca4b3f89dc44`
             vtable: <no type>, base list: <no type>, field list: <no type>
             options: forward ref (-> 0x28C4) | has unique name, sizeof 0
    0x130A | LF_STRUCTURE [size = 116, hash = 0x3369B] `CFastBuffer<struct_CVisionViewportDx9::SSyncGpuQuery>`
             unique name: `a4467e83-ea1b-4dd2-921f-d6a524c72b95`
             vtable: <no type>, base list: <no type>, field list: <no type>
             options: forward ref (-> 0x28C5) | has unique name, sizeof 0
    0x130B | LF_STRUCTURE [size = 100, hash = 0x3E987] `CFastBuffer<struct_GmClipFlag_HalfCube>`
             unique name: `87b67928-ef5c-44a8-a41b-157d430219cc`
             vtable: <no type>, base list: <no type>, field list: <no type>
             options: forward ref (-> 0x28C6) | has unique name, sizeof 0
    0x130C | LF_STRUCTURE [size = 124, hash = 0x7A23] `CFastBuffer<struct_GmOctree<struct_SMeshOctreeCell>::SEntInfo>`
             unique name: `d963221f-b605-4fd1-87bf-ae598b9d8fb8`
             vtable: <no type>, base list: <no type>, field list: <no type>
             options: forward ref (-> 0x28C8) | has unique name, sizeof 0
    0x130D | LF_STRUCTURE [size = 140, hash = 0x25E14] `CFastBuffer<struct_GmOctreeLowMem<struct_GmOctreeLowMemCell_i15b>::SBuildInput>`
             unique name: `29481a16-1078-43f9-86fe-038f9acd330e`
             vtable: <no type>, base list: <no type>, field list: <no type>
             options: forward ref (-> 0x28C9) | has unique name, sizeof 0
    0x130E | LF_STRUCTURE [size = 140, hash = 0x1C809] `CFastBuffer<struct_GmOctreeLowMem<struct_GmOctreeLowMemCell_i31b>::SBuildInput>`
             unique name: `39cd5e43-1db1-4803-a151-aeae23e3d3a0`
             vtable: <no type>, base list: <no type>, field list: <no type>
             options: forward ref (-> 0x28CB) | has unique name, sizeof 0
    0x130F | LF_STRUCTURE [size = 104, hash = 0x170DC] `CFastBuffer<struct_GmSurfMesh::SMeshToMerge>`
             unique name: `1ca6626e-540e-4cc5-af6b-91304609b35a`
             vtable: <no type>, base list: <no type>, field list: <no type>
             options: forward ref (-> 0x28CD) | has unique name, sizeof 0
    0x1310 | LF_STRUCTURE [size = 88, hash = 0x24665] `CFastBuffer<struct_OBJTri>`
             unique name: `d7986b2d-6e3f-48bf-ad4a-fee635251e50`
             vtable: <no type>, base list: <no type>, field list: <no type>
             options: forward ref (-> 0x28CF) | has unique name, sizeof 0
    0x1311 | LF_STRUCTURE [size = 96, hash = 0x23B09] `CFastBuffer<struct_SBindingToSort>`
             unique name: `3f8bf4cd-7adf-44af-9687-58349b303ba1`
             vtable: <no type>, base list: <no type>, field list: <no type>
             options: forward ref (-> 0x28D0) | has unique name, sizeof 0
    0x1312 | LF_STRUCTURE [size = 96, hash = 0x1AD1A] `CFastBuffer<struct_SBlockContext>`
             unique name: `c7ddbcae-123a-4a12-b39b-e9137e9bc360`
             vtable: <no type>, base list: <no type>, field list: <no type>
             options: forward ref (-> 0x28D1) | has unique name, sizeof 0
    0x1313 | LF_STRUCTURE [size = 92, hash = 0x2BA83] `CFastBuffer<struct_SChildGen>`
             unique name: `1b3800e5-7ed1-4495-897d-847f36ea9b66`
             vtable: <no type>, base list: <no type>, field list: <no type>
             options: forward ref (-> 0x28D2) | has unique name, sizeof 0
    0x1314 | LF_STRUCTURE [size = 96, hash = 0x2C286] `CFastBuffer<struct_SCollectorStock>`
             unique name: `045db92a-40af-4a52-b260-0cddb063eaaa`
             vtable: <no type>, base list: <no type>, field list: <no type>
             options: forward ref (-> 0x28D3) | has unique name, sizeof 0
    0x1315 | LF_STRUCTURE [size = 96, hash = 0x393CA] `CFastBuffer<struct_SControlUrlLink>`
             unique name: `86658815-91e1-4181-9ab3-7dd30e721a9d`
             vtable: <no type>, base list: <no type>, field list: <no type>
             options: forward ref (-> 0x28D4) | has unique name, sizeof 0
    0x1316 | LF_STRUCTURE [size = 104, hash = 0x26E2A] `CFastBuffer<struct_SCtnForcedMods::SEnvMod>`
             unique name: `cf61ba5f-92b4-4b80-b04b-761a333c5dc4`
             vtable: <no type>, base list: <no type>, field list: <no type>
             options: forward ref (-> 0x28D5) | has unique name, sizeof 0
    0x1317 | LF_STRUCTURE [size = 124, hash = 0x1AD15] `CFastBuffer<struct_SDeprecatedPlayerCampaignFilteredSkillScore>`
             unique name: `7387f2cd-d296-49c2-b12c-511dad88d227`
             vtable: <no type>, base list: <no type>, field list: <no type>
             options: forward ref (-> 0x28D7) | has unique name, sizeof 0
    0x1318 | LF_STRUCTURE [size = 96, hash = 0x286A9] `CFastBuffer<struct_SEnvModStrings>`
             unique name: `51fcdd19-8cee-433f-843c-1738847be91b`
             vtable: <no type>, base list: <no type>, field list: <no type>
             options: forward ref (-> 0x28D8) | has unique name, sizeof 0
    0x1319 | LF_STRUCTURE [size = 88, hash = 0x1093B] `CFastBuffer<struct_SExpTri>`
             unique name: `47e61cdd-1fd0-45f8-a3a3-4651b9449287`
             vtable: <no type>, base list: <no type>, field list: <no type>
             options: forward ref (-> 0x28D9) | has unique name, sizeof 0
    0x131A | LF_STRUCTURE [size = 88, hash = 0x701E] `CFastBuffer<struct_SFastCat>`
             unique name: `c272e0ad-91b2-48e9-a0f4-6ae728f8c0f7`
             vtable: <no type>, base list: <no type>, field list: <no type>
             options: forward ref (-> 0x28DB) | has unique name, sizeof 0
    0x131B | LF_STRUCTURE [size = 92, hash = 0x19A52] `CFastBuffer<struct_SFixedVHlsl>`
             unique name: `f0e36edd-e1ee-43ef-90b4-b11799d652cb`
             vtable: <no type>, base list: <no type>, field list: <no type>
             options: forward ref (-> 0x28DC) | has unique name, sizeof 0
    0x131C | LF_STRUCTURE [size = 104, hash = 0x1F438] `CFastBuffer<struct_SFontBitmapInternalPages>`
             unique name: `2cf25e06-51e6-4ab4-9b2f-e7008f4ee37a`
             vtable: <no type>, base list: <no type>, field list: <no type>
             options: forward ref (-> 0x28DD) | has unique name, sizeof 0
    0x131D | LF_STRUCTURE [size = 100, hash = 0x29484] `CFastBuffer<struct_SGameCtnIdentifier>`
             unique name: `9f2dea88-9b28-4c64-8ffb-1e4e2b048c10`
             vtable: <no type>, base list: <no type>, field list: <no type>
             options: forward ref (-> 0x28DE) | has unique name, sizeof 0
    0x131E | LF_STRUCTURE [size = 108, hash = 0x6772] `CFastBuffer<struct_SGameCtnMediaClipTriggerTime>`
             unique name: `1a180b5d-7d8d-4623-b6ce-01b6e7f93273`
             vtable: <no type>, base list: <no type>, field list: <no type>
             options: forward ref (-> 0x28E0) | has unique name, sizeof 0
    0x131F | LF_STRUCTURE [size = 104, hash = 0x2BD93] `CFastBuffer<struct_SGameCtnMediaTriggerZone>`
             unique name: `4547c11f-b216-4549-8584-821ca7cd77f9`
             vtable: <no type>, base list: <no type>, field list: <no type>
             options: forward ref (-> 0x28E2) | has unique name, sizeof 0
    0x1320 | LF_STRUCTURE [size = 100, hash = 0x126A4] `CFastBuffer<struct_SHmsCameraLocation>`
             unique name: `5f5be829-997f-4e60-88a3-97ce30c22104`
             vtable: <no type>, base list: <no type>, field list: <no type>
             options: forward ref (-> 0x28E3) | has unique name, sizeof 0
    0x1321 | LF_STRUCTURE [size = 100, hash = 0x16382] `CFastBuffer<struct_SHmsCameraProjection>`
             unique name: `f2db4a39-e65e-4440-999e-04c368659cff`
             vtable: <no type>, base list: <no type>, field list: <no type>
             options: forward ref (-> 0x28E4) | has unique name, sizeof 0
    0x1322 | LF_STRUCTURE [size = 112, hash = 0x2250D] `CFastBuffer<struct_SHmsItem_CallbackSortCustom_Elem>`
             unique name: `668ab58c-3d7f-402a-8895-2e816ff53873`
             vtable: <no type>, base list: <no type>, field list: <no type>
             options: forward ref (-> 0x28E5) | has unique name, sizeof 0
    0x1323 | LF_STRUCTURE [size = 104, hash = 0x3D705] `CFastBuffer<struct_SHmsPhysicalCollision>`
             unique name: `d6fe3d37-7364-4409-8174-86bb768687f3`
             vtable: <no type>, base list: <no type>, field list: <no type>
             options: forward ref (-> 0x28E6) | has unique name, sizeof 0
    0x1324 | LF_STRUCTURE [size = 96, hash = 0x1C44F] `CFastBuffer<struct_SHmsRenderRect>`
             unique name: `e719f688-4e9c-4885-952e-37d69dc15317`
             vtable: <no type>, base list: <no type>, field list: <no type>
             options: forward ref (-> 0x28E7) | has unique name, sizeof 0
    0x1325 | LF_STRUCTURE [size = 100, hash = 0x2560] `CFastBuffer<struct_SHmsVPackerObject>`
             unique name: `2528e752-7c3e-4557-9f82-0877bad48a1a`
             vtable: <no type>, base list: <no type>, field list: <no type>
             options: forward ref (-> 0x28E8) | has unique name, sizeof 0
    0x1326 | LF_STRUCTURE [size = 104, hash = 0x2ED0] `CFastBuffer<struct_SHmsVPackerObjectPacked>`
             unique name: `a3fa8529-ce0e-4a7d-b734-0c3e37526b45`
             vtable: <no type>, base list: <no type>, field list: <no type>
             options: forward ref (-> 0x28EA) | has unique name, sizeof 0
    0x1327 | LF_STRUCTURE [size = 104, hash = 0x10491] `CFastBuffer<struct_SIdRemapTable::SIdRemap>`
             unique name: `b338e9c9-6802-44ed-8f10-9bd7a53563a2`
             vtable: <no type>, base list: <no type>, field list: <no type>
             options: forward ref (-> 0x28EB) | has unique name, sizeof 0
    0x1328 | LF_STRUCTURE [size = 88, hash = 0x3A41C] `CFastBuffer<struct_SIfBlock>`
             unique name: `26c742fa-7a3c-431c-b1fb-36ebbfa764b8`
             vtable: <no type>, base list: <no type>, field list: <no type>
             options: forward ref (-> 0x28EC) | has unique name, sizeof 0
    0x1329 | LF_STRUCTURE [size = 104, hash = 0x2BC5] `CFastBuffer<struct_SInputActionDesc_const*>`
             unique name: `bf4e4ae0-4abc-4e18-b49b-4501f5a10f15`
             vtable: <no type>, base list: <no type>, field list: <no type>
             options: forward ref (-> 0x28ED) | has unique name, sizeof 0
    0x132A | LF_STRUCTURE [size = 124, hash = 0x2A494] `CFastBuffer<struct_SIPCRemoteControl_Implem::SDeliveryHandlers>`
             unique name: `89cb18b5-8040-4c2f-9414-ab36202b68bc`
             vtable: <no type>, base list: <no type>, field list: <no type>
             options: forward ref (-> 0x28EE) | has unique name, sizeof 0
    0x132B | LF_STRUCTURE [size = 100, hash = 0xAFF4] `CFastBuffer<struct_SLocalisedMessage>`
             unique name: `51b68fe6-d93e-477c-a2a5-017d6ee79bfe`
             vtable: <no type>, base list: <no type>, field list: <no type>
             options: forward ref (-> 0x28EF) | has unique name, sizeof 0
    0x132C | LF_STRUCTURE [size = 96, hash = 0xB95B] `CFastBuffer<struct_SLodMeshGroup>`
             unique name: `8ca9cb12-d87a-4fce-845b-ad1516e70e10`
             vtable: <no type>, base list: <no type>, field list: <no type>
             options: forward ref (-> 0x28F0) | has unique name, sizeof 0
    0x132D | LF_STRUCTURE [size = 104, hash = 0x3ABCB] `CFastBuffer<struct_SManiaCodeGameAction*>`
             unique name: `fc9766df-a1fd-4e7e-a89e-4f241b204086`
             vtable: <no type>, base list: <no type>, field list: <no type>
             options: forward ref (-> 0x28F1) | has unique name, sizeof 0
    0x132E | LF_STRUCTURE [size = 88, hash = 0x3EA68] `CFastBuffer<struct_SMapOld1>`
             unique name: `12cc7cd4-5553-47b2-8d89-38e13d7694e3`
             vtable: <no type>, base list: <no type>, field list: <no type>
             options: forward ref (-> 0x28F2) | has unique name, sizeof 0
    0x132F | LF_STRUCTURE [size = 92, hash = 0x3754C] `CFastBuffer<struct_SMeshGroup>`
             unique name: `a9dee0a6-d0a0-4d70-9e95-f5d8799ce3f2`
             vtable: <no type>, base list: <no type>, field list: <no type>
             options: forward ref (-> 0x28F3) | has unique name, sizeof 0
    0x1330 | LF_STRUCTURE [size = 96, hash = 0x1DA20] `CFastBuffer<struct_SMeshOctreeCell>`
             unique name: `db8506c6-11a0-4499-92f4-1d58b3ccadfa`
             vtable: <no type>, base list: <no type>, field list: <no type>
             options: forward ref (-> 0x28F4) | has unique name, sizeof 0
    0x1331 | LF_STRUCTURE [size = 88, hash = 0x3E437] `CFastBuffer<struct_SNat128>`
             unique name: `281c376e-f659-4d27-9b86-95e00c191213`
             vtable: <no type>, base list: <no type>, field list: <no type>
             options: forward ref (-> 0x28F5) | has unique name, sizeof 0
    0x1332 | LF_STRUCTURE [size = 92, hash = 0x2362F] `CFastBuffer<struct_SOldCutKey2>`
             unique name: `7b85897d-7000-4b08-8e87-a8ae142965ac`
             vtable: <no type>, base list: <no type>, field list: <no type>
             options: forward ref (-> 0x28F7) | has unique name, sizeof 0
    0x1333 | LF_STRUCTURE [size = 92, hash = 0x10742] `CFastBuffer<struct_SOldCutKey>`
             unique name: `6664ca4f-5161-4921-ac2d-7aa513d9cd7a`
             vtable: <no type>, base list: <no type>, field list: <no type>
             options: forward ref (-> 0x28F8) | has unique name, sizeof 0
    0x1334 | LF_STRUCTURE [size = 88, hash = 0x230AE] `CFastBuffer<struct_SOldIgs>`
             unique name: `ddede371-5485-491b-a679-8e7389d91c10`
             vtable: <no type>, base list: <no type>, field list: <no type>
             options: forward ref (-> 0x28F9) | has unique name, sizeof 0
    0x1335 | LF_STRUCTURE [size = 92, hash = 0x1E9B0] `CFastBuffer<struct_SOldShowTime>`
             unique name: `7ff3ae3f-b66d-432b-9b42-699e59a461ce`
             vtable: <no type>, base list: <no type>, field list: <no type>
             options: forward ref (-> 0x28FA) | has unique name, sizeof 0
    0x1336 | LF_STRUCTURE [size = 92, hash = 0x35708] `CFastBuffer<struct_SPackModel>`
             unique name: `fe588ef5-ede7-4698-b429-fe293942dbca`
             vtable: <no type>, base list: <no type>, field list: <no type>
             options: forward ref (-> 0x28FB) | has unique name, sizeof 0
    0x1337 | LF_STRUCTURE [size = 92, hash = 0x2BE87] `CFastBuffer<struct_SPlacedBlock>`
             unique name: `b7eddc4c-9cdd-4da0-939b-4d155a5ef312`
             vtable: <no type>, base list: <no type>, field list: <no type>
             options: forward ref (-> 0x28FD) | has unique name, sizeof 0
    0x1338 | LF_STRUCTURE [size = 100, hash = 0x3F5CE] `CFastBuffer<struct_SPlacedBlockInGrid>`
             unique name: `dea65383-8483-484d-9c76-7737efcdf59b`
             vtable: <no type>, base list: <no type>, field list: <no type>
             options: forward ref (-> 0x28FE) | has unique name, sizeof 0
    0x1339 | LF_STRUCTURE [size = 104, hash = 0x33274] `CFastBuffer<struct_SPlacedBlockInGridBuffer>`
             unique name: `620a1b54-5a81-4960-8270-93a7719d2296`
             vtable: <no type>, base list: <no type>, field list: <no type>
             options: forward ref (-> 0x2900) | has unique name, sizeof 0
    0x133A | LF_STRUCTURE [size = 116, hash = 0x29327] `CFastBuffer<struct_SPlayerTagsConfig::SPlayerTagConfig>`
             unique name: `799e746f-a05d-40d3-bd9a-42a09444d02e`
             vtable: <no type>, base list: <no type>, field list: <no type>
             options: forward ref (-> 0x2901) | has unique name, sizeof 0
    0x133B | LF_STRUCTURE [size = 96, hash = 0x13D91] `CFastBuffer<struct_SPlugGpuDefine>`
             unique name: `aed7fa36-34c4-49dc-9de1-9b87c58c7300`
             vtable: <no type>, base list: <no type>, field list: <no type>
             options: forward ref (-> 0x2902) | has unique name, sizeof 0
    0x133C | LF_STRUCTURE [size = 96, hash = 0x37A8E] `CFastBuffer<struct_SPlugGpuLoadFx>`
             unique name: `d5af0098-2ab7-45d5-8f61-b192c8fae977`
             vtable: <no type>, base list: <no type>, field list: <no type>
             options: forward ref (-> 0x2903) | has unique name, sizeof 0
    0x133D | LF_STRUCTURE [size = 100, hash = 0x3A956] `CFastBuffer<struct_SPlugModelFurFluff>`
             unique name: `abb42e24-23be-4ff5-a019-f69a335c8b5b`
             vtable: <no type>, base list: <no type>, field list: <no type>
             options: forward ref (-> 0x2904) | has unique name, sizeof 0
    0x133E | LF_STRUCTURE [size = 100, hash = 0x206C5] `CFastBuffer<struct_SPlugTreeOptimGroup*>`
             unique name: `f8cda4cc-2d3e-4d26-827a-772deff4c96c`
             vtable: <no type>, base list: <no type>, field list: <no type>
             options: forward ref (-> 0x2906) | has unique name, sizeof 0
    0x133F | LF_STRUCTURE [size = 100, hash = 0x18BCA] `CFastBuffer<struct_SPlugTreeOptimTransf>`
             unique name: `319bc4c3-d61f-4996-8b71-2cf9a54de928`
             vtable: <no type>, base list: <no type>, field list: <no type>
             options: forward ref (-> 0x2908) | has unique name, sizeof 0
    0x1340 | LF_STRUCTURE [size = 96, hash = 0x31B8A] `CFastBuffer<struct_SQuadTreeMeshUv>`
             unique name: `c9b9f451-1038-4b5a-b840-10912c325628`
             vtable: <no type>, base list: <no type>, field list: <no type>
             options: forward ref (-> 0x2909) | has unique name, sizeof 0
    0x1341 | LF_STRUCTURE [size = 92, hash = 0x16DD6] `CFastBuffer<struct_SRayReceiver>`
             unique name: `e39659a5-1212-4982-b229-188bd2d26ab4`
             vtable: <no type>, base list: <no type>, field list: <no type>
             options: forward ref (-> 0x290A) | has unique name, sizeof 0
    0x1342 | LF_STRUCTURE [size = 92, hash = 0x29CE8] `CFastBuffer<struct_SRecordUnit>`
             unique name: `8d749eb2-6657-4d2d-a24e-76229a05452c`
             vtable: <no type>, base list: <no type>, field list: <no type>
             options: forward ref (-> 0x290B) | has unique name, sizeof 0
    0x1343 | LF_STRUCTURE [size = 104, hash = 0x1345F] `CFastBuffer<struct_SRemoteControlNodMethod*>`
             unique name: `ed900abb-a3a4-4348-a664-10b65dc9174c`
             vtable: <no type>, base list: <no type>, field list: <no type>
             options: forward ref (-> 0x290C) | has unique name, sizeof 0
    0x1344 | LF_STRUCTURE [size = 92, hash = 0x17EE5] `CFastBuffer<struct_SSceneLoc>`
             unique name: `a073328e-89db-4a63-adec-e0a3be8d7a53`
             vtable: <no type>, base list: <no type>, field list: <no type>
             options: forward ref (-> 0x290D) | has unique name, sizeof 0
    0x1345 | LF_STRUCTURE [size = 100, hash = 0x1F898] `CFastBuffer<struct_SSceneMoods_Light>`
             unique name: `c26957c2-1ada-49a9-a7a3-16bcab365a37`
             vtable: <no type>, base list: <no type>, field list: <no type>
             options: forward ref (-> 0x290E) | has unique name, sizeof 0
    0x1346 | LF_STRUCTURE [size = 96, hash = 0x19BE7] `CFastBuffer<struct_SSceneMoods_Mood>`
             unique name: `ae9a3f65-4bcc-4ea0-8589-889a7b3c5985`
             vtable: <no type>, base list: <no type>, field list: <no type>
             options: forward ref (-> 0x290F) | has unique name, sizeof 0
    0x1347 | LF_STRUCTURE [size = 88, hash = 0x37FD] `CFastBuffer<struct_SScore*>`
             unique name: `8e3e08b5-3748-4752-b06d-c11157cf1c09`
             vtable: <no type>, base list: <no type>, field list: <no type>
             options: forward ref (-> 0x2910) | has unique name, sizeof 0
    0x1348 | LF_STRUCTURE [size = 100, hash = 0x3C132] `CFastBuffer<struct_SServerWithBuddies>`
             unique name: `286ef488-bc8c-4d3d-bf7f-2dc141df7fdd`
             vtable: <no type>, base list: <no type>, field list: <no type>
             options: forward ref (-> 0x2911) | has unique name, sizeof 0
    0x1349 | LF_STRUCTURE [size = 88, hash = 0x1586F] `CFastBuffer<struct_SSkip>`
             unique name: `9a1b1687-bc93-41af-aff6-6e5cf7ec9800`
             vtable: <no type>, base list: <no type>, field list: <no type>
             options: forward ref (-> 0x2913) | has unique name, sizeof 0
    0x134A | LF_STRUCTURE [size = 92, hash = 0x3A230] `CFastBuffer<struct_SSplitCell>`
             unique name: `7893c42a-fb5a-418a-8cbe-98491dd2a12a`
             vtable: <no type>, base list: <no type>, field list: <no type>
             options: forward ref (-> 0x2915) | has unique name, sizeof 0
    0x134B | LF_STRUCTURE [size = 88, hash = 0xAD32] `CFastBuffer<struct_SSubPage>`
             unique name: `af33b007-2024-452b-bcd0-e282440de5a9`
             vtable: <no type>, base list: <no type>, field list: <no type>
             options: forward ref (-> 0x2917) | has unique name, sizeof 0
    0x134C | LF_STRUCTURE [size = 96, hash = 0xAB50] `CFastBuffer<struct_SSurvivalScore*>`
             unique name: `01275725-095a-4b79-8e35-bff2329c54ab`
             vtable: <no type>, base list: <no type>, field list: <no type>
             options: forward ref (-> 0x2919) | has unique name, sizeof 0
    0x134D | LF_STRUCTURE [size = 88, hash = 0x3962C] `CFastBuffer<struct_SVectMap>`
             unique name: `11555649-4812-458e-8957-ba3458e38d33`
             vtable: <no type>, base list: <no type>, field list: <no type>
             options: forward ref (-> 0x291A) | has unique name, sizeof 0
    0x134E | LF_STRUCTURE [size = 96, hash = 0x330F8] `CFastBuffer<struct_SVertexDataLayer>`
             unique name: `d0c54df9-caa1-4c43-a2ba-f8a7e16a85de`
             vtable: <no type>, base list: <no type>, field list: <no type>
             options: forward ref (-> 0x291B) | has unique name, sizeof 0
    0x134F | LF_STRUCTURE [size = 88, hash = 0x11A2A] `CFastBuffer<struct_tagRECT>`
             unique name: `43af4a36-7d1d-4775-9beb-21b16622c834`
             vtable: <no type>, base list: <no type>, field list: <no type>
             options: forward ref (-> 0x291C) | has unique name, sizeof 0
    0x1350 | LF_STRUCTURE [size = 100, hash = 0x17131] `CFastBuffer<struct_WayPointMesh_struct>`
             unique name: `b5b89794-07cd-4ef0-b1d0-47ca1a8183b9`
             vtable: <no type>, base list: <no type>, field list: <no type>
             options: forward ref (-> 0x291E) | has unique name, sizeof 0
    0x1351 | LF_STRUCTURE [size = 88, hash = 0x33A58] `CFastBuffer<unsigned_char>`
             unique name: `140692a8-5e3c-458d-ba80-1911c1927ca3`
             vtable: <no type>, base list: <no type>, field list: <no type>
             options: forward ref (-> 0x2920) | has unique name, sizeof 0
    0x1352 | LF_STRUCTURE [size = 88, hash = 0x5998] `CFastBuffer<unsigned_int>`
             unique name: `98836cc0-a783-4d98-a6ae-db8fa179216b`
             vtable: <no type>, base list: <no type>, field list: <no type>
             options: forward ref (-> 0x2922) | has unique name, sizeof 0
    0x1353 | LF_STRUCTURE [size = 88, hash = 0x2B10C] `CFastBuffer<unsigned_long>`
             unique name: `ec1d3027-d441-474c-a7b7-62e6b85e0dbb`
             vtable: <no type>, base list: <no type>, field list: <no type>
             options: forward ref (-> 0x2923) | has unique name, sizeof 0
    0x1354 | LF_STRUCTURE [size = 88, hash = 0x226FE] `CFastBuffer<unsigned_short>`
             unique name: `f7310c1f-ed9d-4651-9267-c7b8f1121af0`
             vtable: <no type>, base list: <no type>, field list: <no type>
             options: forward ref (-> 0x2926) | has unique name, sizeof 0
    0x1355 | LF_STRUCTURE [size = 80, hash = 0x18980] `CFastBuffer<wchar_t>`
             unique name: `b8eaf751-6ec7-44cd-94a5-39c2088b6278`
             vtable: <no type>, base list: <no type>, field list: <no type>
             options: forward ref (-> 0x2928) | has unique name, sizeof 0
    0x1356 | LF_STRUCTURE [size = 96, hash = 0x119B] `CFastBufferCat<char,struct_SFastCat>`
             unique name: `64ce2b23-b635-488e-87e6-cae17f7c3e98`
             vtable: <no type>, base list: <no type>, field list: <no type>
             options: forward ref (-> 0x2929) | has unique name, sizeof 0
    0x1357 | LF_STRUCTURE [size = 116, hash = 0x10627] `CFastBufferCat<class_CDx9VisualKeeper*,struct_SFastCat>`
             unique name: `929f46e5-fa78-4e0d-8688-ed136d0a81a5`
             vtable: <no type>, base list: <no type>, field list: <no type>
             options: forward ref (-> 0x292A) | has unique name, sizeof 0
    0x1358 | LF_STRUCTURE [size = 112, hash = 0x34CAA] `CFastBufferCat<class_CFastString,struct_SFastCat>`
             unique name: `54e3934e-d48e-42b8-806d-af5b36c4e8e4`
             vtable: <no type>, base list: <no type>, field list: <no type>
             options: forward ref (-> 0x292B) | has unique name, sizeof 0
    0x1359 | LF_STRUCTURE [size = 128, hash = 0x1C2C6] `CFastBufferCat<class_CHmsCorpus*,struct_CVisionHmsZone::SCasterCat>`
             unique name: `2c610da9-87f5-4155-9923-1e57b7ab2d7f`
             vtable: <no type>, base list: <no type>, field list: <no type>
             options: forward ref (-> 0x292C) | has unique name, sizeof 0
    0x135A | LF_STRUCTURE [size = 112, hash = 0x38492] `CFastBufferCat<class_CHmsCorpus*,struct_SFastCat>`
             unique name: `f136b033-6931-4dec-a79a-5659f2cdfbb5`
             vtable: <no type>, base list: <no type>, field list: <no type>
             options: forward ref (-> 0x292D) | has unique name, sizeof 0
    0x135B | LF_STRUCTURE [size = 116, hash = 0x3871D] `CFastBufferCat<class_CHmsCorpusLight*,struct_SFastCat>`
             unique name: `a6fc1be4-a10e-4b28-9617-f336be53da44`
             vtable: <no type>, base list: <no type>, field list: <no type>
             options: forward ref (-> 0x292E) | has unique name, sizeof 0
    0x135C | LF_STRUCTURE [size = 108, hash = 0x366C4] `CFastBufferCat<class_CMwCmd*,struct_SFastCat>`
             unique name: `88255e5c-f6e7-42e3-acde-b812ff93fda3`
             vtable: <no type>, base list: <no type>, field list: <no type>
             options: forward ref (-> 0x2930) | has unique name, sizeof 0
    0x135D | LF_STRUCTURE [size = 128, hash = 0x3A563] `CFastBufferCat<class_CMwNodRef<class_CPlugMaterial>,struct_SFastCat>`
             unique name: `8902f61f-0477-4449-8ca8-e2c46dedc675`
             vtable: <no type>, base list: <no type>, field list: <no type>
             options: forward ref (-> 0x2931) | has unique name, sizeof 0
    0x135E | LF_STRUCTURE [size = 116, hash = 0x146B4] `CFastBufferCat<class_CNetHttpResult*,struct_SFastCat>`
             unique name: `0e6c4b1c-d0f2-4455-9f6a-5157d696a48e`
             vtable: <no type>, base list: <no type>, field list: <no type>
             options: forward ref (-> 0x2933) | has unique name, sizeof 0
    0x135F | LF_STRUCTURE [size = 124, hash = 0xBA00] `CFastBufferCat<class_CPlugTree*,struct_CHmsPicker::SCorpusCat>`
             unique name: `3f688194-c8c6-47b6-87d4-8dd0db2b98d0`
             vtable: <no type>, base list: <no type>, field list: <no type>
             options: forward ref (-> 0x2934) | has unique name, sizeof 0
    0x1360 | LF_STRUCTURE [size = 108, hash = 0x2D821] `CFastBufferCat<class_CPlugTree*,struct_SFastCat>`
             unique name: `c34039f3-d43f-40ec-b397-bb6165ae1188`
             vtable: <no type>, base list: <no type>, field list: <no type>
             options: forward ref (-> 0x2935) | has unique name, sizeof 0
    0x1361 | LF_STRUCTURE [size = 116, hash = 0x15047] `CFastBufferCat<class_CPlugVolumeShadow*,struct_SFastCat>`
             unique name: `3baf9219-78c8-4f34-9c33-8c854791cb0e`
             vtable: <no type>, base list: <no type>, field list: <no type>
             options: forward ref (-> 0x2936) | has unique name, sizeof 0
    0x1362 | LF_STRUCTURE [size = 112, hash = 0xE153] `CFastBufferCat<class_CSceneMobil*,struct_SFastCat>`
             unique name: `b524036c-52d1-4ea8-b850-7d37b4a7339c`
             vtable: <no type>, base list: <no type>, field list: <no type>
             options: forward ref (-> 0x2938) | has unique name, sizeof 0
    0x1363 | LF_STRUCTURE [size = 104, hash = 0x44E6] `CFastBufferCat<class_GmIso3,struct_SFastCat>`
             unique name: `35d0f213-409d-492f-ac64-f655be30e81b`
             vtable: <no type>, base list: <no type>, field list: <no type>
             options: forward ref (-> 0x2939) | has unique name, sizeof 0
    0x1364 | LF_STRUCTURE [size = 104, hash = 0x3CFBE] `CFastBufferCat<class_GmIso4,struct_SFastCat>`
             unique name: `cced9b79-a587-4976-8f1d-8ba14423c6a9`
             vtable: <no type>, base list: <no type>, field list: <no type>
             options: forward ref (-> 0x293B) | has unique name, sizeof 0
    0x1365 | LF_STRUCTURE [size = 104, hash = 0x3EC9C] `CFastBufferCat<class_GmQuat,struct_SFastCat>`
             unique name: `4ae80dbc-b179-4ced-9e3e-2f44bb853301`
             vtable: <no type>, base list: <no type>, field list: <no type>
             options: forward ref (-> 0x293D) | has unique name, sizeof 0
    0x1366 | LF_STRUCTURE [size = 104, hash = 0x31FC8] `CFastBufferCat<class_GmVec2,struct_SFastCat>`
             unique name: `1a7deb9d-0815-41e4-9649-dc716a46d827`
             vtable: <no type>, base list: <no type>, field list: <no type>
             options: forward ref (-> 0x293F) | has unique name, sizeof 0
    0x1367 | LF_STRUCTURE [size = 128, hash = 0x25681] `CFastBufferCat<class_GmVec3,struct_CSceneFxSuperSample::SMultiLight>`
             unique name: `a4c1cf82-7419-410d-b5b1-a2dbf09b8994`
             vtable: <no type>, base list: <no type>, field list: <no type>
             options: forward ref (-> 0x2941) | has unique name, sizeof 0
    0x1368 | LF_STRUCTURE [size = 104, hash = 0x26F66] `CFastBufferCat<class_GmVec3,struct_SFastCat>`
             unique name: `1158e0c4-7be6-4cad-b8e9-e261c806181c`
             vtable: <no type>, base list: <no type>, field list: <no type>
             options: forward ref (-> 0x2942) | has unique name, sizeof 0
    0x1369 | LF_STRUCTURE [size = 124, hash = 0x158A0] `CFastBufferCat<class_GmVec4,struct_CPlugShaderLoadIds::SFxCat>`
             unique name: `1191be3b-3adc-4e35-b7c0-3f289728c73d`
             vtable: <no type>, base list: <no type>, field list: <no type>
             options: forward ref (-> 0x2944) | has unique name, sizeof 0
    0x136A | LF_STRUCTURE [size = 104, hash = 0x28B16] `CFastBufferCat<class_GmVec4,struct_SFastCat>`
             unique name: `a30e42b1-000c-4340-8d4a-3a9e430b9e15`
             vtable: <no type>, base list: <no type>, field list: <no type>
             options: forward ref (-> 0x2945) | has unique name, sizeof 0
    0x136B | LF_STRUCTURE [size = 132, hash = 0x13946] `CFastBufferCat<enum__D3DFORMAT,struct_CDx9DeviceCaps::STextureRenderCat>`
             unique name: `a07f729c-8c5f-419f-b636-38dee2211e8c`
             vtable: <no type>, base list: <no type>, field list: <no type>
             options: forward ref (-> 0x2947) | has unique name, sizeof 0
    0x136C | LF_STRUCTURE [size = 96, hash = 0x30D31] `CFastBufferCat<int,struct_SFastCat>`
             unique name: `141d1b66-2934-4881-aa5e-6293d5d935a3`
             vtable: <no type>, base list: <no type>, field list: <no type>
             options: forward ref (-> 0x2948) | has unique name, sizeof 0
    0x136D | LF_STRUCTURE [size = 148, hash = 0x3E41B] `CFastBufferCat<struct_CDx9StateBlock::SSamplerState,struct_CDx9StateBlock::SSamplerCat>`
             unique name: `69df87e8-4e99-455f-b791-dbc794c342cf`
             vtable: <no type>, base list: <no type>, field list: <no type>
             options: forward ref (-> 0x294A) | has unique name, sizeof 0
    0x136E | LF_STRUCTURE [size = 152, hash = 0xC5E5] `CFastBufferCat<struct_CDx9StateBlock::STexStageState,struct_CDx9StateBlock::STexStageCat>`
             unique name: `62c96dbf-0efb-48f8-8945-2f5958895be7`
             vtable: <no type>, base list: <no type>, field list: <no type>
             options: forward ref (-> 0x294C) | has unique name, sizeof 0
    0x136F | LF_STRUCTURE [size = 124, hash = 0x9B52] `CFastBufferCat<struct_CFuncPuffLull::SPuffLull,struct_SFastCat>`
             unique name: `4d15e2b2-ee35-4069-bcaa-540e1ffa1b95`
             vtable: <no type>, base list: <no type>, field list: <no type>
             options: forward ref (-> 0x294D) | has unique name, sizeof 0
    0x1370 | LF_STRUCTURE [size = 124, hash = 0x2A5E2] `CFastBufferCat<struct_CHmsOcclusion::SClipPlane,struct_SFastCat>`
             unique name: `91bf87bc-10f3-4f0a-ae3d-3808f7c0033d`
             vtable: <no type>, base list: <no type>, field list: <no type>
             options: forward ref (-> 0x294E) | has unique name, sizeof 0
    0x1371 | LF_STRUCTURE [size = 148, hash = 0x23B5F] `CFastBufferCat<struct_CHmsViewport::SVisibleCamera,struct_CHmsViewport::SVisibleZoneCat>`
             unique name: `a878d9d6-16c8-43bd-8611-cd05bf809abf`
             vtable: <no type>, base list: <no type>, field list: <no type>
             options: forward ref (-> 0x294F) | has unique name, sizeof 0
    0x1372 | LF_STRUCTURE [size = 124, hash = 0x12273] `CFastBufferCat<struct_CInputPort::SMappedAction,struct_SFastCat>`
             unique name: `1d08ebf8-e366-49be-b51d-fd3fa5b01d28`
             vtable: <no type>, base list: <no type>, field list: <no type>
             options: forward ref (-> 0x2950) | has unique name, sizeof 0
    0x1373 | LF_STRUCTURE [size = 156, hash = 0x274E4] `CFastBufferCat<struct_CPlugBitmap::SSpecularHighlight,struct_CPlugBitmap::SSpecularSubMapCat>`
             unique name: `f988236b-3299-4a83-9cb3-2ca823904555`
             vtable: <no type>, base list: <no type>, field list: <no type>
             options: forward ref (-> 0x2951) | has unique name, sizeof 0
    0x1374 | LF_STRUCTURE [size = 132, hash = 0xFB8] `CFastBufferCat<struct_CSceneToySeaHoule::SHeightFoam,struct_SFastCat>`
             unique name: `ae231e78-bbc0-40df-9e3b-2f727b189f70`
             vtable: <no type>, base list: <no type>, field list: <no type>
             options: forward ref (-> 0x2952) | has unique name, sizeof 0
    0x1375 | LF_STRUCTURE [size = 136, hash = 0x7A0E] `CFastBufferCat<struct_CSystemFidParameters::SParam*,struct_SFastCatSmall>`
             unique name: `05ee44d2-bdb5-44ff-b1ac-86e51c4b4ac8`
             vtable: <no type>, base list: <no type>, field list: <no type>
             options: forward ref (-> 0x2953) | has unique name, sizeof 0
    0x1376 | LF_STRUCTURE [size = 132, hash = 0x2405B] `CFastBufferCat<struct_SHmsItem_CallbackSortCustom_Elem,struct_SFastCat>`
             unique name: `ea97429c-784a-41c5-a5b1-8e5cf59ae862`
             vtable: <no type>, base list: <no type>, field list: <no type>
             options: forward ref (-> 0x2954) | has unique name, sizeof 0
    0x1377 | LF_STRUCTURE [size = 108, hash = 0x215F9] `CFastBufferCat<unsigned_long,struct_SFastCat>`
             unique name: `6d4ccbb0-156d-4c7e-9370-9a7f0089b4f5`
             vtable: <no type>, base list: <no type>, field list: <no type>
             options: forward ref (-> 0x2955) | has unique name, sizeof 0
    0x1378 | LF_STRUCTURE [size = 108, hash = 0x3BD8E] `CFastBufferCat<unsigned_short,struct_SFastCat>`
             unique name: `9c9befe7-cc41-47f3-84d0-bcac64f55395`
             vtable: <no type>, base list: <no type>, field list: <no type>
             options: forward ref (-> 0x2956) | has unique name, sizeof 0
    0x1379 | LF_STRUCTURE [size = 88, hash = 0x1974F] `CFastBufferDep<class_CMwNod>`
             unique name: `07842d91-9ddb-49de-a99a-acea366a09f3`
             vtable: <no type>, base list: <no type>, field list: <no type>
             options: forward ref (-> 0x2958) | has unique name, sizeof 0
    0x137A | LF_STRUCTURE [size = 96, hash = 0x75BC] `CFastBufferDep<class_CSceneCamera>`
             unique name: `e3fc9010-ff29-48c4-bfa8-f70bf1b35c26`
             vtable: <no type>, base list: <no type>, field list: <no type>
             options: forward ref (-> 0x2959) | has unique name, sizeof 0
    0x137B | LF_STRUCTURE [size = 116, hash = 0x35F2C] `CFastBufferKey<class_CMwNodRef<class_CFuncCurvesReal>_>`
             unique name: `7ef0c0da-aa5e-4572-b75e-48af501d1d1c`
             vtable: <no type>, base list: <no type>, field list: <no type>
             options: forward ref (-> 0x295B) | has unique name, sizeof 0
    0x137C | LF_STRUCTURE [size = 116, hash = 0x11253] `CFastBufferKey<class_CMwNodRef<class_CFuncKeysReal>_>`
             unique name: `365f92f9-4cc6-490a-baf9-b0ff670729da`
             vtable: <no type>, base list: <no type>, field list: <no type>
             options: forward ref (-> 0x295C) | has unique name, sizeof 0
    0x137D | LF_STRUCTURE [size = 108, hash = 0x3C877] `CFastBufferKey<class_CMwNodRef<class_GxFog>_>`
             unique name: `375b9d9b-a712-4769-a7e2-9266d6c34f63`
             vtable: <no type>, base list: <no type>, field list: <no type>
             options: forward ref (-> 0x295D) | has unique name, sizeof 0
    0x137E | LF_STRUCTURE [size = 112, hash = 0x3C11C] `CFastBufferKey<struct_CControlEffectSimi::SKeyVal>`
             unique name: `49a5449f-92ab-41ce-ba31-f3e6a0baeae3`
             vtable: <no type>, base list: <no type>, field list: <no type>
             options: forward ref (-> 0x295E) | has unique name, sizeof 0
    0x137F | LF_STRUCTURE [size = 120, hash = 0x10411] `CFastBufferKey<struct_CCtnMediaBlockEventTrackMania::SEvent>`
             unique name: `6f87b1fa-4735-43ca-b8cb-59e0387c0b2c`
             vtable: <no type>, base list: <no type>, field list: <no type>
             options: forward ref (-> 0x295F) | has unique name, sizeof 0
    0x1380 | LF_STRUCTURE [size = 104, hash = 0x18107] `CFastBufferKey<struct_CFuncSegment::SKey>`
             unique name: `f9ec65fb-016f-445f-8c2d-a7f1801b0006`
             vtable: <no type>, base list: <no type>, field list: <no type>
             options: forward ref (-> 0x2960) | has unique name, sizeof 0
    0x1381 | LF_STRUCTURE [size = 120, hash = 0x3AC45] `CFastBufferKey<struct_CGameCtnMediaBlock3dStereo::SKeyVal>`
             unique name: `c2c12edd-9209-432e-ba3c-373dfa3b4669`
             vtable: <no type>, base list: <no type>, field list: <no type>
             options: forward ref (-> 0x2961) | has unique name, sizeof 0
    0x1382 | LF_STRUCTURE [size = 124, hash = 0x4759] `CFastBufferKey<struct_CGameCtnMediaBlockCameraCustom::SKeyVal>`
             unique name: `af8196e9-f49e-479b-819d-3b8e67d66b31`
             vtable: <no type>, base list: <no type>, field list: <no type>
             options: forward ref (-> 0x2962) | has unique name, sizeof 0
    0x1383 | LF_STRUCTURE [size = 128, hash = 0x2FF7F] `CFastBufferKey<struct_CGameCtnMediaBlockCameraEffectShake::SKeyVal>`
             unique name: `c8ac52ab-9aa8-445c-bd3e-ce1c3c4fae6c`
             vtable: <no type>, base list: <no type>, field list: <no type>
             options: forward ref (-> 0x2964) | has unique name, sizeof 0
    0x1384 | LF_STRUCTURE [size = 124, hash = 0x265F0] `CFastBufferKey<struct_CGameCtnMediaBlockCameraOrbital::SKeyVal>`
             unique name: `b6eec230-292e-4048-8c4b-bcfdebd9e47a`
             vtable: <no type>, base list: <no type>, field list: <no type>
             options: forward ref (-> 0x2965) | has unique name, sizeof 0
    0x1385 | LF_STRUCTURE [size = 120, hash = 0x329E9] `CFastBufferKey<struct_CGameCtnMediaBlockCameraPath::SKeyVal>`
             unique name: `cec94fa6-04d8-47fb-b23c-299f3d92cbaf`
             vtable: <no type>, base list: <no type>, field list: <no type>
             options: forward ref (-> 0x2966) | has unique name, sizeof 0
    0x1386 | LF_STRUCTURE [size = 124, hash = 0x2430B] `CFastBufferKey<struct_CGameCtnMediaBlockCameraSimple::SKeyVal>`
             unique name: `d86d430e-7573-42fd-8dc5-71e81b898906`
             vtable: <no type>, base list: <no type>, field list: <no type>
             options: forward ref (-> 0x2968) | has unique name, sizeof 0
    0x1387 | LF_STRUCTURE [size = 120, hash = 0x2B694] `CFastBufferKey<struct_CGameCtnMediaBlockFxBloom::SKeyVal>`
             unique name: `e2a1bf61-f670-4d55-abd9-9fc7a71bbafa`
             vtable: <no type>, base list: <no type>, field list: <no type>
             options: forward ref (-> 0x2969) | has unique name, sizeof 0
    0x1388 | LF_STRUCTURE [size = 124, hash = 0x262CF] `CFastBufferKey<struct_CGameCtnMediaBlockFxBlurDepth::SKeyVal>`
             unique name: `6d52ffaf-669d-495a-b79f-54c4ff44a18e`
             vtable: <no type>, base list: <no type>, field list: <no type>
             options: forward ref (-> 0x296A) | has unique name, sizeof 0
    0x1389 | LF_STRUCTURE [size = 120, hash = 0x6E31] `CFastBufferKey<struct_CGameCtnMediaBlockFxColors::SKeyVal>`
             unique name: `ecad0915-136f-47c3-80cd-5d3c0f3edc2e`
             vtable: <no type>, base list: <no type>, field list: <no type>
             options: forward ref (-> 0x296B) | has unique name, sizeof 0
    0x138A | LF_STRUCTURE [size = 124, hash = 0x4AF] `CFastBufferKey<struct_CGameCtnMediaBlockMusicEffect::SKeyVal>`
             unique name: `af1408f0-b2c7-4b67-87da-0071fee2b1ec`
             vtable: <no type>, base list: <no type>, field list: <no type>
             options: forward ref (-> 0x296C) | has unique name, sizeof 0
    0x138B | LF_STRUCTURE [size = 116, hash = 0xA328] `CFastBufferKey<struct_CGameCtnMediaBlockSound::SKeyVal>`
             unique name: `bc5648b9-eced-4a27-af4e-7a3d4fc90c61`
             vtable: <no type>, base list: <no type>, field list: <no type>
             options: forward ref (-> 0x296D) | has unique name, sizeof 0
    0x138C | LF_STRUCTURE [size = 116, hash = 0x2A1DE] `CFastBufferKey<struct_CGameCtnMediaBlockTime::SKeyVal>`
             unique name: `d7be5381-f6fb-4969-bc6b-9f0c03453d6a`
             vtable: <no type>, base list: <no type>, field list: <no type>
             options: forward ref (-> 0x296E) | has unique name, sizeof 0
    0x138D | LF_STRUCTURE [size = 124, hash = 0x34CB2] `CFastBufferKey<struct_CGameCtnMediaBlockTransitionFade::SKeyVal>`
             unique name: `cc290367-a6aa-4370-b5ab-3882d4f425cf`
             vtable: <no type>, base list: <no type>, field list: <no type>
             options: forward ref (-> 0x296F) | has unique name, sizeof 0
    0x138E | LF_STRUCTURE [size = 116, hash = 0xA167] `CFastBufferKey<struct_CSceneToyBoat::STeamMateWayPoint>`
             unique name: `bf4becfe-5cd5-4530-a26f-6ea108aaad0f`
             vtable: <no type>, base list: <no type>, field list: <no type>
             options: forward ref (-> 0x2970) | has unique name, sizeof 0
    0x138F | LF_STRUCTURE [size = 92, hash = 0xF5CB] `CFastBufferKey<struct_SDummy>`
             unique name: `9207b6a7-2f16-4da5-a2c4-1990b8f63641`
             vtable: <no type>, base list: <no type>, field list: <no type>
             options: forward ref (-> 0x2971) | has unique name, sizeof 0
    0x1390 | LF_STRUCTURE [size = 96, hash = 0xB40E] `CFastBufferKey<struct_SOldKeyVal>`
             unique name: `8c5523af-a224-471f-95a0-d2d913839772`
             vtable: <no type>, base list: <no type>, field list: <no type>
             options: forward ref (-> 0x2972) | has unique name, sizeof 0
    0x1391 | LF_STRUCTURE [size = 80, hash = 0x37594] `CFastBufferKeyBase`
             unique name: `b33b009c-797a-4304-a00b-815f923de6b9`
             vtable: <no type>, base list: <no type>, field list: <no type>
             options: forward ref (-> 0x2973) | has unique name, sizeof 0
    0x1392 | LF_STRUCTURE [size = 120, hash = 0x10C8] `CFastBufferPool<struct_CGameNetPlayerInfo::SNetStateBuffer>`
             unique name: `59583e29-bef2-46f5-8e7c-d732a4fcebb9`
             vtable: <no type>, base list: <no type>, field list: <no type>
             options: forward ref (-> 0x2975) | has unique name, sizeof 0
    0x1393 | LF_STRUCTURE [size = 92, hash = 0x3143F] `CFastBufferRef<class_CBoatSail>`
             unique name: `c2212cf6-51d7-439f-8719-af552ccc782b`
             vtable: <no type>, base list: <no type>, field list: <no type>
             options: forward ref (-> 0x2976) | has unique name, sizeof 0
    0x1394 | LF_STRUCTURE [size = 96, hash = 0x324A5] `CFastBufferRef<class_CBoatSailState>`
             unique name: `c616298a-5634-40f7-9073-9c8f5404cf22`
             vtable: <no type>, base list: <no type>, field list: <no type>
             options: forward ref (-> 0x2978) | has unique name, sizeof 0
    0x1395 | LF_STRUCTURE [size = 108, hash = 0x340A6] `CFastBufferRef<class_CBoatTeamMateActionDesc>`
             unique name: `03840d71-4d74-4ef3-a2cd-97cd3b92669e`
             vtable: <no type>, base list: <no type>, field list: <no type>
             options: forward ref (-> 0x297A) | has unique name, sizeof 0
    0x1396 | LF_STRUCTURE [size = 92, hash = 0x38776] `CFastBufferRef<class_CFuncTree>`
             unique name: `19ab1c9c-38c0-4368-8bd2-f414f0d265e1`
             vtable: <no type>, base list: <no type>, field list: <no type>
             options: forward ref (-> 0x297B) | has unique name, sizeof 0
    0x1397 | LF_STRUCTURE [size = 104, hash = 0x16FA0] `CFastBufferRef<class_CGameChallengeScores>`
             unique name: `0e153f08-c7d6-45cb-993e-f11e1cb7c87f`
             vtable: <no type>, base list: <no type>, field list: <no type>
             options: forward ref (-> 0x297C) | has unique name, sizeof 0
    0x1398 | LF_STRUCTURE [size = 104, hash = 0x2F88C] `CFastBufferRef<class_CGameControlDataType>`
             unique name: `5082db54-bbb5-4765-aee0-099d76d7d54f`
             vtable: <no type>, base list: <no type>, field list: <no type>
             options: forward ref (-> 0x297D) | has unique name, sizeof 0
    0x1399 | LF_STRUCTURE [size = 100, hash = 0x24CA2] `CFastBufferRef<class_CGameCtnCampaign>`
             unique name: `6b7f3427-3d6d-44ff-971f-5992c782e4ca`
             vtable: <no type>, base list: <no type>, field list: <no type>
             options: forward ref (-> 0x297E) | has unique name, sizeof 0
    0x139A | LF_STRUCTURE [size = 116, hash = 0x20838] `CFastBufferRef<class_CGameCtnDecorationTerrainModifier>`
             unique name: `952ff782-e90b-47a3-a38a-2b1882c1ff71`
             vtable: <no type>, base list: <no type>, field list: <no type>
             options: forward ref (-> 0x297F) | has unique name, sizeof 0
    0x139B | LF_STRUCTURE [size = 96, hash = 0x5AB9] `CFastBufferRef<class_CGameCtnGhost>`
             unique name: `0f8342eb-5af5-46b3-b5b1-c56c1921106a`
             vtable: <no type>, base list: <no type>, field list: <no type>
             options: forward ref (-> 0x2980) | has unique name, sizeof 0
    0x139C | LF_STRUCTURE [size = 100, hash = 0x82E0] `CFastBufferRef<class_CGameCtnMediaClip>`
             unique name: `8384d17e-4a37-4721-9bb9-fb6da0e8c88c`
             vtable: <no type>, base list: <no type>, field list: <no type>
             options: forward ref (-> 0x2982) | has unique name, sizeof 0
    0x139D | LF_STRUCTURE [size = 100, hash = 0x5DA4] `CFastBufferRef<class_CGameCtnMediaTrack>`
             unique name: `f478fffb-0ee3-4631-9eba-f4dc857d4f2c`
             vtable: <no type>, base list: <no type>, field list: <no type>
             options: forward ref (-> 0x2984) | has unique name, sizeof 0
    0x139E | LF_STRUCTURE [size = 96, hash = 0x36503] `CFastBufferRef<class_CGameHighScore>`
             unique name: `7cbf105a-4d6c-4d5f-9e96-b8560d0a1445`
             vtable: <no type>, base list: <no type>, field list: <no type>
             options: forward ref (-> 0x2986) | has unique name, sizeof 0
    0x139F | LF_STRUCTURE [size = 96, hash = 0x26C20] `CFastBufferRef<class_CGameLeague>`
             unique name: `bc5a03a7-7162-47f6-8ab8-aa3b9212522d`
             vtable: <no type>, base list: <no type>, field list: <no type>
             options: forward ref (-> 0x2988) | has unique name, sizeof 0
    0x13A0 | LF_STRUCTURE [size = 92, hash = 0xB8DC] `CFastBufferRef<class_CGameMobil>`
             unique name: `7b2212fb-8536-4136-b397-4ed9cb2fff20`
             vtable: <no type>, base list: <no type>, field list: <no type>
             options: forward ref (-> 0x298A) | has unique name, sizeof 0
    0x13A1 | LF_STRUCTURE [size = 104, hash = 0x18F3C] `CFastBufferRef<class_CGameNetOnlineMessage>`
             unique name: `dea847ca-6bce-4a1a-9cc3-e4d037f58f23`
             vtable: <no type>, base list: <no type>, field list: <no type>
             options: forward ref (-> 0x298B) | has unique name, sizeof 0
    0x13A2 | LF_STRUCTURE [size = 108, hash = 0x10D26] `CFastBufferRef<class_CGameRemoteBufferDataInfo>`
             unique name: `6630705f-23bc-4db3-aca5-894e2b5ac414`
             vtable: <no type>, base list: <no type>, field list: <no type>
             options: forward ref (-> 0x298C) | has unique name, sizeof 0
    0x13A3 | LF_STRUCTURE [size = 100, hash = 0x38B29] `CFastBufferRef<class_CGameTournament>`
             unique name: `c240462f-4a07-4b60-97d1-865d9d757c3b`
             vtable: <no type>, base list: <no type>, field list: <no type>
             options: forward ref (-> 0x298D) | has unique name, sizeof 0
    0x13A4 | LF_STRUCTURE [size = 88, hash = 0xB2D1] `CFastBufferRef<class_CMwNod>`
             unique name: `cc74e6c5-527c-4a14-b4f8-c2432fa6c4d6`
             vtable: <no type>, base list: <no type>, field list: <no type>
             options: forward ref (-> 0x298E) | has unique name, sizeof 0
    0x13A5 | LF_STRUCTURE [size = 108, hash = 0x382FC] `CFastBufferRef<class_CNetMasterServerRequest>`
             unique name: `14a4439e-0edb-4c41-9c11-06f3f30dce48`
             vtable: <no type>, base list: <no type>, field list: <no type>
             options: forward ref (-> 0x2990) | has unique name, sizeof 0
    0x13A6 | LF_STRUCTURE [size = 96, hash = 0x811E] `CFastBufferRef<class_CPlugBitmap>`
             unique name: `4e8f1741-41c6-47b0-8583-b8850a4eb36e`
             vtable: <no type>, base list: <no type>, field list: <no type>
             options: forward ref (-> 0x2991) | has unique name, sizeof 0
    0x13A7 | LF_STRUCTURE [size = 96, hash = 0x33950] `CFastBufferRef<class_CPlugMaterial>`
             unique name: `234dca0e-1283-4252-a18b-e85207ebefbb`
             vtable: <no type>, base list: <no type>, field list: <no type>
             options: forward ref (-> 0x2992) | has unique name, sizeof 0
    0x13A8 | LF_STRUCTURE [size = 100, hash = 0x28AAA] `CFastBufferRef<class_CPlugModelLodMesh>`
             unique name: `66486bf7-1be4-45c4-985b-eb18ec1cfa20`
             vtable: <no type>, base list: <no type>, field list: <no type>
             options: forward ref (-> 0x2994) | has unique name, sizeof 0
    0x13A9 | LF_STRUCTURE [size = 96, hash = 0x18134] `CFastBufferRef<class_CPlugModelMesh>`
             unique name: `c2cc4133-a8ce-4c74-9599-73588358aaf0`
             vtable: <no type>, base list: <no type>, field list: <no type>
             options: forward ref (-> 0x2996) | has unique name, sizeof 0
    0x13AA | LF_STRUCTURE [size = 96, hash = 0xE150] `CFastBufferRef<class_CPlugModelTree>`
             unique name: `a8b5b2af-c1da-4366-b4fe-e391090535be`
             vtable: <no type>, base list: <no type>, field list: <no type>
             options: forward ref (-> 0x2998) | has unique name, sizeof 0
    0x13AB | LF_STRUCTURE [size = 100, hash = 0x1F719] `CFastBufferRef<class_CPlugShaderApply>`
             unique name: `ff7f1549-be75-4b89-801e-b3d323638625`
             vtable: <no type>, base list: <no type>, field list: <no type>
             options: forward ref (-> 0x299A) | has unique name, sizeof 0
    0x13AC | LF_STRUCTURE [size = 92, hash = 0xA6FD] `CFastBufferRef<class_CPlugSolid>`
             unique name: `52094843-0302-4174-93fc-d1f50fbb7984`
             vtable: <no type>, base list: <no type>, field list: <no type>
             options: forward ref (-> 0x299B) | has unique name, sizeof 0
    0x13AD | LF_STRUCTURE [size = 96, hash = 0x14557] `CFastBufferRef<class_CPlugSurface>`
             unique name: `04799cc3-fb90-49ec-9fce-43c675b7a7b5`
             vtable: <no type>, base list: <no type>, field list: <no type>
             options: forward ref (-> 0x299C) | has unique name, sizeof 0
    0x13AE | LF_STRUCTURE [size = 100, hash = 0x1D013] `CFastBufferRef<class_CSceneFxBloomData>`
             unique name: `fcc6ceb0-b266-44d8-a864-2c7c11a56359`
             vtable: <no type>, base list: <no type>, field list: <no type>
             options: forward ref (-> 0x299E) | has unique name, sizeof 0
    0x13AF | LF_STRUCTURE [size = 92, hash = 0x28183] `CFastBufferRef<class_CSceneGate>`
             unique name: `38c6355b-2695-47ad-b03f-a56a2345fb2a`
             vtable: <no type>, base list: <no type>, field list: <no type>
             options: forward ref (-> 0x299F) | has unique name, sizeof 0
    0x13B0 | LF_STRUCTURE [size = 96, hash = 0xFA5E] `CFastBufferRef<class_CSceneMobil>`
             unique name: `cbb38765-49aa-4d25-a484-501d4d296751`
             vtable: <no type>, base list: <no type>, field list: <no type>
             options: forward ref (-> 0x29A1) | has unique name, sizeof 0
    0x13B1 | LF_STRUCTURE [size = 96, hash = 0x30F50] `CFastBufferRef<class_CSceneObject>`
             unique name: `7db6af3c-fd68-4fc8-a7e8-2ba3b6fffb9d`
             vtable: <no type>, base list: <no type>, field list: <no type>
             options: forward ref (-> 0x29A2) | has unique name, sizeof 0
    0x13B2 | LF_STRUCTURE [size = 92, hash = 0x2D703] `CFastBufferRef<class_CScenePath>`
             unique name: `045d49fd-d033-406c-a1e8-42f7604b530d`
             vtable: <no type>, base list: <no type>, field list: <no type>
             options: forward ref (-> 0x29A4) | has unique name, sizeof 0
    0x13B3 | LF_STRUCTURE [size = 96, hash = 0x3CDC5] `CFastBufferRef<class_CSceneSector>`
             unique name: `85d8017b-9206-47bd-ade0-2265add571d1`
             vtable: <no type>, base list: <no type>, field list: <no type>
             options: forward ref (-> 0x29A6) | has unique name, sizeof 0
    0x13B4 | LF_STRUCTURE [size = 96, hash = 0x10FA1] `CFastBufferRef<class_CSceneToyStem>`
             unique name: `6e57e328-eb6b-4258-b0cc-04aabcfb96d9`
             vtable: <no type>, base list: <no type>, field list: <no type>
             options: forward ref (-> 0x29A8) | has unique name, sizeof 0
    0x13B5 | LF_STRUCTURE [size = 80, hash = 0x2F4A] `CFastBufferString`
             unique name: `ed758ecc-4b6d-4ac4-9246-6e62b90751b6`
             vtable: <no type>, base list: <no type>, field list: <no type>
             options: forward ref (-> 0x29AA) | has unique name, sizeof 0
    0x13B6 | LF_STRUCTURE [size = 80, hash = 0x2B32A] `CFastBufferStringInt`
             unique name: `04bdd9b0-779c-40f9-807c-3e4e1531710e`
             vtable: <no type>, base list: <no type>, field list: <no type>
             options: forward ref (-> 0x29AC) | has unique name, sizeof 0
    0x13B7 | LF_STRUCTURE [size = 100, hash = 0x28CE0] `CFastBufferWheel<class_CPlugFileSndGen*>`
             unique name: `4afeb09e-949f-44d0-8533-af114e99c7e6`
             vtable: <no type>, base list: <no type>, field list: <no type>
             options: forward ref (-> 0x29AE) | has unique name, sizeof 0
    0x13B8 | LF_STRUCTURE [size = 92, hash = 0x13950] `CFastBufferWheel<class_GmVec2>`
             unique name: `92a91bcc-5d52-422c-b1ef-89b39b52cb27`
             vtable: <no type>, base list: <no type>, field list: <no type>
             options: forward ref (-> 0x29AF) | has unique name, sizeof 0
    0x13B9 | LF_STRUCTURE [size = 92, hash = 0x2D52] `CFastBufferWheel<class_GmVec3>`
             unique name: `9c71df40-04be-4041-91c8-1293cf9c01c5`
             vtable: <no type>, base list: <no type>, field list: <no type>
             options: forward ref (-> 0x29B0) | has unique name, sizeof 0
    0x13BA | LF_STRUCTURE [size = 84, hash = 0x24514] `CFastBufferWheel<float>`
             unique name: `7e4b0887-c911-4148-86da-29c1f8396f38`
             vtable: <no type>, base list: <no type>, field list: <no type>
             options: forward ref (-> 0x29B2) | has unique name, sizeof 0
    0x13BB | LF_STRUCTURE [size = 132, hash = 0x16403] `CFastBufferWheel<struct_CGameCtnMediaBlockEditorTriangles::SBlockState>`
             unique name: `7aec0742-18bb-4aae-b662-34b37bfa8c57`
             vtable: <no type>, base list: <no type>, field list: <no type>
             options: forward ref (-> 0x29B4) | has unique name, sizeof 0
    0x13BC | LF_STRUCTURE [size = 128, hash = 0x34A70] `CFastBufferWheel<struct_CGamePlaygroundInterface::SAvatarMessage>`
             unique name: `3de80576-30ae-4070-a4d9-7f3f1ee0a080`
             vtable: <no type>, base list: <no type>, field list: <no type>
             options: forward ref (-> 0x29B5) | has unique name, sizeof 0
    0x13BD | LF_STRUCTURE [size = 108, hash = 0x1B22F] `CFastBufferWheel<struct_CHmsDyna::SHistoryPoint>`
             unique name: `231f3eb9-f380-4c3d-84d1-6d1b07c03b63`
             vtable: <no type>, base list: <no type>, field list: <no type>
             options: forward ref (-> 0x29B6) | has unique name, sizeof 0
    0x13BE | LF_STRUCTURE [size = 136, hash = 0x174F8] `CFastBufferWheel<struct_SMwTimedValueInstant<struct_SInputEventsStoreElem>_>`
             unique name: `cfe8d6c8-10a4-4ffe-b729-d2bd19514fef`
             vtable: <no type>, base list: <no type>, field list: <no type>
             options: forward ref (-> 0x29B7) | has unique name, sizeof 0
    0x13BF | LF_STRUCTURE [size = 92, hash = 0x2905E] `CFastBufferWheel<unsigned_long>`
             unique name: `a654a4ef-713a-4203-b4bc-f3d4d41bc25f`
             vtable: <no type>, base list: <no type>, field list: <no type>
             options: forward ref (-> 0x29B9) | has unique name, sizeof 0
    0x13C0 | LF_STRUCTURE [size = 76, hash = 0x298E4] `CFastCallback`
             unique name: `3b4be1e2-1b74-4d62-9c34-e3a7ce7c62ca`
             vtable: <no type>, base list: <no type>, field list: <no type>
             options: forward ref (-> 0x29BB) | has unique name, sizeof 0
    0x13C1 | LF_STRUCTURE [size = 104, hash = 0x1AA0B] `CFastCallback1P<class_CFastStringInt_const&>`
             unique name: `7db1f545-8797-497d-a23a-c20587b7fab1`
             vtable: <no type>, base list: <no type>, field list: <no type>
             options: forward ref (-> 0x29BD) | has unique name, sizeof 0
    0x13C2 | LF_STRUCTURE [size = 92, hash = 0xB252] `CFastCallback1P<class_CMwNod*>`
             unique name: `dd46fee9-cc9c-4943-bdec-2c0e124e1a26`
             vtable: <no type>, base list: <no type>, field list: <no type>
             options: forward ref (-> 0x29BF) | has unique name, sizeof 0
    0x13C3 | LF_STRUCTURE [size = 96, hash = 0x7B4B] `CFastCallback1P<class_CPlugBitmap*>`
             unique name: `de673d22-31ce-4d36-8b62-eee36cedede8`
             vtable: <no type>, base list: <no type>, field list: <no type>
             options: forward ref (-> 0x29C1) | has unique name, sizeof 0
    0x13C4 | LF_STRUCTURE [size = 100, hash = 0x39206] `CFastCallback1P<class_CPlugFileGPUP*>`
             unique name: `a7fee098-96cc-4f2f-8f42-5c7c6db7ac1d`
             vtable: <no type>, base list: <no type>, field list: <no type>
             options: forward ref (-> 0x29C3) | has unique name, sizeof 0
    0x13C5 | LF_STRUCTURE [size = 100, hash = 0x10C72] `CFastCallback1P<class_CPlugFileGPUV*>`
             unique name: `8a5dcf7c-f470-4c9a-b0a4-9780c7f091e9`
             vtable: <no type>, base list: <no type>, field list: <no type>
             options: forward ref (-> 0x29C5) | has unique name, sizeof 0
    0x13C6 | LF_STRUCTURE [size = 96, hash = 0x16B1] `CFastCallback1P<class_CPlugFilePso*>`
             unique name: `4fae72b4-8eb8-4d2b-a862-81efc1a96a0c`
             vtable: <no type>, base list: <no type>, field list: <no type>
             options: forward ref (-> 0x29C7) | has unique name, sizeof 0
    0x13C7 | LF_STRUCTURE [size = 96, hash = 0x373E] `CFastCallback1P<class_CPlugFileVso*>`
             unique name: `79d18928-0067-4ef3-8cc3-0556d550e8cf`
             vtable: <no type>, base list: <no type>, field list: <no type>
             options: forward ref (-> 0x29C9) | has unique name, sizeof 0
    0x13C8 | LF_STRUCTURE [size = 100, hash = 0x7F3A] `CFastCallback1P<class_CPlugIndexBuffer*>`
             unique name: `b07c2638-75fe-4f94-b5e2-b2abb36967bf`
             vtable: <no type>, base list: <no type>, field list: <no type>
             options: forward ref (-> 0x29CB) | has unique name, sizeof 0
    0x13C9 | LF_STRUCTURE [size = 96, hash = 0x37A82] `CFastCallback1P<class_CPlugShader*>`
             unique name: `4e557b59-c894-43e3-9980-4deff3c908e6`
             vtable: <no type>, base list: <no type>, field list: <no type>
             options: forward ref (-> 0x29CD) | has unique name, sizeof 0
    0x13CA | LF_STRUCTURE [size = 104, hash = 0xF309] `CFastCallback1P<class_CPlugVertexStream*>`
             unique name: `1427488f-90d5-46f3-bf8b-abdbe5b0bfe1`
             vtable: <no type>, base list: <no type>, field list: <no type>
             options: forward ref (-> 0x29CF) | has unique name, sizeof 0
    0x13CB | LF_STRUCTURE [size = 96, hash = 0xCE78] `CFastCallback1P<class_CPlugVisual*>`
             unique name: `3ef63e99-7122-4cda-871f-c861f53fb2a8`
             vtable: <no type>, base list: <no type>, field list: <no type>
             options: forward ref (-> 0x29D1) | has unique name, sizeof 0
    0x13CC | LF_STRUCTURE [size = 104, hash = 0x268D6] `CFastCallback1P<class_CPlugVolumeShadow*>`
             unique name: `49b550c9-137b-417f-a184-2df5733e7c6f`
             vtable: <no type>, base list: <no type>, field list: <no type>
             options: forward ref (-> 0x29D3) | has unique name, sizeof 0
    0x13CD | LF_STRUCTURE [size = 96, hash = 0x2488F] `CFastCallback1P<class_GmNat2_const&>`
             unique name: `d844a4e1-a955-4f7f-a7e9-3afb87c4617c`
             vtable: <no type>, base list: <no type>, field list: <no type>
             options: forward ref (-> 0x29D5) | has unique name, sizeof 0
    0x13CE | LF_STRUCTURE [size = 80, hash = 0x2EDC4] `CFastCallback1P<int>`
             unique name: `8c212b54-9d67-4d8a-984d-56f6d8c2c1ed`
             vtable: <no type>, base list: <no type>, field list: <no type>
             options: forward ref (-> 0x29D7) | has unique name, sizeof 0
    0x13CF | LF_STRUCTURE [size = 108, hash = 0x2E561] `CFastCallback1P<struct_CPlugBitmap::SCompress*>`
             unique name: `f3b5731e-5690-464c-93e5-a50733e78ab2`
             vtable: <no type>, base list: <no type>, field list: <no type>
             options: forward ref (-> 0x29D9) | has unique name, sizeof 0
    0x13D0 | LF_STRUCTURE [size = 120, hash = 0x2E] `CFastCallback1P<struct_CPlugTreeMapShaderFill::SFillValue*>`
             unique name: `34ade7d0-ab08-4cc0-b4f9-f30f16f355d3`
             vtable: <no type>, base list: <no type>, field list: <no type>
             options: forward ref (-> 0x29DB) | has unique name, sizeof 0
    0x13D1 | LF_STRUCTURE [size = 116, hash = 0x3F4F5] `CFastCallback1P<struct_CPlugTreeViewDep::SRenderBefore*>`
             unique name: `936bcffc-3c4c-43b6-b507-de03eee10819`
             vtable: <no type>, base list: <no type>, field list: <no type>
             options: forward ref (-> 0x29DD) | has unique name, sizeof 0
    0x13D2 | LF_STRUCTURE [size = 108, hash = 0x446F] `CFastCallback1P<struct_SControlUrlLink_const&>`
             unique name: `7f7cfd13-601d-4362-891d-ce46c3287cfe`
             vtable: <no type>, base list: <no type>, field list: <no type>
             options: forward ref (-> 0x29DF) | has unique name, sizeof 0
    0x13D3 | LF_STRUCTURE [size = 112, hash = 0xF110] `CFastCallback2P<class_CGameCtnChallengeInfo*,int&>`
             unique name: `45e3595b-b431-4386-a373-01361ccdc1b1`
             vtable: <no type>, base list: <no type>, field list: <no type>
             options: forward ref (-> 0x29E1) | has unique name, sizeof 0
    0x13D4 | LF_STRUCTURE [size = 136, hash = 0x35E6D] `CFastCallback2P<class_CGameMasterServerRequestParams_const&,unsigned_long&>`
             unique name: `3bd52229-8558-4fc0-a58c-7e63da0110b1`
             vtable: <no type>, base list: <no type>, field list: <no type>
             options: forward ref (-> 0x29E3) | has unique name, sizeof 0
    0x13D5 | LF_STRUCTURE [size = 132, hash = 0x25F20] `CFastCallback2P<struct_CPlugFileImg::SDesc&,class_CFastStringInt_const&>`
             unique name: `f184bc39-f59b-4552-b966-e2ee7c51ae96`
             vtable: <no type>, base list: <no type>, field list: <no type>
             options: forward ref (-> 0x29E5) | has unique name, sizeof 0
    0x13D6 | LF_STRUCTURE [size = 104, hash = 0x174CC] `CFastCallback2P<unsigned_long,unsigned_long>`
             unique name: `fe7f8df5-1261-47f0-9d95-a7c63a984018`
             vtable: <no type>, base list: <no type>, field list: <no type>
             options: forward ref (-> 0x29E7) | has unique name, sizeof 0
    0x13D7 | LF_STRUCTURE [size = 168, hash = 0xD7B0] `CFastCallback3P<class_CFastStringInt_const&,class_CFastStringInt_const&,struct_CPlugFileImg::SDesc_const&>`
             unique name: `c0f9d97f-18eb-485d-a7a7-c165d1cf628f`
             vtable: <no type>, base list: <no type>, field list: <no type>
             options: forward ref (-> 0x29E9) | has unique name, sizeof 0
    0x13D8 | LF_STRUCTURE [size = 180, hash = 0xFB9E] `CFastCallback3P<class_CGameMasterServerRequest*&,class_CGameMasterServerRequestParams_const*,enum_ESendRequestResult&>`
             unique name: `40fbecee-c217-4f6a-8dd3-6b435155eb13`
             vtable: <no type>, base list: <no type>, field list: <no type>
             options: forward ref (-> 0x29EB) | has unique name, sizeof 0
    0x13D9 | LF_STRUCTURE [size = 148, hash = 0x26790] `CFastCallback3P<class_CNetMasterServerRequest*,class_CFastString&,class_TiXmlElement*>`
             unique name: `e4ce139b-d9c3-4ac8-b0e8-262ca8689d18`
             vtable: <no type>, base list: <no type>, field list: <no type>
             options: forward ref (-> 0x29ED) | has unique name, sizeof 0
    0x13DA | LF_STRUCTURE [size = 124, hash = 0x2E681] `CFastCallback3P<class_CPlugFileJpg*,class_CClassicBuffer&,int>`
             unique name: `79664eee-c5e9-4c94-9b3e-dcfeee1cc86b`
             vtable: <no type>, base list: <no type>, field list: <no type>
             options: forward ref (-> 0x29EF) | has unique name, sizeof 0
    0x13DB | LF_STRUCTURE [size = 124, hash = 0x2756E] `CFastCallback3P<class_CPlugFilePng*,class_CClassicBuffer&,int>`
             unique name: `2c3ee130-61c0-45fe-98cb-b23bfeb94c2d`
             vtable: <no type>, base list: <no type>, field list: <no type>
             options: forward ref (-> 0x29F1) | has unique name, sizeof 0
    0x13DC | LF_STRUCTURE [size = 136, hash = 0x11A44] `CFastCallback3P<struct_CPlugFileImg::SDesc&,unsigned_char*,unsigned_long>`
             unique name: `d2b8c8d8-a7be-4235-abbc-11828371ce4c`
             vtable: <no type>, base list: <no type>, field list: <no type>
             options: forward ref (-> 0x29F3) | has unique name, sizeof 0
    0x13DD | LF_STRUCTURE [size = 112, hash = 0x2B204] `CFastCallback3P<unsigned_long,unsigned_long,int&>`
             unique name: `a3854fc8-a5d6-4cae-b09d-16a85dc36f85`
             vtable: <no type>, base list: <no type>, field list: <no type>
             options: forward ref (-> 0x29F5) | has unique name, sizeof 0
    0x13DE | LF_STRUCTURE [size = 180, hash = 0x1A216] `CFastCallbackInstance2P<class_CGameCtnMediaBlockEditorTriangles,enum_CGameControlMove::EMoveEvent,class_GmVec3_const&>`
             unique name: `73f41344-0b8b-44ae-95d5-da4563b6a718`
             vtable: <no type>, base list: <no type>, field list: <no type>
             options: forward ref (-> 0x29F7) | has unique name, sizeof 0
    0x13DF | LF_STRUCTURE [size = 180, hash = 0x25B07] `CFastCallbackInstance3P<class_CNetMasterServer,class_CNetMasterServerRequest*,class_CFastString&,class_TiXmlElement*>`
             unique name: `44c48e05-3051-45e1-b2ac-6a2c7199adeb`
             vtable: <no type>, base list: <no type>, field list: <no type>
             options: forward ref (-> 0x29F8) | has unique name, sizeof 0
    0x13E0 | LF_STRUCTURE [size = 76, hash = 0x304E4] `CFastCrypt<int>`
             unique name: `5e878620-961d-42f8-88a6-50fb346567cd`
             vtable: <no type>, base list: <no type>, field list: <no type>
             options: forward ref (-> 0x29F9) | has unique name, sizeof 0
    0x13E1 | LF_STRUCTURE [size = 88, hash = 0x26F86] `CFastCrypt<unsigned_long>`
             unique name: `54cca8c9-c6dd-4a29-ae3c-4ed3a28434ee`
             vtable: <no type>, base list: <no type>, field list: <no type>
             options: forward ref (-> 0x29FB) | has unique name, sizeof 0
    0x13E2 | LF_STRUCTURE [size = 88, hash = 0x24064] `CFastMap<class_CMwId,float>`
             unique name: `b345a1b3-545a-4254-9913-6a82484f94b1`
             vtable: <no type>, base list: <no type>, field list: <no type>
             options: forward ref (-> 0x29FC) | has unique name, sizeof 0
    0x13E3 | LF_STRUCTURE [size = 96, hash = 0x1DF48] `CFastMap<class_CMwId,unsigned_long>`
             unique name: `1615492d-a26e-4632-be26-98ed11894e99`
             vtable: <no type>, base list: <no type>, field list: <no type>
             options: forward ref (-> 0x29FD) | has unique name, sizeof 0
    0x13E4 | LF_STRUCTURE [size = 100, hash = 0x23722] `CFastMapTable<class_CGameRemoteBuffer*>`
             unique name: `6ed9ab86-489e-437b-892d-9747525cc711`
             vtable: <no type>, base list: <no type>, field list: <no type>
             options: forward ref (-> 0x29FE) | has unique name, sizeof 0
    0x13E5 | LF_STRUCTURE [size = 112, hash = 0x1138A] `CFastMapTable<struct_CGameAdvertising::SInstanceId>`
             unique name: `422aa49c-96fd-4362-ae2f-fc34328fe13e`
             vtable: <no type>, base list: <no type>, field list: <no type>
             options: forward ref (-> 0x2A00) | has unique name, sizeof 0
    0x13E6 | LF_STRUCTURE [size = 148, hash = 0x17721] `CFastMapTable<struct_CGameAdvertisingElement::CImpressionCollector::SImpressionRecord>`
             unique name: `a0d36acb-b44b-47f3-a282-3cf26a03f839`
             vtable: <no type>, base list: <no type>, field list: <no type>
             options: forward ref (-> 0x2A02) | has unique name, sizeof 0
    0x13E7 | LF_STRUCTURE [size = 108, hash = 0x344BF] `CFastMapTable<struct_CPlugFontBitmap::SKerning>`
             unique name: `14a4348e-63a7-4559-ad2b-a0f5c79e261a`
             vtable: <no type>, base list: <no type>, field list: <no type>
             options: forward ref (-> 0x2A04) | has unique name, sizeof 0
    0x13E8 | LF_STRUCTURE [size = 116, hash = 0x2833D] `CFastMapTable<struct_CPlugTreeMapShaderFill::SFillValue>`
             unique name: `08e942e4-b22f-460b-9fb2-09a29e962ec9`
             vtable: <no type>, base list: <no type>, field list: <no type>
             options: forward ref (-> 0x2A05) | has unique name, sizeof 0
    0x13E9 | LF_STRUCTURE [size = 88, hash = 0x7934] `CFastMapTable<unsigned_char>`
             unique name: `960f8176-ca27-4441-8df7-45f4bdcc8920`
             vtable: <no type>, base list: <no type>, field list: <no type>
             options: forward ref (-> 0x2A07) | has unique name, sizeof 0
    0x13EA | LF_STRUCTURE [size = 88, hash = 0x2F0F8] `CFastMapTable<unsigned_long>`
             unique name: `9e10b21d-da12-4432-a9aa-064809bd9119`
             vtable: <no type>, base list: <no type>, field list: <no type>
             options: forward ref (-> 0x2A09) | has unique name, sizeof 0
    0x13EB | LF_STRUCTURE [size = 76, hash = 0x330E] `CFastRadixSort`
             unique name: `15cec541-a576-4bf1-a260-52fb064b7c49`
             vtable: <no type>, base list: <no type>, field list: <no type>
             options: forward ref (-> 0x2A0B) | has unique name, sizeof 0
    0x13EC | LF_STRUCTURE [size = 80, hash = 0x2582F] `CFastRectTable<int>`
             unique name: `171ee1b6-f401-4714-9c13-33a733b089d3`
             vtable: <no type>, base list: <no type>, field list: <no type>
             options: forward ref (-> 0x2A0D) | has unique name, sizeof 0
    0x13ED | LF_STRUCTURE [size = 72, hash = 0x30AFD] `CFastString`
             unique name: `68f7dfcb-f63c-46d0-a7f0-86881d571674`
             vtable: <no type>, base list: <no type>, field list: <no type>
             options: forward ref (-> 0x2A0E) | has unique name, sizeof 0
    0x13EE | LF_STRUCTURE [size = 84, hash = 0x54A1] `CFastStringBase<char>`
             unique name: `dc2cf3c0-1088-402b-8b88-e50956ecd8ba`
             vtable: <no type>, base list: <no type>, field list: <no type>
             options: forward ref (-> 0x2A11) | has unique name, sizeof 0
    0x13EF | LF_STRUCTURE [size = 84, hash = 0x29221] `CFastStringBase<wchar_t>`
             unique name: `0f6b009b-ef88-4248-9593-1ad3bbb1bfef`
             vtable: <no type>, base list: <no type>, field list: <no type>
             options: forward ref (-> 0x2A13) | has unique name, sizeof 0
    0x13F0 | LF_STRUCTURE [size = 80, hash = 0x3426A] `CFastStringForArray`
             unique name: `72533f22-ee1b-460a-a033-df4e4a4e2e77`
             vtable: <no type>, base list: <no type>, field list: <no type>
             options: forward ref (-> 0x2A15) | has unique name, sizeof 0
    0x13F1 | LF_STRUCTURE [size = 76, hash = 0x375BB] `CFastStringInt`
             unique name: `e82cd734-8494-4092-b4c8-2ebb936eb5ea`
             vtable: <no type>, base list: <no type>, field list: <no type>
             options: forward ref (-> 0x2A17) | has unique name, sizeof 0
    0x13F2 | LF_STRUCTURE [size = 84, hash = 0x81D2] `CFastStringIntForArray`
             unique name: `1c44a521-ef32-4ade-bb77-86246f407fbf`
             vtable: <no type>, base list: <no type>, field list: <no type>
             options: forward ref (-> 0x2A19) | has unique name, sizeof 0
    0x13F3 | LF_STRUCTURE [size = 80, hash = 0x30022] `CFastStringIntList`
             unique name: `cd4fb833-bf9a-4b44-9b38-2a46aa557e25`
             vtable: <no type>, base list: <no type>, field list: <no type>
             options: forward ref (-> 0x2A1B) | has unique name, sizeof 0
    0x13F4 | LF_STRUCTURE [size = 76, hash = 0x2223D] `CFastStringList`
             unique name: `aa0d758c-6a06-4535-830a-c3675d28cf1d`
             vtable: <no type>, base list: <no type>, field list: <no type>
             options: forward ref (-> 0x2A1D) | has unique name, sizeof 0
    0x13F5 | LF_STRUCTURE [size = 80, hash = 0x249B] `CFileReadCallback`
             unique name: `c9f15f46-e3a3-4c1f-a477-9b60fa81f216`
             vtable: <no type>, base list: <no type>, field list: <no type>
             options: forward ref (-> 0x2A1F) | has unique name, sizeof 0
    0x13F6 | LF_STRUCTURE [size = 96, hash = 0x29CC5] `CFixedArray<char,4,unsigned_long>`
             unique name: `1a1c200a-9d4d-4bf5-8297-e7b528ab116b`
             vtable: <no type>, base list: <no type>, field list: <no type>
             options: forward ref (-> 0x2A20) | has unique name, sizeof 0
    0x13F7 | LF_STRUCTURE [size = 104, hash = 0xD117] `CFixedArray<char_const*,14,unsigned_long>`
             unique name: `bf8fbc0d-faa7-41d5-aec9-d56522350e43`
             vtable: <no type>, base list: <no type>, field list: <no type>
             options: forward ref (-> 0x2A21) | has unique name, sizeof 0
    0x13F8 | LF_STRUCTURE [size = 104, hash = 0x14C00] `CFixedArray<char_const*,17,unsigned_long>`
             unique name: `2783cb8d-cf8b-4f1c-8784-0d05edab2cf8`
             vtable: <no type>, base list: <no type>, field list: <no type>
             options: forward ref (-> 0x2A22) | has unique name, sizeof 0
    0x13F9 | LF_STRUCTURE [size = 104, hash = 0x16CEE] `CFixedArray<char_const*,218,unsigned_long>`
             unique name: `dd4d3c86-d8c4-468c-9fde-5d5604e76f31`
             vtable: <no type>, base list: <no type>, field list: <no type>
             options: forward ref (-> 0x2A23) | has unique name, sizeof 0
    0x13FA | LF_STRUCTURE [size = 104, hash = 0x2CA48] `CFixedArray<char_const*,29,unsigned_long>`
             unique name: `0f6a4e59-d68c-4c10-ab4a-d6d4d0b1fd34`
             vtable: <no type>, base list: <no type>, field list: <no type>
             options: forward ref (-> 0x2A24) | has unique name, sizeof 0
    0x13FB | LF_STRUCTURE [size = 104, hash = 0x3E0F9] `CFixedArray<char_const*,31,unsigned_long>`
             unique name: `4c4c759f-5fa9-45f9-bb5a-d6f9267d22e3`
             vtable: <no type>, base list: <no type>, field list: <no type>
             options: forward ref (-> 0x2A25) | has unique name, sizeof 0
    0x13FC | LF_STRUCTURE [size = 116, hash = 0x3A33F] `CFixedArray<class_CDx9TextureKeeper*,16,unsigned_long>`
             unique name: `76a2ce7c-9d59-4428-bf1c-dd91ebe5883a`
             vtable: <no type>, base list: <no type>, field list: <no type>
             options: forward ref (-> 0x2A26) | has unique name, sizeof 0
    0x13FD | LF_STRUCTURE [size = 116, hash = 0x2E06] `CFixedArray<class_CDx9TextureKeeper*,4,unsigned_long>`
             unique name: `68eb9524-7869-4055-afa4-654be4737817`
             vtable: <no type>, base list: <no type>, field list: <no type>
             options: forward ref (-> 0x2A27) | has unique name, sizeof 0
    0x13FE | LF_STRUCTURE [size = 132, hash = 0x30003] `CFixedArray<class_CFastArray<struct_SCustomGpuFxOld>,2,unsigned_long>`
             unique name: `7c7cb65f-0372-4dab-9418-f4afbcc156ea`
             vtable: <no type>, base list: <no type>, field list: <no type>
             options: forward ref (-> 0x2A28) | has unique name, sizeof 0
    0x13FF | LF_STRUCTURE [size = 120, hash = 0x3B1DD] `CFixedArray<class_CFastBuffer<class_GmVec4>,2,unsigned_long>`
             unique name: `86ada138-905b-4d55-8678-4fe5945d008c`
             vtable: <no type>, base list: <no type>, field list: <no type>
             options: forward ref (-> 0x2A29) | has unique name, sizeof 0
    0x1400 | LF_STRUCTURE [size = 144, hash = 0x2E48A] `CFixedArray<class_CFastBuffer<struct_CVisionViewportDx9::SSurface>,4,unsigned_long>`
             unique name: `35d84b15-6ccd-45ff-bdbb-3e15574f898c`
             vtable: <no type>, base list: <no type>, field list: <no type>
             options: forward ref (-> 0x2A2A) | has unique name, sizeof 0
    0x1401 | LF_STRUCTURE [size = 124, hash = 0x204DC] `CFixedArray<class_CFastBuffer<unsigned_char>,3,unsigned_long>`
             unique name: `c1f5094d-1ef6-4d31-b19f-717fe5a963f8`
             vtable: <no type>, base list: <no type>, field list: <no type>
             options: forward ref (-> 0x2A2B) | has unique name, sizeof 0
    0x1402 | LF_STRUCTURE [size = 108, hash = 0x7480] `CFixedArray<class_CFastString,2,unsigned_long>`
             unique name: `239ea1e9-0334-46ae-ab59-6370136615f5`
             vtable: <no type>, base list: <no type>, field list: <no type>
             options: forward ref (-> 0x2A2C) | has unique name, sizeof 0
    0x1403 | LF_STRUCTURE [size = 108, hash = 0x9737] `CFixedArray<class_CFastString,6,unsigned_long>`
             unique name: `9d4a0391-6eaf-49d0-95b6-42f89dc5efbb`
             vtable: <no type>, base list: <no type>, field list: <no type>
             options: forward ref (-> 0x2A2D) | has unique name, sizeof 0
    0x1404 | LF_STRUCTURE [size = 108, hash = 0x100C5] `CFixedArray<class_CFastString,8,unsigned_long>`
             unique name: `eef7bb2d-49b3-4235-ad16-8fd6296d6d23`
             vtable: <no type>, base list: <no type>, field list: <no type>
             options: forward ref (-> 0x2A2E) | has unique name, sizeof 0
    0x1405 | LF_STRUCTURE [size = 112, hash = 0x1C8B5] `CFixedArray<class_CFastStringInt,8,unsigned_long>`
             unique name: `82aafdc6-7b91-4a05-a5f0-4d25f9454e99`
             vtable: <no type>, base list: <no type>, field list: <no type>
             options: forward ref (-> 0x2A2F) | has unique name, sizeof 0
    0x1406 | LF_STRUCTURE [size = 104, hash = 0x3E90E] `CFixedArray<class_CMwId,12,unsigned_long>`
             unique name: `dd1a4985-2a2e-4ed9-9f92-5e84d23322da`
             vtable: <no type>, base list: <no type>, field list: <no type>
             options: forward ref (-> 0x2A30) | has unique name, sizeof 0
    0x1407 | LF_STRUCTURE [size = 100, hash = 0x25925] `CFixedArray<class_CMwId,3,unsigned_long>`
             unique name: `eda43323-c9e4-4aad-baad-9056ad6e09f6`
             vtable: <no type>, base list: <no type>, field list: <no type>
             options: forward ref (-> 0x2A31) | has unique name, sizeof 0
    0x1408 | LF_STRUCTURE [size = 100, hash = 0x688F] `CFixedArray<class_CMwId,7,unsigned_long>`
             unique name: `2bb45965-dc3d-4dcc-9a60-b0519fba8e6f`
             vtable: <no type>, base list: <no type>, field list: <no type>
             options: forward ref (-> 0x2A32) | has unique name, sizeof 0
    0x1409 | LF_STRUCTURE [size = 124, hash = 0x1BFD0] `CFixedArray<class_CMwNodRef<class_CManoeuvre>,4,unsigned_long>`
             unique name: `d4adc898-86be-4c26-957a-885d1876ee40`
             vtable: <no type>, base list: <no type>, field list: <no type>
             options: forward ref (-> 0x2A33) | has unique name, sizeof 0
    0x140A | LF_STRUCTURE [size = 124, hash = 0x2AD28] `CFixedArray<class_CMwNodRef<class_CManoeuvre>,6,unsigned_long>`
             unique name: `bb34a515-c923-41fe-b35a-033860135b67`
             vtable: <no type>, base list: <no type>, field list: <no type>
             options: forward ref (-> 0x2A34) | has unique name, sizeof 0
    0x140B | LF_STRUCTURE [size = 124, hash = 0x309E4] `CFixedArray<class_CMwNodRef<class_CPlugBitmap>,3,unsigned_long>`
             unique name: `a28a94c1-76a4-45c0-9e51-1fb0537595b7`
             vtable: <no type>, base list: <no type>, field list: <no type>
             options: forward ref (-> 0x2A35) | has unique name, sizeof 0
    0x140C | LF_STRUCTURE [size = 128, hash = 0x6978] `CFixedArray<class_CMwNodRef<class_CPlugFileGPUV>,29,unsigned_long>`
             unique name: `d85158b2-3ec6-491f-beb2-ae824bff7298`
             vtable: <no type>, base list: <no type>, field list: <no type>
             options: forward ref (-> 0x2A36) | has unique name, sizeof 0
    0x140D | LF_STRUCTURE [size = 124, hash = 0x6543] `CFixedArray<class_CMwNodRef<class_CPlugShader>,2,unsigned_long>`
             unique name: `72083594-0375-40eb-82f2-ee28b01e6546`
             vtable: <no type>, base list: <no type>, field list: <no type>
             options: forward ref (-> 0x2A37) | has unique name, sizeof 0
    0x140E | LF_STRUCTURE [size = 132, hash = 0x259] `CFixedArray<class_CMwNodRef<class_CPlugShaderApply>,50,unsigned_long>`
             unique name: `40974938-e581-4a1d-9c5e-82ea17239b48`
             vtable: <no type>, base list: <no type>, field list: <no type>
             options: forward ref (-> 0x2A39) | has unique name, sizeof 0
    0x140F | LF_STRUCTURE [size = 132, hash = 0xDA08] `CFixedArray<class_CMwNodRef<class_CPlugShaderApply>,64,unsigned_long>`
             unique name: `17bd85da-149e-4a5e-8dd9-f9bcc1eb205a`
             vtable: <no type>, base list: <no type>, field list: <no type>
             options: forward ref (-> 0x2A3A) | has unique name, sizeof 0
    0x1410 | LF_STRUCTURE [size = 128, hash = 0x1C859] `CFixedArray<class_CMwNodRef<class_CPlugShaderApply>,8,unsigned_long>`
             unique name: `dc935d24-7917-4ec5-807b-22a158951720`
             vtable: <no type>, base list: <no type>, field list: <no type>
             options: forward ref (-> 0x2A3B) | has unique name, sizeof 0
    0x1411 | LF_STRUCTURE [size = 108, hash = 0x2757C] `CFixedArray<class_CPlugBitmap*,4,unsigned_long>`
             unique name: `66849861-18a9-4ec4-8fe2-aeacd68d40e2`
             vtable: <no type>, base list: <no type>, field list: <no type>
             options: forward ref (-> 0x2A3C) | has unique name, sizeof 0
    0x1412 | LF_STRUCTURE [size = 120, hash = 0x12138] `CFixedArray<class_CPlugSurfaceMaterialData,31,unsigned_long>`
             unique name: `ae5b512a-80cc-48c7-b5dc-1204827e8f05`
             vtable: <no type>, base list: <no type>, field list: <no type>
             options: forward ref (-> 0x2A3E) | has unique name, sizeof 0
    0x1413 | LF_STRUCTURE [size = 108, hash = 0x21F2] `CFixedArray<class_CSystemFid*,6,unsigned_long>`
             unique name: `78b17299-2ef3-4bdf-b781-f1b3dec21e0d`
             vtable: <no type>, base list: <no type>, field list: <no type>
             options: forward ref (-> 0x2A3F) | has unique name, sizeof 0
    0x1414 | LF_STRUCTURE [size = 108, hash = 0x3C99A] `CFixedArray<class_GmBoxAligned,3,unsigned_long>`
             unique name: `888f9833-a214-43d5-88d3-823b1e1db616`
             vtable: <no type>, base list: <no type>, field list: <no type>
             options: forward ref (-> 0x2A40) | has unique name, sizeof 0
    0x1415 | LF_STRUCTURE [size = 108, hash = 0x1346E] `CFixedArray<enum__D3DDECLTYPE,17,unsigned_long>`
             unique name: `53a7e5ea-fd26-4df7-a3c9-a7e9b49fd4ca`
             vtable: <no type>, base list: <no type>, field list: <no type>
             options: forward ref (-> 0x2A41) | has unique name, sizeof 0
    0x1416 | LF_STRUCTURE [size = 108, hash = 0xBB8F] `CFixedArray<enum_EGxBlendFactor,5,unsigned_long>`
             unique name: `8292b55e-bee6-45dd-a8b5-0e59ef1d0891`
             vtable: <no type>, base list: <no type>, field list: <no type>
             options: forward ref (-> 0x2A42) | has unique name, sizeof 0
    0x1417 | LF_STRUCTURE [size = 104, hash = 0xA3D2] `CFixedArray<enum_EGxUvSrc,24,unsigned_long>`
             unique name: `c67cf164-151d-4c84-91e1-7552c91174c1`
             vtable: <no type>, base list: <no type>, field list: <no type>
             options: forward ref (-> 0x2A43) | has unique name, sizeof 0
    0x1418 | LF_STRUCTURE [size = 112, hash = 0x38BD] `CFixedArray<enum_EPlugGpuPipeline,218,unsigned_long>`
             unique name: `5c20db83-6313-4c5d-813c-6d69b4fefbbc`
             vtable: <no type>, base list: <no type>, field list: <no type>
             options: forward ref (-> 0x2A44) | has unique name, sizeof 0
    0x1419 | LF_STRUCTURE [size = 112, hash = 0x10D34] `CFixedArray<enum_EPlugGpuRegSet,218,unsigned_long>`
             unique name: `4f8b9fbb-01c2-4307-82c7-70695e4742f0`
             vtable: <no type>, base list: <no type>, field list: <no type>
             options: forward ref (-> 0x2A45) | has unique name, sizeof 0
    0x141A | LF_STRUCTURE [size = 112, hash = 0x2DC51] `CFixedArray<enum_EPlugVDclSpace,22,unsigned_long>`
             unique name: `3fc91d7a-066f-4787-8a4b-6dbe5175c353`
             vtable: <no type>, base list: <no type>, field list: <no type>
             options: forward ref (-> 0x2A46) | has unique name, sizeof 0
    0x141B | LF_STRUCTURE [size = 108, hash = 0x3A1DE] `CFixedArray<enum_EPlugVDclType,22,unsigned_long>`
             unique name: `9807782d-c7f0-4e08-a598-83b846942fe6`
             vtable: <no type>, base list: <no type>, field list: <no type>
             options: forward ref (-> 0x2A47) | has unique name, sizeof 0
    0x141C | LF_STRUCTURE [size = 128, hash = 0x3794D] `CFixedArray<struct_CGameCtnChapter::SCustomMusic,3,unsigned_long>`
             unique name: `df8716c7-2660-43bf-9dff-31ec45cede92`
             vtable: <no type>, base list: <no type>, field list: <no type>
             options: forward ref (-> 0x2A48) | has unique name, sizeof 0
    0x141D | LF_STRUCTURE [size = 132, hash = 0xFFD9] `CFixedArray<struct_CGameCtnMediaBlockFx::SLinkClassId,4,unsigned_long>`
             unique name: `9d8cf182-f6c2-48d6-8de9-097db68d0e9a`
             vtable: <no type>, base list: <no type>, field list: <no type>
             options: forward ref (-> 0x2A49) | has unique name, sizeof 0
    0x141E | LF_STRUCTURE [size = 124, hash = 0x342AF] `CFixedArray<struct_CHmsPackLightMap::SProgress,4,unsigned_long>`
             unique name: `2d063bdf-45ae-4348-b8a4-1730af4dacf2`
             vtable: <no type>, base list: <no type>, field list: <no type>
             options: forward ref (-> 0x2A4A) | has unique name, sizeof 0
    0x141F | LF_STRUCTURE [size = 136, hash = 0x33421] `CFixedArray<struct_CPlugBitmapRenderHemisphere::SHemiRect,22,unsigned_long>`
             unique name: `02881e58-b922-41d5-91d3-479acac54c96`
             vtable: <no type>, base list: <no type>, field list: <no type>
             options: forward ref (-> 0x2A4B) | has unique name, sizeof 0
    0x1420 | LF_STRUCTURE [size = 124, hash = 0x11146] `CFixedArray<struct_CPlugFileGpuBuilder::SInOut,2,unsigned_long>`
             unique name: `84c2575b-c7bf-43f5-a13e-1f1e5aa6ddc3`
             vtable: <no type>, base list: <no type>, field list: <no type>
             options: forward ref (-> 0x2A4C) | has unique name, sizeof 0
    0x1421 | LF_STRUCTURE [size = 124, hash = 0x13700] `CFixedArray<struct_CSceneVehicle::SEnvironment,2,unsigned_long>`
             unique name: `19dac9f6-5b8c-4c04-8b9a-1898b6d015e7`
             vtable: <no type>, base list: <no type>, field list: <no type>
             options: forward ref (-> 0x2A4D) | has unique name, sizeof 0
    0x1422 | LF_STRUCTURE [size = 120, hash = 0x2FC42] `CFixedArray<struct_IDirect3DIndexBuffer9*,2,unsigned_long>`
             unique name: `f8a14c24-1bc9-4a52-a410-1e694fc1f2a7`
             vtable: <no type>, base list: <no type>, field list: <no type>
             options: forward ref (-> 0x2A4E) | has unique name, sizeof 0
    0x1423 | LF_STRUCTURE [size = 112, hash = 0x1BB04] `CFixedArray<struct_SDx9VendorInfo,12,unsigned_long>`
             unique name: `0ae42aa5-6662-47ef-942f-2cd58291cac7`
             vtable: <no type>, base list: <no type>, field list: <no type>
             options: forward ref (-> 0x2A4F) | has unique name, sizeof 0
    0x1424 | LF_STRUCTURE [size = 108, hash = 0xF4BC] `CFixedArray<struct_SStdGpuMask,29,unsigned_long>`
             unique name: `a2aad6a4-fb22-43c7-857f-5c8f7d1f887c`
             vtable: <no type>, base list: <no type>, field list: <no type>
             options: forward ref (-> 0x2A50) | has unique name, sizeof 0
    0x1425 | LF_STRUCTURE [size = 108, hash = 0x1A1DA] `CFixedArray<struct_SStdGpuMask,39,unsigned_long>`
             unique name: `a2ca487c-042d-4a7d-8fda-30988864581f`
             vtable: <no type>, base list: <no type>, field list: <no type>
             options: forward ref (-> 0x2A51) | has unique name, sizeof 0
    0x1426 | LF_STRUCTURE [size = 104, hash = 0xADEF] `CFixedArray<unsigned_char,8,unsigned_long>`
             unique name: `c638c564-a1d2-46e1-8311-06c8ca8a7418`
             vtable: <no type>, base list: <no type>, field list: <no type>
             options: forward ref (-> 0x2A52) | has unique name, sizeof 0
    0x1427 | LF_STRUCTURE [size = 104, hash = 0x411C] `CFixedArray<unsigned_long,10,unsigned_long>`
             unique name: `c5f7e869-cb64-49f9-8a1b-9fe2c0a07e24`
             vtable: <no type>, base list: <no type>, field list: <no type>
             options: forward ref (-> 0x2A53) | has unique name, sizeof 0
    0x1428 | LF_STRUCTURE [size = 104, hash = 0x14F81] `CFixedArray<unsigned_long,13,unsigned_long>`
             unique name: `b754e4a8-5d89-43c9-8f9c-db2bbf775084`
             vtable: <no type>, base list: <no type>, field list: <no type>
             options: forward ref (-> 0x2A54) | has unique name, sizeof 0
    0x1429 | LF_STRUCTURE [size = 104, hash = 0x3B442] `CFixedArray<unsigned_long,17,unsigned_long>`
             unique name: `448a2989-7ae8-4751-a6a2-d82350f70438`
             vtable: <no type>, base list: <no type>, field list: <no type>
             options: forward ref (-> 0x2A55) | has unique name, sizeof 0
    0x142A | LF_STRUCTURE [size = 104, hash = 0x2F708] `CFixedArray<unsigned_long,2,unsigned_long>`
             unique name: `74986e5d-c415-4a64-bd46-f1c0d07df7fc`
             vtable: <no type>, base list: <no type>, field list: <no type>
             options: forward ref (-> 0x2A56) | has unique name, sizeof 0
    0x142B | LF_STRUCTURE [size = 104, hash = 0x115B3] `CFixedArray<unsigned_long,218,unsigned_long>`
             unique name: `ab297e3a-1419-4603-93e5-e2c9bf0ad17d`
             vtable: <no type>, base list: <no type>, field list: <no type>
             options: forward ref (-> 0x2A57) | has unique name, sizeof 0
    0x142C | LF_STRUCTURE [size = 104, hash = 0x3826] `CFixedArray<unsigned_long,22,unsigned_long>`
             unique name: `55cffdb7-e641-440e-a509-fe214ee7888f`
             vtable: <no type>, base list: <no type>, field list: <no type>
             options: forward ref (-> 0x2A58) | has unique name, sizeof 0
    0x142D | LF_STRUCTURE [size = 104, hash = 0x3AFBC] `CFixedArray<unsigned_long,39,unsigned_long>`
             unique name: `1daf7fd4-5f70-495d-9bd1-f9f6327f1ead`
             vtable: <no type>, base list: <no type>, field list: <no type>
             options: forward ref (-> 0x2A59) | has unique name, sizeof 0
    0x142E | LF_STRUCTURE [size = 104, hash = 0x2F1C1] `CFixedArray<unsigned_long,4,unsigned_long>`
             unique name: `2332d716-52a4-4a51-aaa9-45c57d1c6f89`
             vtable: <no type>, base list: <no type>, field list: <no type>
             options: forward ref (-> 0x2A5A) | has unique name, sizeof 0
    0x142F | LF_STRUCTURE [size = 104, hash = 0x673] `CFixedArray<unsigned_long,6,unsigned_long>`
             unique name: `09cd119d-f67e-4142-b5ef-e90b2f755827`
             vtable: <no type>, base list: <no type>, field list: <no type>
             options: forward ref (-> 0x2A5B) | has unique name, sizeof 0
    0x1430 | LF_STRUCTURE [size = 92, hash = 0x3700A] `CFixedArrayParam<char_const*,1>`
             unique name: `83dbebca-b0ec-4f43-9153-f1c8202ca739`
             vtable: <no type>, base list: <no type>, field list: <no type>
             options: forward ref (-> 0x2A5C) | has unique name, sizeof 0
    0x1431 | LF_STRUCTURE [size = 68, hash = 0x3DB32] `CFunc`
             unique name: `6a4ca55e-c649-4f67-b14f-b49c5e77524d`
             vtable: <no type>, base list: <no type>, field list: <no type>
             options: forward ref (-> 0x2A5D) | has unique name, sizeof 0
    0x1432 | LF_STRUCTURE [size = 72, hash = 0x5DFA] `CFuncClouds`
             unique name: `5348245a-030c-4b42-83f9-177bd2cbc1e6`
             vtable: <no type>, base list: <no type>, field list: <no type>
             options: forward ref (-> 0x2A5E) | has unique name, sizeof 0
    0x1433 | LF_STRUCTURE [size = 72, hash = 0x3C199] `CFuncColor`
             unique name: `1f6bd550-7961-4078-9b5d-eef7f77eb8ef`
             vtable: <no type>, base list: <no type>, field list: <no type>
             options: forward ref (-> 0x2A60) | has unique name, sizeof 0
    0x1434 | LF_STRUCTURE [size = 80, hash = 0x3E877] `CFuncColorGradient`
             unique name: `1c08113f-ee27-4e4c-9d9a-9d54ce8015c4`
             vtable: <no type>, base list: <no type>, field list: <no type>
             options: forward ref (-> 0x2A61) | has unique name, sizeof 0
    0x1435 | LF_STRUCTURE [size = 76, hash = 0x2AFD2] `CFuncCurves2Real`
             unique name: `a9e522fb-4025-4bdc-8696-18f2846ea8ab`
             vtable: <no type>, base list: <no type>, field list: <no type>
             options: forward ref (-> 0x2A62) | has unique name, sizeof 0
    0x1436 | LF_STRUCTURE [size = 76, hash = 0x293E2] `CFuncCurvesReal`
             unique name: `e52f8ba6-d42f-4d63-93a5-2cc5cfb75a65`
             vtable: <no type>, base list: <no type>, field list: <no type>
             options: forward ref (-> 0x2A64) | has unique name, sizeof 0
    0x1437 | LF_STRUCTURE [size = 72, hash = 0x3898A] `CFuncEnum`
             unique name: `24e2360a-c70e-4d67-9525-d105439b16ec`
             vtable: <no type>, base list: <no type>, field list: <no type>
             options: forward ref (-> 0x2A66) | has unique name, sizeof 0
    0x1438 | LF_STRUCTURE [size = 76, hash = 0x3AB63] `CFuncEnvelope`
             unique name: `189e5f79-5860-4348-b622-4a69c433760f`
             vtable: <no type>, base list: <no type>, field list: <no type>
             options: forward ref (-> 0x2A68) | has unique name, sizeof 0
    0x1439 | LF_STRUCTURE [size = 84, hash = 0xB280] `CFuncFullColorGradient`
             unique name: `417946fc-6d11-485d-9303-32307f9fce86`
             vtable: <no type>, base list: <no type>, field list: <no type>
             options: forward ref (-> 0x2A69) | has unique name, sizeof 0
    0x143A | LF_STRUCTURE [size = 72, hash = 0x5BE] `CFuncGroup`
             unique name: `6662c645-1f22-4177-9ed8-ece60f3dfeb4`
             vtable: <no type>, base list: <no type>, field list: <no type>
             options: forward ref (-> 0x2A6B) | has unique name, sizeof 0
    0x143B | LF_STRUCTURE [size = 76, hash = 0xD48A] `CFuncGroupElem`
             unique name: `7217f3e1-7c86-4bda-8e4a-a013022529bb`
             vtable: <no type>, base list: <no type>, field list: <no type>
             options: forward ref (-> 0x2A6D) | has unique name, sizeof 0
    0x143C | LF_STRUCTURE [size = 72, hash = 0x3B3CF] `CFuncKeys`
             unique name: `545a8254-cdc3-4459-8d1c-363f0d336b8e`
             vtable: <no type>, base list: <no type>, field list: <no type>
             options: forward ref (-> 0x2A6E) | has unique name, sizeof 0
    0x143D | LF_STRUCTURE [size = 72, hash = 0x15F58] `CFuncKeysCmd`
             unique name: `26338de5-9020-45e3-ae14-6faeedd30a95`
             vtable: <no type>, base list: <no type>, field list: <no type>
             options: forward ref (-> 0x2A6F) | has unique name, sizeof 0
    0x143E | LF_STRUCTURE [size = 72, hash = 0x25FD] `CFuncKeySkel`
             unique name: `99d9b29e-d91f-4840-afd3-4e6bb5aaf6ff`
             vtable: <no type>, base list: <no type>, field list: <no type>
             options: forward ref (-> 0x2A71) | has unique name, sizeof 0
    0x143F | LF_STRUCTURE [size = 76, hash = 0xB330] `CFuncKeysNatural`
             unique name: `0463cbae-1881-4cef-9684-1614845ec2e0`
             vtable: <no type>, base list: <no type>, field list: <no type>
             options: forward ref (-> 0x2A73) | has unique name, sizeof 0
    0x1440 | LF_STRUCTURE [size = 76, hash = 0x6E0C] `CFuncKeysPath`
             unique name: `732806d5-d33a-4366-a9e7-54633fb56463`
             vtable: <no type>, base list: <no type>, field list: <no type>
             options: forward ref (-> 0x2A74) | has unique name, sizeof 0
    0x1441 | LF_STRUCTURE [size = 76, hash = 0x14811] `CFuncKeysReal`
             unique name: `1417a273-9a66-47ae-932b-b20b7682de5c`
             vtable: <no type>, base list: <no type>, field list: <no type>
             options: forward ref (-> 0x2A76) | has unique name, sizeof 0
    0x1442 | LF_STRUCTURE [size = 76, hash = 0x38BDB] `CFuncKeysReals`
             unique name: `e8676385-f816-42dd-8c39-6734411263d6`
             vtable: <no type>, base list: <no type>, field list: <no type>
             options: forward ref (-> 0x2A78) | has unique name, sizeof 0
    0x1443 | LF_STRUCTURE [size = 76, hash = 0x1C0CE] `CFuncKeysSkel`
             unique name: `11b52633-225b-4b17-8176-56018c1026f0`
             vtable: <no type>, base list: <no type>, field list: <no type>
             options: forward ref (-> 0x2A79) | has unique name, sizeof 0
    0x1444 | LF_STRUCTURE [size = 76, hash = 0x33EC4] `CFuncKeysSound`
             unique name: `70ccead1-6c99-49b7-b27d-e481ab7938f3`
             vtable: <no type>, base list: <no type>, field list: <no type>
             options: forward ref (-> 0x2A7B) | has unique name, sizeof 0
    0x1445 | LF_STRUCTURE [size = 76, hash = 0x1B5BF] `CFuncKeysTrans`
             unique name: `09c7b9ef-5abd-4a54-a9f4-3aea288b0ad6`
             vtable: <no type>, base list: <no type>, field list: <no type>
             options: forward ref (-> 0x2A7C) | has unique name, sizeof 0
    0x1446 | LF_STRUCTURE [size = 80, hash = 0x1C44F] `CFuncKeysTransQuat`
             unique name: `8909a72c-977c-420e-b278-e2282d6cf30c`
             vtable: <no type>, base list: <no type>, field list: <no type>
             options: forward ref (-> 0x2A7D) | has unique name, sizeof 0
    0x1447 | LF_STRUCTURE [size = 76, hash = 0x49F5] `CFuncKeysVisual`
             unique name: `f8eeac5c-9bd2-4b2e-af06-37f776d58b65`
             vtable: <no type>, base list: <no type>, field list: <no type>
             options: forward ref (-> 0x2A7E) | has unique name, sizeof 0
    0x1448 | LF_STRUCTURE [size = 72, hash = 0x40D3] `CFuncLight`
             unique name: `6d945107-1152-4eb8-80e8-7de239cbe63c`
             vtable: <no type>, base list: <no type>, field list: <no type>
             options: forward ref (-> 0x2A7F) | has unique name, sizeof 0
    0x1449 | LF_STRUCTURE [size = 76, hash = 0xCBD4] `CFuncLightColor`
             unique name: `479f21ee-4ab6-4dce-acfe-7beb8acdef3b`
             vtable: <no type>, base list: <no type>, field list: <no type>
             options: forward ref (-> 0x2A80) | has unique name, sizeof 0
    0x144A | LF_STRUCTURE [size = 80, hash = 0x2B185] `CFuncLightIntensity`
             unique name: `85f74be5-7ea3-4477-b257-6dcd46b1a8b8`
             vtable: <no type>, base list: <no type>, field list: <no type>
             options: forward ref (-> 0x2A81) | has unique name, sizeof 0
    0x144B | LF_STRUCTURE [size = 84, hash = 0x2788A] `CFuncManagerCharacter`
             unique name: `6ac236fd-aa11-49a5-823e-97853e54a7da`
             vtable: <no type>, base list: <no type>, field list: <no type>
             options: forward ref (-> 0x2A82) | has unique name, sizeof 0
    0x144C | LF_STRUCTURE [size = 84, hash = 0x3BDB7] `CFuncManagerCharacterAdv`
             unique name: `adfb2ba9-70a9-4b06-aa3b-6c5164a39666`
             vtable: <no type>, base list: <no type>, field list: <no type>
             options: forward ref (-> 0x2A84) | has unique name, sizeof 0
    0x144D | LF_STRUCTURE [size = 72, hash = 0x124E3] `CFuncNoise`
             unique name: `160f66e0-80ae-4f47-a0b7-8dcd448c87b6`
             vtable: <no type>, base list: <no type>, field list: <no type>
             options: forward ref (-> 0x2A85) | has unique name, sizeof 0
    0x144E | LF_STRUCTURE [size = 76, hash = 0x3AB4D] `CFuncPathMesh`
             unique name: `e6f2b396-4bbe-456b-928e-0c5e8bbba673`
             vtable: <no type>, base list: <no type>, field list: <no type>
             options: forward ref (-> 0x2A86) | has unique name, sizeof 0
    0x144F | LF_STRUCTURE [size = 84, hash = 0x28D6C] `CFuncPathMeshLocation`
             unique name: `37629f1f-b8a9-40c8-aae6-b1562083a920`
             vtable: <no type>, base list: <no type>, field list: <no type>
             options: forward ref (-> 0x2A88) | has unique name, sizeof 0
    0x1450 | LF_STRUCTURE [size = 72, hash = 0xF48E] `CFuncPlug`
             unique name: `0e05c419-5338-4ea2-9c2c-c81b40781671`
             vtable: <no type>, base list: <no type>, field list: <no type>
             options: forward ref (-> 0x2A89) | has unique name, sizeof 0
    0x1451 | LF_STRUCTURE [size = 76, hash = 0x341F2] `CFuncPuffLull`
             unique name: `c2a36ae0-79e8-4e0c-b7ae-7841bbde337a`
             vtable: <no type>, base list: <no type>, field list: <no type>
             options: forward ref (-> 0x2A8A) | has unique name, sizeof 0
    0x1452 | LF_STRUCTURE [size = 72, hash = 0x9A13] `CFuncSegment`
             unique name: `c9ff2a65-6882-4cbf-bd1c-0bc2200e06e6`
             vtable: <no type>, base list: <no type>, field list: <no type>
             options: forward ref (-> 0x2A8B) | has unique name, sizeof 0
    0x1453 | LF_STRUCTURE [size = 72, hash = 0x3AC78] `CFuncShader`
             unique name: `dfd8409f-efce-44ec-bfdb-66f02ce9f070`
             vtable: <no type>, base list: <no type>, field list: <no type>
             options: forward ref (-> 0x2A8C) | has unique name, sizeof 0
    0x1454 | LF_STRUCTURE [size = 80, hash = 0x35D1D] `CFuncShaderFxFactor`
             unique name: `59029170-20f7-467f-880c-bfd4b3b1605b`
             vtable: <no type>, base list: <no type>, field list: <no type>
             options: forward ref (-> 0x2A8F) | has unique name, sizeof 0
    0x1455 | LF_STRUCTURE [size = 80, hash = 0x300D4] `CFuncShaderLayerUV`
             unique name: `9bb982e8-4e2c-4eda-b285-1870a540c165`
             vtable: <no type>, base list: <no type>, field list: <no type>
             options: forward ref (-> 0x2A90) | has unique name, sizeof 0
    0x1456 | LF_STRUCTURE [size = 72, hash = 0x88AE] `CFuncShaders`
             unique name: `24fcf4f9-d93e-4d45-8c96-7c56a60d9dec`
             vtable: <no type>, base list: <no type>, field list: <no type>
             options: forward ref (-> 0x2A91) | has unique name, sizeof 0
    0x1457 | LF_STRUCTURE [size = 88, hash = 0x1E60E] `CFuncShaderTweakKeysTranss`
             unique name: `8254b526-b208-40ee-972c-d1efda836e12`
             vtable: <no type>, base list: <no type>, field list: <no type>
             options: forward ref (-> 0x2A92) | has unique name, sizeof 0
    0x1458 | LF_STRUCTURE [size = 68, hash = 0x2DD0E] `CFuncSin`
             unique name: `99d30389-839d-4934-84d7-bad6dcc3176d`
             vtable: <no type>, base list: <no type>, field list: <no type>
             options: forward ref (-> 0x2A93) | has unique name, sizeof 0
    0x1459 | LF_STRUCTURE [size = 72, hash = 0xF11] `CFuncSkel`
             unique name: `e2f53df9-e8dc-4852-bf1f-1b3be84bf33e`
             vtable: <no type>, base list: <no type>, field list: <no type>
             options: forward ref (-> 0x2A94) | has unique name, sizeof 0
    0x145A | LF_STRUCTURE [size = 76, hash = 0x2D874] `CFuncSkelValues`
             unique name: `12b9c3b4-88bf-44ff-99c0-e8664a7c0646`
             vtable: <no type>, base list: <no type>, field list: <no type>
             options: forward ref (-> 0x2A96) | has unique name, sizeof 0
    0x145B | LF_STRUCTURE [size = 76, hash = 0x182E7] `CFunctionEngine`
             unique name: `de77f0a8-efcc-4161-9181-37c92e9113ef`
             vtable: <no type>, base list: <no type>, field list: <no type>
             options: forward ref (-> 0x2A98) | has unique name, sizeof 0
    0x145C | LF_STRUCTURE [size = 72, hash = 0x232A1] `CFuncTree`
             unique name: `fdb843b9-c10d-4001-b182-b822298687e1`
             vtable: <no type>, base list: <no type>, field list: <no type>
             options: forward ref (-> 0x2A99) | has unique name, sizeof 0
    0x145D | LF_STRUCTURE [size = 76, hash = 0x9066] `CFuncTreeBend`
             unique name: `e9ba31e3-7af8-4677-89fa-3d5150d6f307`
             vtable: <no type>, base list: <no type>, field list: <no type>
             options: forward ref (-> 0x2A9B) | has unique name, sizeof 0
    0x145E | LF_STRUCTURE [size = 80, hash = 0xC160] `CFuncTreeElevator`
             unique name: `7bce585a-9915-4b48-8e14-17b644603624`
             vtable: <no type>, base list: <no type>, field list: <no type>
             options: forward ref (-> 0x2A9C) | has unique name, sizeof 0
    0x145F | LF_STRUCTURE [size = 76, hash = 0x186B9] `CFuncTreeRotate`
             unique name: `fbc616c9-b18b-4614-af84-8f15d9cab213`
             vtable: <no type>, base list: <no type>, field list: <no type>
             options: forward ref (-> 0x2A9D) | has unique name, sizeof 0
    0x1460 | LF_STRUCTURE [size = 88, hash = 0x16FC9] `CFuncTreeSubVisualSequence`
             unique name: `8cf82bef-1941-4f31-9a94-f13968a0865d`
             vtable: <no type>, base list: <no type>, field list: <no type>
             options: forward ref (-> 0x2A9E) | has unique name, sizeof 0
    0x1461 | LF_STRUCTURE [size = 80, hash = 0x26B3D] `CFuncTreeTranslate`
             unique name: `c4b6c854-38d5-442c-9007-1db3dafc4683`
             vtable: <no type>, base list: <no type>, field list: <no type>
             options: forward ref (-> 0x2A9F) | has unique name, sizeof 0
    0x1462 | LF_STRUCTURE [size = 72, hash = 0x37712] `CFuncVisual`
             unique name: `7213da9a-e298-4347-a57e-2ff6667aa97e`
             vtable: <no type>, base list: <no type>, field list: <no type>
             options: forward ref (-> 0x2AA0) | has unique name, sizeof 0
    0x1463 | LF_STRUCTURE [size = 92, hash = 0x4F57] `CFuncVisualBlendShapeSequence`
             unique name: `3bf9b23c-40eb-4b5b-89de-b9dccadf1b6f`
             vtable: <no type>, base list: <no type>, field list: <no type>
             options: forward ref (-> 0x2AA2) | has unique name, sizeof 0
    0x1464 | LF_STRUCTURE [size = 80, hash = 0x30353] `CFuncVisualShiver`
             unique name: `cfdb320b-e834-4662-b644-57668bf3e596`
             vtable: <no type>, base list: <no type>, field list: <no type>
             options: forward ref (-> 0x2AA3) | has unique name, sizeof 0
    0x1465 | LF_STRUCTURE [size = 72, hash = 0x191F0] `CFuncWeather`
             unique name: `46e220b6-4a9c-47f2-a9f8-8aec2fa4ea64`
             vtable: <no type>, base list: <no type>, field list: <no type>
             options: forward ref (-> 0x2AA4) | has unique name, sizeof 0
    0x1466 | LF_STRUCTURE [size = 76, hash = 0x1652E] `CGameAdvertising`
             unique name: `a8c04529-1e51-435c-aba6-53a91b490209`
             vtable: <no type>, base list: <no type>, field list: <no type>
             options: forward ref (-> 0x2AA6) | has unique name, sizeof 0
    0x1467 | LF_STRUCTURE [size = 84, hash = 0x3B3F0] `CGameAdvertisingElement`
             unique name: `7f616e55-ab92-4256-8312-186430d81496`
             vtable: <no type>, base list: <no type>, field list: <no type>
             options: forward ref (-> 0x2AA8) | has unique name, sizeof 0
    0x1468 | LF_STRUCTURE [size = 84, hash = 0x17009] `CGameAdvertisingNadeo`
             unique name: `c2a36356-2d24-4a55-9d6c-db4b5ef5862a`
             vtable: <no type>, base list: <no type>, field list: <no type>
             options: forward ref (-> 0x2AAA) | has unique name, sizeof 0
    0x1469 | LF_STRUCTURE [size = 84, hash = 0x2393E] `CGameAdvertisingRadial`
             unique name: `42144d81-b673-4806-b35c-0e22a4bb4046`
             vtable: <no type>, base list: <no type>, field list: <no type>
             options: forward ref (-> 0x2AAC) | has unique name, sizeof 0
    0x146A | LF_STRUCTURE [size = 76, hash = 0x3A5F2] `CGameAnalyzer`
             unique name: `01344c73-921e-4052-b51e-f92f5c89ada2`
             vtable: <no type>, base list: <no type>, field list: <no type>
             options: forward ref (-> 0x2AAD) | has unique name, sizeof 0
    0x146B | LF_STRUCTURE [size = 80, hash = 0x27B9C] `CGameAnalyzerContext`
             unique name: `d7347c47-3266-4b19-b653-b1088d9de86a`
             vtable: <no type>, base list: <no type>, field list: <no type>
             options: forward ref (-> 0x2AAF) | has unique name, sizeof 0
    0x146C | LF_STRUCTURE [size = 76, hash = 0x3EB36] `CGameAnswerData`
             unique name: `b3588457-9989-4fa5-8302-bed5d6e481ca`
             vtable: <no type>, base list: <no type>, field list: <no type>
             options: forward ref (-> 0x2AB1) | has unique name, sizeof 0
    0x146D | LF_STRUCTURE [size = 68, hash = 0xECA0] `CGameApp`
             unique name: `733a81e2-8db1-4b31-88c5-bcb59769173a`
             vtable: <no type>, base list: <no type>, field list: <no type>
             options: forward ref (-> 0x2AB3) | has unique name, sizeof 0
    0x146E | LF_STRUCTURE [size = 80, hash = 0x35290] `CGameApp_MenuContext`
             unique name: `e9bc9752-0934-4673-b5b1-e525653d10fb`
             vtable: <no type>, base list: <no type>, field list: <no type>
             options: forward ref (-> 0x2AB5) | has unique name, sizeof 0
    0x146F | LF_STRUCTURE [size = 72, hash = 0x1DBAC] `CGameAvatar`
             unique name: `deb7d475-67f7-47f1-bf3d-cb894cef9acf`
             vtable: <no type>, base list: <no type>, field list: <no type>
             options: forward ref (-> 0x2AB6) | has unique name, sizeof 0
    0x1470 | LF_STRUCTURE [size = 72, hash = 0x3BAE3] `CGameBuddy`
             unique name: `43069eed-cf4d-4131-812f-a2a98a9c5277`
             vtable: <no type>, base list: <no type>, field list: <no type>
             options: forward ref (-> 0x2AB8) | has unique name, sizeof 0
    0x1471 | LF_STRUCTURE [size = 76, hash = 0x10736] `CGameBulletModel`
             unique name: `ba905e9c-1362-41dd-92b6-2229114a4f9b`
             vtable: <no type>, base list: <no type>, field list: <no type>
             options: forward ref (-> 0x2ABA) | has unique name, sizeof 0
    0x1472 | LF_STRUCTURE [size = 76, hash = 0x50F6] `CGameCalendar`
             unique name: `1c1b3810-e2fb-4e1f-8230-f97051b8615c`
             vtable: <no type>, base list: <no type>, field list: <no type>
             options: forward ref (-> 0x2ABB) | has unique name, sizeof 0
    0x1473 | LF_STRUCTURE [size = 80, hash = 0x25F2F] `CGameCalendarEvent`
             unique name: `e98c0a85-07b4-4c04-a947-84ec293730c8`
             vtable: <no type>, base list: <no type>, field list: <no type>
             options: forward ref (-> 0x2ABD) | has unique name, sizeof 0
    0x1474 | LF_STRUCTURE [size = 72, hash = 0x1CBCB] `CGameCamera`
             unique name: `9e89ae6b-30b3-4ebf-8257-ca27c0231565`
             vtable: <no type>, base list: <no type>, field list: <no type>
             options: forward ref (-> 0x2ABF) | has unique name, sizeof 0
    0x1475 | LF_STRUCTURE [size = 88, hash = 0x35DF5] `CGameCampaignPlayerScores`
             unique name: `e8519696-9a17-4530-8555-bf0ba2dfec9d`
             vtable: <no type>, base list: <no type>, field list: <no type>
             options: forward ref (-> 0x2AC1) | has unique name, sizeof 0
    0x1476 | LF_STRUCTURE [size = 80, hash = 0x3E89] `CGameCampaignScores`
             unique name: `05d47bcd-5aa5-4b92-a0ac-e494654de640`
             vtable: <no type>, base list: <no type>, field list: <no type>
             options: forward ref (-> 0x2AC3) | has unique name, sizeof 0
    0x1477 | LF_STRUCTURE [size = 88, hash = 0x1B208] `CGameCampaignsScoresManager`
             unique name: `98b5853e-813c-45d4-ac99-4132e0364b8d`
             vtable: <no type>, base list: <no type>, field list: <no type>
             options: forward ref (-> 0x2AC5) | has unique name, sizeof 0
    0x1478 | LF_STRUCTURE [size = 80, hash = 0x3091] `CGameChallengeScores`
             unique name: `d2f3ec36-320c-4a45-9942-433d702d4879`
             vtable: <no type>, base list: <no type>, field list: <no type>
             options: forward ref (-> 0x2AC7) | has unique name, sizeof 0
    0x1479 | LF_STRUCTURE [size = 80, hash = 0x35AF5] `CGameChampionship`
             unique name: `9202faa1-1a1f-4fe0-a6f4-a1cefe31b860`
             vtable: <no type>, base list: <no type>, field list: <no type>
             options: forward ref (-> 0x2AC9) | has unique name, sizeof 0
    0x147A | LF_STRUCTURE [size = 88, hash = 0x2F47B] `CGameConnectChallengeData`
             unique name: `71988700-ef82-4b7f-82ec-7293bc3d4db7`
             vtable: <no type>, base list: <no type>, field list: <no type>
             options: forward ref (-> 0x2ACA) | has unique name, sizeof 0
    0x147B | LF_STRUCTURE [size = 84, hash = 0xB0A4] `CGameConnectResponseData`
             unique name: `771d93b0-23dd-4121-a599-0fad825674ea`
             vtable: <no type>, base list: <no type>, field list: <no type>
             options: forward ref (-> 0x2ACC) | has unique name, sizeof 0
    0x147C | LF_STRUCTURE [size = 80, hash = 0x2DDEF] `CGameControlCamera`
             unique name: `9e2f35c0-195e-409a-920b-2057768306ec`
             vtable: <no type>, base list: <no type>, field list: <no type>
             options: forward ref (-> 0x2ACE) | has unique name, sizeof 0
    0x147D | LF_STRUCTURE [size = 84, hash = 0x39268] `CGameControlCameraEffect`
             unique name: `7ca56bb5-3cf1-4f1a-8636-3afe46517b5e`
             vtable: <no type>, base list: <no type>, field list: <no type>
             options: forward ref (-> 0x2AD0) | has unique name, sizeof 0
    0x147E | LF_STRUCTURE [size = 100, hash = 0x3624C] `CGameControlCameraEffectAdaptativeNearZ`
             unique name: `d2ce72b0-e4e9-4ad8-9cdd-6302bc43695b`
             vtable: <no type>, base list: <no type>, field list: <no type>
             options: forward ref (-> 0x2AD2) | has unique name, sizeof 0
    0x147F | LF_STRUCTURE [size = 92, hash = 0x6924] `CGameControlCameraEffectGroup`
             unique name: `44d00a90-0430-4cc4-b972-885a21da8b9a`
             vtable: <no type>, base list: <no type>, field list: <no type>
             options: forward ref (-> 0x2AD3) | has unique name, sizeof 0
    0x1480 | LF_STRUCTURE [size = 92, hash = 0x37C6B] `CGameControlCameraEffectShake`
             unique name: `16d546d2-9cfa-40f9-8d23-50aed4a42a05`
             vtable: <no type>, base list: <no type>, field list: <no type>
             options: forward ref (-> 0x2AD4) | has unique name, sizeof 0
    0x1481 | LF_STRUCTURE [size = 96, hash = 0x14D55] `CGameControlCameraFollowAboveWater`
             unique name: `5c6f3641-b698-4486-95f1-d88449d8947a`
             vtable: <no type>, base list: <no type>, field list: <no type>
             options: forward ref (-> 0x2AD5) | has unique name, sizeof 0
    0x1482 | LF_STRUCTURE [size = 84, hash = 0x29E83] `CGameControlCameraFree`
             unique name: `4845fce9-97a4-408b-804b-9544eb330d8b`
             vtable: <no type>, base list: <no type>, field list: <no type>
             options: forward ref (-> 0x2AD6) | has unique name, sizeof 0
    0x1483 | LF_STRUCTURE [size = 84, hash = 0x148DC] `CGameControlCameraMaster`
             unique name: `5fe86113-595c-4ec7-9865-656e492acf89`
             vtable: <no type>, base list: <no type>, field list: <no type>
             options: forward ref (-> 0x2AD7) | has unique name, sizeof 0
    0x1484 | LF_STRUCTURE [size = 88, hash = 0x211A6] `CGameControlCameraOrbital3d`
             unique name: `368952ee-44f9-4d84-86a8-0a8437444584`
             vtable: <no type>, base list: <no type>, field list: <no type>
             options: forward ref (-> 0x2AD8) | has unique name, sizeof 0
    0x1485 | LF_STRUCTURE [size = 84, hash = 0x1B205] `CGameControlCameraTarget`
             unique name: `0596c2de-98b3-43da-b886-c6c9e852c2a2`
             vtable: <no type>, base list: <no type>, field list: <no type>
             options: forward ref (-> 0x2AD9) | has unique name, sizeof 0
    0x1486 | LF_STRUCTURE [size = 92, hash = 0x22BB5] `CGameControlCameraTrackManiaRace`
             unique name: `58b8caba-758f-4b30-bf0e-2ff1ed7d4573`
             vtable: <no type>, base list: <no type>, field list: <no type>
             options: forward ref (-> 0x2ADA) | has unique name, sizeof 0
    0x1487 | LF_STRUCTURE [size = 96, hash = 0x3196B] `CGameControlCameraTrackManiaRace2`
             unique name: `f6c164be-26d1-4345-b00c-ef8675146b94`
             vtable: <no type>, base list: <no type>, field list: <no type>
             options: forward ref (-> 0x2ADB) | has unique name, sizeof 0
    0x1488 | LF_STRUCTURE [size = 96, hash = 0x13DC8] `CGameControlCameraTrackManiaRace3`
             unique name: `8cd292b5-8f51-4c93-aec4-1bb7f57887b3`
             vtable: <no type>, base list: <no type>, field list: <no type>
             options: forward ref (-> 0x2ADC) | has unique name, sizeof 0
    0x1489 | LF_STRUCTURE [size = 76, hash = 0x2C189] `CGameControlCard`
             unique name: `b7e9b0d6-1531-4582-909c-090e9f7866fe`
             vtable: <no type>, base list: <no type>, field list: <no type>
             options: forward ref (-> 0x2ADD) | has unique name, sizeof 0
    0x148A | LF_STRUCTURE [size = 84, hash = 0x213FE] `CGameControlCardCalendar`
             unique name: `a9e22cf5-100e-4f9b-811b-1f5500e8104b`
             vtable: <no type>, base list: <no type>, field list: <no type>
             options: forward ref (-> 0x2AE0) | has unique name, sizeof 0
    0x148B | LF_STRUCTURE [size = 92, hash = 0x327BD] `CGameControlCardCalendarEvent`
             unique name: `63a034f2-a566-4b84-8795-3e296fc9a93b`
             vtable: <no type>, base list: <no type>, field list: <no type>
             options: forward ref (-> 0x2AE1) | has unique name, sizeof 0
    0x148C | LF_STRUCTURE [size = 88, hash = 0xEAE4] `CGameControlCardChampionship`
             unique name: `1f8c3fda-1aba-4e08-8401-454ca2c36894`
             vtable: <no type>, base list: <no type>, field list: <no type>
             options: forward ref (-> 0x2AE2) | has unique name, sizeof 0
    0x148D | LF_STRUCTURE [size = 88, hash = 0x10F0F] `CGameControlCardCtnArticle`
             unique name: `18f17d33-39a3-4043-90cb-7eff16f32384`
             vtable: <no type>, base list: <no type>, field list: <no type>
             options: forward ref (-> 0x2AE3) | has unique name, sizeof 0
    0x148E | LF_STRUCTURE [size = 88, hash = 0x251B8] `CGameControlCardCtnCampaign`
             unique name: `38ae315c-37ed-4eee-a1a7-05b49e79c124`
             vtable: <no type>, base list: <no type>, field list: <no type>
             options: forward ref (-> 0x2AE4) | has unique name, sizeof 0
    0x148F | LF_STRUCTURE [size = 92, hash = 0x3DD69] `CGameControlCardCtnChallengeInfo`
             unique name: `7354bc23-da62-421b-b83b-0ee08db85107`
             vtable: <no type>, base list: <no type>, field list: <no type>
             options: forward ref (-> 0x2AE5) | has unique name, sizeof 0
    0x1490 | LF_STRUCTURE [size = 88, hash = 0x2B3B] `CGameControlCardCtnChapter`
             unique name: `df045206-d55b-404d-846b-122574b0be73`
             vtable: <no type>, base list: <no type>, field list: <no type>
             options: forward ref (-> 0x2AE8) | has unique name, sizeof 0
    0x1491 | LF_STRUCTURE [size = 84, hash = 0x3C719] `CGameControlCardCtnGhost`
             unique name: `842b05bd-0861-4fd7-9e98-de69e410024d`
             vtable: <no type>, base list: <no type>, field list: <no type>
             options: forward ref (-> 0x2AE9) | has unique name, sizeof 0
    0x1492 | LF_STRUCTURE [size = 88, hash = 0x34B45] `CGameControlCardCtnGhostInfo`
             unique name: `eed43f60-88b2-4688-b60f-00a36d4509f9`
             vtable: <no type>, base list: <no type>, field list: <no type>
             options: forward ref (-> 0x2AEA) | has unique name, sizeof 0
    0x1493 | LF_STRUCTURE [size = 92, hash = 0x3FB5C] `CGameControlCardCtnNetServerInfo`
             unique name: `b27eb6b2-2ea1-4d8a-b8a5-89eda5831b3d`
             vtable: <no type>, base list: <no type>, field list: <no type>
             options: forward ref (-> 0x2AEB) | has unique name, sizeof 0
    0x1494 | LF_STRUCTURE [size = 96, hash = 0x1A1EC] `CGameControlCardCtnReplayRecordInfo`
             unique name: `d23d7143-d5f7-4eba-b413-96c720162ec8`
             vtable: <no type>, base list: <no type>, field list: <no type>
             options: forward ref (-> 0x2AEC) | has unique name, sizeof 0
    0x1495 | LF_STRUCTURE [size = 88, hash = 0x3695C] `CGameControlCardCtnVehicle`
             unique name: `93c7343c-0300-4b47-90a4-80b68417ab6d`
             vtable: <no type>, base list: <no type>, field list: <no type>
             options: forward ref (-> 0x2AED) | has unique name, sizeof 0
    0x1496 | LF_STRUCTURE [size = 84, hash = 0x25D54] `CGameControlCardGeneric`
             unique name: `98a69f92-2ed0-4521-97aa-31881e360aa8`
             vtable: <no type>, base list: <no type>, field list: <no type>
             options: forward ref (-> 0x2AEE) | has unique name, sizeof 0
    0x1497 | LF_STRUCTURE [size = 92, hash = 0xE656] `CGameControlCardLadderRanking`
             unique name: `fe0bdbe3-6385-423a-939a-dde7dab4cca8`
             vtable: <no type>, base list: <no type>, field list: <no type>
             options: forward ref (-> 0x2AF1) | has unique name, sizeof 0
    0x1498 | LF_STRUCTURE [size = 84, hash = 0x2296E] `CGameControlCardLeague`
             unique name: `f2d33fc2-ec72-4bb9-8ffc-fed402677205`
             vtable: <no type>, base list: <no type>, field list: <no type>
             options: forward ref (-> 0x2AF2) | has unique name, sizeof 0
    0x1499 | LF_STRUCTURE [size = 84, hash = 0x23833] `CGameControlCardManager`
             unique name: `8f829ffc-f31e-4676-bf5b-d151e2316702`
             vtable: <no type>, base list: <no type>, field list: <no type>
             options: forward ref (-> 0x2AF3) | has unique name, sizeof 0
    0x149A | LF_STRUCTURE [size = 84, hash = 0xEFEF] `CGameControlCardMessage`
             unique name: `a87ee7f0-ad00-413a-98cf-2c90a059dccd`
             vtable: <no type>, base list: <no type>, field list: <no type>
             options: forward ref (-> 0x2AF5) | has unique name, sizeof 0
    0x149B | LF_STRUCTURE [size = 92, hash = 0x2E878] `CGameControlCardNetOnlineEvent`
             unique name: `594da774-acda-495a-8753-314187f0507e`
             vtable: <no type>, base list: <no type>, field list: <no type>
             options: forward ref (-> 0x2AF6) | has unique name, sizeof 0
    0x149C | LF_STRUCTURE [size = 92, hash = 0x3CA98] `CGameControlCardNetOnlineNews`
             unique name: `da81fd3c-e20a-4dc7-954a-efbb4a13aa76`
             vtable: <no type>, base list: <no type>, field list: <no type>
             options: forward ref (-> 0x2AF7) | has unique name, sizeof 0
    0x149D | LF_STRUCTURE [size = 88, hash = 0xEBE3] `CGameControlCardNetTeamInfo`
             unique name: `37f3262b-fa3f-47f0-ba04-6eca34c145bd`
             vtable: <no type>, base list: <no type>, field list: <no type>
             options: forward ref (-> 0x2AF8) | has unique name, sizeof 0
    0x149E | LF_STRUCTURE [size = 84, hash = 0x22BC1] `CGameControlCardProfile`
             unique name: `3ae53f10-e25a-4e94-97d8-0dcdeb90807f`
             vtable: <no type>, base list: <no type>, field list: <no type>
             options: forward ref (-> 0x2AF9) | has unique name, sizeof 0
    0x149F | LF_STRUCTURE [size = 80, hash = 0x10F77] `CGameControlDataType`
             unique name: `56508e1a-48ce-47da-8057-3ff620f75547`
             vtable: <no type>, base list: <no type>, field list: <no type>
             options: forward ref (-> 0x2AFA) | has unique name, sizeof 0
    0x14A0 | LF_STRUCTURE [size = 76, hash = 0x1F50B] `CGameControlEdit`
             unique name: `1ae1c641-eaf4-46ab-a281-de97975afb6b`
             vtable: <no type>, base list: <no type>, field list: <no type>
             options: forward ref (-> 0x2AFC) | has unique name, sizeof 0
    0x14A1 | LF_STRUCTURE [size = 84, hash = 0xF354] `CGameControlEditContext`
             unique name: `cbec25f7-5014-4910-b188-d1911160b052`
             vtable: <no type>, base list: <no type>, field list: <no type>
             options: forward ref (-> 0x2AFD) | has unique name, sizeof 0
    0x14A2 | LF_STRUCTURE [size = 84, hash = 0x31CE7] `CGameControlEditDisplay`
             unique name: `e4c2b715-cd34-4b24-b6d7-4f9e75799f72`
             vtable: <no type>, base list: <no type>, field list: <no type>
             options: forward ref (-> 0x2AFF) | has unique name, sizeof 0
    0x14A3 | LF_STRUCTURE [size = 76, hash = 0x2A8B7] `CGameControlGrid`
             unique name: `f1cf7315-7f12-469e-a98d-a46861ecaa74`
             vtable: <no type>, base list: <no type>, field list: <no type>
             options: forward ref (-> 0x2B00) | has unique name, sizeof 0
    0x14A4 | LF_STRUCTURE [size = 80, hash = 0x2361D] `CGameControlGridCard`
             unique name: `cc2dfc1a-00b7-420b-a8e8-1bc527e1d9ab`
             vtable: <no type>, base list: <no type>, field list: <no type>
             options: forward ref (-> 0x2B01) | has unique name, sizeof 0
    0x14A5 | LF_STRUCTURE [size = 88, hash = 0x6EB1] `CGameControlGridCtnCampaign`
             unique name: `d2b044b8-2c2f-4010-8ebb-b4d0054e9456`
             vtable: <no type>, base list: <no type>, field list: <no type>
             options: forward ref (-> 0x2B04) | has unique name, sizeof 0
    0x14A6 | LF_STRUCTURE [size = 96, hash = 0x107BA] `CGameControlGridCtnChallengeGroup`
             unique name: `12dc6e70-acaf-48e3-8754-1b2113b5b5fa`
             vtable: <no type>, base list: <no type>, field list: <no type>
             options: forward ref (-> 0x2B05) | has unique name, sizeof 0
    0x14A7 | LF_STRUCTURE [size = 76, hash = 0x25129] `CGameControlMove`
             unique name: `ac1996b5-2304-491d-bba0-3c93e1539f2f`
             vtable: <no type>, base list: <no type>, field list: <no type>
             options: forward ref (-> 0x2B06) | has unique name, sizeof 0
    0x14A8 | LF_STRUCTURE [size = 80, hash = 0x352C6] `CGameControlPlayer`
             unique name: `80485033-f9cb-472f-b034-38ceaa44331b`
             vtable: <no type>, base list: <no type>, field list: <no type>
             options: forward ref (-> 0x2B07) | has unique name, sizeof 0
    0x14A9 | LF_STRUCTURE [size = 84, hash = 0x1FE80] `CGameControlPlayerAvatar`
             unique name: `5aa33e55-dafa-42d7-94d7-8506fd4d10fc`
             vtable: <no type>, base list: <no type>, field list: <no type>
             options: forward ref (-> 0x2B09) | has unique name, sizeof 0
    0x14AA | LF_STRUCTURE [size = 84, hash = 0x12D89] `CGameControlPlayerInput`
             unique name: `c4bab45b-07f3-440e-b8dc-d4920b409ff0`
             vtable: <no type>, base list: <no type>, field list: <no type>
             options: forward ref (-> 0x2B0A) | has unique name, sizeof 0
    0x14AB | LF_STRUCTURE [size = 84, hash = 0x14EF5] `CGameControlPlayerNet`
             unique name: `33c26698-5de3-4649-9442-c7992a4dc2a1`
             vtable: <no type>, base list: <no type>, field list: <no type>
             options: forward ref (-> 0x2B0B) | has unique name, sizeof 0
    0x14AC | LF_STRUCTURE [size = 80, hash = 0x3BAAF] `CGameControlRotate`
             unique name: `f3154489-6c3e-4357-87c9-54db6c0f9e78`
             vtable: <no type>, base list: <no type>, field list: <no type>
             options: forward ref (-> 0x2B0C) | has unique name, sizeof 0
    0x14AD | LF_STRUCTURE [size = 84, hash = 0x2A87C] `CGameControlSelection`
             unique name: `f1a13e2c-cb4d-4bc2-ba40-16cbd4f5b7b7`
             vtable: <no type>, base list: <no type>, field list: <no type>
             options: forward ref (-> 0x2B0D) | has unique name, sizeof 0
    0x14AE | LF_STRUCTURE [size = 72, hash = 0x16CAA] `CGameCtnApp`
             unique name: `d2cfffd0-fb9d-4372-b425-834cbdeab42c`
             vtable: <no type>, base list: <no type>, field list: <no type>
             options: forward ref (-> 0x2B0E) | has unique name, sizeof 0
    0x14AF | LF_STRUCTURE [size = 76, hash = 0x1161F] `CGameCtnArticle`
             unique name: `ab155b69-e26d-4431-9b75-1254643d8cdb`
             vtable: <no type>, base list: <no type>, field list: <no type>
             options: forward ref (-> 0x2B10) | has unique name, sizeof 0
    0x14B0 | LF_STRUCTURE [size = 76, hash = 0x11F8F] `CGameCtnBench`
             unique name: `c05e9943-c6c0-4f8e-a892-e909b246ffe2`
             vtable: <no type>, base list: <no type>, field list: <no type>
             options: forward ref (-> 0x2B13) | has unique name, sizeof 0
    0x14B1 | LF_STRUCTURE [size = 76, hash = 0x3A13A] `CGameCtnBlock`
             unique name: `aabfe363-3276-40ff-a966-8bbc912812a2`
             vtable: <no type>, base list: <no type>, field list: <no type>
             options: forward ref (-> 0x2B14) | has unique name, sizeof 0
    0x14B2 | LF_STRUCTURE [size = 80, hash = 0x60D0] `CGameCtnBlockInfo`
             unique name: `add99559-8e68-4172-9acb-b3a1cdff70f6`
             vtable: <no type>, base list: <no type>, field list: <no type>
             options: forward ref (-> 0x2B17) | has unique name, sizeof 0
    0x14B3 | LF_STRUCTURE [size = 84, hash = 0x1FBAE] `CGameCtnBlockInfoClassic`
             unique name: `126b897a-bdb3-425a-ad65-55bb55afd2de`
             vtable: <no type>, base list: <no type>, field list: <no type>
             options: forward ref (-> 0x2B19) | has unique name, sizeof 0
    0x14B4 | LF_STRUCTURE [size = 84, hash = 0xC67A] `CGameCtnBlockInfoClip`
             unique name: `9af0feba-8d8d-4791-a425-00549fb14dc4`
             vtable: <no type>, base list: <no type>, field list: <no type>
             options: forward ref (-> 0x2B1A) | has unique name, sizeof 0
    0x14B5 | LF_STRUCTURE [size = 84, hash = 0xFDA] `CGameCtnBlockInfoFlat`
             unique name: `34a8f051-5a20-45c9-afbe-c2fe2ec82e8f`
             vtable: <no type>, base list: <no type>, field list: <no type>
             options: forward ref (-> 0x2B1C) | has unique name, sizeof 0
    0x14B6 | LF_STRUCTURE [size = 88, hash = 0x2468C] `CGameCtnBlockInfoFrontier`
             unique name: `df90ae79-7d39-4e67-8117-9e1fead73b69`
             vtable: <no type>, base list: <no type>, field list: <no type>
             options: forward ref (-> 0x2B1D) | has unique name, sizeof 0
    0x14B7 | LF_STRUCTURE [size = 84, hash = 0x18E68] `CGameCtnBlockInfoPylon`
             unique name: `7eb82261-9e72-4823-999f-04474514c53b`
             vtable: <no type>, base list: <no type>, field list: <no type>
             options: forward ref (-> 0x2B1E) | has unique name, sizeof 0
    0x14B8 | LF_STRUCTURE [size = 88, hash = 0x2CECB] `CGameCtnBlockInfoRectAsym`
             unique name: `6d746254-0287-4328-a342-450f8e9b5748`
             vtable: <no type>, base list: <no type>, field list: <no type>
             options: forward ref (-> 0x2B20) | has unique name, sizeof 0
    0x14B9 | LF_STRUCTURE [size = 84, hash = 0x305B9] `CGameCtnBlockInfoRoad`
             unique name: `c9bae804-fc26-44db-81bf-604aa503a2f0`
             vtable: <no type>, base list: <no type>, field list: <no type>
             options: forward ref (-> 0x2B22) | has unique name, sizeof 0
    0x14BA | LF_STRUCTURE [size = 84, hash = 0xB63] `CGameCtnBlockInfoSlope`
             unique name: `3549a033-e0ae-416e-a208-d7bc1c3b411a`
             vtable: <no type>, base list: <no type>, field list: <no type>
             options: forward ref (-> 0x2B24) | has unique name, sizeof 0
    0x14BB | LF_STRUCTURE [size = 80, hash = 0x9FB7] `CGameCtnBlockSkin`
             unique name: `4adad447-28f2-4872-9055-0eaf2cbe9bd1`
             vtable: <no type>, base list: <no type>, field list: <no type>
             options: forward ref (-> 0x2B25) | has unique name, sizeof 0
