v 126.13546752929688 2.134937286376953 99.1981201171875
v 126.13732147216797 2.0245938301086426 99.16313171386719
v 127.13581848144531 2.0119705200195312 99.20182800292969
v 127.13495635986328 2.1223487854003906 99.23686218261719
v 124.86811065673828 2.172700881958008 99.10806274414062
v 123.20277404785156 2.248227596282959 98.91949462890625
v 123.2075424194336 2.1381945610046387 98.88478088378906
v 124.87123107910156 2.0624608993530273 0.3870045244693756
v 128.00296020507812 2.011965274810791 0.38754868507385254
v 128.00296020507812 2.1223435401916504 0.38768553733825684
v 128.00296020507812 3.0561466217041016 0.3811127543449402
v 128.00296020507812 2.5814208984375 97.41938018798828
v 127.17982482910156 2.581423759460449 97.40929412841797
v 127.17625427246094 3.056151866912842 97.55473327636719
v 126.23217010498047 2.5958056449890137 97.37256622314453
v 126.22447204589844 3.0703911781311035 97.5178451538086
v 125.03054809570312 2.6389503479003906 97.28717041015625
v 123.45158386230469 2.7252402305603027 24145662.0
v -4.4158684413091176e-13 nan 13671390208.0
v -2.672907164316385e-20 9.44053194851613e+30 8765829120.0
v -2.384312864429869e+24 6.475658487111054e+25 3.8962690869321963e+30
v -2.765968929452356e-06 -2704907698176.0 0.00021363567793741822
v 3.2063956040159696e-21 -3945280307200.0 3.2063588494086735e-21
v 3.7871701652418855e+19 -3934321639424.0 -2.2416096756572301e-13
v 3.7871701652418855e+19 -1.1271074027452744e-37 -5.009970891478588e-07
v 4.402968594220768e-26 -1.4618202983704762e-36 0.00046035839477553964
v 3.2063956040159696e-21 -7.923431411235644e-38 -3.3264241361408153e-10
v 3.2063956040159696e-21 -9.130350720899494e-38 -3.7373310002308813e-10
v 4.458504401948327e-26 -2.2515884358567727e-36 -2.636936350698671e-13
v 4.5139613235853644e-26 -3.158980714449028e-36 -1.180313347504125e-06
v 5.5766803765089036e-27 -8.855187758524393e-33 -6.839437673988868e-07
v 2.2111872862446025e-26 -6.462611375403545e-35 -4.729266978031887e-10
v 2.3221800156091988e-26 -1.2245493142444103e-34 -8.730617340191316e-10
v 6.270384935037631e-27 -2.293182738385332e-32 -6.876202081687599e-13
v 7.465633236335882e-27 -6.330931042631819e-32 -3.6308635134943423e-13
v 2.4331727449737952e-26 -2.313152706816223e-34 -3.8740016542064816e-19
v 1.023966260954557e-26 -4.462289873376823e-31 -5.104052192356147e-16
v 8.852647922940726e-27 -1.6839324505261076e-31 -2.6160617869904986e-16
v 2.5441260312931305e-26 -4.354413570287251e-34 -1.907553197296353e-19
v 2.72521922099672e-26 -8.165278552754276e-34 -1.375642976200254e-19
v 4.624954052949961e-26 -6.959707876050099e-36 -1.903224004871901e-16
v 4.5694182452224015e-26 -4.824050095289567e-36 -1.6817418298238466e-16
v 3.2063956040159696e-21 -1.3684997845727075e-37 1.7920484269017045e-21
v 3.7871701652418855e+19 -3.0410765560222233e-15 -6.630414563033461e-16
v 1.0309589119905649e-11 -8663872.0 -6.630414563033461e-16
v 8.318044468274763e-14 -4040976.0 -5.721165759552446e+37
v 8.321513237600359e-14 -3946704.0 -5.605766961871509e+37
v 1.0314029144642411e-11 -8336416.0 -2.982833202186333e+36
v 2.0759178338998485e-13 -3603472.0 -2.8273888149839466e+36
v 2.5391359154136595e-11 -7644832.0 -7.340743777418668e+34
v 3.4780099807119047e-12 -2805456.0 -5.617104184368366e+32
v 1.0097169766964953e-09 -1615880.0 -5.1286625624679265e+32
v 1.0076520595703187e-07 -3432336.0 -6.932560284145178e+34
v 4.020411226157705e-10 -6036768.0 -4.917612819097873e+36
v 135767072.0 -253.3447265625 -4.8709632770094743e+36
v 0.012280048802495003 -335.548828125 -7.122826296513923e+37
v 0.0034924899227917194 -373.666015625 -7.157355070623179e+37
v 40851720.0 -288.705078125 -1.6529722129970094e+35
v 5985305600.0 -209.1337890625 -2.0813340422550483e+33
v 10183436664832.0 -122.28759765625 -2.0227052019944926e+33
v 831.5977783203125 -158.6728515625 -1.6284812034006e+35
v 0.4806538224220276 3.9289703369140625 97.40929412841797
v 0.003491416107863188 6.002227783203125 97.40929412841797
v 40829176.0 -299.158203125 -3.0135002055070544e+36
v 3.837236280947957e-15 -3148112.0 -5.744011865729999e+37
v 1.519841593411995e-15 -3490832.0 -5.713168331416912e+32
v 2.0368710190732386e-11 -1389960.0 -7.421112825473138e+34
v 6.745343487327832e-14 -2351184.0 97.40929412841797
v 1.5192990688092786e-15 -3584912.0 -5.61416641176038e-07
v 6.304617030166752e-26 -1.4567923049558262e-36 -4.827926431971719e-07
v 8.020073954660364e-26 -7.908794568516078e-38 -1.300192025155411e-06
v 7.968532063414277e-27 -8.748734990113926e-33 -7.442178002747823e-07
v 3.163983656480647e-26 -6.408391698471867e-35 -4.690392074735428e-07
v 8.020073954660364e-26 -3945280045056.0 -0.011715412139892578
v 6.5634626436627576e-15 -3945280045056.0 -0.0010344982147216797
v 6.5634626436627576e-15 -3945280045056.0 -0.0010753870010375977
v 6.563571063880006e-15 -6.628837340814076e-38 -0.012034477666020393
v 6.563354223445509e-15 -6.23179231289351e-38 -0.0012244957033544779
v 5.075395161926403e-15 -1.015362033798402e-36 -0.013197483494877815
v 4.97911800900969e-15 -8.784582679008765e-37 -0.0015711861196905375
v 2.0816821472157982e-15 -3.238872932585191e-35 -0.002640977967530489
v 3.682713436808894e-16 -2.9426974766889822e-33 -0.027506474405527115
v 3.0828785848812886e-16 -2.221273083702328e-33 -0.016180161386728287
v 1.8896699424686154e-15 -2.503013468970439e-35 -0.0002623294130899012
v 5.254417721035108e-19 -3945280045056.0 -0.00021372735500335693
v 5.879419656061492e-21 -3945280045056.0 -0.00021892040967941284
v 5.879419656061492e-21 -6.89516027967225e-38 -0.00027269317070022225
v 5.254417721035108e-19 -6.857852109358066e-38 -0.0002378681965637952
v 4.521602680555697e-21 -1.1072434477044721e-36 -0.00031049741664901376
v 3.921117861897502e-19 -1.0943405604942744e-36 -0.0003197063342668116
v 1.9180383739511875e-21 -3.7327274967244047e-35 -0.000520099070854485
v 3.658287543243439e-22 -3.772044189695623e-33 -0.0006766655715182424
v 3.194179261123684e-20 -3.636345121836698e-33 -0.00039841426769271493
v 1.7329188263741578e-19 -3.663446798422816e-35 -0.0010878222528845072
v 5.2365959079425e-16 -1.0209410401899999e-36 -0.0009575673611834645
v 7.091936875608319e-16 -6.644908552641724e-38 -0.001434870297089219
v 2.1380554191686833e-16 -3.2688480385311595e-35 -0.002369836438447237
v 3.9386403390059425e-17 -2.9720848354595394e-33 -0.0009371080668643117
v 7.091936875608319e-16 -3945280045056.0 -4.987606780814775e+36
v 8623170.0 -189.7509765625 -7.209407846629991e+37
v 2554896.5 -208.6884765625 -2.1692376885646245e+33
v 722800345088.0 -90.74267578125 -1.7179331660761113e+35
v 391071808.0 2.2766265869140625 97.40929412841797
v 2553359.5 -213.8916015625 -0.0005994626553729177
v 1.4502307846803013e-16 -3945280045056.0 -0.0003895014524459839
v 1.3342729337306981e-17 -3945280045056.0 -0.0003998279571533203
v 1.3342729337306981e-17 -6.797728557967131e-38 -0.0006200113566592336
v 1.4502307846803013e-16 -6.724690639928979e-38 -0.00043750001350417733
v 1.0515968634082567e-17 -1.0736316561106473e-36 -0.0006950089009478688
v 1.0513077803277817e-16 -1.0484687301633578e-36 -0.0005618968280032277
v 4.486972576803057e-18 -3.5520687086824044e-35 -0.0009286442073062062
v 8.01812740924828e-19 -3.417891251679884e-33 -0.0014924483839422464
v 8.205898028683277e-18 -3.152699726134376e-33 -0.0008693971903994679
v 4.5984790049170425e-17 -2.5211632860745606e-15 -6.627297481787565e-16
v 1.5174507862447847e-23 4.997100830078125 97.41938018798828
v 1.7608161565103864e-13 4.997100830078125 -6.522657119835867e+37
v 1.761447162174773e-13 4.826568603515625 -6.522657119835867e+37
v 1.5181776426828554e-23 4.826568603515625 -4.0625441428132755e+36
v 5.240843566414743e-13 4.205718994140625 -4.0625441428132755e+36
v 4.63287849107841e-23 4.205718994140625 -1.204134273657372e+35
v 1.427352853966557e-11 -13848.5625 -1.1525768006789225e+33
v 1.177437702892803e-08 -7925.28125 -1.1525768006789225e+33
v 1.0217932564247567e-18 -7925.28125 -1.204122488468198e+35
v 1.3209107049675434e-21 -13848.5625 -6.404131105421988e-35
v 4.994693159227049e-26 -4.4649870088897634e-35 -5.730425905606964e-35
v 5.437742249576853e-27 -4.482839829342877e-35 -4.6294095681969564e-35
v 5.7636404110462834e-27 -3.6999519193392974e-37 -5.118434159210111e-35
v 3.786655593800086e+19 -3.693506619026666e-37 -9.394000986738476e-35
v 4.203938987833507e-26 -1.9626901506629443e-32 -2.40948469845485e-34
v 2.6227461894085107e-26 -5.421454876704289e-29 -2.1421185083603206e-34
v 2.8679165320686214e-27 -5.517751373923651e-29 -8.721912091655833e-35
v 4.459850549942256e-27 -1.97803740490728e-32 -4.453085415573613e-35
v 5.7636404110462834e-27 -3945280045056.0 -4.790433353188527e-35
v 3.786655593800086e+19 -3945327493120.0 -4.737104480569582e-37
v 6.554098626668226e-13 -3945327493120.0 -3.1548936761375906e-37
v 3.939741481837373e-17 -3945327493120.0 -3.2966647233314895e-37
v 3.939741481837373e-17 -4.300422212183248e-37 -5.020102198529959e-37
v 6.554237404546304e-13 -4.246698446930823e-37 -3.8665335724153915e-37
v 3.81598996824352e-17 -5.977573018895499e-35 -6.05233317534578e-37
v 6.330805020840491e-13 -5.829313793898038e-35 -6.272623571754761e-37
v 3.445074240640862e-17 -3.061871555166643e-32 -1.5146546763031757e-36
v 2.739188415262405e-17 -1.079453039320557e-28 -2.3820868552634817e-36
v 4.433901704993526e-13 -1.004615193356247e-28 -9.382432655828305e-37
v 5.660785425479209e-13 -2.9344291596278936e-32 -7.303981910012049e+34
v 1.430371378101779e-20 -1.0485560185901933e+37 -7.817760698284551e+34
v 8.57539233197465e-32 -2.1761911556753292e+36 -1.0176619156644411e+37
v 8.265137054996019e-32 -2.538434991196548e+36 -9.87157171620549e+36
v 1.369987193385408e-20 -1.3262506648201598e+37 -1.4261133083850856e+32
v 1.6116066503121475e-20 -7.084605743561621e+36 -3.8243315215783114e+28
v 1.9739531176410013e-20 -2.6496231606437665e+36 -4.947922762137541e+28
v 1.2874016481194394e-31 -5.572414963660077e+35 -1.594671224134183e+32
v 9.506007699633639e-32 -1.3339032496548826e+36 97.41938018798828
v 8.264506990023978e-32 -2.6378593630736485e+36 97.41938018798828
v 1.3697312843833995e-20 -1.4065365549952546e+37 97.41938018798828
v -8.530961992741365e+37 -1.4932094650862221e+32 97.41938018798828
v -2.0982198725878753e-13 -3.6898273222023184e+19 -1.8870188523069812e+37
v -4236801212416.0 -7.1803877519938135e+25 -1.3543644376072477e+35
v -1.1529042876642423e+38 -1.2274980150540081e+32 -1.341048837632044e+37
v -8.569693282120498e+37 -1.4359918764704518e+32 -1.6140338449695127e+37
v -1.902383432115449e+25 -1.0403108909238788e+29 -1.9665448017928717e+35
v -2.6183313149909356e+25 -8.458189050642772e+28 -2.8858957231023928e+35
v -5946685259776.0 -6.275228156389774e+25 -1.8603558753032907e+29
v 2.8581135712092547e-39 -3.37606389417278e+31 -3.966583488789954e+32
v -2.3801622663427034e+38 -7.7702091930835285e+31 -7.475228198247461e+32
v -5.856000994210225e+25 -5.929327798027401e+28 -5.063199694772235e+29
v -2.8378238654019445e+26 -2.5784120996468263e+28 -1.2946631409731536e+30
v -83140383080448.0 -1.8752886238356835e+25 -1.4034182697017454e+33
v -14325127315456.0 -4.170469414974773e+25 -9.474923470232527e+30
v -6.827234090567291e-12 -1.1192078392713282e+19 -3.663394008531285e+30
v -24.464969635009766 -1.488717098582995e+22 -2.6235817995079975e+33
v -3.4867100715637207 -3.1343468139429818e+22 -5.036554717042432e+33
v -8.450081996971837e-13 -2.288518224397153e+19 -6.12612514198058e+35
v -3.067217161679958e-13 -3.1935165695172542e+19 -4.287524711409556e+35
v -1.3505327701568604 -4.445232976199774e+22 -2.193242926033034e+37
v -0.9431496858596802 -5.2858280452086265e+22 -2.7392129407079713e+37
v -2.0985733224961056e-13 -3.5827401673127494e+19 -2.545858040893666e-32
v 8.020073954660364e-26 -3945280045056.0 -1.1874561813362551e-32
v 1.070523937949207e-25 -3945280045056.0 -1.2310905316387784e-32
v 1.070523937949207e-25 -3.327099804937853e-37 -2.7195678940807803e-32
v 8.020073954660364e-26 -3.2760737073850692e-37 -1.5480135064488614e-32
v 9.673210867641516e-26 -3.454208803976449e-35 -3.353394448044158e-32
v 7.125979004682869e-26 -3.3133698870685536e-35 -2.288405676280384e-32
v 7.125347915958692e-26 -1.1630294821945649e-32 -5.493152104570546e-32
v 3.600065964886822e-26 -2.516314289652698e-29 -1.1929408028783217e-31
v 2.3547205279495656e-26 -2.3263020413394533e-29 -4.827182245331109e-32
v 4.806707605512882e-26 -1.1024492053305875e-32 -1.1411537943439121e-36
v 3.3024837205186675e-12 -5.597741406786047e-35 -1.3905560430349767e-36
v 6.354211624373055e-15 -5.513252750320695e-35 -1.1851200381295504e-36
v 6.563354223445509e-15 -4.132052502266675e-37 -9.354422829500118e-37
v 3.404846283389107e-12 -4.162702599109405e-37 -1.7343711008611696e-36
v 2.9955070542098117e-12 -2.7352910126437915e-32 -4.465249170532702e-36
v 2.3814426992896376e-12 -9.421534333998802e-29 -5.454960312627373e-36
v 4.4720366529382195e-15 -9.193350154187802e-29 -2.231889901297087e-36
v 5.726892247372942e-15 -2.6626172498985544e-32 -1.1288019201106623e-36
v 6.5632458032282605e-15 -3945280045056.0 -8.790493692242919e-37
v 3.404846283389107e-12 -3945280045056.0 -1.2803296390060224e-32
v 6.904947975791418e+19 -3.4819583340702134e-35 -1.097107832468848e-32
v 3.7871701652418855e+19 -3.3371848939336602e-37 -4.6806310136253927e-32
v 1.8205828090244185e-26 -2.5829227272426074e-29 -2.021408591412013e-32
v 3.577346770816457e-26 -1.174934888979693e-32 -1.0534546742567115e-32
v 3.2063956040159696e-21 -3945280307200.0 -1.348780238642836e+35
v -3.2284797270901235e+38 -1.330296555916266e+32 -1.3377387483847282e+37
v -2.6400367241123715e+38 -1.5389142113366384e+32 -1.83303415178e+29
v 1.1817455432716405e-38 -3.631017645263604e+31 -3.93003949883025e+32
v nan -8.45271648524254e+31 97.41938018798828
v -2.6395596818384936e+38 -1.5961565587531943e+32 97.41938018798828
v 1.924785437407364e-19 -3.986893290292855e+36 97.41938018798828
v 1.577125052944442e-21 -3.520646408154674e+35 -1.0558252975746721e+37
v 1.5772849960706974e-21 -3.299048208658371e+35 -1.0109443816037117e+37
v 1.9248578157109624e-19 -3.787638898346581e+36 -8.613497661664847e+34
v 1.6500251911870793e-21 -2.851618252801815e+35 -7.70455949968417e+34
v 1.988683071775554e-19 -3.0616908938126807e+36 -1.9884415749584043e+32
v 2.0424773573521336e-21 -1.8111306401344845e+35 -6.5250873864067864e+28
v 2.915359698748716e-21 -7.389928125531508e+34 -4.670232501372061e+28
v 2.9579487566407566e-19 -7.89072013051028e+35 -1.5575330229556216e+32
v 2.191979509416653e-19 -2.0160006846256883e+36 97.41938018798828
v 7.996696862920996e-27 -8.927620490049371e+34 97.41938018798828
v 5.607702533829364e-29 -7.27330427031051e+34 -1.1084988420804155e+37
v 5.608501794756285e-29 -6.969068126255735e+34 -1.1000613596852964e+37
v 7.99791713213376e-27 -8.31864114169973e+34 -9.627871671967477e+34
v 6.13343326039847e-29 -5.860887971536217e+34 -9.48564127462187e+34
v 8.653657759598726e-27 -7.203583487297958e+34 -2.321249375119886e+32
v 7.708689880511678e-29 -3.7191128067001015e+34 -7.769676517700047e+28
v 1.1620678505856134e-28 -1.5494256840042144e+34 -7.595228521929656e+28
v 1.6184766451067952e-26 -1.8824058054191646e+34 -2.2745542768380414e+32
v 1.0620682426767319e-26 -4.6235342206534425e+34 -8.674851950715894e+34
v 1.5002748546465352e-22 -2.6190804266959488e+35 -1.0576588274028422e+37
v 1.4081863880146552e-22 -3.066307558456468e+35 -2.0086447563995417e+32
v 1.7765725662848532e-22 -1.6203934935359408e+35 -6.600524357550739e+28
v 2.5406889875018716e-22 -6.813273867487686e+34 97.41938018798828
v 1.4080187708495138e-22 16100417.0 -7.675466379091141e-37
v 3.3095891478762685e-12 -5.724400923087149e-35 -6.567874691902703e-37
v 3.404846283389107e-12 -4.2086203471884e-37 -2.995639805095021e-36
v 2.4524414617144163e-12 -9.763425417726424e-29 -1.246672779429444e-36
v 3.0239287636402157e-12 -2.844301656761647e-32 -6.2853657468466825e-37
v 3.404846283389107e-12 -3945280045056.0 97.41796875
v 1.0915526721250127e-23 -2.0400683385357027e+35 97.41796875
v 4.126693604734749e-25 -1.32551261091085e+35 -1.0864964841423742e+37
v 4.1270209820104155e-25 -1.2644879110158631e+35 -1.0699784897611603e+37
v 1.091657432853226e-23 -1.917663996577665e+35 -9.256703576220651e+34
v 4.5208997250253325e-25 -1.0421166427238271e+35 -8.978834564650623e+34
v 1.1528074058710621e-23 -1.5666451080862639e+35 -2.199485592855776e+32
v 5.7290559785894165e-25 -6.778793771161478e+34 -7.314274161451216e+28
v 8.145242267972749e-25 -2.7597548324473775e+34 -6.973357080319891e+28
v 2.0828253459783303e-23 -4.060681260931598e+34 -2.1083236883628006e+32
v 1.3490256697642968e-23 -1.0482013656049226e+35 -6.014601664918252e-35
v 1.8326920679734035e-23 -3945280045056.0 -6.014563782776087e-35
v 5.879419656061492e-21 -3945280045056.0 -6.366624340847362e-35
v 5.879419656061492e-21 -3.6814700257375017e-37 -6.366624340847362e-35
v 1.8326516782950562e-23 -3.6814700257375017e-37 -7.650998855914564e-35
v 5.527040715113902e-21 -4.4319262302728866e-35 -7.650998855914564e-35
v 1.695003654487404e-23 -4.4319262302728866e-35 -1.1645328660008697e-34
v 4.4699038922711325e-21 -1.9342902071470778e-32 -2.9042502707159507e-34
v 2.8720361141662513e-21 -5.243190801051806e-29 -2.9042502707159507e-34
v 8.898907946692099e-24 -5.243190801051806e-29 -1.1645404424293027e-34
v 1.3027742815746457e-23 -1.9342902071470778e-32 -0.0002948064939118922
v 4.2170340788601755e-26 -1.0969119543866981e-36 -0.00032897485652938485
v 4.458371435744967e-27 -1.0913329479951002e-36 -0.0004168470040895045
v 1.8871652116525984e-27 -3.6472837510990097e-35 -0.00038276059785857797
v 1.8391210402971122e-26 -3.677258857044978e-35 -0.0002569873468019068
v 3.786655593800086e+19 -6.86541519742972e-38 -0.00024661613861098886
v 3.786655593800086e+19 -3945327493120.0 -0.00028082728385925293
v 5.7636404110462834e-27 -3945280045056.0 -0.00029118359088897705
v 5.7636404110462834e-27 -6.849099038630508e-38 -0.0007133224280551076
v 3.5233275366236056e-28 -3.6045597545904635e-33 -0.0006455221446231008
v 3.2509212126910556e-27 -3.663334472131578e-33 -0.04717946797609329
v 2.7189019761756644e-17 -8.059082259360635e-37 -0.030135277658700943
v 4.514739818974045e-13 -8.290737298419168e-37 -0.03974080830812454
v 1.84020360798412e-13 -2.32245555648125e-35 -0.05785394459962845
v 1.0953461151339413e-17 -2.260227824284595e-35 -0.04258943349123001
v 3.939572075247922e-17 -6.021533083515429e-38 -0.04133058339357376
v 3.939572075247922e-17 -3945327493120.0 -0.027197837829589844
v 6.554098626668226e-13 -3945327493120.0 -0.027829647064208984
v 6.554098626668226e-13 -6.08868779008096e-38 -0.062185533344745636
v 2.6785543320037922e-14 -1.9610186344302735e-33 -0.09790469706058502
v 1.5763086693007048e-18 -1.83900232081492e-33 -2.9121598466019805e-09
v 7.459820972356716e-28 -2.2952945692348188e-29 -3.4641857382666785e-06
v 5.72592935458422e-28 -5.510591503660476e-30 -2.1887597540626302e-05
v 1.409713612669957e-29 -1.036686566014048e-26 -2.03255048347728e-08
v 2.4568032048344093e-29 -7.406655098462923e-26 -1.882416791887387e-11
v 4.4834306972904856e-29 -5.215980352795605e-25 -2.3840517233975067e-12
v 1.0309242991762381e-27 -9.545256073626238e-29 -0.0098229069262743
v 2.2403547664089685e-35 -1.3026855169261063e-19 -0.0003050659433938563
v 5.691914093362385e-32 -3.489769498948316e-23 -3.444893650339509e-07
v 1.646647768058421e-31 -4.1565989863857927e-22 -1.3744285752181895e-05
v 1.3942614259387482e-34 -2.9035365057542888e-18 -2.0052201676890036e-08
v 7.969442112262245e-34 -6.361768667040001e-17 -3.818901306296141e-10
v 4.675225973050877e-31 -5.446080008763491e-21 -4.075755168477316e-14
v 2.9770857925041205e-32 -3.0996259297319875e-14 -2.7501226990134242e-11
v 4.995310998277313e-33 -1.4373337022067297e-15 -4.1736237946579657e-13
v 1.3416330799946257e-30 -6.786562622895541e-20 -4.578078613429117e-16
v 3.8376328336266955e-30 -8.224194126459607e-19 -1.59975969461592e-17
v 1.4492317090135278e-28 -2.5385823186772608e-23 -1.7382041037636645e-14
v 8.106509969824305e-29 -3.605309301456697e-24 -1.5656148783416193e-18
v 1.833276151064688e-27 -1.6719539033539967e-27 -1.8790989712868817e-15
v 1.3776779708274491e-27 -3.963795177883501e-28 -1.2223683825141052e-06
v 8.762076522111248e-26 -1.4127801434221089e-36 -1.5852931483095745e-06
v 4.3254235672375426e-26 -5.935255222265897e-35 -1.066313643605099e-06
v 1.070523937949207e-25 -7.781085831671372e-38 -1.0235310128337005e-06
v 1.070523937949207e-25 -3945280045056.0 -2.78279185295105e-06
v 1.0535682664229755e-26 -7.821128887993043e-33 -0.015949849039316177
v 2.5889988937433106e-12 -8.652569153281653e-37 -0.021346215158700943
v 9.802508197515047e-13 -2.431969529142617e-35 -0.014627041295170784
v 3.404846283389107e-12 -6.193479691840098e-38 -0.0143089909106493
v 3.404901794540338e-12 -3945280045056.0 -0.03403949737548828
v 1.5765603341051648e-13 -2.1516838181336485e-33 -1.4294712400442222e-06
v 4.373544082456024e-26 -1.4041246479092182e-36 -1.7918430330610136e-06
v 2.152338262715115e-26 -5.842244231757083e-35 -1.2309249086683849e-06
v 3.2063956040159696e-21 -3945280307200.0 -1.2736127246171236e-06
v 3.2063956040159696e-21 -7.755975123710057e-38 -3.193752945662709e-06
v 5.208775371836454e-27 -7.638692164745424e-33 -2.3751639673719183e-05
v 2.0208882212218023e-29 -1.0145195745773376e-26 -3.7014401641499717e-06
v 7.734196655953899e-28 -5.431339486448941e-30 -0.010718883946537971
v 3.164743607072386e-35 -1.243856431761335e-19 -0.00033410085598006845
v 8.005738365611363e-32 -3.3728009904544893e-23 -0.03860688954591751
v 2.220434522488477e-19 -1.2686425062874352e-27 -0.3868733048439026
v 1.228073954920794e-19 -6.624860526504365e-28 -0.07405711710453033
v 1.3388469116458713e-17 -7.267045725512259e-31 -0.007081420160830021
v 2.0395392008303528e-17 -1.2021715838571369e-30 -0.4413776993751526
v 3.6858171480049693e-22 -2.3318604112740537e-24 -11.192934036254883
v 3.2147473817046275e-21 -4.7596239018178305e-21 -96.57862854003906
v 1.6929056715143977e-26 -1.638082670119149e-21 -3.9803624153137207
v 1.5291292408578576e-22 -1.0016199454103527e-24 -0.007913412526249886
v 3.122138406503682e-25 -1.9302072422007255e-27 -0.01034790463745594
v 2.5175798437088376e-23 -1.788803924939859e-27 -0.001823581987991929
v 1.9403205517018347e-21 -1.5123426014007012e-30 -0.0015137570444494486
v 2.2762515155836257e-23 -1.562922336565171e-30 -0.10010196268558502
v 6.051211218471447e-28 -4.016274278640635e-24 -2.6245274543762207
v 1.0707044367204944e-31 -9.431152260605197e-21 -3.2097325325012207
v 8.832364377841242e-30 -8.49354303627634e-21 -0.1190648227930069
v 4.788721576873843e-26 -3.643174624907305e-24 -0.034389741718769073
v 2.452683897156066e-20 -1.2992601701713257e-27 -0.0065448591485619545
v 2.1530125817229284e-18 -1.2240790369745417e-30 -0.40853315591812134
v 4.0839019829816935e-23 -2.4126397679686853e-24 -10.179506301879883
v 6.004045771912387e-27 -4.962592940726246e-21 -0.023712757974863052
v 2.581948977536941e-12 -8.454434070320787e-37 -0.02908957377076149
v 9.660677206119184e-13 -2.3664998604386225e-35 -0.020766858011484146
v 3.404901794540338e-12 -3945280045056.0 -0.02140045166015625
v 3.404846283389107e-12 -6.136082506741354e-38 -0.049442537128925323
v 1.5322208020591976e-13 -2.0473469395546622e-33 -0.014265837147831917
v 6.262049052452479e-22 -1.5884269957414028e-27 -0.022418145090341568
v 5.7536882029534315e-21 -1.4503023816178613e-27 -0.0039017354138195515
v 4.592673230992686e-19 -1.3321237068546656e-30 -0.0026912842877209187
v 4.810821050297321e-20 -1.4309479871260357e-30 -0.1741648018360138
v 1.1312204244149155e-24 -3.175701766145349e-24 -4.303009986877441
v 1.867143099506003e-28 -6.98435200867334e-21 -6.589264869689941
v 1.5468146792874917e-27 -5.964308662527963e-21 -0.2482462227344513
v 1.0010229946418494e-23 -2.811235406158758e-24 -0.0002378681965637952
v 1.3128717011614747e-23 -1.1072434477044721e-36 -0.0003197063342668116
v 5.894899587200614e-24 -3.7327274967244047e-35 -0.000213728315429762
v 1.8326516782950562e-23 -3945280045056.0 -0.00021892040967941284
v 1.8326516782950562e-23 -6.89516027967225e-38 -0.000520099070854485
v 1.1390459245947079e-24 -3.772044189695623e-33 -2.570985408136843e-32
v 5.3940590769502394e-27 -3.7114769489581213e-19 -2.3518259474959482e-32
v 5.877661819322824e-28 -3.793599440172386e-19 -1.285315094218852e-33
v 1.4269571255004742e-27 -1.9317501601459565e-24 -1.3911330956798744e-33
v 1.2892010188124917e-26 -1.885857388123819e-24 -1.9202608642716382e-30
v 1.8415591905695087e-27 -1.8977269029222393e-13 -5.33716883972999e-28
v 6.092379896962668e-28 -1.1326165605396454e-07 -4.8255185869843e-28
v 6.70643593745256e-29 -1.1683233225312506e-07 -1.7130308022555716e-30
v 1.9611284807921e-28 -1.9532380541534972e-13 -1.931856088954311e-34
v 1.352272383859852e-17 -1.4649237333391877e-18 -3.0105149600302855e-34
v 2.0690830234045e-13 -1.3284190799332369e-18 -1.454867400670438e-35
v 3.316670397525423e-13 -4.874554943521096e-24 -9.860057233176591e-36
v 2.1207273088246775e-17 -5.255934481315625e-24 -1.6798945686563155e-32
v 8.883947902960344e-18 -1.1068994028654022e-12 -5.3991768325358664e-30
v 5.437661180977602e-18 -9.791184538698872e-07 -7.807191868443917e-30
v 7.371578662155459e-14 -8.47769172196422e-07 -2.3522021056882113e-32
v 1.2311768900381825e-13 -9.224913584751637e-13 -2.0505607141331334e-36
v 5.5601142974992624e-27 -5.382038193410158e-35 -3.003996835245398e-36
v 4.950423425376573e-27 -2.549769792219615e-32 -1.5281544942384004e-36
v 5.763443195819978e-27 -3945280045056.0 -1.640549303366355e-36
v 5.763443195819978e-27 -4.0845276330049146e-37 -7.96328689552944e-36
v 3.7306472506785834e-27 -8.839441267607204e-29 -1.316892450392869e-31
v 1.6734208071554387e-26 -2.3045005143689898e-29 -1.714794337185195e-28
v 1.4439017267813853e-26 -8.849119216041027e-30 -7.58943629835522e-29
v 3.2760019050220306e-26 -5.6950589080928196e-33 -5.347052262695546e-32
v 3.45956983766696e-26 -1.0955090866833327e-32 -3.6657991164432676e-32
v 4.80852198559489e-26 -3.2972803081416736e-35 -4.8781692986920934e-29
v 4.7626891670015494e-26 -2.1863186169766437e-35 -7.12377019414825e-26
v 4.7167774623176865e-26 -1.5202908646404283e-35 -9.936374865623246e-26
v 3.092355086286579e-26 -2.956286191384488e-33 -2.1941855464741013e-25
v 1.2534656198059799e-26 -3.1216557755012998e-30 -5.913973109901307e-26
v 3.2063956040159696e-21 -2.3046265737965727e-37 -4.258559116983832e-29
v 3.2063956040159696e-21 -2.7873942976621128e-37 -3.032305815128348e-32
v 3.2063956040159696e-21 -3.2702194187127516e-37 -2.8586711935796865e-32
v 3.2063956040159696e-21 -3945280307200.0 -8.47504698697397e-23
v 3.2063956040159696e-21 -1.851296207030797e-37 -9.652851659437494e-23
v 4.6708657576338236e-26 -1.0289846637731176e-35 -1.4195278096945815e-22
v 2.9087871536416496e-26 -1.532521464361283e-33 -3.0149607465273927e-22
v 1.1387060796189532e-26 -1.2266308941508548e-30 -5.314243321988389e-30
v 2.608331990444332e-27 -8.486087909446992e-20 -1.103716897817575e-29
v 1.4895236560458157e-27 -6.864813908843058e-20 -6.584785512910821e-31
v 7.059172654920756e-27 -5.577467974004081e-25 -3.126702595927346e-31
v 1.1309357997025262e-26 -6.483585164177144e-25 -3.3456489436742167e-28
v 4.646792288145164e-28 -2.705615848822441e-14 -7.735610712237667e-26
v 7.684962423596827e-29 -1.1226178209255977e-08 -1.5469012613940716e-25
v 3.742332854690277e-29 -7.703023108263096e-09 -6.839332566593814e-28
v 2.523754488047075e-28 -2.1580070155434623e-14 -5.54048782944442e-34
v 9.231853562857717e-13 -1.1152050052415685e-18 -6.7715830630606016e-34
v 1.6916876377509474e-15 -1.037357383432978e-18 -3.430993077533634e-35
v 2.9665537502898427e-15 -4.061005847410287e-24 -2.6476730295044324e-35
v 1.5884587482167811e-12 -4.278605239506451e-24 -4.3399821547119004e-32
v 5.325081738408177e-13 -7.719554704667397e-13 -1.3365667933821297e-29
v 2.889234533044738e-13 -6.62406876017485e-07 -1.7153586948442112e-29
v 4.793834845753732e-16 -5.947404702055792e-07 -5.283707223118434e-32
v 9.07267365957685e-16 -7.193586546751229e-13 -4.6536493510635674e-30
v 1.3487119844638651e-27 -8.804883317524929e-20 -2.70630820025407e-31
v 5.761175220717468e-27 -6.661804619884675e-25 -6.71940009413196e-26
v 4.115192891923646e-29 -1.1918985798331505e-08 -2.933962158762001e-28
v 2.486406854565518e-28 -2.8132988085937012e-14 -1.5452702630883646e-35
v 6.258368152325337e-15 -4.725946754772311e-35 -2.2990560155531565e-35
v 5.342976258095825e-15 -2.1871061281671288e-32 -1.2211276958491188e-35
v 6.5634626436627576e-15 -3.81453127430042e-37 -1.1680053096035661e-35
v 6.5634626436627576e-15 -3945280045056.0 -5.87864724846226e-35
v 3.5326157045445245e-15 -6.829540777644685e-29 -6.09468221756802e-35
v 4.814357635156897e-19 -4.473142000948593e-35 -9.085286782853773e-35
v 3.9155592081811457e-19 -1.9697243088582648e-32 -4.635507445141847e-35
v 5.254417721035108e-19 -3945280045056.0 -4.811739188297181e-35
v 5.254417721035108e-19 -3.696450691048274e-37 -2.286704313511462e-34
v 2.5957098227915347e-19 -5.46567422822742e-29 -1.7137332972405837e-35
v 6.705689851660358e-16 -4.708093934319198e-35 -2.526670579766663e-35
v 5.546813254544915e-16 -2.171758873922793e-32 -1.389774400993654e-35
v 7.091936875608319e-16 -3.801559510468104e-37 -1.300987843308108e-35
v 7.091936875608319e-16 -3945280045056.0 -6.547062723698583e-35
v 3.835179367314668e-16 -6.733244280425323e-29 -3.7736458925841145e-34
v 1.0403971521105726e-12 -1.23191026350545e-18 -1.9404935043538956e-35
v 1.6595130217927911e-12 -4.604751892161026e-24 -1.0155285656640835e-29
v 3.45752994377474e-13 -7.638482770744304e-07 -3.1902922558788637e-32
v 6.177594243442219e-13 -8.507951830029337e-13 -4.202484713657687e-35
v 1.2667008803634863e-17 -4.539483963373126e-35 -2.6824970496475427e-35
v 1.3476042727909702e-16 -4.6200053264044526e-35 -4.1848522983953525e-35
v 1.0750247028509021e-16 -2.0960382298202246e-32 -6.587067413768706e-35
v 1.0640058960855322e-17 -2.026787506624582e-32 -3.558093404216294e-35
v 1.3342729337306981e-17 -3.720442714419549e-37 -3.3814753780052454e-35
v 1.3342729337306981e-17 -3945280045056.0 -2.1333385757501358e-35
v 1.4502307846803013e-16 -3945280045056.0 -2.2218679940464394e-35
v 1.4502307846803013e-16 -3.74965788163481e-37 -1.0061425786559995e-34
v 7.672976331134148e-17 -6.258078844546104e-29 -1.6093475047804563e-34
v 6.762844226956955e-18 -5.823589049092344e-29 -3.18645544231778e-32
v 5.519783699656848e-22 -3.5594080651463727e-19 -3.18645544231778e-32
v 1.6152654758585283e-24 -3.5594080651463727e-19 -1.6331499337699133e-33
v 4.317076802562722e-24 -1.8008876023006533e-24 -1.6331499337699133e-33
v 1.4021295013625938e-21 -1.8008876023006533e-24 -2.303713516199137e-30
v 1.8457520073581357e-22 -1.7950312731444124e-13 -6.283925185511645e-28
v 5.7134039921537e-23 -1.0665326755088245e-07 -6.283925185511645e-28
v 1.7873776197416448e-25 -1.0665326755088245e-07 -2.303713516199137e-30
v 5.75997932607408e-25 -1.7950312731444124e-13 -2.3215251028595885e+27
v 5.083744180399031e-17 -444.791015625 -2.3684087573015183e+27
v 3.1316157301430483e-21 -410.251953125 -2.78321864059938e+30
v 9.316610272481693e-29 -2167.640625 -2.712888172117479e+30
v 1.559704424582002e-24 -2448.890625 -1.134221261917312e+24
v 3.81542577088112e-06 -36.969970703125 -5.0735984178960846e+20
v 3822469632.0 -1.4533157348632812 -5.25040973926665e+20
v 253417.03125 -1.3266372680664062 -1.1637360524352473e+24
v 2.522018704986806e-10 -32.765869140625 -9.173821425941645e+27
v 4793.0322265625 -3.3948516845703125 -8.394668735200017e+27
v 6.29152980533649e+21 -5.030670166015625 -7.115873982869324e+30
v 28832253870080.0 -25.5777587890625 -7.700336423916934e+30
v 1.8908762285718694e-05 -16.4512939453125 -6.887166839817261e+24
v 4014472108703744.0 -0.32526588439941406 -4.357485404010041e+21
v 5.01517460279457e+31 -0.014398157596588135 -3.7700718974128525e+21
v -1.4760743174702929e-33 -0.02139103412628174 -5.90668549881145e+24
v 4.337920779991649e+33 -0.4616260528564453 -5.351315600760402e+26
v 45.14282989501953 -90352.5 -4.425826217447609e+26
v 2495.14111328125 -189193.0 -8.104688562886533e+29
v 0.0009587147505953908 -1110856.0 -9.493115688197542e+29
v 1.3003651474718936e-05 -517834.0 -1.6789884182318754e+23
v 253035053056.0 -6532.53125 -4.890375272477911e+19
v 1.5797572569638985e+25 -208.4072265625 -3.4175710907835875e+19
v 4.2231422480028436e+26 -416.751953125 -1.3039140496016678e+23
v 9920369917952.0 -13365.3125 -7.177431550575537e+27
v 4.395791966616558e+26 -9.06353759765625 -6.732849080412257e+27
v 2.967046300945613e+16 -11.62017822265625 -5.869113620804035e+30
v 195994656.0 -58.083251953125 -6.202738461391445e+30
v 2.531885557454209e+18 -47.671142578125 -4.605359361670858e+24
v 2.2641663545230353e+38 -0.8493385314941406 -2.8522743221517644e+21
v -2.9929708354139575e-31 -0.03721356391906738 -2.5171344522813616e+21
v -2.210905490424986e-36 -0.04659104347229004 -4.325706721513421e+24
v 1.387612847658368e+28 -1.0098342895507812 -5.533315605010198e+26
v 0.9416238069534302 -76632.5 -9.76623620936488e+29
v 2.59447972439375e-07 -461954.0 -1.7934965820694274e+23
v 6082036736.0 -5697.65625 -5.233436974092858e+19
v 3.9824913570791876e+23 -183.2470703125 -7.843549677183198e+27
v 3.746032431100207e+25 -6.615753173828125 -6.702402009748007e+30
v 2.0338439673085952e+17 -32.065673828125 -3.354515752596122e+21
v -1.0037181858422758e-31 -0.02720463275909424 -5.213235495592561e+24
v 2.2998148190544615e+37 -0.6161537170410156 -2.234709117438513e+27
v 23781.12890625 -508.697265625 -2.234709117438513e+27
v 2.0011943888675887e-06 -508.697265625 -2.582672354235148e+30
v 6.87267219046453e-14 -2969.453125 -2.582672354235148e+30
v 0.0007867851527407765 -2969.453125 -1.0796188994591317e+24
v 1686590975901696.0 -44.747314453125 -4.7463668689713444e+20
v 1.454666891050789e+30 -1.6877212524414062 -4.7463668689713444e+20
v 1.2877650828717143e+20 -1.6877212524414062 -1.0796188994591317e+24
v 143617.03125 -44.747314453125 -3.022848285581771e+18
v 4.015817763572606e-20 -2.0738844285836387e+34 -4.4807479274546135e+18
v 3.4566384695251845e-31 -4.5328217502917297e+33 -1.1330960105288157e+24
v 1.90785201676594e-31 -8.887816261202205e+34 -8.531113289780521e+23
v 2.577960400927222e-20 -4.525031331727505e+35 -3920517136384.0
v 6.234337492189994e-20 -2.6563347915255216e+32 -4138128.5
v 1.0099587058527781e-19 -8.169292803108102e+29 -8274977.0
v 1.3436312323119274e-30 -1.862144896621661e+29 -7025930010624.0
v 6.691674624824313e-31 -5.863163046134728e+31 -3.3822921527571725e+25
v -4.211010340934399e+27 -4.8363266308342555e+27 -8.106865557970936e+24
v 2.3305860762636985e-38 -6.116082054178559e+30 -6.522142007464926e+19
v 1.1698481269459528e-37 -3.57767126984046e+29 -4.711509007855497e+20
v -1.5676445223344393e+29 -3.275929240999087e+26 -3.3642435277912424e+21
v -1.0587254157423411e+17 -3.0043405027797522e+23 -1.4087352329303882e+26
v -1617184304398336.0 -4.111723913797638e+24 -547754112.0
v 4.924242980330342e-36 -2.687100546313424e+25 -214697932488704.0
v 6.9710325200362844e-37 -5.881311365925392e+27 -2634653735321600.0
v -1.5531585006988297e+31 -6.688088424852282e+24 -12820744192.0
v -3.1768320583451054e+33 -3.6520662155866864e+22 -270038761472.0
v -2.2188122974946473e+22 -5.4511851364669194e+19 -3.268752291607347e+16
v -2.502608531487929e+19 -7.45381767126836e+21 -134357868085248.0
v -1.0764849185943604 -110192217817088.0 -6320347414528.0
v -154695401472.0 -7.362384835169485e+16 -4.2053467904147456e+17
v -39654664.0 -8.179979482560463e+18 -5.089103862812377e+18
v -6.145659426692873e-05 -8868007954612224.0 -1.6347623493151567e+23
v -4.32312461384754e-08 -2.66219252875264e+17 -2.36742387943847e+22
v -64224.2578125 -2.8299831928461407e+20 -2.4325573836048196e+27
v -2.2204196814534782e-10 -2.755376139206656e+18 -5.858119971701972e+26
v -599.9727783203125 -3.418430275557811e+21 -6.395590857935815e+19
v 1.8650715314544957e-37 -3.964914388379418e+29 -7.985264621037043e+24
v 4.0785907237751403e-38 -6.74681250419446e+30 -527747136.0
v 8.093509629081472e-36 -2.9089927414272613e+25 -208478819844096.0
v 1.1868419536825127e-36 -6.470209355805169e+27 -7.99744405967523e+18
v 1.1493727925799738e-20 -6.263011392409644e+32 -4.1595146102835773e+18
v 7.451806474669975e-19 -6.448737292737308e+33 -1.071410098346331e+24
v 4.2345862268305974e-19 -1.3083232687717553e+35 -1.7577628608980488e+24
v 5.352402208288644e-21 -1.2490241830151298e+34 -14220169052160.0
v 2.689381629438115e-20 -8.638539626727432e+30 -20527236.0
v 7.36443164505994e-20 -3.032484873612405e+28 -7351073.0
v 2.677431855191747e-18 -2.60016993098e+29 -6236461334528.0
v 1.3890085088390976e-18 -7.822203158303842e+31 -1.2529086731112153e+19
v 6.231786410057194e-28 -1.3852116727730311e+32 -1.1721816497905992e+19
v 8.198672063602401e-26 -1.6535043245012207e+32 -2.233135455677544e+24
v 3.274581955392633e-26 -3.2640619557883006e+33 -2.3106486742752714e+24
v 2.4048706844399398e-28 -2.5182772037787112e+33 -24997921816576.0
v 1.781950888418746e-27 -1.9519317794655077e+30 -40619272.0
v 5.7095048314254915e-27 -7.150985707975657e+27 -35975432.0
v 7.159860334043079e-25 -8.599732187056338e+27 -23014183796736.0
v 2.2908683390179885e-25 -2.3365442754209843e+30 -8.172099282724192e+18
v 1.0167150347011674e-21 -5.825077724112048e+32 -1.7913359351122001e+24
v 4.530010397948866e-22 -1.106413490489454e+34 -14649665781760.0
v 2.5496941692119933e-21 -7.972527885591897e+30 -21532804.0
v 6.42649623368875e-21 -2.781511873460408e+28 -1.0422528005409604e+19
v 4.0002197759280296e-24 -2.467227071124287e+32 -9.034538611365642e+18
v 8.995307695943193e-23 -3.664723802754345e+32 -1.9569508034059645e+24
v 3.9645908731437226e-23 -7.205049332098476e+33 -2.1083616787629725e+24
v 1.6072885143849334e-24 -4.5897075709769715e+33 -19820875612160.0
v 1.1048446628336246e-23 -3.37572738967089e+30 -31028356.0
v 3.2492896696127597e-23 -1.1959979871902873e+28 -26493060.0
v 6.62316508862016e-22 -1.7620170559338567e+28 -16768695271424.0
v 2.298286293932621e-22 -4.8782771123535204e+30 -5.0726086374890845e+32
v 4.774506834337444e-08 -3696016.0 -1.8489009737301563e+32
v 5.447091242359849e+17 -4832526336.0 -3.589495780414773e+34
v 3210454230892544.0 -8523120640.0 -6.885783976996756e+34
v 1.935030191635434e-10 -6566944.0 -2.809540294532733e+36
v 1.2312874678177543e-11 -8176416.0 -1.9984768411844583e+36
v 238363202289664.0 -11981619200.0 -1.2961120499608786e+36
v -1.584028064332466e-38 -16187261976576.0 -1.8680180949005781e+34
v -5.146986075046625e-38 -12342192504832.0 -6.96022599251976e+31
v -5.976683685385635e-37 -6543953100800.0 -3.8311529700578456e+37
v -8.994948855485644e-39 -18089999597568.0 -4.500586575532371e+37
v 102010321895424.0 -13497860096.0 -5.5925266048822455e+37
v 4.980045022195956e-12 -9348160.0 -6.630414563033461e-16
v 4.9778250098275745e-12 -9728320.0 -3.2851829553829085e+37
v -4.667236997469807e-26 -2.6755653389254656e+16 -9.283716814370702e+35
v -6.970257861992242e-26 -2.316244938968269e+16 -9.706599954293877e+33
v -2.0435365328850118e-25 -1.6410004886126592e+16 -2.6209207119938618e+31
v -2.0393888501567794e-24 -8334744815140864.0 -4.3871872431431747e+36
v 2343184.5 -3576.140625 -1.3745454351628811e+35
v 76771856.0 -2849.015625 -6.763649161324776e+37
v 755844.125 -3888.828125 -6.630414563033461e-16
v 755652.1875 -3974.703125 -1.4149063532663138e+33
v 82288590848.0 -1687.3828125 -4.1081012869969277e+36
v 5.592854904534761e-06 -14157.5625 -1.2280050257764978e+35
v 0.00015940613229759037 2.7362213134765625 97.41938018798828
v 1.7664299321040744e-06 -15774.5625 -6.556476516669236e+37
v 1.7670174656814197e-06 -15426.0625 -1.1811583603059434e+33
v 0.12408877909183502 -6611.78125 -4.367472741008425e+36
v 633.5665283203125 -3862.765625 -1.3642014062650188e+35
v 20496.12890625 -3134.890625 -6.748980922699415e+37
v 200.47756958007812 -4255.53125 -6.630414563033461e-16
v 200.4072723388672 -4427.40625 -1.3901475524806062e+33
v 21441668.0 -1829.5703125 -4.181280220846903e+36
v 0.14255622029304504 -9896.0625 -4.270198304549312e+36
v 51.56275177001953 -6457.90625 -1.3131404400878257e+35
v 1597.133056640625 -4995.03125 -1.2664908979994269e+35
v 4.116974830627441 -7574.53125 -6.610865826262389e+37
v 0.04721284657716751 2.7246246337890625 97.41938018798828
v 0.04719359427690506 2.8094024658203125 0.38768553733825684
v 15.687685012817383 -7259.78125 -6.676807996365781e+37
v 15.694887161254883 -7087.03125 -1.2830259702586587e+33
v 1527304.25 -3014.140625 -1.2271701156861024e+33
v 3700.64111328125 -4498.03125 -9.514036648066982e+34
v 7.956276575533035e-34 -6.936616270889893e+34 -9.452175298775844e+34
v 1.0235692824069399e-34 -7.517960836154559e+34 -2.26366040449233e+32
v 1.3149155572582438e-34 -4.937024214089884e+34 -2.2838635859334675e+32
v 1.0312907650061557e-33 -4.3572008295454915e+34 -1.1017488561643202e+37
v 7.437265513931263e-34 -8.045810546089593e+34 97.41938018798828
v 7.436655726236774e-34 -8.392925466873104e+34 97.41938018798828
v 9.446429871495073e-35 -9.55713577812271e+34 -1.0981142483633459e+37
v 9.447192106113184e-35 -8.948156429773069e+34 -7.554366829226682e+28
v 1.8976668816783929e-34 -1.9603663173332007e+34 -7.629803800370635e+28
v 1.5025934700248437e-33 -1.8162027528222453e+34 -7.431887855575078e+34
v 1.061607700966394e-16 -7.395981295796882e+36 -1.4680547169160743e+32
v 1.1766391427171622e-16 -4.659944770580432e+36 97.41938018798828
v 1.034262301055473e-16 -9.255634867536496e+36 -9.947509057761562e+36
v 1.0343332400648055e-16 -8.855178972321998e+36 -4.001092060215364e+28
v 1.5038987922183337e-16 -1.8832725961793918e+36 -1.3001850509534932e+35
v 2.6956055488208914e-38 -2.830042537838046e+32 -3.611146144710336e+32
v 3.854239476520423e-38 -1.855338068506309e+32 -1.308889048964494e+37
v 2.3301914706161447e-38 -3.253133498492742e+32 97.41938018798828
v 2.3300053781800823e-38 -3.4832913105966796e+32 -1.5944889090536415e+29
v 7.640750274624327e-38 -7.650005698839246e+31 -7.631669590171047e+34
v 1.691093073561534e-16 -3.9429210262721384e+36 -1.5335665037950566e+32
v 1.8785245241299657e-16 -2.4555610655560273e+36 -1.0065958329846888e+37
v 1.628649804689947e-16 -4.6698425864670143e+36 97.41938018798828
v 1.628507926671282e-16 -4.869421496966947e+36 -4.491190587487134e+28
v 2.2862610386475643e-16 -1.0076758237591857e+36 -1.2906269654277723e+35
v 1.858099623178971e-38 -3.1824097906202368e+32 -3.548456861120924e+32
v 2.5117193170607887e-38 -2.2068140044602143e+32 97.41938018798828
v 1.6667809043640896e-38 -4.189016168192489e+32 -1.3032099742754716e+37
v 1.6670028700408386e-38 -3.9586602856822656e+32 -1.5660729187689403e+29
v 4.90763981318486e-38 -8.93501889168878e+31 -7.52227134337135e+34
v 3.3731737165642824e-16 -5.26379266930035e+36 -1.497715760257352e+32
v 3.721948002925713e-16 -3.570049208118606e+36 97.41938018798828
v 3.2565415148921016e-16 -7.067244000940895e+36 -1.0001054619115202e+37
v 3.256893033565212e-16 -6.667437142833714e+36 -4.22305084069661e+28
v 4.419564338284355e-16 -1.3412860467506118e+36 -9.627871671967477e+34
v 1.8383680754910941e-31 -5.860887971536217e+34 -2.321249375119886e+32
v 2.3199185051613806e-31 -3.7191128067001015e+34 97.41847229003906
v 1.7356562003026846e-31 -7.27330427031051e+34 -1.1084988420804155e+37
v 1.7358123059524738e-31 -6.969068126255735e+34 -7.769676517700047e+28
v 3.5505275543140623e-31 -1.5494256840042144e+34 -7638305.0
v -5.506012916564941 -5.621295713353902e-07 -46684.2578125
v -11991618.0 -9.614648297429085e-05 -53282056.0
v -4.4069493014831096e-05 -0.05940365791320801 -5679907840.0
v -8.140052217345262e-13 -0.00023159105330705643 -6758970949632.0
v -4.977681743584507e-25 -0.05525612831115723 -104027668480.0
v -5.414405064230123e-16 -21.1236572265625 -1600725248.0
v -5.888324494662811e-07 -7668.65625 -485850.0625
v -2248.82861328125 -15.23736572265625 -263.23638916015625
v -26080790446080.0 -0.015403807163238525 -3.3175348840606204e+19
v 1.6417901062855495e+26 -446.126953125 -1.250948953407488e+16
v -4.8661111112623336e-36 -6.935211181640625 -315742440390656.0
v -7.76874287025695e-26 -3627.140625 -1.5289459600911237e+18
v -4.013755766596433e-34 -314178.0 -6.679341583197798e+16
v -5.57737155547994e-23 -222036992.0 -8156982804480.0
v -1.2331514339525155e-15 -1896136.0 -3111085867532288.0
v -7.7494139577583e-12 -152573050880.0 -218201358336.0
v -1.944101313711144e-05 -990810112.0 -5671781376.0
v -304034.0625 -517528879104.0 -378738.0625
v -696174903296.0 -1060999168.0 -24625284.0
v -640.3165283203125 -2986896.0 -0.00965196080505848
v -1.2290019645923695e+26 -451.705078125 -44.29712677001953
v -6.484234584878744e+18 -1002500.0 -4582.7822265625
v -120398036992.0 -3908.390625 -1.6318438053131104
v -5.664994408385636e+19 -2.7361602783203125 -7080288190464.0
v -7.937109206739237e-25 -0.05201363563537598 -6030918656.0
v -1.3983052996741074e-12 -0.00021974090486764908 -1.3084808993308672e+16
v -7.828288716177193e-36 -6.496734619140625 -8014625.0
v -9.246400833129883 -5.193469405639917e-07 -562041634947072.0
v -2.3992034053899047e-11 -9.739818051457405e-05 -2226691703308288.0
v -5.723938304672688e-14 -1.3603887055069208e-05 -3871393447936.0
v -1.2757952213287354 -1.0016492524300702e-07 -849703206912.0
v -269.67388916015625 -6.260124791879207e-07 -5.983499672281416e+17
v -3.2931528602979446e-23 -0.008132517337799072 -9.41617254427739e+20
v -2.834129002118028e-33 -0.40021705627441406 -2.0409841270998958e+18
v -4.4930565095970076e-26 -0.0010436251759529114 -10193799168.0
v -108686848557056.0 -4.2218495366341813e-10 -1883447552.0
v -1.3132912627023872e+16 -2.3206467858472024e-09 -234682415316992.0
v -1.0361279297020213e-21 -0.0003621000796556473 -260911780593664.0
v -4.728165208533719e-18 -0.00029749609529972076 -348456550400.0
v -3.8722770113963634e-05 -1.7467318684794009e-06 -291170746368.0
v -7.808525381847176e-09 -2.0584702724590898e-06 -2.7029627635079578e+17
v -2.1547873068908116e-33 -0.03235745429992676 -5.1548433551738484e+20
v 2.342391653294447e+37 -1.3951492309570312 -2.9934210938149274e+17
v -9.193668835408288e-30 -0.027434468269348145 -725094528.0
v -1261543680.0 -6.14434725321189e-09 -602214528.0
v -245469.03125 -6.9969985361240106e-09 -539329847885824.0
v -3.4100679094720143e-13 -0.00010439055040478706 -800092979200.0
v -3.7384190559387207 -6.771479093004018e-07 -5.670687926984376e+17
v -4.675137809214145e-25 -0.009078562259674072 -9.062369757551164e+20
v -4.2392189121208833e-35 -0.4318866729736328 -1777017088.0
v -174320944939008.0 -2.505217366888246e-09 -324779051581440.0
v -1.3117289864034024e-15 -0.0002188282087445259 -427248381329408.0
v -4.704765900866506e-14 -0.00015572551637887955 -555330174976.0
v -0.46277815103530884 -9.294490155298263e-07 -440647352320.0
v -0.011826576665043831 -1.366606738884002e-06 -3.749445289073705e+17
v -2.3265114320541257e-27 -0.020402073860168457 -5.812188756784846e+20
v -2.6389077798116607e-37 -0.9621162414550781 -7.31713482995255e+20
v -7.606781499444119e-36 -0.6763343811035156 -4.6670537131504435e+17
v -7.546284094984624e-26 -0.01374584436416626 -1252008192.0
v -18416421306368.0 -3.415962623876112e-09 -922849408.0
v -426252500992.0 -4.772147121911985e-09 -0.0005237796576693654
v 6.782915555939658e-31 -3.970031439393126e+21 -0.0004863311187364161
v 8.111514049275756e-32 -4.240607705005545e+21 -5.409590109195506e-09
v 2.4830206973266747e-31 -6.05633063531053e+17 -5.745648401500603e-09
v 2.1316316756681373e-30 -5.6013743703719936e+17 -104.63917541503906
v 2.1460431423696705e-31 -9.44964037612365e+24 -36899080.0
v 7.182102387832009e-32 -8.311705610533153e+27 -34887944.0
v 8.735758267164817e-33 -8.939138110913145e+27 -100.12159729003906
v 2.542397385524845e-32 -1.0399021083081938e+25 -1.2127541267233088e-13
v 7.387416817234202e-31 -34008761106432.0 -1.3254070692532427e-13
v 6.255926768296528e-30 -32265541255168.0 -2.8413840482244268e-05
v 2.7953581354373335e-19 -2.508399968502056e+23 -3.653602470876649e-05
v 2.806904980391352e-15 -1.7894381182292262e+23 -2.814975474940695e-10
v 4.853675817653117e-15 -2.0168950917736956e+19 -2.1354742973933583e-10
v 4.345974885104871e-19 -2.83823907381539e+19 -7.811554908752441
v 1.7087651524876094e-19 -7.87261067779692e+26 -5125409.0
v 8.951514066801594e-16 -5.5868092679744044e+29 -9.967348098754883
v 1.5933776057608243e-15 -5.4751356810063625e+26 -4.9973326055074464e-15
v 8.188167551219545e-15 -896930972434432.0 -3.544108247572871e-15
v 7.438571584869127e-19 -1131268750180352.0 -0.012834610417485237
v 1.3498967538530285e-33 -4.398694343355086e+19 -0.019994381815195084
v 3.619244709603607e-34 -2.3761134570518348e+19 -3.253026648053492e-07
v 2.5367289313599893e-33 -4612073858269184.0 -1.96979300426392e-07
v 8.508558719037886e-33 -8423118599094272.0 -1670.695556640625
v 2.1646879998961085e-34 -8.287719490511015e+22 -400812096.0
v 3.600558137639749e-35 -5.817041009557949e+25 -2433.89111328125
v 5.354120776549979e-35 -4.311955700627186e+22 -1.1351199494247233e-11
v 1.742524907668127e-32 -395776655360.0 -6.468632053613366e-12
v 4.97450518907814e-32 -671730434048.0 -5.251100083114579e-05
v 6.63957363617124e-15 -1.088686573049669e+23 -5.834480543853715e-05
v 9.905257879112217e-18 -8.836048958102031e+22 -4.694166166885338e-10
v 1.9004563908911967e-17 -1.054862769546435e+19 -4.1777964421285674e-10
v 1.2570512732405954e-14 -1.289162540160385e+19 -13.629457473754883
v 3.4967828227438786e-15 -3.0695502042489173e+26 -6755873.0
v 1.8975304082191353e-15 -3.075664634350826e+29 -14.966859817504883
v 5.153693385410598e-18 -2.625742202188828e+26 -9.124918228247021e-15
v 3.640145928393527e-17 -482928303800320.0 -7.456981606095321e-15
v 2.372505742754584e-14 -549002080681984.0 -0.011856378987431526
v 7.890213793016822e-34 -5.054643629081598e+19 -1.8028825365945522e-07
v 5.0081003768142594e-33 -9337947170013184.0 -375851072.0
v 2.1934084607730034e-35 -6.577578131624105e+25 -1558.539306640625
v 1.370516440052138e-34 -9.707196446982965e+22 -5.909190671504749e-12
v 3.02290186032177e-32 -756254048256.0 -4.3768675823230296e-05
v 1.0613961491938613e-14 -1.3960554461778544e+23 -3.43193973240119e-10
v 1.8922041803435055e-14 -1.6403025736069284e+19 -5863585.0
v 3.229581197334826e-15 -4.40767138055508e+29 -11.625062942504883
v 5.883017360210855e-15 -4.3746353958384204e+26 -6.031336217406872e-15
v 3.323665805467571e-14 -733103739895808.0 -0.0005966761382296681
v 5.661537620230583e-26 -3.4694473336116405e+21 -0.0005966761382296681
v 1.7615713236744722e-28 -3.4694473336116405e+21 -6.367629090675564e-09
v 5.689074759168426e-28 -5.0295403629982515e+17 -6.367629090675564e-09
v 1.8188373926418588e-25 -5.0295403629982515e+17 -112.99659729003906
v 1.8495734472912906e-26 -8.366299990162835e+24 -40619272.0
v 1.7878506979509468e-29 -7.150985707975657e+27 -112.99659729003906
v 5.455197771183061e-29 -8.366299990162835e+24 -1.5338514421266158e-13
v 1.7328936008753143e-27 -29040020815872.0 -1.5338514421266158e-13
v 5.886070853164607e-25 -29040020815872.0 -14162.314453125
v -4.0831621435076494e+21 -1.6813048349384463e-14 -15101.064453125
v -3.752653416613439e+19 -1.5666396131763793e-14 -2571920.5
v -4580385.0 -1.2248924097235658e-11 -2347024.5
v -493750336.0 -1.2905509993998976e-11 -152.13381958007812
v -2.1016956800212142e+33 -1.3834853825300504e-17 -3.0932774543762207
v 9.4375339535231e-37 -8.680072264407047e-21 -3.3466954231262207
v 9.091894606883335e-38 -8.273926583643511e-21 -167.63381958007812
v -1.9696324784154137e+31 -1.3345268781787519e-17 -753864832.0
v -1.391245234572125e-07 -5.944826853010454e-09 -700649600.0
v -1.4873747204546817e-05 -6.3139680150925415e-09 -895140.125
v -9.82708256765253e+35 -8.759845333914523e-16 -645700.125
v 5.114801634858174e-36 -1.1614042493091688e-15 -85168656.0
v -1.8444457919426797e+31 -6.550211761879865e-13 -115051024.0
v -3.3091301644013425e+22 -4.846435752714484e-13 -12339.814453125
v 3.0866282192460286e-34 -1.1377307876826125e-18 -296.20513916015625
v 4.962910216245132e-29 -9.778632943311216e-22 -208.76663208007812
v 1.0589733872711543e-24 -1.1886134047731476e-21 -8221.064453125
v 6.279326817120833e-30 -1.391893611418106e-18 -18284154880.0
v -1.7844307496638874e+17 -2.2534241139737787e-10 -25353654272.0
v -275163200.0 -1.7744117286611072e-10 -158.68460083007812
v -6.55266810959557e+25 -3.9864118950294625e-13 -85.47315979003906
v -1.0774140004922539e+26 -6.321228263050926e-13 -19658.12890625
v -62421184020480.0 -7.430891457715916e-10 -34278.2578125
v -31623445741568.0 -4.3859138543211884e-10 -1.3313066959381104
v -8.453587895994995e+36 -2.2097480231264913e-16 -0.021433953195810318
v 2.992533684676921e-35 -9.076860302932364e-20 -0.6879006624221802
v -1.0748787199214025e+37 -3.4355825747223873e-16 -14200642.0
v -3.8029332160949707 -3.1164563552010804e-07 -390146.0625
v 4.3702865322375684e-35 -1.6263643509795774e-15 -319002.0625
v 9.790311850851767e-38 -1.81588977287274e-15 -44274952.0
v -8.97918436898369e+27 -1.1272718869470566e-12 -52797704.0
v -1.659562919110362e+33 -9.328718353351917e-13 -4989.2822265625
v 5.02715923918989e-29 -1.8431571349103115e-18 -115.78565979003906
v 7.725789739094312e-24 -1.517857137963395e-21 -3955.26611328125
v 1.159116658230021e-31 -2.1331600402265026e-18 -12209948672.0
v -1.776705457272075e+19 -3.675300064287512e-10 -181.43850708007812
v -1.3187874792043147e+25 -3.701709078152149e-13 -39730.2578125
v -6213510103040.0 -4.0599168471544544e-10 -0.02450573816895485
v 1.3632890439016892e-35 -8.57294187376506e-20 -1.5191729068756104
v -1.7471372213760068e+36 -2.088147973218664e-16 -15490626.0
v -0.7310525178909302 -2.7498208510223776e-07 -496786.0625
v 3.467727275996831e-35 -1.3719021010972295e-15 -65571080.0
v -9.110299402135591e+32 -7.755220077232394e-13 -161.14163208007812
v 6.3446386555979754e-24 -1.3376610113975463e-21 -6750.0322265625
v 4.238452408364429e-29 -1.5716498846932296e-18 -15231944704.0
v -8.884371711290507e+18 -2.8561863985032687e-10 -12425.564453125
v -6.175000625601043e+31 -1.8935048841373092e-14 -12425.564453125
v -5.636168747007099e+26 -1.8935048841373092e-14 -2014024.25
v -70240171982848.0 -1.4120316027543822e-11 -2014024.25
v -7.828136861183771e+18 -1.4120316027543822e-11 -125.73097229003906
v 1.2590016947886543e-36 -1.5604148487798353e-17 -2.6245274543762207
v 3.3420631416797117e-34 -9.431152260605197e-21 -125.73097229003906
v -2.8002710051667563e+38 -1.5604146833437128e-17 -602214528.0
v -2.3433384895324707 -6.9969985361240106e-09 -1.773521189194586e-23
v 1.979794344009424e-18 -149129.015625 -6.626533840229816e-23
v 8.802618088923628e-29 -58701.25390625 -5.422897868199909e-19
v 4.384514935346757e-29 -7130219008.0 -1.584357188359634e-19
v 1.2388454491586712e-18 -20023740416.0 -5.58368151704274e-27
v 3.2167271447967195e-18 -0.5235024094581604 -2.3031910324700834e-29
v 3.548102699428203e-28 -4.897047460872272e-07 -2.2595050166893894e-26
v 1.7673028911889686e-28 -0.2337045818567276 -1.1713342494838914e-14
v 2.183744857319187e-29 -380381664641024.0 -1.2004010632726825e-11
v 1.090261753369659e-32 -371114147840.0 -1.9487207403301454e-09
v 7.675841792554928e-36 -2097782912.0 -2.448059658634316e-13
v 2.6810238934947983e-34 -119228.5078125 -9.52966487527949e-16
v 7.652901981268545e-32 -13034305.0 -1.96849986482926e-19
v 5.266967948463855e-31 -210.84474182128906 -7.591830574787186e-17
v 8.5354540297847e-33 -3.2484285831451416 -2.7279939510691312e-14
v 1.381536699591097e-34 -0.05003667250275612 -6.288704279544532e-11
v 9.268097463111606e-37 -1110.7579345703125 -3.439509441705013e-07
v nan -13063744.0 -1.665514387103103e-25
v 2.4001808644694246e-29 -7.3747803419621505e-09 -1.0419609313182938e-22
v 3.529291449530299e-30 -0.0017066375585272908 -5.450666579857255e-20
v 2.2163395853398046e-31 -4.5182419853517786e-05 -1.129303736962109e-22
v 4.664145669260478e-30 -3.509672830137589e-10 -8.252989059064402e-20
v 8.319597943368485e-31 -1.5062730576720362e-11 -2.894164011746665e-17
v 1.39171977756353e-32 -1.1572630000955542e-06 -5.490658808259997e-17
v 1.6084300957244868e-31 -7.106989150830467e-13 -1.534721040031585e-14
v 8.739390912050843e-34 -2.9003901502733243e-08 -8.128666142970253e-12
v 5.487833258956014e-35 -7.820127323476811e-10 -3.813540594421738e-09
v 3.606498876337967e-38 -1.1864875887113158e-05 -1.0707936273779417e-11
v 2.233405186983694e-36 -0.0007705875323154032 -4.149770575168077e-06
v -2.366911954037714e+33 -0.10097742080688477 -1.6154562132442152e-08
v -1.9457747111576797e+38 -10.80133056640625 -5.6123601098079234e-05
v -2.5570026762013938e+32 -76080.5 -1.8560033015220483e-19
v 7.683889658048312e-31 -220.19630432128906 -8.774483122034262e-16
v 1.1644430582324669e-31 -13719617.0 -9.839290414688704e-23
v 5.4125620456493576e-30 -0.0017690436216071248 -3.4796036062349137e-22
v 2.2246158998054174e-17 -18139.626953125 -4.845328199185291e-23
v 1.3272416007389768e-16 -71308.5078125 -4.0250779212831666e-19
v 6.958588743419871e-17 -8554840576.0 -2.5822994673032485e-18
v 8.52777054863991e-18 -1907957888.0 -1.3186995787317373e-25
v 5.487524786355156e-17 -0.08729792386293411 -1.4833129653094044e-28
v 1.5000702032967443e-16 -2.1175675612994382e-07 -1.6842282015569666e-26
v 2.5257341934953e-16 -0.2822590172290802 -4.8795392910711693e-14
v 3.2176800568623805e-18 -90289347756032.0 -1.2964571781089445e-21
v 5.794228313919929e-24 -7282.28173828125 -1.072291232107074e-21
v 6.231676014335297e-22 -8045.65673828125 -6.989558716426101e-18
v 1.9567428434565595e-22 -804786240.0 -8.707976808168263e-18
v 1.7986663672067772e-24 -692899904.0 -5.251952903111749e-25
v 1.873041356642372e-23 -0.038573507219552994 -5.102236201393858e-28
v 5.8213102180296415e-21 -1.149023844959629e-07 -4.115661384975233e-25
v 1.8546556595143118e-21 -0.043667081743478775 -1.2736429207300948e-13
v 6.483392820166929e-23 -33066015784960.0 -3.7222001702602314e-22
v 2.1630710979715732e-18 -16817.626953125 -2.768276138784771e-18
v 8.04605302672807e-19 -1811062912.0 -1.4438760271722074e-25
v 5.6851006806942646e-18 -0.08288813382387161 -1.6111947136167168e-28
v 1.4298025337493447e-17 -2.046154037316228e-07 -5.161171647396004e-14
v 3.173611285945582e-19 -83316468350976.0 -7.792979420529137e-22
v 2.1348811058131928e-20 -10356.5634765625 -5.603664983648553e-22
v 3.111870525024624e-19 -13339.0634765625 -3.90283748055281e-18
v 1.0606814210145298e-19 -1333010560.0 -5.581339144655613e-18
v 6.89398333454549e-21 -984830016.0 -3.184994843431692e-25
v 6.14318218868665e-20 -0.05186295881867409 -3.619593218963857e-28
v 1.833537076085108e-19 -1.3714544877529988e-07 -2.465329477254144e-28
v 2.415010460220524e-18 -1.6937066504851828e-07 -2.0616487792688862e-25
v 8.299104119720292e-19 -0.061812642961740494 -7.417375361921247e-14
v 4.006222468466991e-20 -59639114760192.0 -9.958745254227269e-14
v 2.4723010831500006e-21 -43907723296768.0 -0.0012001174036413431
v 8.357122636075846e-39 -1.3345282757831149e-14 -0.6330910921096802
v -6.039656634606787e+36 -3.5774097714106473e-16 -78.83253479003906
v -5.994366332158306e+25 -6.653601281048083e-13 -0.20996955037117004
v -2.6606647678881752e+29 -4.3252734727161624e-11 -0.0005506464513018727
v -1.174008018639031e+33 -2.811034960359393e-09 -2.272965957672568e-06
v 1.7433894990451573e-37 -5.207952667209137e-13 -18067.62890625
v -34532749213696.0 -7.811458146989025e-10 -70.33839416503906
v -3.292923525735645e+18 -8.416327546001412e-08 -0.27382856607437134
v -2.860963544754815e+23 -8.747505489736795e-06 -0.0010660069528967142
v -2.6903591027797892e+28 -0.000918511301279068 -1.502725581303821e-06
v -5.153213289053891e+36 -1.8264563550474122e-07 -4.300575007221141e-09
v 3.004501930474267e-36 -2.0551673210467136e-11 -46013.2578125
v 6.1452018208355485e-37 -7.128033819930272e-15 -501.50982666015625
v 5.269616102137387e-31 -6.806889526623872e-18 -7076385.0
v -5.902967926109341e+29 -5.291017624031724e-12 -14593.564453125
v -3.3015330019052246e+35 -1.6286559774425502e-14 -159.25491333007812
v 9.372254341248263e-35 -1.36099674049851e-17 -2450320.5
v -4.083562400924532e+22 -1.2603973420510783e-11 -42258.2578125
v 7.000054195959591e-38 -7.701359928740607e-15 -470.51763916015625
v 5.785652714874358e-32 -7.164681951090315e-18 -6626593.0
v -7.962628870415239e+27 -5.619310572413383e-12 -19781.12890625
v -1.3820143865470916e+38 -1.3117382614141748e-14 -28250.12890625
v 2.0208565161745985e-38 -1.0530477077624282e-14 -317.56451416015625
v 1.6233579923591668e-32 -9.580843433133207e-18 -216.86038208007812
v 2.0503093689897267e-33 -1.1789905359572422e-17 -3286160.5
v -1.5353965268154417e+25 -1.0163925256989614e-11 -4407329.0
v -7.690894753405859e+26 -7.238903920736561e-12 -1.1168814370025106e-21
v 6.288278027927204e-29 -7893.78173828125 -1.0198169619982413e-21
v 6.946108590308384e-30 -8256.8134765625 -3.9802928536393073e-25
v 2.163984816089774e-29 -0.04485917463898659 -4.325388438275357e-25
v 1.8952462692545015e-28 -0.04265332594513893 -7.331336510643212e-18
v 2.0372971443479816e-29 -782520384.0 -6.7630559851937685e-18
v 2.345795085483998e-30 -830967872.0 -2.4031962746292393e-23
v 2.4507851396080374e-14 -118140.5078125 -7.954135351893994e-27
v 4.2937231732338016e-14 -0.4384937584400177 -2.067132881070083e-19
v 1.3774193984299361e-14 -15383725056.0 -9.799320496171032e-20
v 1.9966721348152018e-30 -347.4082336425781 -5.037421509405125e-23
v 1.1951985701759687e-29 -0.0026726278010755777 -5.016502866927943e-16
v 3.2288370682906318e-31 -22608002.0 -4.1268766007432375e-23
v 8.35655465181509e-14 -83834.5078125 -1.313503019148352e-26
v 1.557998792912213e-13 -0.3240528404712677 -3.4742418077718544e-19
v 4.4617311418821554e-14 -10355803136.0 -8.835489646424245e-20
v 1.1266752240767053e-30 -379.4707336425781 -4.540063010236278e-23
v 6.49544098332177e-30 -0.0028864892665296793 -4.3591878298040684e-16
v 1.8017754065477367e-31 -24957058.0 -3.050087776003798e-23
v 1.0487662442052598e-13 -102608.5078125 -1.0252087168802801e-26
v 1.9131660773837045e-13 -0.3866901695728302 -2.648715556443933e-19
v 5.725673028148665e-14 -13107266560.0 -1.2964571781089445e-21
v 1.8102487311660232e-26 -7282.28173828125 -5.251952903111749e-25
v 5.504080983548469e-26 -0.038573507219552994 -8.707976808168263e-18
v 5.611390256338628e-27 -692899904.0 -255697690296320.0
v -5.767296195091917e-32 -0.00031034834682941437 -267053583826944.0
v -5.072405978946985e-34 -0.0002823714166879654 -3.1033722565925274e+17
v 1.72497002631214e+25 -0.02641165256500244 -2.9000065859190784e+17
v 2.4715404126676627e+29 -0.02830326557159424 -337064820736.0
v -4.595452557850864e-19 -1.793705450836569e-06 -361869934592.0
v -4.20799783082153e-21 -1.6914345906116068e-06 -4627055241068544.0
v -8.52000296079652e-20 -4.930916475132108e-06 -3810787579658240.0
v -6.26987489704689e-11 -6.7458313424140215e-06 -3.217136388256301e+18
v -3.9613596988759373e-23 -0.00048741139471530914 -3.892817069850231e+18
v -4.548072866671865e-32 -0.0003646630793809891 -8506754203648.0
v -2.4765181478869636e-06 -3.831360118056182e-08 -6859097374720.0
v -1697.508056640625 -5.158312887942884e-08 -10966194454528.0
v -2.2935820205319487e-25 -0.0275040864944458 -1.8187163568963584e+16
v -1.825012735569107e-36 -3.3373565673828125 -9588246528.0
v -4.571517860443852e-13 -0.0001192544586956501 -2631973675728896.0
v -9.104555331873598e-09 -1.1533091310411692e-05 -2.2337241174025175e+18
v -6.335092776001641e-21 -0.0008700527250766754 -4341423931392.0
v -206329.03125 -8.502547643729486e-08 -12067316695040.0
v -4.0337816905773345e-26 -0.024726033210754395 -2.015968742919373e+16
v -3.027486722930161e-37 -2.9615631103515625 -10790701056.0
v -8.590742321071959e-14 -0.00010909931734204292 -3277112123326464.0
v -3.673463755404782e-09 -8.429691661149263e-06 -2.739262246545785e+18
v -2.5326852678663717e-21 -0.0006601698696613312 -5693550624768.0
v -94986.515625 -6.23335836280603e-08 -234682415316992.0
v -9.836357471751328e-27 -0.0003621000796556473 -2.7029627635079578e+17
v -1.9953147688056572e-38 -0.03235745429992676 -291170746368.0
v -7.656246784563253e-14 -2.0584702724590898e-06 -7.376122812274843e-05
v 5.416991684521448e-30 -6.6046554046883615e+22 -18.084110260009766
v 2.6978550793179847e-30 -1.9369378269974616e+26 -6.238886074427796e-10
v 1.0875968641830538e-29 -8.068093729073791e+18 -99572.515625
v -1.2755659690323795e+36 -7.3584595786583245e+19 -2564.70361328125
v 3.417474892499178e-35 -3.897826296172406e+22 -0.021136406809091568
v 2.3162679964346425e-34 -2.1847104728885887e+19 -1.3757402896881104
v 2.1783156601959995e-39 -5.881095711935693e+16 -89.52003479003906
v -8.466979452508645e+29 -152042916020224.0 -3746448.5
v -7.7347944994199135e+25 -1.410349062506414e+17 -3.4478040333851823e-07
v 1.5298179191898878e-33 -4339240087322624.0 -3.60312478733249e-05
v 2.19138192759675e-37 -16917407465472.0 -0.0037406240589916706
v -1.7538027758200147e+34 -65955692544.0 -0.4124317765235901
v -3.241834492862531e+26 -257139712.0 -5823.5322265625
v -7.680485247888801e+20 -420095197184.0 -141394976.0
v -4862075851505664.0 -270218941169664.0 -0.0002310509153176099
v 4.799534558579947e-19 -1.2814219246446745e+22 -51.30005645751953
v 1.8784695269589886e-19 -3.3358356418976414e+25 -2.2780146657908062e-09
v 1.2843205305143865e-18 -1.7424797768592916e+18 -0.0005056896479800344
v 6.544365615025452e-24 -4.0943307891085515e+21 -102.56495666503906
v 2.240832370914017e-24 -9.765633678567046e+24 -5.59137536271237e-09
v 2.119216446169262e-23 -5.743343311750431e+17 -0.0002409005828667432
v 4.5541469062221165e-20 -1.173220241437322e+22 -53.55884552001953
v 1.746188935974525e-20 -3.101665293928343e+25 -2.4461006553622155e-09
v 1.1620649420390624e-19 -1.618841893339136e+18 -0.00042375369230285287
v 2.844936356556532e-22 -5.477422544946027e+21 -0.0003348682657815516
v 5.1531550782399334e-21 -7.918589715762949e+21 -65.40089416503906
v 1.7658371412414304e-21 -1.946043185989105e+25 -85.77784729003906
v 9.452357296121419e-23 -1.4118179836246963e+25 -4.3419570161518095e-09
v 8.052636584688361e-22 -8.0197945197278e+17 -3.275332449703683e-09
v 1.3548651362534597e-20 -1.0808683773349069e+18 -9.794430721405168e+21
v 1.5545354597797305e+36 -13045312.0 -1.2705254428282535e+23
v 4151774281728.0 -14339.5625 -4.319572971583042e+26
v 1063.195556640625 -205205.0 -6.063076764484059e+25
v 2.485722080616871e+27 -219579392.0 -8.408211569159055e+24
v -1.830320229742342e-32 -234529751040.0 -8.220016483247787e+20
v -1.7422812093514896e-28 -11680153600.0 -7.94530378282854e+29
v 0.0004480351344682276 -1241288.0 -1.8720099202043758e+29
v 3.1402885255213624e+21 -1542496256.0 -4.394234736754041e+28
v -3.400430224412255e-35 -1857481080832.0 -1.0271111682492857e+28
v -8.787381631811211e-23 -2186696699412480.0 -1.1546971478391296e+24
v -2.666840957746045e-20 -250071249584128.0 -6.449071103510839e+19
v -1.0359595433235338e-16 -10242490368000.0 -3.539074258819843e+27
v 5.246093326128292e+23 -112.93408203125 -1.9226767529170122e+24
v 7.765913788735216e+34 -9.87603759765625 -3.742080572278362e+30
v 8796678211502080.0 -607.81640625 -2.343059094021474e+27
v 299710349312.0 -428.923828125 -1.1477796188114885e+24
v 2.435330956059813e+22 -35.039306640625 -2.74522935564381e+30
v 9159.064453125 -2319.703125 -3.445231392072257e+27
v 1.2655623367087777e+20 -121.56884765625 -1.8636471718811416e+24
v 1.8080813032886716e+31 -10.92681884765625 -3.6717501037964615e+30
v 2187824726016.0 -678.16015625 -2.559013208431008e+27
v 1.1601567807438848e+16 -300.541015625 -2.98228836102358e+27
v 6.429769176885232e+18 -200.3525390625 -1.5723730829572678e+24
v 7.202152902995036e+29 -16.2247314453125 -1.3060758855091967e+24
v 1.0722465140748856e+27 -25.7071533203125 -3.0068215601953017e+30
v 296110144.0 -1661.0078125 -3.3243531802720017e+30
v 134088245248.0 -1026.3828125 -1.1882257234631066e+19
v 7.985322673599869e-33 -1.587763422000905e+32 -1.153266531355643e+19
v 9.942156731812208e-34 -1.771851392256903e+32 -22549253586944.0
v 2.7788807676293805e-33 -2.4266044132789957e+30 -23408783917056.0
v 2.2497742299349605e-32 -2.2600241067426567e+30 -2.2485200402350177e+24
v 3.0353736349788037e-33 -3.100297343871316e+33 -2.2149838595090137e+24
v 3.81190823370338e-34 -3.45690330334802e+33 -3.3856695305618063e+18
v 3.2968052260398347e-16 -1.4920961856088928e+34 -4366321319936.0
v 5.425518136498099e-16 -1.7713066986396175e+32 -9.228031280885268e+23
v 2.0494218915679933e-16 -2.976355071864273e+35 -5.292321539220727e+19
v 1.0557008651689013e-36 -8.340089842903256e+29 -154246267797504.0
v 5.6192540152540195e-36 -1.330339868894963e+28 -6.925978789348345e+24
v 2.38429386671363e-37 -1.4345327755417262e+31 -3.95248976491289e+18
v 5.879121220411722e-16 -8.108250384761089e+33 -5727776145408.0
v 1.0373174165473212e-15 -1.0056097391265621e+32 -1.0316573648674869e+24
v 3.535736279801328e-16 -1.578637082764423e+35 -5.075360627172154e+19
v 6.705972319250282e-37 -9.667200250643412e+29 -143581864001536.0
v 3.6750047260931875e-36 -1.5322002576251157e+28 -6.717604368291722e+24
v 1.5698778084916527e-37 -1.6507390034029178e+31 -3.642304340577747e+18
v 1.0612240744506266e-15 -1.0806168007748095e+34 -4965285232640.0
v 1.7588268572821123e-15 -1.38394897393296e+32 -9.72074381509405e+23
v 6.72371471277793e-16 -2.3060214344635852e+35 -1.2529086731112153e+19
v 1.8812607828977967e-30 -1.3852116727730311e+32 -24997921816576.0
v 5.529754882765321e-30 -1.9519317794655077e+30 -2.3106486742752714e+24
v 7.258740622824829e-31 -2.5182772037787112e+33 -0.009863676503300667
v 2.7476403683803947e-30 -1.816956398494934e-27 -0.010917725041508675
v 2.8690492805547913e-31 -1.755721070727153e-27 -0.12350322306156158
v 5.377799411290615e-34 -3.555831945481235e-24 -0.11529399454593658
v 5.236616478614112e-33 -3.717390658870498e-24 -0.0017619805876165628
v 1.99733596374658e-28 -1.5224055853601245e-30 -0.0018961208406835794
v 2.152814422412328e-29 -1.5004981322427197e-30 -1.3025896549224854
v 5.219930727606375e-22 -4.633849557436396e-28 -0.8711739778518677
v 9.749827333291053e-18 -5.269375624205074e-28 -9.227846145629883
v 1.0641938690023258e-20 -7.355497345499824e-25 -13.591371536254883
v 5.49820372328554e-25 -6.517032866558515e-25 -0.2464762032032013
v 6.588205358240179e-20 -5.842700161016374e-31 -0.17517569661140442
v 1.1799171072834772e-15 -6.297339998513286e-31 -4.947954585077241e-05
v 2.2702961490199494e-29 -8.212486527981897e-27 -0.0006860980065539479
v 8.337961281018161e-32 -2.4998890068205323e-23 -7.817581717972644e-06
v 9.898049244915929e-28 -4.7400269329111426e-30 -0.4667683243751526
v 5.946214964861531e-17 -6.262354288652022e-28 -5.205353736877441
v 7.283533381152254e-20 -9.059468948251484e-25 -0.09439326822757721
v 6.756450630365177e-15 -7.007767406749127e-31 -5.586841871263459e-05
v 1.0988250357588314e-29 -7.832452786891675e-27 -0.0007856228621676564
v 3.9639744257256736e-32 -2.399601435484147e-23 -9.44367093325127e-06
v 4.806290102419538e-28 -4.604056278837404e-30 -0.6730386018753052
v 5.3908783270734405e-17 -5.71902634018105e-28 -7.070710182189941
v 6.267259280569604e-20 -7.948720746226025e-25 -0.12487269937992096
v 6.479003294426137e-15 -6.618970299225954e-31 -0.007913412526249886
v 9.364335538727338e-28 -1.9302072422007255e-27 -0.10010196268558502
v 1.8106754504360045e-30 -4.016274278640635e-24 -0.0015137570444494486
v 7.079278439093785e-26 -1.562922336565171e-30 -9.660508285355187e-34
v 1.3792803445411793e-27 -9.1649636977163e-19 -7.664638116867155e-32
v 7.123322492473378e-28 -6.377295067895583e-13 -4.6466746414746587e-35
v 2.464414179048074e-27 -3.723348136426727e-24 -6.687427315124319e-25
v 6.652201750218616e-29 -1.6252530437527797e-15 -7.319674902163546e-28
v 1.7011741606184885e-28 -2.095210025713102e-14 -1.1807926141919522e-29
v 1.045222403083369e-27 -6.678863707141137e-20 -1.2546489111638114e-26
v 6.378588494138167e-28 -9.510768394563425e-21 -1.3392513676042464e-23
v 3.765470856671524e-28 -1.334145493794196e-21 -6.020615711163564e-22
v 2.4618491412887038e-29 -1.316026752168432e-16 -7.075416166243469e-31
v 5.0254638189857216e-27 -5.473464552259743e-25 -8.454680307394359e-28
v 3.877868417115455e-27 -1.2938030053034457e-25 -1.07487682312041e-24
v 2.9807729453218024e-27 -3.048020795264367e-26 -1.3147843985558225e-21
v 2.4070245481932452e-27 -7.154032408401605e-27 -1.46680868408474e-20
v 2.322286808424615e-28 -1.8492738610922768e-22 -5.318077540977189e-19
v 9.992351983345675e-30 -1.0691938901694036e-17 -6.594853915899202e-33
v 9.001387366735928e-16 -5.489204149114277e-19 -5.1131342941559245e-31
v 3.8307747959889457e-16 -3.145140669170293e-13 -3.4613170435706328e-34
v 2.0070890377487955e-15 -2.5574367648438124e-24 -2.4417277554468367e-32
v 5.05103430018272e-20 -3.7491963848905394e-19 -1.825071776770299e-30
v 1.818112290236011e-20 -1.9232273380190984e-13 -1.3425616691038974e-33
v 1.2820392180837535e-19 -1.9069609950602914e-24 -7.426351599896855e-33
v 9.585237912855456e-17 -5.324826817787739e-19 -5.631209449196091e-31
v 3.946771855299584e-17 -3.0341183667077776e-13 -3.7258620472231886e-34
v 2.062161267094698e-16 -2.5114935057237407e-24 -1.8235493822816056e-32
v 1.4829232868659182e-18 -4.0546576414941214e-19 -1.1529297082006967e-32
v 1.7442635154175037e-17 -4.513925119689755e-19 -8.486913107287127e-31
v 6.490311376177884e-18 -2.486292692994302e-13 -1.316234878853019e-30
v 5.417074516687535e-19 -2.1295553482517798e-13 -9.491942395447271e-34
v 3.4270030739525995e-18 -2.077657873175635e-24 -6.210637158848206e-34
v 4.047229962843944e-17 -2.284856923097365e-24 -0.03004038706421852
v 1.683542332162934e-29 -4.693642207946339e-31 -0.018070820719003677
v 1.3894157498612008e-31 -6.052626524954583e-31 -8.286269803647883e-06
v 1.0267098267868028e-32 -2.6792696672755517e-30 -8.013159458641894e-06
v 4.6294932242728135e-29 -2.3912949923410503e-30 -9.161945854430087e-06
v 9.151977306903973e-33 -4.025506923543478e-30 -0.019728783518075943
v 1.210996396106952e-31 -8.426967597372593e-31 -0.034734971821308136
v 1.2748599979639626e-29 -8.987894693675376e-31 -9.582903658156283e-06
v 3.8121285558748707e-29 -4.888130945634521e-30 -7.404476797971754e-35
v 2.326067697794939e-27 -3.72082378153002e-24 -1.2159095455602367e-34
v 1.9977385432902678e-29 -2.615496927468079e-24 -2.6060996578351715e-31
v 1.0325469496973222e-31 -5.618741176565244e-25 -2.7508453302180247e-31
v 4.647038807178046e-28 -7.123004259513087e-25 -2.247455391003811e-31
v 1.0325469496973222e-31 -2.9865803020314703e-25 -1.032385490038107e-34
v 1.9977385432902678e-29 -1.3423573693678957e-24 -5.756727591706613e-35
v 2.326067697794939e-27 -1.1615883152146904e-24 -2.108968990940216e-31
v 4.647038807178046e-28 -2.2459345753375668e-25 -1.1866943460044601e-23
v 7.405779618858453e-29 -2399.015869140625 -1.660874376283922e-23
v 6.349701689074054e-31 -1425.1954345703125 -1.0987079800611009e-20
v 2.5503274035769617e-35 -17.704713821411133 -1.2389771324347805e-20
v 1.1465981135915039e-31 -22.631959915161133 -7.47755925670165e-21
v 2.5502539351800353e-35 -10.651185035705566 -1.1330164634808774e-23
v 6.349701689074054e-31 -808.7227172851562 -6.0178861577681906e-24
v 7.405779618858453e-29 -877.0664672851562 -6.4427296532101035e-21
v 1.1465680209361228e-31 -8.219300270080566 -0.005037457682192326
v 2.163216926756088e-30 -7.150373775287421e+23 -0.005538017489016056
v 1.8662057212842448e-32 -3.886752395048665e+23 -0.4164906144142151
v 3.664185289439748e-39 -5.592412743125445e+20 -0.4937611222267151
v 3.406821974944851e-35 -6.493515826411591e+20 -0.23635581135749817
v 3.664185289439748e-39 -4.063710885610804e+20 -0.0031356369145214558
v 1.8662057212842448e-32 -2.6342989968051237e+23 -0.0017882662359625101
v 2.163216926756088e-30 -3.6522942778718165e+23 -0.19849494099617004
v 3.406821974944851e-35 -3.462840623327032e+20 -3.86557113733881e+24
v 8.457880512711648e-32 -7.497678426550907e+34 -3.321982482974737e+24
v 7.158438253916216e-34 -4.0028763935611907e+34 -1.5016906360439596e+25
v -1.3967988882548078e+32 -1.8861022324794688e+31 -1.8538316017134455e+25
v 1.1334601613073217e-38 -1.9584908971692634e+31 -7.92269326513902e+24
v -1.3967988882548078e+32 -1.7016491666259471e+31 -1.71157221373748e+24
v 7.158438253916216e-34 -3.6069891111099146e+34 -1.1354756405143242e+24
v 8.457880512711648e-32 -6.076261808514993e+34 -6.192831392882833e+24
v 1.1334601613073217e-38 -1.628456082695781e+31 97.41847229003906
v -2.4282752954138624e+16 -520.0663452148438 -7.069086024028087e+37
v -2.431034382404813e+16 -505.5175476074219 -4.7985145099052306e+36
v -2.7155851569948262e+17 -467.2519226074219 -1.931672043265603e+33
v -1.0509958649019722e+27 -224.00096130371094 -1.5904516853937532e+35
v -4.3943655220960664e+20 -378.2831726074219 -1.2309249086683849e-06
v 6.873488806263736e-31 nan -1.27364933177887e-06
v 6.873488806263736e-31 -7.755974563190671e-38 -1.4294712400442222e-06
v 5.523598113553454e-31 -1.4041016890351787e-36 -3.193752945662709e-06
v 6.510584783003866e-32 -7.638504085649292e-33 -1.7918721368914703e-06
v 2.709257280481413e-31 -5.84209729496323e-35 -0.009178223088383675
v 4.3357035649830994e-27 -8.98960542418148e-37 -0.008010448887944221
v 5.763443195819978e-27 -6.291341892433458e-38 -0.01953137293457985
v 2.7568998633948163e-28 -2.3293245244299126e-33 -0.011893333867192268
v 1.6418294701288638e-27 -2.6132160643600286e-35 -0.007751495577394962
v 5.763541803433131e-27 -3945280045056.0 -6.1260989966869505e+35
v 2.656080921405244e+38 -3.1935165695172542e+19 -7.941832594993107e+35
v 2.5814061106935007e+22 -3.1612498614838886e+17 -3.0859285634366344e+37
v 1.0878465166111756e+22 -3.7483890707162726e+17 -2.739277844418703e+37
v 1.3227962408755019e+38 -3.5827401673127494e+19 -5.036554717042432e+33
v -9.283010978199968e-39 -2.288518224397153e+19 -9.474923470232527e+30
v -8.501995037030988e-38 -1.1192078392713282e+19 -1.797806400962603e+31
v 5.0262812031700285e+25 -1.1756473104413491e+17 -7.945991726901895e+33
v 3.054804597612334e+23 -2.3391999929771622e+17 97.41847229003906
v 1.0864576064860946e+22 -3.909533494883123e+17 97.41847229003906
v 1.3223240663799289e+38 -3.6898273222023184e+19 -3.0135002055070544e+36
v 9.214738098238077e-35 -3148048.0 -5.743752250887072e+37
v 3.719430003866653e-35 -3490832.0 -5.713168331416912e+32
v 4.865170813816068e-31 -1389960.0 -7.421112825473138e+34
v 1.572165286849253e-33 -2351184.0 97.40929412841797
v 3.7176656143967176e-35 -3584912.0 97.40870666503906
v 1.8524955387369406e-19 -3584912.0 -5.744011865729999e+37
v 1.8530916257658617e-19 -3490832.0 -3.0135002055070544e+36
v 4.675391292247989e-19 -3148048.0 -7.421112825473138e+34
v 8.220085830549786e-18 -2351184.0 -5.713198119349107e+32
v 2.482836951035435e-15 -1389960.0 97.40870666503906
v -7.941432197891225e+29 -4.189015781336227e+32 -1.3032099742754716e+37
v -7.942402360861465e+29 -3.958659898826003e+32 -1.2906269654277723e+35
v -1.0002992241878208e+30 -3.1824095971921056e+32 -1.5660729187689403e+29
v -7.62807167412365e+30 -8.935017924548125e+31 -3.548456861120924e+32
v -1.9694178336361412e+30 -2.206813811032083e+32 -1.3756583565897688e-19
v nan -6.959707158585285e-36 -1.3843968169809882e-21
v nan -9.074862306096139e-36 -1.1995219500753866e-21
v nan -1.7632487008815686e-37 1.7920484269017045e-21
v nan -3.041038016023123e-15 -1.9075719381071062e-19
v -1.7697039246847637e+38 -8.165277634399315e-34 -3.8740016542064816e-19
v -2.340379638261765e+37 -4.462289403179082e-31 -4.081542594677486e-21
v -4.865085815001516e+37 -8.169132785672271e-31 -1.934581986202248e-21
v -2.4799582119637428e+38 -1.2712795079990416e-33 -1.1488312881623713e-21
v nan -3934273929216.0 3.2063588494086735e-21
v nan -3934273929216.0 -1.2803296390060224e-32
v 6.232219962466433e-31 -3.4819798580146255e-35 -1.097107832468848e-32
v 6.873502912195946e-31 -3.337201709515232e-37 -4.6806310136253927e-32
v 2.202978446350618e-31 -2.5829227272426074e-29 -2.021408591412013e-32
v 4.308577059888157e-31 -1.174934888979693e-32 -1.0534358663470983e-32
v 6.873313892704334e-31 -3934341300224.0 -1.0534310174329012e-32
v 5.763443195819978e-27 -3945280045056.0 -1.0971029835546508e-32
v 5.763499432974354e-27 -3.3371443123301334e-37 -1.2803393368344167e-32
v 5.238160440555937e-27 -3.4819583340702134e-35 -2.021408591412013e-32
v 3.662312174763813e-27 -1.174934888979693e-32 -4.6806310136253927e-32
v 1.871042866902144e-27 -2.5829227272426074e-29 -5.586841871263459e-05
v 1.3959071180298994e-34 -7.832452786891675e-27 -9.44367093325127e-06
v 5.849942411099149e-33 -4.604056278837404e-30 -0.02450573816895485
v -5.589452583867957e+35 -8.572941227530206e-20 -0.0007856228621676564
v 4.951799548262453e-37 -2.399601435484147e-23 -0.26287275552749634
v 1.1857185655868696e-31 -7.18754021905654e-28 -0.05249715596437454
v 1.228497898914424e-29 -7.6696854545107156e-31 -66.77198791503906
v 1.7690622397945437e-38 -1.955261299567682e-21 -3.0144810676574707
v 1.5163071269128722e-34 -1.1501025004346725e-24 -1.3206357032799039e-17
v nan -5.431449708146114e-36 -1.910790192847699e-17
v -1.3807163123324579e+38 -5.660622433743496e-34 -1.140577674517321e-17
v 1.1686829192468974e-42 -3945280045056.0 -1.179302796638481e-17
v 8.099505123797443e-43 -1.4565756530028538e-37 -3.798286979645905e-17
v -1.1244327030650443e+37 -2.4200663920717766e-31 -1.4294712400442222e-06
v 4.657558814313272e-27 -1.4041246479092182e-36 -1.7918721368914703e-06
v 2.2857371840155147e-27 -5.84209729496323e-35 -1.27364933177887e-06
v 5.763389269781535e-27 -7.755974563190671e-38 -1.2309249086683849e-06
v 5.763389269781535e-27 -3945280045056.0 -3.1937379390001297e-06
v 5.49925510384962e-28 -7.638692164745424e-33 -1.59975969461592e-17
v -4.6784434224779573e+33 -2.5385821609050798e-23 -1.9044429981931536e-19
v -5.1688780040476425e+34 -9.077055142740712e-23 -1.7523100725074175e-20
v -3.4224747127550866e+36 -4.365383686170062e-27 -1.5656148783416193e-18
v -7.982194590104374e+35 -1.6719537107610023e-27 -4.578078613429117e-16
v -3.458050704514823e+30 -8.224193609471724e-19 -4.075755168477316e-14
v -2.084134174735949e+26 -3.0996255909188086e-14 -6.342482123877714e-16
v -2.0253894557007625e+28 -2.1954400103441074e-13 -6.257165557446138e-18
v -1.1121469556215275e+32 -4.202156921108186e-18 -4.6536493510635674e-30
v 1.6986272466310195e-32 -8.804883317524929e-20 -2.70630820025407e-31
v 7.353329596950187e-32 -6.661804619884675e-25 -6.71940009413196e-26
v 5.156336275595696e-34 -1.1918985798331505e-08 -2.933962158762001e-28
v 2.9885419400420437e-33 -2.8132988085937012e-14 -4.6536493510635674e-30
v 1.4329614528433445e-28 -8.804883317524929e-20 -2.70630820025407e-31
v 6.189754914950887e-28 -6.661804619884675e-25 -2.933962158762001e-28
v 2.500021072786459e-29 -2.8132988085937012e-14 -6.71940009413196e-26
v 4.353589465728036e-30 -1.1918985798331505e-08 -6.043005784594659e+27
v 1.9718590947614344e-31 -15.58819580078125 -5.351654684382746e+30
v -4.451000140533364e+37 -84.48485565185547 -2.1791029899752102e+21
v 0.00043697847286239266 -0.06114602088928223 -3.891617939970888e+24
v 8.191777693735478e-20 -1.4927444458007812 -1.6347623493151567e+23
v -5.32372667115279e-34 -2.66219252875264e+17 -5.67682480024941e+23
v 5.172047130548213e+34 -3267490859712512.0 -6.343726082223798e+27
v 2.2924259632335592e+29 -3.031697155162112e+16 -2.4325573836048196e+27
v -2.766785748669307e-36 -2.755376139206656e+18 -5.089103862812377e+18
v -7.64573217102514e-31 -8868007954612224.0 -134357868085248.0
v -1.3028928399731295e-26 -110192217817088.0 -985098128195584.0
v -1.221428115011813e-32 -1715310952448.0 -2.616324422079034e+19
v -2.3386057073750295e-37 -122557428662272.0 -5.533315605010198e+26
v 2.327035162109261e-20 -76632.5 -9.76623620936488e+29
v 6.210135683401376e-27 -461954.0 -5.233436974092858e+19
v 9432.564453125 -183.2431640625 -1.7934965820694274e+23
v 1.4549875193559103e-10 -5697.65625 -5.533315605010198e+26
v 0.00011482510308269411 -76632.5 -9.76623620936488e+29
v 3.1612275297465686e-11 -461954.0 -1.7934965820694274e+23
v 741380.125 -5697.65625 -5.233436974092858e+19
v 4.854008705486894e+19 -183.2431640625 -5.075360627172154e+19
v -1.2865516234905435e+33 -9.667199495064774e+29 -6.717604368291722e+24
v -7.121777167646502e+31 -1.6507388825103359e+31 -375851072.0
v -1.4106520460514256e+36 -6.577577670455503e+25 -143581864001536.0
v -3.8613434516337167e+34 -1.5322001395659536e+28 -4.958263997002317e+35
v -3.7036991702036096e-31 -3.224451232407709e+21 -3.503965141366503e+33
v -8.474635303891658e-31 -2.193586284901857e+21 97.40870666503906
v -2.917617885944326e-31 -3.8814723748455357e+21 -2.392497317979308e+37
v -2.9173178997859964e-31 -3.739951260155045e+21 -4.9802527253211085e+30
v -4.6289011512781914e-30 -1.0597915679124525e+21 -1.2906269654277723e+35
v -7.062595652954919e+37 -3.1824095971921056e+32 -3.548456861120924e+32
v -1.3915682127667957e+38 -2.206813811032083e+32 -1.3032250593176143e+37
v -5.679757192105631e+37 -3.958659898826003e+32 97.40870666503906
v -5.6785868970715e+37 -4.189015781336227e+32 -1.5660729187689403e+29
v nan -8.935017924548125e+31 -12067585130496.0
v -5.950412814399736e-36 -0.024726033210754395 -10790963200.0
v -1.275955535152028e-23 -0.00010909931734204292 -2.015968742919373e+16
v 3.978531251854848e+22 -2.9615631103515625 -15490626.0
v -1.0936897221203168e-10 -2.7498208510223776e-07 -1892680686632960.0
v -1.1037552683047485e-37 -1.8376042135059834e-05 -3141987205120.0
v -2.1723718661153167e-24 -1.2811597116524354e-07 -1.7419169643448238e+18
v 1.54011926597206e+17 -0.0014783218502998352 -7827129344.0
v -1.6908521804914756e-10 -5.483435927544633e-10 -378738.0625
v -8.51169347948922e-15 -1060999168.0 -26530.12890625
v -8.785187022297691e-10 -48381558784.0 -2.2136998176574707
v -0.0026512895710766315 -33481856.0 -44.29712677001953
v -7.972859350502404e-08 -1002500.0 -5671781376.0
v -3.697627392876312e-21 -517528879104.0 -18802431492096.0
v -1.401916365029955e-20 -7078690219360256.0 -530212928.0
v -1.28684654654486e-15 -28547708092416.0 -0.0003753994242288172
v -15327.564453125 -11979.0625 -0.00965196080505848
v -1.5200273990631104 -451.705078125 -0.011856378987431526
v 8.611822644951524e-39 -5.054643629081598e+19 -1.8028825365945522e-07
v 6.270679466317296e-38 -9337947170013184.0 -1558.539306640625
v -5.373281870030612e+37 -9.707195546263039e+22 -5.909190671504749e-12
v 3.63876674423179e-37 -756254048256.0 -0.011856378987431526
v 8.540151277659937e-35 -5.054643629081598e+19 -1.8028825365945522e-07
v 5.295279707862891e-34 -9337947170013184.0 -1558.539306640625
v 1.4116312490792558e-35 -9.707196446982965e+22 -375851072.0
v 2.3648676997338583e-36 -6.577578131624105e+25 -5.909190671504749e-12
v 3.0441663327229544e-33 -756254048256.0 -235361.03125
v -2.4949791439978496e+17 -2.3428660270510826e-15 -32300676.0
v -13040.064453125 -1.4289472383133273e-12 -3043.70361328125
v -2.964008434545878e+29 -2.5831460866601965e-18 -3.813540594421738e-09
v -281424544399360.0 -1.1864874977618456e-05 -1.7351069914184336e-07
v -273020911616.0 -8.247625373769552e-07 -0.00014299250324256718
v -8789.814453125 -0.0052273571491241455 -4.149770575168077e-06
v -29443716.0 -0.10097742080688477 -8.128666142970253e-12
v -7.149240635844177e+20 -7.820126768365299e-10 -2.6191414488618836e-12
v -2.02062896394841e+24 -4.440919203554938e-15 -4.324097191421572e-10
v -2.152377849133138e+18 -7.76485542530736e-11 -0.24166205525398254
v -0.00014272800763137639 -17.0665283203125 -181.44241333007812
v -2004727793451008.0 -3.701709078152149e-13 -39730.2578125
v -936.7852783203125 -4.0599168471544544e-10 -1.5191729068756104
v -2.6790106805830384e+26 -2.088147973218664e-16 -181.44241333007812
v -1.4073772254250862e+23 -3.701709078152149e-13 -39730.2578125
v -65688313856.0 -4.0599168471544544e-10 -1.5191729068756104
v -1.8831348283082998e+34 -2.088147973218664e-16 -0.02450573816895485
v 1.4159255988486218e-36 -8.57294187376506e-20 -15490626.0
v -0.007660300470888615 -2.7498208510223776e-07 -8.835655082546755e-20
v 1.3682481606942208e-35 -379.4707336425781 -4.3592555924398487e-16
v 2.3106388392525645e-36 -24957058.0 -4.540143789592973e-23
v 8.366618924119797e-35 -0.0028864892665296793 -9.266055978063292e-11
v -2.919709834288824e+17 -0.00016854051500558853 -1.56570096514555e-13
v -2.35095718797693e+23 -7.634810117451707e-09 -1.197195445001853e-07
v -98761719808.0 -1.8930740356445312 -8.835489646424245e-20
v 1.1613435147282186e-31 -379.4707336425781 -4.540063010236278e-23
v 7.0159530792105135e-31 -0.0028864892665296793 -4.3591878298040684e-16
v 1.943468613975092e-32 -24957058.0 -5327905.0
v -8.182513270874885e-20 -25911936.0 -57240985600.0
v -1.1205425572762394e-26 -9816309760.0 -850.8165283203125
v -2.3973743996930086e-12 -29959.125 -12067585130496.0
v -4.279232410118749e-28 -0.024726033210754395 -2.015968742919373e+16
v 2.071220603259881e+38 -2.9615631103515625 -10790963200.0
v -8.973198110251305e-16 -0.00010909931734204292 -4.855673932559737e+22
v -5.305509440339181e-27 -2.2938099539593134e+19 -1.0311353361068196e+18
v -2.7027893170114415e-24 -6.897236441038848e+17 -1.0206027142182232e+27
v -7.343687637451409e-29 -2.519144746565029e+20 -5.075360627172154e+19
v 7.204675160836616e-38 -9.667200250643412e+29 -143581864001536.0
v 3.7065528198334073e-37 -1.5322002576251157e+28 -6.717604368291722e+24
v 1.6678997010580065e-38 -1.6507390034029178e+31 -1.3757511246886714e-15
v -4.413529360573548e+32 -7.422057780200686e-24 -3.576328279743593e-14
v -1.0753941071037546e+29 -1.714753681628552e-19 -1.4622586525313123e-16
v -1.85250695379634e+35 -6.942130040340455e-28 -5.586841871263459e-05
v 1.1759308824044089e-30 -7.832452786891675e-27 -0.0007856228621676564
v 4.183091421633145e-33 -2.399601435484147e-23 -9.44367093325127e-06
v 4.8959648913782315e-29 -4.604056278837404e-30 -37611.2578125
v -1.8730743880961302e+21 -3.332109029885802e-16 -25216.62890625
v -1.073986637135872e+17 -4.719701463418852e-16 -37.39185333251953
v -9.887162599705936e+18 -3.814331663021253e-14 -36.08032989501953
v -2.4623012826841504e+26 -3.639037855773797e-14 -47.79322052001953
v -4.341769657703727e+18 -5.197773635112757e-14 -30136.12890625
v -4.689115585760461e+16 -6.717750542038076e-16 -55128.2578125
v -4.305734681429415e+20 -5.775849904691294e-16 -54.72193145751953
v -5.661439495115996e+25 -6.541338651300244e-14 -4.7478294829452783e+30
v 1.3309782245283762e-38 -121.02001953125 -4.874563594467119e+30
v -1.0642677856540886e+23 -222.14939880371094 -1.0776511338300433e+30
v 8.704736503211787e-27 -470370.0 -9.319417226435312e+29
v 3.2025636483024034e-12 -458210.0 -1.620202685678981e+30
v 8.704736503211787e-27 -500498.0 -7.38651862395809e+30
v -1.0642677856540886e+23 -235.74314880371094 -9.241881257837054e+30
v 1.3310499710097497e-38 -138.2275390625 -1.9071339754095955e+30
v 3.202674670604866e-12 -512130.0 -7480562793054208.0
v 1.776992928312582e+36 -7.884437218308449e-05 -5753779781632000.0
v 4.708483315705819e+27 -0.00012449268251657486 -80728758943744.0
v -1.8635882290040385e-38 -0.09314775466918945 -81132485869568.0
v -4.491299663361896e-31 -0.09338998794555664 -114686917869568.0
v nan -0.11329889297485352 -7760525941276672.0
v 4.1473954896176145e+26 -0.00016093719750642776 -1.3097178499121152e+16
v 2.038834013281332e+34 -0.00011121528223156929 -143195316944896.0
v -4.811834991086773e-32 -0.1337289810180664 -2.3008522056761344e+16
v 1.4441781973331565e-41 -32563502514176.0 -2.033725855707955e+16
v -4.1728837059496745e+30 -17702913572864.0 -1854507017306112.0
v -4.17296107720213e+30 -37385807069184.0 -2777109210595328.0
v 1.4441781973331565e-41 -62664915025920.0 -2.2759124472797594e+17
v 1.515924678706587e-41 -50128979230720.0 -2.7312422025743565e+17
v -4.172806334697219e+30 -29238658859008.0 -1.5216627950687355e+18
v 1.515924678706587e-41 -190547297828864.0 -2.3565266469634703e+18
v -4.173038448454585e+30 -130988441075712.0 -4.18414367074576e+18
v 1.515924678706587e-41 -1310489011290112.0 -8.010814121068986e+18
v -4.173038448454585e+30 -1205141919236096.0 -3.799367377582293e+18
v 1.5876711600800177e-41 -1.027115659034624e+16 -7.199040288235454e+18
v -4.173270562211951e+30 -1.3323399795310592e+16 -1.0362018856876114e+18
v 1.5876711600800177e-41 -5.342444535991501e+16 -1.6764036635154186e+18
v -4.173425304716862e+30 -8.43968546907095e+16 -1.2312827706055066e+17
v 1.5876711600800177e-41 -1.0960646588229222e+17 -1.3787932505879347e+17
v -4.173425304716862e+30 -1.973590214710395e+17 -1.1038068098203648e+16
v 1.5876711600800177e-41 -6.974009840448307e+16 -8599865630130176.0
v -4.1733479334644066e+30 -1.223805833838592e+17 -1518228257898496.0
v 1.515924678706587e-41 -1.6992746048847872e+16 -902875274280960.0
v -4.173270562211951e+30 -2.4169599893241856e+16 -534390635495424.0
v 1.4441781973331565e-41 -2216142995193856.0 -274088740257792.0
v -4.1731158197070405e+30 -2241500347891712.0 -701819265220608.0
v 1.4441781973331565e-41 -282507916345344.0 -383147657134080.0
v -4.17296107720213e+30 -224816825106432.0 -1.7396543841632256e+16
v -37.24634552001953 -8119131832320.0 -1041190401081344.0
v -37.24634552001953 -18864702226432.0 -3.8314248760406835e+17
v -37.24634552001953 -14196543586304.0 -4.570256970048602e+18
v -37.24927520751953 -83090965790720.0 -1.8470533107288113e+19
v -37.24927520751953 -1088864336740352.0 -1.6776544129675952e+19
v -37.25318145751953 -1.7449317178540032e+16 -3.14486768798584e+18
v -37.25415802001953 -1.6047700342892134e+17 -1.7308185626935296e+17
v -37.25415802001953 -4.425599928898683e+17 -6644659078037504.0
v -37.25318145751953 -2.516924880692183e+17 -443612206727168.0
v -37.25122833251953 -3.535932972911821e+16 -115256001036288.0
v -37.25025177001953 -2282877928603648.0 -161552007168000.0
v -37.24829864501953 -145222491176960.0 -1.6942720417267712e+16
v -5.763400247582218e-28 -6788228841472.0 -924865506836480.0
v -5.763400247582218e-28 -15951037726720.0 -4.1579358490250445e+17
v -5.763400247582218e-28 -11791093465088.0 -5.679919838928044e+18
v -5.763770026131541e-28 -70538923868160.0 -2.4542511304890384e+19
v -5.763770026131541e-28 -1068042335289344.0 -2.1170441083896726e+19
v -5.764263064197304e-28 -1.901179084734464e+16 -3.695643848664416e+18
v -5.764386323713745e-28 -1.9580651105261978e+17 -1.8406817645409075e+17
v -5.764386323713745e-28 -5.3026583641430426e+17 -6134623121702912.0
v -5.764263064197304e-28 -2.9396759346570854e+17 -367883343364096.0
v -5.764016545164422e-28 -4.049968188044083e+16 -91171971923968.0
v -5.7638932856479815e-28 -2292910972207104.0 -128909702070272.0
v -5.7636467666151e-28 -132500269563904.0 -1.6942995295174656e+16
v -3.417206435102499e-41 -6788363059200.0 -924865506836480.0
v -3.453079675789214e-41 -15951037726720.0 -4.1579358490250445e+17
v -3.7041923605962214e-41 -11791093465088.0 -5.679919838928044e+18
v -3.524826157162645e-41 -70538923868160.0 -2.4542511304890384e+19
v -3.740065601282937e-41 -1068042335289344.0 -2.1170441083896726e+19
v -3.7041923605962214e-41 -1.901179084734464e+16 -3.695643848664416e+18
v -3.740065601282937e-41 -1.9580651105261978e+17 -1.8406817645409075e+17
v -3.740065601282937e-41 -5.3026583641430426e+17 -6134623121702912.0
v -3.9553050454032287e-41 -2.9396759346570854e+17 -367883343364096.0
v -3.8118120826563674e-41 -4.050078139206861e+16 -91174119407616.0
v -3.5965726385360755e-41 -2292910972207104.0 -128911849553920.0
v -3.7041923605962214e-41 -132500269563904.0 -1.5216627950687355e+18
v 79582002675712.0 -190551592796160.0 -2.2759124472797594e+17
v 497428146946048.0 -50128979230720.0 -4.18414367074576e+18
v 3662628387815424.0 -1310489011290112.0 -3.7992970088381153e+18
v 4.456791218352816e+19 -1.027115659034624e+16 -1.0362018856876114e+18
v 7.354238399763586e+24 -5.342444535991501e+16 -1.2312827706055066e+17
v 1.0782713505544374e+29 -1.0960646588229222e+17 -2777109210595328.0
v 1.6490585759722816e+23 -62664915025920.0 -701819265220608.0
v 2.602232306482231e+27 -282499326410752.0 -2.3008522056761344e+16
v 4.178693941362688e+19 -32563502514176.0 -2.0336708801265664e+16
v -4.2203638495722244e-32 -17702915670016.0 -1.907117091769549e+16
v 1.864367457261623e+37 -14059910987776.0 -1537675869814784.0
v -1.8173457720448896e-37 -30169058246656.0 -1854472657567744.0
v -1.237857918444146e-29 -37385811263488.0 -2.7311982221092454e+17
v -1.0979193000964496e-34 -29239197827072.0 -3.0198973338117734e+17
v 1.0008561460897718e+32 -22758092177408.0 -2.3564562782192927e+18
v -5.831371482983828e-35 -130988449464320.0 -3.136071594963632e+18
v 3.5525324885580747e+31 -114190832369664.0 -8.010814121068986e+18
v -1.893686501686165e-33 -1205142053453824.0 -1.0900753990841008e+19
v 1.4541301739260612e+34 -1152365495320576.0 -7.199040288235454e+18
v -1.68914927094517e-30 -1.3323125991145472e+16 -9.249058827502879e+18
v -1.345255774321689e-38 -1.4782452799111168e+16 -1.6763684791433298e+18
v -6.481726472298975e-27 -8.43968632806441e+16 -2.04386924561118e+18
v -2.3524675401186442e-35 -1.0829804704523878e+17 -1.3787932505879347e+17
v -4.5254875428348716e-24 -1.9735903865090867e+17 -1.460866467841966e+17
v -8.942457193813409e-33 -2.564160072020132e+17 -8599590752223232.0
v -1.8275928079731825e-22 -1.223805919737938e+17 -7912395984863232.0
v -3.299915920300673e-31 -1.537348153072681e+17 -902875274280960.0
v -4.186972276938464e-22 -2.4169602040725504e+16 -699843580264448.0
v -8.365338779547682e-31 -2.811300049374413e+16 -274088740257792.0
v -6.270826518418256e-24 -2241500482109440.0 -209354993172480.0
v -2.2761053033933797e-32 -2251816993554432.0 -383147657134080.0
v -1.2874063602531139e-26 -224816841883648.0 -272224724451328.0
v -1.0264492435664545e-34 -196976863870976.0 -1.9883160254808064e+16
v 2.1862277633987038e+23 -16366039990272.0 -1741222959906816.0
v 4.699718603513613e+27 -34101637677056.0 -2.809703352332452e+17
v 1.3475705219731948e+18 -26924210454528.0 -2.6350461364186644e+18
v 4.165148645303255e+17 -124992675119104.0 -8.743634222935179e+18
v 1.057766249901903e+20 -1186450355781632.0 -7.92637162805579e+18
v 1.3737440191487102e+25 -1.3845394014339072e+16 -1.8074654495463178e+18
v 2.3091455130998387e+31 -9.293567058195251e+16 -1.4044998324453376e+17
v 1.9558837810167898e+36 -2.1844767167165235e+17 -8354262220275712.0
v -9.840481138471524e-39 -1.3186058122847846e+17 -830410586062848.0
v -3.1624599031178046e-38 -2.5579175947534336e+16 -250977521238016.0
v 2.0447348693849766e+37 -2245348772806656.0 -340215164043264.0
v 8.199769744440408e+32 -214886877495296.0 -1.1038068098203648e+16
v 6.698030292199116e+31 -6.974009840448307e+16 -1518228257898496.0
v 1.0252967575997568e+33 -1.6992746048847872e+16 -534390635495424.0
v 6.61806734457169e+30 -2216142995193856.0 -2.33915568392893e-14
v 3.6798097673169696e-42 -2.9145477272734415e-18 -3.235802061409346e-14
v -4.168164059549899e+30 -1.7155923393721041e-18 -3.4276107241393034e-15
v -4.1682414308023544e+30 -5.476762318725713e-19 -3.2614025310972756e-15
v 4.397274581051276e-42 -1.0281193269544092e-18 -8.9541668892891e-14
v 5.114739394785582e-42 -1.97156447594095e-17 -1.5210838773434265e-13
v -4.1684735445597204e+30 -1.5331400570060018e-17 -1.3062210276089392e-13
v 4.397274581051276e-42 -1.9125749839117925e-16 -2.2665639439096996e-13
v -4.168628287064631e+30 -2.0772041751912403e-16 -6.928877231086178e-14
v 5.114739394785582e-42 -1.5691183703932243e-15 -1.1012763238230777e-13
v -4.1687056583170864e+30 -2.4030390358657913e-15 -1.4184672926802373e-14
v 5.114739394785582e-42 -6.228768585983535e-15 -1.9931650866453557e-14
v -4.168860400821997e+30 -1.1643517333832006e-14 -1.8325866980872536e-15
v 5.114739394785582e-42 -7.825825491108995e-15 -1.792525427813914e-15
v -4.168860400821997e+30 -1.4955157812547408e-14 -2.4722694738646086e-16
v 4.397274581051276e-42 -2.9335935807298097e-15 -1.8410517865434354e-16
v -4.1687830295695417e+30 -4.959926360007276e-15 -5.907929075645637e-17
v 5.114739394785582e-42 -3.9400753981070485e-16 -3.6126173576077623e-17
v -4.168628287064631e+30 -4.842215779514122e-16 -4.104743499962511e-17
v 4.397274581051276e-42 -3.583648169067175e-17 -2.2628170857265863e-17
v -4.168396173307265e+30 -3.0154581371767455e-17 -8.4219228630964e-17
v 4.397274581051276e-42 -4.171663735007031e-18 -5.075782070694841e-17
v -4.168396173307265e+30 -2.681666399542559e-18 -4.129269206601361e-16
v 4.397274581051276e-42 -1.1728825515960894e-18 -3.376832898896421e-16
v -4.1682414308023544e+30 -6.240018413540643e-19 -5.170539154166279e-14
v -37.18775177001953 -8.828795428823218e-19 -3.7863871990583865e-15
v -37.18872833251953 -2.1669566496520704e-19 -3.151385944734353e-13
v -37.19068145751953 -1.1592333270264132e-17 -5.247227348806338e-13
v -37.19361114501953 -2.3725898425383345e-16 -2.1914504173999039e-13
v -37.19654083251953 -4.087035190939196e-15 -2.796819104978511e-14
v -37.19654083251953 -2.6318897622802477e-14 -1.7640581327643548e-15
v -37.19751739501953 -3.8711435180463147e-14 -1.1514314422068743e-16
v -37.19556427001953 -1.011739435584141e-14 -1.739604834207605e-17
v -37.19361114501953 -6.770062767464909e-16 -1.0162332378603897e-17
v -37.19068145751953 -2.4964706279183176e-17 -2.6179780005103145e-17
v -37.18872833251953 -1.4190513984942939e-18 -2.359715735833457e-16
v -37.18775177001953 -2.5609674615824833e-19 -5.677425353846702e-14
v -5.756004676595771e-28 -7.6687247675422325e-19 -3.91779250236363e-15
v -5.756004676595771e-28 -1.8100116717231879e-19 -3.7732496164025187e-13
v -5.756374455145094e-28 -1.0806286695212141e-17 -6.62334878782922e-13
v -5.756744233694416e-28 -2.4844659542116825e-16 -2.6978598391749764e-13
v -5.757114012243738e-28 -4.8210400617118825e-15 -3.174826531228761e-14
v -5.757114012243738e-28 -3.319588188859489e-14 -1.7601007948347827e-15
v -5.757237271760179e-28 -4.8438029710265104e-14 -1.041312791550181e-16
v -5.756990752727298e-28 -1.2029059626367852e-14 -1.3739352514858807e-17
v -5.756744233694416e-28 -7.273132575498183e-16 -8.051102757572553e-18
v -5.756374455145094e-28 -2.3906762128062554e-17 -2.2777672172456247e-17
v -5.756004676595771e-28 -1.2118724335518124e-18 -2.1589940736248096e-16
v -5.756004676595771e-28 -2.0082372337153954e-19 -5.677425353846702e-14
v -1.26481199389958e-41 -7.6687247675422325e-19 -3.91779250236363e-15
v -1.3006852345862952e-41 -1.81004475894769e-19 -3.7732496164025187e-13
v -1.6594176414534484e-41 -1.0806286695212141e-17 -6.62334878782922e-13
v -1.4800514380198718e-41 -2.4844659542116825e-16 -2.6979292281140155e-13
v -1.8029106042003096e-41 -4.8210400617118825e-15 -3.174826531228761e-14
v -1.623544400766733e-41 -3.319588188859489e-14 -1.7601007948347827e-15
v -1.6594176414534484e-41 -4.8438029710265104e-14 -1.041312791550181e-16
v -1.5876711600800177e-41 -1.2029059626367852e-14 -1.3739352514858807e-17
v -1.7670373635135943e-41 -7.273132575498183e-16 -8.05089099933574e-18
v -1.5876711600800177e-41 -2.3907185644536182e-17 -2.2777672172456247e-17
v -1.3006852345862952e-41 -1.2118724335518124e-18 -2.1589940736248096e-16
v -1.4800514380198718e-41 -2.0082703209398975e-19 -4.129201443965581e-16
v -7291278458880.0 -1.1728560818164877e-18 -8.4219228630964e-17
v -13159580565504.0 -4.171663735007031e-18 -1.3062210276089392e-13
v -43865350144.0 -1.9125749839117925e-16 -8.9541668892891e-14
v -112758112256.0 -1.97156447594095e-17 -6.928877231086178e-14
v -33897975808.0 -1.5691183703932243e-15 -1.4184672926802373e-14
v -62237450240.0 -6.228768585983535e-15 -1.8325866980872536e-15
v -215353425920.0 -7.825825491108995e-15 -2.4722694738646086e-16
v -972680200192.0 -2.9335935807298097e-15 -5.907929075645637e-17
v -4020576452608.0 -3.9400753981070485e-16 -4.104743499962511e-17
v -10489184649216.0 -3.583648169067175e-17 -3.2614025310972756e-15
v -2091624169472.0 -1.0281457967340109e-18 -2.33915568392893e-14
v -467281182720.0 -2.9145477272734415e-18 -3.235802061409346e-14
v -7.064026516790988e+28 -1.715565972990079e-18 -3.914252412863875e-14
v -3.837517805432353e+21 -1.4223337545624809e-18 -3.51087745098619e-15
v -2.458850554753793e+22 -3.9422269941419725e-19 -3.4276107241393034e-15
v -9.585574334881669e+29 -5.476630486815588e-19 -1.5210144884043875e-13
v -1.411489132595757e+28 -1.5330978707947616e-17 -1.9398461244442278e-13
v -6.628624518920148e+20 -1.3545592073813161e-17 -2.26652924944018e-13
v -4.612902618092537e+27 -2.0771704262222482e-16 -3.1867743036442797e-13
v -2.162279863935912e+20 -2.1551991013233143e-16 -1.1012763238230777e-13
v -8.530068426996855e+27 -2.403039247624028e-15 -1.4609236671965509e-13
v -1.6179748129719137e+20 -2.9028564491398456e-15 -1.9931217185584563e-14
v -5.075343543524923e+28 -1.1643518180864953e-14 -2.274233657840498e-14
v -3.290983613390295e+20 -1.5142943322887792e-14 -1.792525427813914e-15
v -7.068880920640719e+29 -1.4955159506613303e-14 -1.776309617313441e-15
v -1.4737672307349526e+21 -2.1491163883224917e-14 -1.8410517865434354e-16
v -1.0332855812009342e+31 -4.959818363306501e-15 -1.5980210933172316e-16
v -9.089526181829232e+21 -6.24112849074987e-15 -3.6126173576077623e-17
v -6.899690724598705e+31 -4.842080783638153e-16 -2.6828183726226312e-17
v -5.391205971449618e+22 -5.519707141441593e-16 -2.2627747340792236e-17
v -1.5731063086498317e+32 -3.0154584680489906e-17 -1.6940768132926864e-17
v -1.6392356847530313e+23 -2.7564252048667848e-17 -5.075782070694841e-17
v -7.727501228868839e+31 -2.6816666063377123e-18 -4.155057257029416e-17
v -2.196696290660534e+23 -2.128659970899061e-18 -3.376832898896421e-16
v -1.1371178019959955e+31 -6.240018930528526e-19 -3.0170810655385746e-16
v -1.0842363861138792e+23 -4.3304724864498615e-19 -3.477969458655708e-14
v -241378269331456.0 -1.6107985853265627e-18 -3.457101023230909e-15
v -1454971979563008.0 -4.787489774885409e-19 -1.6706170409726273e-13
v -45937099538432.0 -1.4575001802523153e-17 -2.5905845394205707e-13
v -15035675967488.0 -2.10512251348164e-16 -1.2067866779659486e-13
v -11911355695104.0 -2.5817157656496392e-15 -2.0933453673830163e-14
v -23486093328384.0 -1.2727286672481464e-14 -1.7864538956479954e-15
v -97762599239680.0 -1.7288362581802108e-14 -1.7541800874730344e-16
v -553494650028032.0 -5.4171348396608865e-15 -3.2474614540464335e-17
v -3098097886429184.0 -5.084128918645542e-16 -2.0596562333276424e-17
v -8881615484747776.0 -2.9163556132202374e-17 -4.7467944739812705e-17
v -1.1956160307396608e+16 -2.4843608691866637e-18 -3.2480838909137674e-16
v -6064116938571776.0 -5.556039825620678e-19 -1.2077226161728461e+35
v -2.1975162517541781e-41 -1.3836439847946167 -1.9344130842977447e+31
v -4.672769859137535e-41 -3.006871888695569e+38 97.40870666503906
v -6.644294786060999e-16 9.563156027070363e-07 9.563012781654834e-07
v -6.635217239844393e-16 -4.011078357696533 -1132404992.0
v -6.630473325944177e-16 -1.7086485831351202e-14 -1.8792125839494798e-21
v -6.639824569681864e-16 -48264646656.0 -2.1989062660994322e-16
v -3.7041923605962214e-41 -1.8361979475329024e+16 -409651445760.0
v -1.26481199389958e-41 -1.0984157160220942e-11 -4.5643189117167743e+27
v -1.9822768076338862e-41 -0.046510931104421616 -3.039064312564941e+16
v -4.565150137077389e-41 -3.284343065554911e+35 -6.387601628415471e+23
v -4.63689661845082e-41 -2.299035213935321e+37 -2.085759233010792e+31
v -2.1257697703807475e-41 -0.3851260840892792 -73012.515625
v -5.4734718016527355e-42 -9.07194746401691e-21 -7.75076212107337e-30
v -2.843234584115054e-41 -0.013105927966535091 -5.913026476815042e-26
v -3.1660937502954917e-41 -40172.24609375 -6592929.0
v -7.984598649722808e-42 -1.5445750017939348e-17 -3.2327427864074707
v nan -3.7223678787859323e-35 -1.449072932869043e-38
v -1.4800514380198718e-41 -2.154408195268992e-31 -1.804574898360419e-37
v -1.8029106042003096e-41 -6.429253848444244e-24 -11.675844192504883
v nan -1.9441434065071816e-31 -1.2317071450065194e-35
v -2.1975162517541781e-41 -1.4575826336157746e-16 -96.74464416503906
v -1.1686829192468974e-42 -4.108502393954409e-15 -3.0126845836639404
v nan -3934273667072.0 -1.0493640365677965e-38
v -1.0854457904660033e-41 -3934273667072.0 -1785.25
v -3.3210773604498165e-42 -3.2814213547889956e-24 -4.5816310263359335e-33
v -2.520375417934616e-41 -1.8318714323228846e-09 -9.285595903296695e-11
v -6.641450872940592e-16 -2.235325786985815e+21 -252991860899840.0
v -6.631964103931344e-16 -3.6285856541695694e-09 -0.0001082723174476996
v -6.642399549841517e-16 -7.180919479391738e+25 -2.7194114574594867e+17
v -1.623544400766733e-41 -6.809750061620434e-07 -338.51763916015625
v -4.314037452270382e-41 -5.615049019541965e+29 -4.902911992018743e+20
v -1.7670373635135943e-41 -5.755317033617757e-05 -1.228820921328501e+24
v -1.9105303262604556e-41 -0.002454235916957259 -2218213888.0
v -4.421657174330528e-41 -9.820775628344683e+32 97.40870666503906
v nan -3934273667072.0 -3.785400390625
v -6.644296903643367e-16 9.563156027070363e-07 -1.1787323311838029e-38
f 32769 320 49267
f 32897 33347 42560
f 13697 16964 13
f 9940 53694 39666
f 29638 33344 45403
f 2561 2049 1
f 2305 1 1
f 9933 59582 39658
f 29640 2368 45405
f 17095 18000 17149
f 62195 62195 62195
f 63326 702 39771
f 29175 36672 39902
f 62195 65523 65536
f 62195 62195 2035
f 63348 59838 39682
f 29189 17728 39911
f 62195 26099 17095
f 62195 62195 50931
f 40122 8894 39655
f 29496 15936 42981
f 62195 62195 62195
f 62195 62195 2035
f 40143 33726 39707
f 29487 35648 42971
f 62195 2035 2561
f 1 1 62977
f 16388 13501 39651
f 29693 31296 47334
f 1 2305 17095
f 17149 62195 50931
f 16435 7357 39662
f 29691 19776 47332
f 1 2817 2305
f 17149 62195 9715
f 16549 51261 38403
f 29888 26816 46529
f 1 2817 1
f 17149 62195 64755
f 16561 10301 38403
f 29888 18880 46529
f 17149 3571 17149
f 2309 65536 49920
f 10649 42814 38414
f 29832 24768 44556
f 1 3841 17149
f 17149 243 18177
f 10714 36670 38399
f 29834 7872 44554
f 1 3073 17149
f 17149 243 43521
f 64687 26430 38510
f 29352 11456 38920
f 243 4353 243
f 17149 243 33025
f 64564 56638 38420
f 29368 7872 38948
f 17149 5107 17149
f 17149 243 5377
f 41021 34878 38401
f 29683 12736 42062
f 17149 3827 17149
f 17149 243 45057
f 40943 24126 38448
f 29676 20672 42066
f 243 4865 1
f 17149 243 42753
f 42560 54466 42560
f 13697 24376 5509
f 243 5377 243
f 2561 2049 5121
f 31166 59962 32765
f 7929 62525 8175
f 2561 6145 2561
f 2561 2049 40961
f 14570 41787 32766
f 2727 26173 8014
f 2561 28417 29551
f 2561 2049 33281
f 14545 41787 32766
f 2727 17213 8014
f 2561 28417 29551
f 2561 2049 10497
f 16071 12858 32767
f 62169 30524 7546
f 2561 5633 2561
f 2561 2049 64513
f 34445 30780 32729
f 3394 31038 16352
f 2561 7425 2561
f 2561 2049 51713
f 56059 27964 32738
f 62500 3389 15990
f 2561 7937 2561
f 2561 2049 12033
f 56055 27964 32738
f 62500 60733 15989
f 2561 7937 2561
f 2561 2049 65025
f 23904 60220 32745
f 55198 35901 13839
f 2561 8449 2561
f 2561 2049 49921
f 10504 59196 32758
f 36417 41533 11080
f 2561 8449 2561
f 2561 2049 15873
f 44145 55867 32755
f 41924 6461 11350
f 2561 6657 2561
f 2561 2049 64513
f 44159 55867 32755
f 41924 15677 11350
f 2561 6657 2561
f 2561 2049 51457
f 18569 47164 32751
f 47720 26685 12741
f 2561 7425 29551
f 2561 2049 5377
f 47808 8764 32751
f 47490 31037 13605
f 2561 8961 2561
f 2561 2049 46337
f 14338 47164 32755
f 41798 18749 11871
f 2561 9473 2561
f 2561 2049 32769
f 4191 11580 32763
f 22385 54333 9780
f 2561 9473 2561
f 2561 2049 9985
f 35695 23611 32761
f 31107 65085 9972
f 2561 9985 2561
f 2561 2049 47617
f 35683 23611 32761
f 31108 57405 9972
f 2561 9985 2561
f 2561 2049 35073
f 10498 59196 32758
f 36417 33853 11080
f 2561 8449 2561
f 2561 2049 7425
f 23898 60220 32745
f 55198 28477 13839
f 2561 8449 2561
f 2561 2049 47361
f 47809 8764 32751
f 47490 32317 13605
f 2561 8961 2561
f 2561 2049 34305
f 16071 12858 32767
f 62169 30524 7546
f 2561 5633 2561
f 2561 2049 8193
f 7378 41019 32767
f 54079 25404 7430
f 2561 9985 2561
f 2561 2049 47617
f 7403 41019 32767
f 54079 33340 7430
f 2561 9985 2561
f 2561 2049 32769
f 4260 63034 32767
f 47134 572 7054
f 2561 10497 2561
f 2561 2049 21249
f 7101 14908 31539
f 17774 25023 34020
f 2561 11009 2561
f 1 2817 47617
f 7075 19516 31539
f 17773 51647 34019
f 1 11521 1
f 1 2817 33025
f 35610 56381 31549
f 17364 52415 27017
f 1 12033 1
f 1 513 9217
f 36378 22845 31534
f 17672 35775 27319
f 2561 11265 1
f 1 2817 47617
f 25698 64830 31624
f 13758 11455 1395
f 1 12545 1
f 1 2817 50689
f 25291 26430 31538
f 15666 37311 4622
f 1 13057 1
f 1 2817 6401
f 5930 17214 31528
f 17070 10175 16272
f 1 11777 1
f 1 2817 63745
f 4885 56126 31574
f 16150 18111 15319
f 1 13057 1
f 1 513 50433
f 1333 23742 39676
f 29658 44352 46065
f 1 13569 1
f 42560 54466 4928
f 1283 44478 39695
f 29655 50240 46066
f 42560 14274 42560
f 42560 54466 34368
f 48002 48318 39555
f 29424 41280 42092
f 54466 14656 54466
f 42560 54466 36928
f 48035 21182 39647
f 29409 20544 42078
f 42560 15298 42560
f 42560 54466 5440
f 27142 52158 39681
f 29581 33856 44416
f 42560 13506 42560
f 42560 54466 33344
f 27256 20670 39633
f 29588 34624 44414
f 54466 15168 1
f 1 54273 34368
f 16424 60093 39693
f 29686 49472 47441
f 54273 15680 42560
f 42560 2754 8961
f 16415 45245 39694
f 29686 53056 47441
f 1 13825 42560
f 42560 2754 63745
f 40311 51261 30807
f 30684 52927 19231
f 15937 61634 2305
f 32859 822 64257
f 45380 36157 30786
f 30970 39615 39566
f 32859 822 1
f 1 769 7681
f 36579 52798 30892
f 26763 31935 15091
f 62195 65523 65536
f 32859 822 1
f 32317 41022 30799
f 28903 58303 22355
f 32859 16182 16592
f 32859 822 62465
f 15446 3134 30774
f 30278 63935 32717
f 1 1 1
f 32859 822 65025
f 9348 34878 30841
f 29457 25023 33590
f 62195 16883 15937
f 2305 1024 64001
f 17584 3900 30794
f 31097 46271 44517
f 16592 2367 17095
f 17149 1011 62209
f 17559 4412 30794
f 31097 62655 44517
f 2305 49664 32859
f 17149 1011 60161
f 59312 60863 25649
f 55005 45885 63298
f 2561 17153 32859
f 1 513 61953
f 59422 6847 25622
f 54999 5181 63462
f 1 6145 2561
f 1 513 58369
f 57662 17087 25846
f 42515 23358 53412
f 29551 7236 2561
f 1 513 48897
f 58358 1983 25670
f 42844 39998 54362
f 1 17921 2561
f 29551 580 42753
f 59106 2495 25626
f 22301 29502 59461
f 2561 5889 1
f 29551 580 33281
f 58747 53695 25716
f 22216 15934 58938
f 29551 17988 2561
f 32859 566 5440
f 59494 55999 25627
f 46731 58172 386
f 1 6145 2561
f 1 513 35841
f 59497 8383 25627
f 46741 61500 388
f 1 18177 1
f 1 513 34305
f 1224 63038 17765
f 8908 35520 26833
f 1 11777 1
f 1 2817 11265
f 1295 62270 17734
f 8946 12224 26885
f 1 49664 32859
f 1 2817 33793
f 51928 50494 17984
f 8185 64704 17131
f 65536 16640 32859
f 1 2817 32769
f 51988 11582 17796
f 8416 46016 17490
f 1 12289 1
f 32859 566 5440
f 33321 33854 17743
f 8781 21184 22615
f 32859 15926 1
f 32859 566 35392
f 33208 32062 17841
f 8663 39360 22452
f 65536 12544 1
f 1 2817 62465
f 97 56893 17742
f 8987 18368 30158
f 32859 16950 17149
f 1 2817 65281
f 118 30525 17740
f 8990 20672 30162
f 1 11265 1
f 1 2817 64513
f 42560 54466 42560
f 38440 11958 10221
f 54466 18752 54466
f 42560 54466 64064
f 5816 54327 42560
f 38469 41526 10222
f 42560 19394 42560
f 42560 54466 7488
f 58745 4667 32762
f 27788 55869 14725
f 54466 19776 42560
f 42560 194 11
f 44048 14650 32763
f 22916 44349 13869
f 54466 19008 42560
f 42560 2754 63745
f 33997 6973 32691
f 15431 49214 28788
f 2754 20225 2754
f 42560 2754 5121
f 2906 43069 32680
f 20924 26174 27273
f 42560 20930 42560
f 42560 2754 61185
f 11532 51004 32736
f 65519 58429 19580
f 42560 19650 42560
f 42560 54466 64064
f 58355 62524 32729
f 2681 20286 21932
f 2754 20737 54466
f 42560 2754 6913
f 28082 1216 48654
f 15026 49981 41814
f 2754 21249 2754
f 1 2817 33537
f 28082 50624 48654
f 15032 37181 41814
f 1 21761 1
f 29551 580 42753
f 28025 26560 48671
f 9835 49982 40801
f 29551 22340 1
f 1 513 5633
f 28029 11712 48650
f 9795 65342 40806
f 2754 21505 1
f 1 2817 63745
f 27533 9152 48824
f 63419 58174 37701
f 1 22785 1
f 1 2817 63745
f 27559 27584 48690
f 63494 56126 37720
f 1 23297 1
f 1 2817 6401
f 27878 43456 48654
f 40236 18494 39478
f 1 22017 1
f 1 513 34305
f 27863 18112 48726
f 40289 15422 39461
f 1 23297 29551
f 1 513 34305
f 29126 44224 42751
f 10155 9278 41992
f 42560 19650 42560
f 42560 54466 7488
f 29130 9408 42733
f 10138 52542 41995
f 42560 24002 42560
f 42560 54466 47424
f 28650 31424 42863
f 63810 31550 38888
f 54466 24384 2754
f 2754 54273 34368
f 28667 28352 42759
f 63835 64318 38903
f 42560 20162 42560
f 2754 54273 5440
f 28980 40384 42737
f 40461 36414 40664
f 42560 23746 42560
f 2754 54273 47680
f 28971 21440 42789
f 40481 30526 40654
f 54466 20032 42560
f 42560 2754 33537
f 29183 26560 42734
f 15905 54333 43007
f 54466 24640 42560
f 42560 2754 8961
f 29182 10944 42737
f 15916 17725 43007
f 42560 19138 42560
f 42560 2754 48129
f 6793 24382 13845
f 13234 42176 30213
f 17149 25075 17149
f 42560 2754 35073
f 6930 34878 13809
f 13270 2496 30253
f 42560 3522 1
f 17149 243 4609
f 61144 53566 14039
f 12462 25024 18882
f 1 4609 17149
f 17149 243 44289
f 61040 64318 13843
f 12666 39616 19227
f 17149 25843 1
f 1 17409 7539
f 39250 6718 13812
f 13072 64192 25168
f 1 3841 17149
f 1 17409 1907
f 39090 36670 13909
f 12975 34240 25055
f 1 25601 17149
f 17149 243 43265
f 3535 44605 13817
f 13325 23232 33454
f 16897 61683 2309
f 17149 243 40705
f 3534 45629 13817
f 13325 22464 33454
f 17149 25331 42560
f 17149 243 4097
f 49404 26941 30805
f 30621 43455 35953
f 17149 13555 42560
f 42560 2754 46337
f 49867 20797 30784
f 30953 191 36152
f 17149 25331 42560
f 17149 243 33025
f 40565 14398 30872
f 26469 4287 5106
f 17149 25587 17149
f 17149 243 11265
f 40639 35646 30751
f 28494 43711 8143
f 17149 14579 1
f 17149 2803 48129
f 20744 36158 30762
f 30196 18367 24294
f 42560 25026 17149
f 42560 2754 33537
f 20060 54590 30825
f 29202 22719 23101
f 17149 14579 42497
f 42560 54466 5440
f 17615 5692 30794
f 31097 40895 41671
f 17149 25331 42560
f 42560 2754 46593
f 17643 18236 30794
f 31094 58815 41668
f 17149 15859 42560
f 17149 243 39425
f 3667 39616 21705
f 57249 11068 10977
f 243 26369 243
f 1 513 8961
f 3668 65216 21704
f 57219 55100 10978
f 1 26881 1
f 1 513 49409
f 3571 48576 21730
f 1104 45630 9140
f 1 27393 1
f 1 513 38657
f 3622 62144 21696
f 942 58942 9230
f 243 26625 1
f 1 513 7425
f 2726 16320 21936
f 52308 16190 3284
f 1 27905 1
f 1 513 49153
f 3027 30144 21731
f 52843 49726 3684
f 1 28417 1
f 1 513 38913
f 3437 26304 21697
f 33770 35134 6786
f 1 27137 1
f 1 513 6657
f 3283 17088 21798
f 33927 17214 6525
f 1 28417 1
f 1 513 48129
f 18812 17085 243
f 32764 9024 50039
f 243 28929 243
f 1 2817 33025
f 18812 17085 243
f 32764 9024 50039
f 1 29441 1
f 1 513 7425
f 7836 17086 243
f 32719 50752 48284
f 243 29953 1
f 1 513 48641
f 7836 17086 243
f 32719 50752 48284
f 243 29185 1
f 1 513 40193
f 58986 17086 243
f 32352 36416 43262
f 243 30465 243
f 1 513 6145
f 58986 17086 243
f 32352 36416 43262
f 1 30977 1
f 1 2817 47617
f 37166 17086 243
f 32604 51520 46117
f 1 29697 1
f 1 2817 40961
f 37166 17086 243
f 32604 51264 46117
f 1 30977 1
f 1 2817 4865
f 16319 62144 10650
f 5796 58173 30950
f 1 26369 243
f 29551 580 36353
f 16319 9664 10651
f 5792 43325 30950
f 29551 21828 243
f 1 513 41217
f 16240 3264 10675
f 6511 64574 28954
f 1 27137 243
f 1 513 8961
f 16267 11456 10645
f 6395 574 29006
f 1 21761 243
f 1 513 35329
f 15564 18368 10861
f 59637 62270 22746
f 29551 23108 1
f 1 513 42753
f 15715 42944 10687
f 59928 31038 22954
f 1 27649 1
f 1 2817 4865
f 16090 7104 10651
f 38146 19518 26361
f 1 22273 1
f 1 2817 36865
f 16012 10688 10737
f 38266 52542 26218
f 29551 27716 1
f 1 513 34305
f 17448 22717 26909
f 31043 51264 48445
f 1 2305 1
f 1 513 5377
f 17462 44733 26906
f 31043 45376 48445
f 1 29441 1
f 1 2817 36865
f 9782 26814 26929
f 30991 30272 46543
f 1 1 1
f 1 2817 32769
f 9751 48574 26902
f 30993 52544 46546
f 1 29441 1
f 1 2817 5377
f 62747 55998 27045
f 30556 58176 41125
f 243 30721 1
f 1 2817 36609
f 62782 10174 26930
f 30562 62016 41126
f 1 1025 1
f 1 513 38657
f 39704 34494 26915
f 30854 21056 44167
f 2561 29953 1
f 1 513 4097
f 39726 64190 26959
f 30851 19776 44162
f 243 1025 1
f 1 513 34817
f 50146 29887 27782
f 39398 12092 52766
f 42560 24770 1
f 1 513 38913
f 50144 51135 27782
f 39373 14140 52764
f 1 26881 1
f 1 513 9729
f 49925 58559 27802
f 56621 26685 49476
f 1 23553 1
f 1 513 35841
f 50066 15807 27774
f 56240 38717 49714
f 42560 27074 1
f 1 513 43009
f 48029 23999 27956
f 44504 25150 38784
f 1 28161 1
f 1 513 9985
f 48858 36799 27782
f 45227 59710 39856
f 1 24065 1
f 1 513 34305
f 49698 46527 27766
f 25288 20798 45332
f 1 27393 1
f 1 2817 32769
f 49273 22975 27852
f 25632 61502 44639
f 1 24065 1
f 1 513 9729
f 29138 44864 42742
f 6240 25534 26682
f 1 31489 1
f 1 1 34049
f 29141 51008 42728
f 6249 22462 26685
f 1 32001 1
f 1 1 41217
f 28757 2112 42856
f 56872 38846 21277
f 1 32513 1
f 1 1 11009
f 28771 46656 42777
f 56870 64958 21297
f 1 33025 1
f 1 1 34305
f 29024 61760 42738
f 35880 1726 24413
f 1 31233 1
f 1 1 33281
f 29016 30016 42785
f 35867 6078 24403
f 1 33025 1
f 1 1 9473
f 29183 8000 42735
f 15885 45757 28446
f 1 33537 1
f 1 1 42753
f 29184 1600 42730
f 15898 51645 28447
f 1 31745 1
f 1 1 38913
f 29426 48064 41297
f 16073 30269 26731
f 1 34049 1
f 1 1 6657
f 29426 6848 41299
f 16086 58941 26730
f 1 34561 1
f 1 1 60417
f 29382 23744 41308
f 6051 14142 24982
f 1 35073 1
f 1 1 50433
f 29383 1728 41298
f 6029 18494 24986
f 1 34305 1
f 1 1 20225
f 29010 53184 41412
f 56427 63550 19634
f 1 42753 1
f 1 1 60673
f 29022 18624 41336
f 56487 11838 19645
f 1 36097 1
f 1 1 49409
f 29270 33728 41305
f 35578 55358 22742
f 1 34817 1
f 1 1 29697
f 29264 10176 41342
f 35607 34622 22729
f 1 36097 1
f 1 1 60161
f 4059 18622 58733
f 25776 41280 53339
f 1 36609 1
f 1 513 51457
f 3905 27838 58709
f 25782 14144 53356
f 1 37121 1
f 1 513 26881
f 53345 48830 58934
f 25389 10048 48740
f 1 37633 1
f 1 513 60673
f 53656 12478 58791
f 25421 63040 48739
f 1 38145 1
f 1 513 49665
f 33661 13758 58729
f 25671 23872 51379
f 1 36353 1
f 1 513 35841
f 33836 16830 58800
f 25651 35648 51336
f 1 38145 1
f 1 513 60161
f 13323 59581 58710
f 25822 52032 54948
f 1 38657 1
f 1 513 50433
f 13322 58301 58710
f 25822 51776 54948
f 1 36865 1
f 1 513 23553
f 17543 4156 30794
f 31097 18623 44518
f 1 39169 13057
f 2562 2049 60417
f 20134 62269 30792
f 31034 17343 41966
f 2562 39937 2562
f 2562 2049 50433
f 22261 53565 30797
f 30950 20671 41754
f 2562 40449 2562
f 2562 2049 28929
f 22261 54845 30797
f 30949 5567 41754
f 2562 40449 2562
f 2562 2049 56833
f 24703 30525 30792
f 31027 45503 41676
f 2562 63745 2562
f 2562 2049 63745
f 7768 58942 30798
f 30215 37311 34579
f 1 41217 1
f 2562 2049 7937
f 9498 15678 30827
f 29684 4799 33661
f 2562 41729 2562
f 2562 2049 59649
f 9498 15678 30827
f 29684 5823 33661
f 2562 41729 2562
f 2562 2049 61441
f 11844 10046 30794
f 30119 36031 33511
f 2562 42241 2562
f 2562 2049 55297
f 57164 14653 30807
f 30490 5055 37707
f 2562 42241 2562
f 2562 2049 55553
f 54482 24125 30792
f 30765 959 38290
f 2562 40449 2562
f 2562 2049 57345
f 54482 22845 30792
f 30766 16063 38290
f 2562 40449 2562
f 2562 2049 53761
f 51781 61757 30807
f 30551 33727 38410
f 2562 41217 2562
f 2562 2049 58881
f 13965 39742 30824
f 29528 54463 32161
f 2562 42753 2562
f 2562 2049 56833
f 16809 3646 30787
f 30002 5823 31651
f 2562 43265 2562
f 2562 2049 257
f 63718 49981 30805
f 30416 31167 36850
f 2562 43265 2562
f 2562 2049 56833
f 60417 47933 30789
f 30724 51135 37526
f 2562 43777 2562
f 2562 2049 63745
f 60417 48445 30789
f 30723 41919 37526
f 2562 43777 2562
f 2562 2049 7937
f 57164 14141 30807
f 30490 9919 37707
f 2562 42241 2562
f 2562 2049 57089
f 11844 10046 30794
f 30119 40639 33511
f 2562 42241 2562
f 2562 2049 63233
f 13965 38974 30824
f 29528 11967 32162
f 2562 42753 2562
f 2562 2049 4865
f 24703 29757 30792
f 31027 58047 41676
f 2562 63745 2562
f 2562 2049 56833
f 27294 49981 30797
f 30933 16831 41431
f 2562 43777 2562
f 2562 2049 61953
f 27294 49725 30797
f 30933 25791 41431
f 2562 43777 2562
f 2562 2049 6657
f 30275 48445 30791
f 31018 58047 41323
f 2562 44289 2562
f 2562 2049 54529
f 24513 9022 32671
f 12223 2235 20895
f 2562 44801 2562
f 1 513 60929
f 24513 8510 32671
f 12222 4795 20895
f 1 45313 1
f 1 513 23553
f 25677 5438 32667
f 36686 49467 21681
f 1 45825 1
f 1 2817 64513
f 24554 64062 32670
f 31481 39483 21342
f 2562 45057 1
f 1 2817 54529
f 34334 58174 32627
f 28520 21052 25139
f 1 46337 1
f 1 2817 32769
f 29315 13630 32653
f 42017 44860 23751
f 1 46849 1
f 1 2817 1
f 25800 22334 32666
f 22725 6204 22323
f 1 45569 1
f 1 2817 55809
f 29175 10046 32654
f 25921 52284 23285
f 1 46849 1
f 1 513 18945
f 30058 61248 36991
f 5878 52926 32477
f 1 47361 1
f 1 1 1
f 30057 13632 37002
f 5891 13758 32476
f 1 47873 1
f 1 1 50689
f 29727 2112 36897
f 56078 41406 27206
f 62019 48385 62019
f 1 1 13569
f 29718 35136 36956
f 56045 37054 27207
f 1 16129 54228
f 62019 1 63745
f 29950 23104 36990
f 35309 6846 30265
f 1 47105 1
f 62019 1 50433
f 29954 24896 36959
f 35295 16062 30269
f 62019 48897 1
f 1 1 16897
f 30098 62272 37001
f 16615 62397 33485
f 1 49409 1
f 1 1 65025
f 30098 60992 37002
f 16621 57021 33485
f 1 47617 1
f 62019 1 50433
f 38329 43579 32768
f 17588 31036 6637
f 1 49665 10
f 1 769 17665
f 16470 58169 32768
f 62001 39483 6017
f 1 32001 1
f 1 769 62721
f 11918 20029 32764
f 45742 27708 9949
f 1 32513 1
f 1 769 63745
f 40849 44092 32764
f 10914 7741 9761
f 1 50433 1
f 1 769 1537
f 40620 23099 32768
f 35990 61500 7010
f 1 31233 1
f 1 769 63745
f 38206 50492 32766
f 57727 63548 8670
f 1 50433 1
f 10 779 64513
f 1191 54326 42560
f 53339 33458 5509
f 1 33537 1
f 1 769 257
f 1192 54326 42560
f 53320 33458 5509
f 10 49931 1
f 32769 822 1
f 54567 22077 19417
f 6841 31936 32961
f 2562 50945 2562
f 1 2817 64513
f 54638 1597 19392
f 6875 44224 32992
f 1 39937 2562
f 1 2817 9473
f 40304 54078 19638
f 6261 15296 25573
f 2562 40961 2562
f 1 2817 62721
f 40453 49982 19475
f 6477 42432 25969
f 1 51713 2561
f 2562 2817 62721
f 18649 44862 19410
f 6756 33216 30048
f 2562 39681 1
f 1 2817 9473
f 18501 56894 19489
f 6652 51392 29857
f 2562 51713 2562
f 2562 513 61185
f 62427 56892 19393
f 6906 36544 34228
f 1 39937 2562
f 1 2817 63489
f 62423 45884 19392
f 6907 8640 34230
f 1 51969 1
f 1 2817 3073
f 65232 19647 24058
f 46050 49725 50989
f 1 45569 1
f 1 513 52225
f 65322 25791 24032
f 46041 36413 51095
f 10 49931 1
f 1 513 48385
f 63971 44735 24275
f 33978 23358 43569
f 1 50177 1
f 1 513 50433
f 64517 60863 24118
f 34269 59966 44128
f 1 46081 1
f 1 2817 55809
f 65089 18111 24052
f 10788 54846 48145
f 1 49665 1
f 1 2817 51201
f 64811 49087 24131
f 10715 36670 47831
f 1 46081 1
f 1 2817 44289
f 65383 47807 24031
f 51330 50492 53283
f 1 50689 32769
f 1 2817 51201
f 65375 65471 24033
f 51349 15420 53274
f 1 45057 1
f 1 2817 49921
f 17527 4924 30794
f 31097 22207 42233
f 1 52481 1
f 62019 1 57345
f 17485 9276 30794
f 31096 60607 42232
f 62019 52993 62019
f 62019 1 55809
f 10900 62269 30808
f 30806 50623 40021
f 1 53505 62019
f 62019 1 47105
f 13082 42045 30793
f 31045 42943 40126
f 1 52737 62019
f 62019 1 49921
f 505 24382 30939
f 28177 55231 31262
f 1 54017 1
f 62019 1 56577
f 64230 14141 30850
f 29687 26559 33795
f 62019 54529 62019
f 62019 1 45313
f 43499 9533 30807
f 30661 42175 37240
f 62019 53249 62019
f 62019 1 47105
f 40691 57149 30852
f 29952 48575 36870
f 1 54529 1
f 62019 1 57601
f 15699 1341 44754
f 28825 23488 57663
f 1 55041 1
f 1 2817 45313
f 15675 20029 44758
f 28825 53696 57662
f 1 55553 1
f 1 2817 49153
f 6054 62 44774
f 28779 27328 55967
f 1 56065 1
f 1 513 52737
f 6076 57150 44756
f 28782 44736 55969
f 1 55297 1
f 1 513 47361
f 56626 21054 44891
f 28397 24000 51101
f 1 56577 1
f 1 513 37633
f 56608 24126 44803
f 28413 39360 51122
f 1 57089 1
f 1 513 56321
f 35726 63806 44769
f 28665 56512 53868
f 1 55809 1
f 1 2817 45313
f 35703 31038 44811
f 28658 62144 53862
f 1 57089 1
f 1 2817 3073
f 6422 34622 39664
f 29648 23488 57133
f 61953 53249 62019
f 62019 1 52225
f 6435 64574 39644
f 29651 21952 57136
f 62019 57601 1
f 62019 1 59649
f 57094 36158 39754
f 29272 54720 52239
f 1 58113 1
f 1 1 8193
f 57091 12350 39680
f 29284 47040 52254
f 62019 53761 62019
f 1 1 44801
f 36008 2110 39661
f 29534 37312 55022
f 1 57345 62019
f 1 1 61441
f 36001 52030 39686
f 29530 37056 55018
f 1 53761 62019
f 62019 1 8449
f 16352 13885 39651
f 29693 28352 58840
f 1 58369 62019
f 1 1 46081
f 16366 6717 39646
f 29694 13248 58841
f 62019 52737 62019
f 1 1 58625
f 6089 32704 19984
f 49749 12349 58812
f 1 58625 1
f 1 1 2561
f 6125 62144 19957
f 49690 2109 58899
f 1 34561 1
f 62019 1 47105
f 5556 48064 20204
f 36038 41022 51322
f 1 35841 1
f 62019 1 57089
f 5762 5312 20052
f 36310 40510 51723
f 62019 59393 1
f 1 1 8705
f 6018 4032 19982
f 13065 59198 55911
f 1 35073 62019
f 1 1 48129
f 5915 27328 20057
f 13067 18238 55675
f 1 59393 1
f 1 1 59905
f 6153 27840 19958
f 61142 51260 61156
f 1 33793 1
f 1 1 10241
f 6152 48832 19958
f 61147 46652 61155
f 1 58881 1
f 1 1 49409
f 34678 61243 32768
f 31448 62523 11911
f 1 47105 1
f 1 1 58113
f 48753 64056 32768
f 29308 63291 11630
f 1 58881 1
f 1 1 5633
f 10004 28733 32765
f 3789 14652 14721
f 1 59137 62019
f 62019 1 49665
f 35390 6460 32768
f 19437 29756 13374
f 62019 48129 1
f 1 1 54529
f 36730 53563 32768
f 2664 47932 12246
f 1 58625 1
f 1 1 51713
f 34606 20028 32768
f 1871 10300 13051
f 1 48129 1
f 1 1 49153
f 42560 54466 42560
f 13697 38968 11376
f 1 58881 1
f 1 1 41729
f 42560 65474 32768
f 42560 38850 11376
f 1 49409 1
f 1 1 64257
f 2135 64061 15459
f 11604 24768 39196
f 1 60161 1
f 1 513 52225
f 2146 12093 15459
f 11605 6592 39197
f 1 60673 1
f 1 513 39937
f 57527 35133 15482
f 11546 45760 37900
f 1 61185 1
f 1 513 56321
f 57703 65085 15457
f 11573 64448 37922
f 1 60417 1
f 1 513 49665
f 42139 31294 15693
f 11037 14016 34039
f 1 61697 1
f 1 513 44801
f 42149 61758 15545
f 11199 13504 34207
f 1 62209 1
f 1 513 64769
f 20742 40254 15478
f 11461 54976 36309
f 1 60929 1
f 1 513 51201
f 20481 64062 15553
f 11380 61888 36240
f 1 62209 1
f 1 513 43777
f 32764 1088 42560
f 18709 9405 34060
f 42560 62914 42560
f 1 2817 3073
f 32764 1088 42560
f 18709 9149 34060
f 1 63233 1
f 1 2817 50945
f 32719 1088 42560
f 7837 64702 33149
f 42560 63938 1
f 1 513 42241
f 32719 1088 42560
f 7837 64702 33149
f 42560 63170 1
f 1 513 62977
f 32352 1088 42560
f 58988 46014 27972
f 1 64257 1
f 1 513 53249
f 32352 1088 42560
f 58988 46014 27972
f 1 64769 1
f 1 513 43009
f 32604 1088 42560
f 37165 42430 31195
f 1 63489 1
f 1 513 769
f 32604 1088 42560
f 37165 42430 31195
f 1 64769 1
f 1 513 52737
f 8988 57405 5653
f 20321 1984 48318
f 1 60161 1
f 1 2817 50945
f 8992 13885 5654
f 20321 46528 48317
f 1 55553 1
f 1 513 8705
f 1199 3390 5673
f 20269 14784 46812
f 1 60929 1
f 1 513 43009
f 1258 2110 5653
f 20283 3264 46824
f 1 55553 1
f 1 513 52737
f 49691 37438 5832
f 19830 51392 42426
f 1 56833 1
f 1 513 3329
f 49674 9790 5718
f 19914 56512 42518
f 1 61441 1
f 1 513 44545
f 30101 33342 5669
f 20168 32192 44953
f 1 56065 1
f 1 513 45313
f 29947 32062 5725
f 20128 49088 44919
f 1 61441 1
f 1 513 3585
f 30831 59200 30429
f 17179 5565 30971
f 1 33537 1
f 1 2817 41985
f 30831 4928 30434
f 17191 29885 30970
f 42560 63426 42560
f 1 2817 45057
f 30785 64320 30449
f 7104 19902 29171
f 1 31233 42560
f 1 2817 62977
f 30787 15936 30432
f 7116 20670 29172
f 1 63233 1
f 1 513 40961
f 30411 38208 30566
f 58091 6846 23672
f 1 64513 1
f 1 2817 47617
f 30417 49984 30470
f 58077 10174 23684
f 1 32257 1
f 1 513 9217
f 30670 53056 30444
f 36630 5054 26858
f 1 63745 1
f 1 513 37121
f 30667 29504 30481
f 36620 50878 26855
f 1 32257 1
f 42560 706 54785
f 57111 54076 21795
f 3532 64192 29100
f 62019 58369 1
f 1 513 6913
f 57129 29500 21796
f 3531 52160 29098
f 1 60673 1
f 1 513 37377
f 47674 28733 21820
f 3467 39104 26907
f 1 57345 1
f 1 513 54529
f 47892 24125 21795
f 3505 11968 26971
f 62019 60673 1
f 1 513 8705
f 34939 38718 22042
f 2895 12480 20202
f 1 61953 1
f 1 513 39937
f 34984 53054 21886
f 3132 65216 20677
f 1 57857 1
f 1 513 52737
f 11799 54334 21816
f 3396 38080 24243
f 61953 61185 1
f 1 513 8193
f 11461 12094 21894
f 3281 21696 24047
f 1 57857 1
f 1 513 43265
f 29075 55232 42726
f 27332 24126 44462
f 1 65281 16133
f 9 1 43009
f 29083 30656 42680
f 27385 41022 44464
f 9 257 9
f 1 1 61441
f 29183 7872 42735
f 15910 40509 46071
f 9 769 9
f 9 1 50689
f 29184 1728 42730
f 15889 15933 46072
f 9 1281 9
f 9 1 46849
f 29153 27072 42721
f 1316 39486 45355
f 16133 65191 1
f 9 1 1025
f 29152 7360 42731
f 1305 6718 45355
f 9 1281 9
f 16133 49575 51713
f 28920 38592 42585
f 48153 14398 43158
f 9 1793 9
f 9 1 41729
f 28902 25536 42694
f 48087 27966 43153
f 9 1 9
f 9 1 2817
f 29323 1344 41287
f 26139 33470 45664
f 9 2305 9
f 9 1 50689
f 29332 17728 41236
f 26000 37310 45673
f 9 2817 9
f 9 1 41729
f 29426 37184 41297
f 16108 15293 47230
f 9 3329 9
f 9 1 4097
f 29426 1344 41299
f 16081 21949 47230
f 9 3841 9
f 9 1 38657
f 29398 57152 41280
f 762 32190 46534
f 9 2049 9
f 9 1 52737
f 29395 15680 41300
f 837 26558 46530
f 9 3841 9
f 9 1 10241
f 29176 6208 41150
f 47117 39102 44394
f 9 4353 9
f 9 1 42497
f 29158 12096 41252
f 47204 41662 44379
f 9 2561 9
f 9 1 48641
f 64915 63036 32720
f 6546 37950 18549
f 2561 7937 2561
f 9 257 3841
f 24808 56125 32704
f 11324 32062 22057
f 9 4865 2562
f 2561 2049 37889
f 35068 46141 32653
f 26881 14142 27488
f 9 4865 2562
f 9 257 50433
f 49254 30013 32678
f 16522 48958 27046
f 9 5377 9
f 9 257 35585
f 49254 30269 32678
f 16522 50238 27046
f 9 5377 9
f 9 257 56321
f 24861 43581 32704
f 11393 32830 22081
f 9 5889 9
f 2562 2049 46337
f 16236 7229 32731
f 713 63294 18347
f 1 5889 9
f 9 257 39425
f 64912 63292 32720
f 6546 30526 18549
f 9 7937 2561
f 2561 2049 54273
f 24433 574 32374
f 49855 64830 43138
f 9 6401 9
f 9 257 49153
f 35559 12862 32450
f 37463 43070 41840
f 9 6913 9
f 9 257 40193
f 35559 12862 32450
f 37463 39230 41840
f 9 6913 9
f 9 257 55809
f 13074 11838 32564
f 34499 9278 36508
f 9 7425 2562
f 9 257 46849
f 6689 43582 32642
f 18985 60990 32775
f 9 7425 9
f 9 257 37889
f 58819 53565 32611
f 33178 51262 33218
f 9 5377 9
f 2562 2049 47105
f 58818 53309 32611
f 33178 50494 33218
f 9 5377 9
f 9 257 56833
f 14679 16958 32541
f 36666 17470 37445
f 9 6401 9
f 9 257 1793
f 26041 59966 32594
f 15968 44350 35522
f 9 7937 9
f 2562 2049 51713
f 4121 32830 32668
f 12053 59966 29778
f 2562 8449 2562
f 2562 2049 54529
f 412 2110 32700
f 2049 31550 25439
f 2562 8449 2562
f 2562 2049 57857
f 47852 42557 32686
f 14022 35134 26075
f 2562 8961 2562
f 2562 2049 49665
f 47852 42557 32686
f 14022 36158 26075
f 2562 8961 2562
f 2562 2049 58113
f 6689 43326 32642
f 18985 62526 32775
f 9 7425 9
f 2562 2049 7937
f 13075 11582 32564
f 34499 10814 36508
f 9 7425 9
f 2562 2049 47361
f 26041 59710 32594
f 15968 44350 35522
f 9 7937 9
f 9 257 59649
f 9526 50749 32746
f 50346 6717 15441
f 2561 9217 9
f 9 257 7681
f 54525 2620 32741
f 59720 17213 15548
f 9 8961 2561
f 2561 2049 60161
f 54526 2620 32741
f 59720 18749 15548
f 2561 8961 2561
f 9 257 53761
f 16236 7485 32731
f 712 65086 18347
f 9 5889 9
f 2561 2049 25345
f 24862 43581 32704
f 11393 34878 22081
f 9 5889 9
f 9 257 59137
f 41730 42813 32717
f 3106 54590 21832
f 9 8961 9
f 2562 2049 49665
f 41730 42813 32717
f 3106 53822 21832
f 9 8961 9
f 9 257 20993
f 15061 10813 32734
f 64051 6717 17839
f 9 9217 2562
f 2562 2049 60673
f 22065 56510 32655
f 56085 7741 52137
f 2562 17153 32859
f 1 513 50177
f 18063 38078 32667
f 57156 65085 55266
f 1 9985 2562
f 2562 513 28929
f 24513 8894 32671
f 12229 2619 36428
f 2562 10497 2
f 1 513 61953
f 24513 8894 32671
f 12232 64059 36427
f 1 17409 1
f 2562 2817 62721
f 22891 51902 32671
f 18071 34877 43667
f 32859 9782 2562
f 2562 2817 2305
f 24222 35262 32667
f 16895 63805 42569
f 2562 17409 1
f 32859 566 54336
f 8812 2750 32663
f 9936 25662 1862
f 1 10753 2
f 2562 513 61697
f 16813 9918 32642
f 9589 17982 63370
f 2562 17921 1
f 1 513 9729
f 29897 38080 37001
f 40708 5950 41974
f 54274 19776 42560
f 16133 49575 57345
f 29891 62656 37039
f 40749 26174 41965
f 16133 11431 54274
f 9 1 62209
f 30098 4544 37002
f 16611 44093 44326
f 9 11777 42498
f 42560 54466 9792
f 30099 52672 36999
f 16638 52029 44326
f 42560 19394 54466
f 9 1 59137
f 30043 27328 37013
f 10507 34110 43306
f 42560 11202 9
f 9 1 37633
f 30046 37824 36996
f 10464 33598 43310
f 9 19201 54466
f 42560 2754 4353
f 29573 27328 37099
f 64286 33854 40188
f 42560 12226 16130
f 54274 64 48897
f 29587 6336 37015
f 64216 45118 40206
f 54274 20800 16133
f 42560 2754 38657
f 4882 14396 32750
f 49984 57917 12729
f 1 12289 54274
f 32770 822 3841
f 54974 27708 32739
f 61485 3133 15841
f 32770 310 9
f 1 769 48641
f 1192 54454 42560
f 53367 12338 5509
f 9 769 9
f 32770 822 36097
f 1191 54454 42560
f 53323 12338 5509
f 32770 13110 2
f 9 769 4609
f 55213 50235 32763
f 19784 24381 9460
f 16130 65191 1
f 9 769 48385
f 33321 41530 32765
f 9739 19261 8294
f 9 13057 2
f 9 769 38913
f 33283 45117 32698
f 12852 45886 23263
f 2 1793 9
f 9 769 4609
f 59742 37180 32725
f 4665 49982 17803
f 54274 12608 32770
f 9 769 37377
f 52956 37823 26341
f 7247 30527 36253
f 9 13569 9
f 2562 513 40449
f 54570 8895 25946
f 7882 46655 38313
f 2562 4865 9
f 9 2817 4865
f 43551 31679 26868
f 32276 29247 29080
f 9 6145 9
f 2 513 39937
f 45871 49087 26309
f 33399 40767 40770
f 2 14337 9
f 9 513 41729
f 50910 63423 26141
f 20414 30527 18720
f 9 5121 9
f 9 513 9985
f 48912 40127 26623
f 19331 51775 13967
f 2 14337 9
f 2 513 34817
f 57008 39615 25775
f 59470 60990 47927
f 1 7169 2561
f 2 513 43521
f 55826 23231 26069
f 58854 46142 46331
f 9 13825 2562
f 1 513 8961
f 65445 50751 24006
f 29422 58045 20974
f 2562 9729 2562
f 2 513 34817
f 120 31040 23911
f 29745 37309 21189
f 54274 12608 32770
f 2 513 36097
f 65376 46399 24033
f 51327 59580 21512
f 9 12801 32770
f 2 513 4097
f 65382 1343 24032
f 51361 36796 21516
f 2562 10241 2562
f 2 513 48385
f 65471 29503 24003
f 11567 14269 21280
f 32770 12342 2
f 2 513 38913
f 65369 575 24033
f 11645 28861 21210
f 9 10241 2562
f 2562 513 4609
f 384 41024 23740
f 54066 31933 20790
f 32770 13366 9
f 2 513 34305
f 67 576 23926
f 53124 29117 20398
f 2562 9985 2
f 2 513 50433
f 23949 30014 32496
f 38436 52798 41954
f 2 14849 2
f 54274 64 3073
f 3344 41790 32561
f 37560 48190 37918
f 54274 15424 54274
f 54274 64 38913
f 59565 47934 32046
f 49775 59966 56735
f 54274 15936 54274
f 9 1 59137
f 48060 41790 32072
f 59168 57150 55246
f 9 16385 9
f 9 1 1537
f 28098 23102 32406
f 45909 18238 44835
f 54274 14656 54274
f 9 1 47617
f 43106 63806 32297
f 45597 6462 49434
f 54274 16448 2
f 2 1 63745
f 37352 37181 32649
f 27688 48702 32665
f 42560 20418 42560
f 2 1 1
f 1047 59966 32613
f 30904 14142 35929
f 2 15105 54274
f 42560 2754 59137
f 25826 18880 49209
f 31285 27199 31270
f 54274 16960 2562
f 2 513 50177
f 25894 44480 48898
f 31246 53823 31403
f 2 17409 2
f 2 513 60417
f 21797 38080 49733
f 52893 10047 13060
f 2562 17921 2
f 2 513 46337
f 21889 35264 49272
f 52944 49727 13198
f 2 18433 2562
f 2 513 35329
f 24232 5056 49074
f 42144 23615 23125
f 2 16641 2
f 9 2817 4865
f 24144 50880 49464
f 42160 9279 22958
f 2562 18433 54274
f 2562 513 47873
f 26963 20928 48763
f 13325 56639 35356
f 1 22785 1
f 2 513 56321
f 26914 35008 48991
f 13367 59967 35306
f 2562 17153 2
f 1 2817 32769
f 26970 44480 43174
f 31777 52287 33187
f 54274 14656 54274
f 2 1 63233
f 27018 51648 42918
f 31758 19263 33235
f 2 18945 2
f 16130 49575 57345
f 23004 4288 43577
f 53285 4159 15407
f 16130 19623 54274
f 54274 64 3329
f 23070 14016 43217
f 53303 17727 15521
f 54274 15680 9
f 2 1 1
f 25374 25792 43064
f 42470 6207 25410
f 2 18689 16130
f 2 1 51713
f 25316 19904 43371
f 42477 26687 25295
f 16130 15783 54274
f 54274 64 61697
f 28076 41664 42812
f 13686 62271 36517
f 42560 24514 1
f 54274 64 61185
f 28043 20928 42995
f 13705 52543 36483
f 54274 15424 2
f 2754 54273 34112
f 6186 4672 19928
f 26239 40893 32590
f 9 19713 9
f 54274 64 65281
f 6330 59968 19820
f 25922 12477 32780
f 54274 2624 9
f 9 1 40193
f 6153 12096 19958
f 61139 43196 32884
f 9 3585 9
f 9 1 32769
f 6152 33344 19958
f 61127 27324 32884
f 9 20481 2
f 9 1 3329
f 6194 1600 19925
f 13422 41149 32788
f 9 2305 9
f 9 1 35329
f 6147 38464 19959
f 13772 19901 32739
f 9 20481 9
f 9 1 33281
f 6565 63040 19627
f 52190 32957 32359
f 2 4097 9
f 9 1 4865
f 6282 59968 19839
f 51714 43965 31991
f 9 19969 54274
f 9 1 48129
f 14165 64316 32729
f 3290 3902 21639
f 9 11009 9
f 54274 64 37377
f 58794 22332 32728
f 3426 60478 23300
f 9 19969 54274
f 9 1 1793
f 11 16341 42560
f 39659 58934 11376
f 9 20225 9
f 9 1 41729
f 62046 65331 32768
f 39501 59446 11376
f 9 11521 9
f 9 1 35841
f 58932 51259 32761
f 29050 57917 15963
f 54274 19776 9
f 9 1 4865
f 48133 65338 32761
f 28518 17725 15390
f 9 11521 54274
f 9 1 41729
f 3260 63037 32676
f 22051 5694 28752
f 9 19969 54274
f 54274 64 37633
f 35319 29245 32675
f 20385 36158 31503
f 9 12033 54274
f 9 1 60161
f 288 8384 22465
f 16497 38975 52176
f 9 21249 9
f 2 513 36353
f 1011 20160 22009
f 16798 14399 54269
f 2 21761 2
f 2 513 45569
f 56216 61119 23058
f 39415 62271 7325
f 2 22273 2
f 2562 513 4609
f 58223 2495 22393
f 40243 53823 11713
f 2562 22785 2562
f 2 513 60673
f 63665 50111 22214
f 31569 19775 39996
f 2 20993 2
f 2 513 48385
f 61854 63679 22775
f 30917 10303 37528
f 2 22785 9
f 9 513 30977
f 2302 36032 21836
f 3797 57407 65305
f 1 27905 1
f 9 513 56833
f 1778 46016 22171
f 3736 45375 63704
f 9 21505 2
f 1 513 54017
f 32604 192 1
f 37163 34366 44972
f 29551 23108 2
f 9 2817 4865
f 32604 192 1
f 37163 34366 44972
f 9 22529 1
f 1 2817 60161
f 32764 192 1
f 18703 27965 47051
f 1 21249 2754
f 2 513 50433
f 32764 192 1
f 18703 27965 47051
f 2 23809 2562
f 1 2817 62465
f 32719 192 1
f 7836 60478 46140
f 2 22017 1
f 1 2817 64001
f 32719 192 1
f 7836 60478 46140
f 1 23809 2562
f 2 513 58113
f 32352 192 1
f 58988 23358 43359
f 1 22529 1
f 2 513 65025
f 32352 192 1
f 58988 23358 43359
f 2 24065 2
f 1 2817 1
f 13459 1472 11345
f 25498 31039 11820
f 2 20993 2
f 9 513 48129
f 13830 19904 10947
f 25569 6207 12405
f 2562 17153 2
f 2562 513 44545
f 8820 38336 11959
f 47538 7487 53725
f 2 18177 2
f 2562 513 56577
f 9340 43968 11367
f 47921 39487 54982
f 2 22017 2
f 2 513 52737
f 11971 50368 11153
f 38180 42303 4464
f 2 16897 2562
f 2 513 45825
f 11499 26304 11652
f 38072 27967 3756
f 2 22017 2
f 2 513 52481
f 15041 43456 10782
f 9711 4159 18595
f 1 23041 1
f 2 513 49921
f 14773 23488 11073
f 9737 64063 18151
f 2 21761 2562
f 1 513 65025
f 30708 11200 30409
f 31878 30782 45094
f 2 65025 1
f 2 513 46081
f 30712 47040 30354
f 31935 57918 45093
f 9 23297 2562
f 2 513 59905
f 30831 7104 30423
f 17185 35901 46849
f 2562 23553 2
f 2 513 50689
f 30831 64448 30426
f 17205 18749 46849
f 2 513 2
f 2562 513 46081
f 30797 35264 30403
f 3484 42814 46071
f 1 23041 2
f 2562 513 48385
f 30795 48576 30427
f 3455 64062 46071
f 2 513 2
f 1 513 56577
f 30511 4288 30369
f 51633 37950 43684
f 9 23297 2562
f 2 513 50945
f 30519 33984 30246
f 51611 38206 43689
f 9 1793 2
f 2 513 43521
f 42822 22975 28352
f 7427 14399 9686
f 2 18689 16130
f 2 513 769
f 44780 7615 27979
f 7944 38719 15095
f 9 21505 2
f 9 513 42241
f 32928 42687 28696
f 29987 4927 21154
f 2 22529 2562
f 2 513 47361
f 35610 28607 28166
f 32358 12351 64031
f 2 19201 2
f 9 2817 3073
f 40926 21183 28104
f 19529 10047 46253
f 2 21249 9
f 9 2817 51713
f 38491 56767 28554
f 18491 37695 33689
f 2 19201 2
f 2 513 50689
f 47384 20159 27859
f 60989 64574 33445
f 1 28161 1
f 2 513 42497
f 45956 26303 28138
f 60681 51774 29933
f 2 18945 9
f 1 513 60417
f 27347 8000 43137
f 26020 58047 10940
f 9 24577 9
f 9 1 60929
f 27376 5184 42965
f 26053 3519 10974
f 9 25089 9
f 9 1 61185
f 24111 61248 43547
f 48402 16831 55633
f 9 25601 9
f 2 1 47617
f 24149 19520 43323
f 48426 4543 55717
f 2 26113 2
f 2 1 42241
f 26014 15936 43121
f 38724 49343 3631
f 9 24321 9
f 9 1 60161
f 25979 12352 43337
f 38698 15551 3594
f 2 26113 2
f 9 1 50945
f 28267 22848 42842
f 9355 33471 16895
f 1 32513 1
f 9 1 49665
f 28244 4160 42981
f 9333 58047 16866
f 9 24833 9
f 11 16341 11328
f 27614 4032 41681
f 25842 3647 9300
f 9 26625 9
f 9 1 61953
f 27643 63936 41515
f 25833 42559 9346
f 9 27137 9
f 9 1 47105
f 24398 27840 42056
f 48371 30783 52322
f 9 27649 2562
f 9 1 36097
f 24426 36288 41852
f 48414 11071 52359
f 9 28161 9
f 9 1 55809
f 26288 29376 41671
f 38645 22591 1991
f 9 26369 9
f 9 1 54529
f 26255 22720 41860
f 38643 54591 1941
f 9 28161 9
f 9 1 1
f 28526 44480 41402
f 9104 25151 15267
f 1 42753 1
f 9 1 56577
f 28504 48320 41526
f 9121 45887 15229
f 9 26881 9
f 1 1 55297
f 23964 25792 65145
f 30361 12606 26373
f 1 28417 9
f 2 513 61953
f 23986 23744 65060
f 30800 34110 26360
f 2 35329 1
f 1 513 56065
f 24088 50880 65175
f 11881 32317 29877
f 1 34049 1
f 2 513 56065
f 24088 29888 65176
f 11900 1597 29877
f 2 29185 2
f 1 513 61953
f 24059 53952 65146
f 2059 57918 28330
f 9 34817 1
f 1 513 55297
f 24051 42176 65175
f 1877 54590 28336
f 1 29185 2
f 32770 566 54336
f 23823 25536 64889
f 50526 41534 23632
f 2 42753 1
f 1 513 49665
f 23779 62144 65057
f 50173 29246 23649
f 1 28673 2
f 2 513 56833
f 33149 52284 32762
f 22487 15933 10300
f 2 29953 2
f 2 257 56321
f 63288 31291 32764
f 15857 25661 9242
f 2 30465 2
f 2 257 49665
f 51484 315 32767
f 64165 34108 8025
f 2 30465 2
f 2 257 56321
f 13117 25403 32766
f 4570 58941 8126
f 2 30977 2
f 2 257 55297
f 13141 25403 32766
f 4570 65341 8126
f 2 30977 2
f 2 257 37377
f 58937 34875 32765
f 9743 51005 8792
f 2 31489 2
f 2 257 54785
f 4521 6972 32761
f 31662 36157 10404
f 2 31489 2
f 2 257 54273
f 33143 52540 32762
f 22488 3389 10300
f 2 29953 2
f 2 257 32769
f 57089 25145 32768
f 36340 24380 6700
f 2 32001 2
f 2 257 56833
f 55307 34874 32768
f 30426 29500 6639
f 2 30977 2
f 2 257 56321
f 55259 34874 32768
f 30426 22844 6639
f 2 30977 2
f 2 257 32769
f 43178 42553 32768
f 22195 7996 6410
f 2 32513 2
f 2 257 56833
f 42560 54466 42560
f 13697 24376 5509
f 243 32769 2
f 2 257 56065
f 4256 63546 32767
f 47134 572 7054
f 2561 10497 2561
f 2 257 27905
f 63568 13114 32768
f 41344 6716 6976
f 2 33281 2562
f 2561 2049 55809
f 63568 13114 32768
f 41344 6716 6976
f 2 33281 2562
f 2 257 54785
f 57096 25145 32768
f 36340 24636 6700
f 2 32001 2
f 2 257 34305
f 11382 47676 32755
f 41840 317 11819
f 2561 9473 2561
f 2562 2049 57089
f 37900 34108 32758
f 36281 24125 11676
f 2562 33793 2562
f 2561 2049 55809
f 37903 34364 32758
f 36280 32573 11676
f 2562 33793 2562
f 2562 2049 38913
f 4515 6972 32761
f 31662 29757 10404
f 2 31489 2
f 2 257 55553
f 58925 34875 32765
f 9743 44349 8792
f 2 31489 2
f 2562 2049 55809
f 22893 35131 32764
f 16077 19517 8921
f 2 33281 2
f 2 257 37889
f 22893 35131 32764
f 16077 19517 8921
f 2561 33281 2
f 2562 2049 55297
f 1224 12604 32763
f 22437 17725 9726
f 2 9473 2561
f 2561 2049 54785
f 46525 44862 32509
f 40693 48316 29166
f 2 34305 2
f 2 513 29441
f 39389 38718 32583
f 8431 27580 26011
f 2 34817 2
f 2 513 55297
f 60050 37182 32306
f 64448 39357 27937
f 2 35329 2
f 2 513 55041
f 52109 41278 32426
f 48864 54973 26053
f 2 35841 2
f 2 513 29185
f 45542 57918 32516
f 15717 14269 26427
f 2 34049 2
f 2 513 42753
f 53597 40510 32417
f 32758 11709 29553
f 2 35841 2
f 2 513 41729
f 34286 28478 32628
f 17064 39484 24911
f 1 46337 1
f 2 513 61953
f 39856 15934 32579
f 297 54076 27636
f 2 34561 2
f 1 2817 43009
f 28422 64832 36657
f 25862 4031 16912
f 2 36353 2
f 9 1 43009
f 28403 10304 36786
f 25859 9919 16903
f 9 36865 9
f 9 1 61953
f 25293 4416 36352
f 48728 7871 877
f 9 37377 9
f 9 1 41985
f 25274 18496 36508
f 48702 30399 887
f 9 37889 9
f 9 1 41473
f 27090 50496 36656
f 38790 61887 9510
f 9 36097 9
f 9 1 61953
f 27112 33088 36506
f 38796 42175 9518
f 9 37889 2
f 2 1 43521
f 29248 10304 36892
f 8960 61375 22834
f 1 48385 62019
f 2 1 42753
f 29263 34624 36789
f 8955 63679 22843
f 2 36609 9
f 1 1 49665
f 4522 63038 32725
f 58232 53308 17465
f 9 38145 9
f 2 769 41729
f 43839 3389 32754
f 36801 56380 12466
f 2 25089 9
f 9 769 41217
f 32222 5438 32635
f 32397 27325 17424
f 9 25601 9
f 9 769 37377
f 18608 62526 32689
f 21048 3004 17978
f 9 38913 2
f 9 769 42497
f 2247 28222 32732
f 20647 46267 14302
f 2 24321 9
f 9 769 42497
f 19939 10558 32686
f 24769 63546 19538
f 9 38913 9
f 9 769 37377
f 12593 47933 32763
f 55580 63804 10340
f 1 32513 1
f 9 769 43521
f 46292 41533 32749
f 9942 23869 14597
f 9 38401 2
f 1 769 42753
f 59500 56895 25603
f 53253 12733 6369
f 2 45825 1
f 1 2817 32769
f 59801 34111 25526
f 53523 6589 6513
f 1 30465 2
f 2 513 41729
f 59497 8511 25627
f 46735 32700 7717
f 2 32769 2
f 1 513 41217
f 59494 56127 25627
f 46728 7356 7716
f 1 45313 2562
f 2 513 53505
f 59571 27455 25601
f 28854 60605 7142
f 1 30721 2562
f 2 513 42753
f 59465 25919 25628
f 28799 17853 7090
f 2 45313 2562
f 1 513 42241
f 59627 9279 25533
f 10230 5822 5322
f 2 30465 2
f 1 2817 53761
f 60212 60223 25380
f 10857 2238 5576
f 1 46593 1
f 2 513 42753
f 60381 16319 24822
f 65475 31038 27993
f 2 34049 2
f 2 513 41729
f 61574 9407 24487
f 484 35903 30204
f 9 38401 2
f 2 513 57601
f 54357 959 25549
f 17120 48447 49471
f 9 38657 9
f 2 2817 43009
f 55788 47039 25143
f 18343 27455 53216
f 2 35073 2
f 2 2817 43009
f 59008 37567 24790
f 9491 57407 13061
f 2 38145 2
f 2 2817 58113
f 57625 26047 25177
f 8660 36671 10789
f 2 35073 2
f 2 513 41729
f 63419 16063 24254
f 49369 25406 38644
f 1 50177 1
f 2 513 41473
f 62498 54463 24514
f 48847 34622 37711
f 2 34817 2
f 1 513 58625
f 37188 51003 32768
f 7355 21564 11172
f 2 47361 1
f 1 1 43521
f 35578 3132 32768
f 23499 22588 12294
f 1 39425 2
f 2 1 42753
f 5332 54455 42560
f 59837 57395 10220
f 2 39937 2
f 62019 1 55041
f 38628 54454 42560
f 9269 182 10221
f 62019 47617 1
f 9 1 41985
f 35610 58427 32768
f 50454 59 10915
f 1 39169 2
f 9 1 48897
f 52610 63032 32768
f 35009 4667 10508
f 2 47617 1
f 42560 54466 42560
f 11296 49725 32764
f 36680 34620 14300
f 1 40193 2
f 2 1 42241
f 35523 3900 32768
f 22278 56124 12271
f 2 48897 1
f 1 1 48385
f 27943 33088 48642
f 33670 37054 30494
f 42560 40642 2
f 2 2817 32769
f 27954 56384 48586
f 33653 21182 30504
f 2 64001 1
f 1 513 38145
f 28081 63552 48657
f 15031 48061 33501
f 1 62721 42560
f 2 513 34305
f 28081 51008 48658
f 15026 46781 33501
f 2 41217 42498
f 1 2817 32513
f 28045 25920 48643
f 4203 54462 32594
f 2 63489 1
f 1 2817 49153
f 28042 13888 48658
f 4217 60606 32591
f 1 41217 42498
f 2 513 38913
f 27732 46144 48585
f 53481 8382 27582
f 1 64001 1
f 2 2817 32769
f 27752 25408 48481
f 53536 45246 27587
f 2 41473 2
f 1 513 49921
f 29039 40768 42722
f 34517 64446 30732
f 2 39169 2
f 2 1 47873
f 29048 42560 42671
f 34512 46014 30738
f 2 41985 2
f 42498 54466 42560
f 29183 26432 42734
f 15888 53437 33671
f 42498 42690 2
f 2 1 1
f 29182 40768 42737
f 15880 47293 33671
f 2 39681 9
f 2 1 1
f 29144 54592 42723
f 5085 38334 32829
f 2 41729 42498
f 2 1 1
f 29142 64 42737
f 5090 49598 32828
f 42498 39874 2
f 2 1 1
f 28832 49728 42593
f 54838 64446 27748
f 2 42753 2
f 2 1 1
f 28818 42560 42669
f 54836 41406 27741
f 2 39425 2
f 2 1 1
f 3924 61376 20766
f 3633 61503 37025
f 9 43009 9
f 2 1 1
f 4377 64704 20437
f 4001 64319 37863
f 2 26881 9
f 9 1 1
f 951 4544 21532
f 25151 46143 65489
f 9 27905 9
f 9 1 1
f 1493 3776 21125
f 26130 4671 1292
f 9 43777 2
f 9 1 1
f 3118 15296 20755
f 14994 49471 23512
f 9 26625 9
f 9 1 1
f 2593 57024 21136
f 14386 19775 21794
f 9 43777 2
f 9 1 1
f 5254 48064 20195
f 53258 9790 45824
f 62019 35841 1
f 9 1 1
f 4906 60096 20448
f 52909 41022 45118
f 9 43265 2
f 62019 1 1
f 1643 28734 32733
f 14782 188 19332
f 9 36097 9
f 9 1 1
f 41941 58685 32755
f 55602 49081 16681
f 9 43265 2
f 9 1 1
f 30034 19518 32638
f 41823 21181 21033
f 9 43521 9
f 9 1 1
f 14657 5950 32696
f 23232 15293 19207
f 9 37121 9
f 2 1 1
f 886 18494 32734
f 45362 9404 18279
f 2 43009 9
f 2 1 1
f 16065 51518 32694
f 8077 28605 20857
f 9 37121 2
f 9 1 2561
f 10188 23613 32765
f 9128 33340 14827
f 62019 59137 62019
f 2 1 1
f 42462 34621 32755
f 37749 46651 17133
f 9 36865 9
f 62019 1 1
f 3631 14400 21680
f 5181 15294 11641
f 9 44289 2
f 2 2817 1
f 3747 20288 21602
f 5125 52670 11754
f 2 44801 2
f 2 2817 1
f 3667 39744 21705
f 57234 48060 13681
f 2 45313 2
f 2 2817 1
f 3667 52800 21705
f 57227 32700 13681
f 2 45825 2
f 2 2817 1
f 3686 4672 21679
f 42133 12221 12807
f 2 44033 2
f 2 2817 1
f 3646 60736 21705
f 42252 29117 12765
f 2 45825 9
f 2 2817 1
f 3852 19264 21450
f 28071 23230 10285
f 2 46337 2
f 2 2817 1
f 3622 26176 21605
f 27933 43710 10077
f 2 44545 2
f 2 2817 1
f 30942 23234 13697
f 28683 2239 17189
f 2 46849 2
f 2 2817 1
f 30942 23234 13697
f 28683 2239 17189
f 2 47361 2
f 2 2817 1
f 27625 23234 13697
f 50902 11967 480
f 2 47873 2
f 2 2817 1
f 27625 23234 13697
f 50902 11967 480
f 2 48385 2
f 2 2817 1
f 29547 23234 13697
f 40590 25023 9475
f 2 46593 2
f 2 2817 1
f 29547 23234 13697
f 40590 25023 9475
f 2 48385 2
f 2 2817 1
f 31846 23234 13697
f 11058 29375 23390
f 1 64257 1
f 2 2817 1
f 31846 23234 13697
f 11058 29375 23390
f 2 47105 2
f 1 513 1
f 16231 65344 10628
f 20051 64958 22128
f 2 44033 2
f 2 2817 1
f 16289 16192 10563
f 19996 45502 22183
f 2 40705 42498
f 2 513 1
f 16319 62016 10650
f 5788 27837 25026
f 42498 41154 2
f 2 513 1
f 16319 8768 10651
f 5786 20669 25026
f 2 45057 2
f 2 513 1
f 16309 29504 10628
f 58299 20925 23764
f 9 40449 2
f 2 513 1
f 16289 65088 10650
f 58383 9917 23744
f 42498 45250 2
f 2 2817 1
f 16118 9536 10565
f 41986 54462 19887
f 2 40705 42498
f 2 2817 1
f 16232 41536 10432
f 42193 60606 19958
f 2 46337 2
f 2 2817 1
f 29001 51520 30884
f 27411 57791 13116
f 2 24321 9
f 2 2817 1
f 29013 43840 30681
f 27433 13247 13130
f 9 47105 2
f 2 2817 1
f 25730 20800 31326
f 49651 18111 59215
f 2 48129 2
f 2 2817 1
f 25746 40768 31071
f 49656 34239 59263
f 2 25345 2
f 2 2817 1
f 27635 49216 30864
f 39672 26815 5612
f 9 46849 2
f 2 2817 1
f 27622 59456 31088
f 39658 12479 5599
f 2 25345 2
f 2 2817 1
f 29911 48704 30547
f 10292 5311 19186
f 1 64513 1
f 2 2817 1
f 29901 49984 30702
f 10276 24255 19175
f 2 25089 9
f 1 513 1
f 50152 58943 27761
f 49851 29117 1618
f 2 41729 42498
f 2 2817 1
f 50471 45119 27695
f 49752 62909 1777
f 2 44545 9
f 2 2817 1
f 50146 29759 27782
f 39381 32188 2916
f 2 45569 2
f 2 2817 1
f 50146 25407 27782
f 39385 41148 2916
f 2 42241 2
f 9 2817 1
f 50224 51775 27760
f 23056 445 2376
f 2 44289 2
f 9 2817 1
f 50118 37695 27782
f 23316 14013 2320
f 2 42241 2
f 42498 3010 1
f 50307 43583 27698
f 6991 42174 683
f 2 44545 42498
f 2 2817 1
f 50932 31039 27565
f 7926 26558 925
f 2 42753 2
f 2 2817 1
f 31535 54719 40023
f 27532 51264 28944
f 2 48897 2
f 2 1 1
f 31517 64959 39803
f 27570 10560 29015
f 2 49409 2
f 2 1 1
f 53165 10175 40383
f 23630 6720 3781
f 61954 50163 61954
f 2 1 1
f 53179 7871 40076
f 23681 38720 3853
f 2 50433 2
f 61954 62195 62195
f 42352 47807 39931
f 25952 45376 17087
f 2 48641 2
f 61954 62195 62195
f 42360 7103 40204
f 25904 62016 17000
f 61954 50675 2
f 2 1 1
f 13440 20671 39728
f 28608 53568 35964
f 62195 1523 1
f 2 1 1
f 13455 10431 39868
f 28585 50240 35941
f 2 49153 2
f 62019 1 1
f 32444 36927 38754
f 27679 12480 26828
f 2 50945 2
f 2 1 1
f 32523 26943 38545
f 27707 63168 26838
f 2 51457 2
f 61954 62195 62195
f 53777 12095 39092
f 23712 52416 1435
f 61954 52211 61954
f 61954 62195 62195
f 53723 29503 38781
f 23779 6080 1591
f 61954 52723 61954
f 61954 62195 62195
f 42910 41535 38654
f 26064 21696 14828
f 2 50689 61954
f 61954 62195 62195
f 42866 51775 38916
f 26029 28608 14808
f 61954 52723 2
f 2 1 1
f 14311 63295 38462
f 28768 45760 34924
f 17149 4595 243
f 2 1 1
f 14242 11839 38616
f 28747 48832 34923
f 2 51201 2
f 62019 1 1
f 49514 15166 31814
f 4311 42687 46118
f 2 52993 2
f 2 2817 1
f 52312 55358 31623
f 8421 23231 28785
f 2 53505 2
f 2 2817 1
f 6821 58431 31833
f 38978 51902 21544
f 2 54017 2
f 2 2817 1
f 8702 43327 31625
f 51268 46270 15387
f 2 54529 2
f 2 2817 1
f 932 55615 31651
f 1689 58559 41120
f 2 52737 2
f 2 2817 1
f 63241 31038 31872
f 58905 59582 49204
f 2 54529 2
f 2 2817 1
f 39260 14654 31574
f 13031 13247 46790
f 1 12545 1
f 2 2817 1
f 37505 20542 31721
f 9987 31679 40487
f 2 53249 2
f 1 513 1
f 19409 12479 39254
f 28385 59712 34571
f 2 55041 2
f 2 1 1
f 19292 23743 39470
f 28356 32064 34580
f 2 55553 2
f 2 1 1
f 43487 62143 38852
f 25925 16704 16697
f 2 56065 2
f 2 1 1
f 43438 33471 39162
f 25883 36672 16688
f 2 56577 2
f 2 1 1
f 34597 6079 39326
f 27308 49472 26851
f 2 54785 2
f 2 1 1
f 34677 6335 39062
f 27340 832 26818
f 2 56577 2
f 2 1 1
f 3855 60095 39582
f 29034 53568 38753
f 42560 14786 17149
f 2 1 1
f 3936 26047 39423
f 29057 43584 38749
f 2 55297 2
f 62019 1 1
f 56596 6974 31167
f 17408 62143 23768
f 2 56833 2
f 2 769 1
f 64777 49726 30871
f 20826 49087 14586
f 2 49409 2
f 2 769 1
f 18111 25919 30871
f 3747 51647 15205
f 2 49665 61954
f 2 769 1
f 12044 13631 31300
f 64427 54974 11028
f 2 57601 2
f 2 769 1
f 8486 53055 30908
f 13535 40383 30172
f 2 48641 2
f 61954 1011 1
f 3460 33855 31272
f 9542 49343 18297
f 2 57345 2
f 61954 1011 1
f 49171 53054 30814
f 25822 62655 1527
f 32859 1334 1
f 2 769 1
f 42667 44606 31034
f 23214 3263 3628
f 2 57089 2
f 32859 822 1
f 17575 28991 18533
f 6025 56256 2127
f 2 52737 2
f 2 2817 1
f 18043 63807 18103
f 6549 14528 2749
f 2 57089 2
f 2 2817 1
f 41432 45119 19207
f 1357 58304 18553
f 2 57601 2
f 2 2817 1
f 41902 20031 18581
f 2152 49600 21906
f 2 53761 2
f 2 2817 1
f 33371 59199 18338
f 4713 20928 50606
f 2 56833 2
f 2 2817 1
f 32994 25919 18876
f 4053 10432 49193
f 2 53761 2
f 2 2817 1
f 4119 37183 17911
f 7749 29376 11203
f 1 16385 32859
f 2 2817 1
f 3857 58943 18226
f 7367 33472 10712
f 2 53505 2
f 1 513 1
f 25378 34367 14550
f 10183 55488 2227
f 2 57857 2
f 2 1 1
f 25810 8511 14099
f 10638 3264 2738
f 2 51201 2
f 2 1 1
f 47025 30527 15165
f 5241 57792 11514
f 61954 52467 61954
f 2 1 1
f 47325 48191 14509
f 5962 10944 14885
f 2 58625 61954
f 2 1 1
f 38045 35135 14302
f 8676 13248 48813
f 2 50945 2
f 2 1 1
f 37716 60735 14864
f 8105 10432 47639
f 61954 58867 2
f 2 1 1
f 10332 41535 13935
f 11929 14784 12037
f 17149 4851 62019
f 2 1 1
f 10067 59967 14264
f 11598 55488 11644
f 2 58113 2
f 62019 1 1
f 1233 44095 31074
f 15722 4543 37632
f 2 54785 2
f 2 1 1
f 2467 20543 30810
f 20193 45503 18472
f 2 58113 2
f 2 1 1
f 18997 33855 31075
f 57482 53438 33468
f 61954 58611 2
f 2 1 1
f 21215 46399 30755
f 2492 44991 28385
f 2 55809 2
f 2 1 1
f 11616 23615 30820
f 12575 11455 57349
f 2 57857 2
f 2 1 1
f 9691 63295 31130
f 7102 1983 659
f 61954 56051 2
f 2 1 1
f 54170 24126 30773
f 25438 16831 46414
f 17149 25587 62019
f 2 1 1
f 52737 20286 30975
f 22140 16575 39049
f 2 55553 2
f 62019 1 1
f 28683 191 1
f 30942 44738 34560
f 2 59137 2
f 2 2817 1
f 28683 191 1
f 30942 44738 34560
f 2 59649 2
f 2 2817 1
f 50902 191 1
f 27625 31170 12850
f 2 60161 2
f 2 2817 1
f 50902 191 1
f 27625 31170 12850
f 2 60673 2
f 2 2817 1
f 40590 191 1
f 29547 10946 25087
f 2 58881 2
f 2 2817 1
f 40590 191 1
f 29547 10946 25087
f 2 60673 2
f 2 2817 1
f 11059 191 1
f 31846 12738 39422
f 1 30465 243
f 2 2817 1
f 11059 191 1
f 31846 12738 39422
f 2 59393 2
f 1 513 1
f 31380 58047 27338
f 28974 28736 31422
f 2 48641 2
f 2 513 1
f 31350 9919 27099
f 28990 5952 31464
f 2 59393 2
f 2 2817 1
f 53071 32191 27757
f 25214 64 6494
f 2 60417 2
f 2 2817 1
f 53082 11711 27392
f 25236 21056 6520
f 2 49665 61954
f 2 2817 1
f 42275 62399 27233
f 27425 48192 19612
f 2 59137 61954
f 2 2817 1
f 42292 25023 27536
f 27403 18496 19560
f 2 49665 2
f 2 2817 1
f 13224 10175 26994
f 29998 36672 37177
f 1 30721 1
f 2 2817 1
f 13251 30143 27174
f 29986 13376 37161
f 2 49409 2
f 1 513 1
f 22638 46527 59456
f 23972 17216 40746
f 2 61185 2
f 2 2817 1
f 22519 9663 59143
f 24061 46400 40870
f 2 61697 2
f 2 2817 1
f 45449 37055 60184
f 20834 41024 27566
f 2 62209 2
f 2 2817 1
f 45623 53951 59790
f 20907 2368 27593
f 2 62721 2
f 2 2817 1
f 36406 48063 59440
f 22733 23616 35768
f 2 60929 2
f 2 2817 1
f 36448 40127 59806
f 22628 55872 35635
f 2 62721 2
f 2 2817 1
f 6793 35775 58920
f 24932 27456 45283
f 1 37633 1
f 2 2817 1
f 6929 40639 59159
f 24865 42816 45177
f 2 61441 2
f 1 513 1
f 26927 17470 30810
f 29068 5055 25216
f 1 41729 2562
f 42498 2242 1
f 23981 63038 30861
f 28387 24767 25273
f 42498 63426 2562
f 2562 2049 61953
f 37545 3390 30844
f 27442 11967 15151
f 42498 63426 2562
f 42498 2242 1
f 38678 7742 30926
f 25854 45247 11131
f 42498 63938 42498
f 42498 2242 1
f 38678 7486 30926
f 25854 49343 11131
f 42498 63938 42498
f 42498 2242 1
f 41308 53310 30830
f 27049 22975 10989
f 42498 64450 42498
f 42498 2242 1
f 29045 3134 30859
f 28128 27839 22481
f 2562 64257 42498
f 42498 2242 1
f 26927 16958 30810
f 29068 5823 25216
f 42498 41922 2562
f 2562 2049 61953
f 54725 32318 31021
f 20779 47039 41257
f 9 65011 9
f 42498 2242 1
f 55650 33342 31212
f 16742 64703 16896
f 42498 65474 42498
f 42498 2242 1
f 55649 34110 31212
f 16742 24255 16896
f 3 65281 9
f 42498 2242 1
f 62464 41790 30986
f 19306 10943 12851
f 42498 450 3
f 3 2049 1
f 50541 45374 31033
f 21569 4287 51214
f 42498 450 3
f 42498 2242 1
f 49176 19262 30898
f 24352 15295 63776
f 42498 63938 42498
f 42498 2242 1
f 49176 19262 30898
f 24352 8639 63776
f 42498 63938 42498
f 42498 2242 1
f 45175 35134 31042
f 22575 18111 63964
f 42498 64962 42498
f 42498 2242 1
f 63900 51262 31185
f 14765 10431 2115
f 3 769 3
f 3 2049 1
f 3159 52287 30922
f 17497 17855 14482
f 3 1281 3
f 3 2049 1
f 57065 42302 31012
f 20335 11199 35685
f 3 1281 3
f 3 2049 1
f 55213 47422 30869
f 23475 18879 49928
f 3 1793 3
f 3 2049 1
f 55213 48702 30869
f 23475 46783 49927
f 42498 1986 3
f 3 2049 1
f 50541 45374 31033
f 21569 4287 51214
f 3 2049 42499
f 42498 2242 1
f 62464 41790 30986
f 19306 11199 12851
f 3 2049 42499
f 3 2049 1
f 63900 51774 31185
f 14765 48319 2113
f 3 769 3
f 3 2049 1
f 33989 26686 30853
f 27811 22975 19080
f 2562 2049 3
f 3 2049 1
f 32550 63550 30800
f 28866 50111 22197
f 3 42753 2561
f 2562 2049 1
f 32550 62270 30800
f 28866 5055 22198
f 2562 42753 2561
f 3 2049 1
f 29045 2622 30859
f 28128 40639 22481
f 3 64257 42498
f 2562 2049 61953
f 41308 52542 30830
f 27049 35519 10989
f 42498 64450 42498
f 3 2049 1
f 42757 39742 30918
f 25273 6847 6469
f 3 1793 42499
f 42498 2242 1
f 42757 38718 30918
f 25274 28607 6469
f 3 1793 42499
f 3 2049 1
f 45887 5182 30810
f 26565 30911 5919
f 3 2049 3
f 3 2049 1
f 6725 45887 20210
f 4527 37824 13284
f 42498 2754 3
f 3 513 1
f 7173 21823 19858
f 4993 62400 14008
f 3 63233 42498
f 42498 3010 1
f 28909 62271 20974
f 1423 25536 61274
f 42498 64706 42498
f 3 513 1
f 29824 28479 20536
f 2001 41920 62761
f 3 3329 42499
f 42498 706 1
f 18491 33855 20174
f 3674 64960 6528
f 3 63489 42498
f 42498 706 1
f 17809 27455 20574
f 3146 25280 5785
f 42498 3522 42499
f 3 513 1
f 58775 33598 19614
f 5926 10944 20607
f 1 40961 2562
f 42498 706 1
f 58275 42302 19889
f 5562 39616 19997
f 42498 3010 3
f 1 513 1
f 24919 830 31254
f 21385 57791 6581
f 3 3841 3
f 61955 1 1
f 30386 34366 31071
f 24368 61375 10047
f 61955 4353 61955
f 61955 1 1
f 41535 4158 31636
f 11097 36287 1704
f 61955 4865 61955
f 61955 1 1
f 43408 318 31439
f 15085 10175 26211
f 61955 5377 61955
f 61955 1 1
f 38682 29758 31245
f 19995 8639 56239
f 61955 3585 61955
f 61955 1 1
f 35104 2622 31445
f 16633 27071 49197
f 61955 5377 3
f 3 1 1
f 15420 65086 30932
f 27659 63423 23284
f 62019 54017 62019
f 3 1 1
f 11517 23358 31079
f 25329 4799 20445
f 3 4097 61955
f 62019 1 1
f 25713 23871 45211
f 26984 41408 42790
f 61955 5889 61955
f 3 513 1
f 25765 56127 45011
f 27018 21952 42819
f 3 6401 3
f 3 513 1
f 48135 6463 45647
f 23756 62400 30534
f 3 6913 3
f 3 513 1
f 48157 58175 45404
f 23800 11456 30617
f 3 7425 3
f 3 513 1
f 38521 28479 45194
f 25657 24512 37476
f 3 5633 3
f 3 513 1
f 38487 14911 45420
f 25619 41664 37446
f 3 7425 61955
f 61955 513 1
f 9163 37695 44876
f 27909 56512 47443
f 1 56577 1
f 61955 513 1
f 9128 40511 45028
f 27882 57280 47420
f 61955 6145 3
f 1 513 1
f 26345 63807 40011
f 27865 59840 43844
f 61955 3585 61955
f 3 1 1
f 26376 48703 39843
f 27891 18112 43869
f 3 7937 3
f 3 1 1
f 48736 6207 40363
f 24625 45504 32381
f 3 8449 61955
f 61955 1 1
f 48755 36671 40159
f 24657 42176 32440
f 61955 4609 61955
f 61955 1 1
f 38963 47679 39998
f 26524 35008 38462
f 3 7681 3
f 61955 1 1
f 38943 23359 40170
f 26498 44736 38439
f 3 4609 61955
f 61955 1 1
f 9548 25151 39742
f 28781 34752 48543
f 62019 58113 1
f 61955 1 1
f 9531 31807 39856
f 28763 2496 48526
f 61955 4353 3
f 62019 1 1
f 9610 3391 16236
f 9439 15552 22340
f 3 8961 3
f 61955 513 1
f 10028 41023 15910
f 9788 29888 22874
f 61955 9473 61955
f 61955 513 1
f 33992 9023 16976
f 6370 13504 5472
f 3 9985 3
f 61955 513 1
f 34302 1855 16573
f 6810 192 6107
f 61955 10497 61955
f 61955 513 1
f 22863 62527 16215
f 8490 39872 14750
f 61955 8705 61955
f 61955 513 1
f 22255 46143 16592
f 8090 62656 14190
f 3 10497 3
f 3 513 1
f 62064 58174 15678
f 10681 11712 29962
f 1 61697 1
f 3 513 1
f 61547 53822 15928
f 10412 45760 29522
f 3 9217 61955
f 1 513 1
f 17935 46655 6241
f 18346 48576 35018
f 3 8705 3
f 3 513 1
f 18156 21311 5994
f 18520 38080 35155
f 3 6145 61955
f 61955 513 1
f 41278 57919 6813
f 15215 39104 17652
f 3 7169 3
f 61955 513 1
f 41426 43071 6499
f 15441 33472 18001
f 61955 9729 61955
f 61955 513 1
f 33331 33343 6224
f 17201 1216 28125
f 3 5889 61955
f 61955 513 1
f 33172 15679 6516
f 16999 48064 27832
f 3 9729 61955
f 61955 513 1
f 3918 29759 5819
f 19405 30144 39246
f 1 56833 1
f 3 513 1
f 3778 19263 6010
f 19269 44992 39133
f 3 9473 3
f 1 513 1
f 1772 44863 22604
f 1209 8128 9000
f 61955 7681 3
f 3 513 1
f 2361 47935 22269
f 1711 47552 9758
f 61955 9217 3
f 3 513 1
f 21601 27967 23362
f 61959 37055 54980
f 3 10241 61955
f 3 513 1
f 22518 59967 22952
f 63222 47295 56731
f 3 8193 61955
f 61955 513 1
f 12510 63039 22585
f 442 8896 2856
f 61955 8961 61955
f 61955 513 1
f 11647 27455 22971
f 65266 7871 2064
f 3 8193 61955
f 3 513 1
f 51328 12350 22029
f 2605 16832 15808
f 1 61953 1
f 61955 513 1
f 50615 37182 22286
f 2219 37568 15184
f 61955 7937 61955
f 1 513 1
f 26508 41022 30811
f 29071 11199 25419
f 3 11009 3
f 3 2049 1
f 31049 3390 30759
f 29650 15551 24164
f 3 11521 3
f 3 2049 1
f 8501 27966 30798
f 30193 7615 34383
f 3 11521 3
f 3 2049 1
f 5778 46654 30779
f 30602 4031 35379
f 3 12033 3
f 3 2049 1
f 5778 46654 30779
f 30602 5311 35379
f 3 12033 3
f 3 2049 1
f 3219 22590 30803
f 30316 8127 35766
f 3 12545 3
f 3 2049 1
f 23060 24894 30776
f 29846 59071 28361
f 3 12545 3
f 3 2049 1
f 26508 40766 30811
f 29071 19391 25419
f 3 11009 3
f 3 2049 1
f 35033 45117 30790
f 31006 57535 40878
f 3 13057 3
f 3 2049 1
f 37097 10813 30797
f 30884 14527 40523
f 3 12033 3
f 3 2049 1
f 37097 10813 30797
f 30884 14015 40523
f 3 12033 3
f 3 2049 1
f 39516 6461 30789
f 30990 15295 40310
f 3 13569 3
f 3 2049 1
f 17563 4412 30794
f 31097 61631 44517
f 13057 14019 3
f 3 2049 1
f 30275 48957 30791
f 31017 48319 41323
f 2562 44289 2562
f 3 2049 1
f 33141 41021 30797
f 30911 5311 41031
f 3 14337 2563
f 2562 2049 1
f 33141 42557 30797
f 30910 50111 41030
f 3 14337 2563
f 3 2049 1
f 35033 45117 30790
f 31006 54463 40878
f 3 13057 3
f 3 2049 1
f 16807 23870 30787
f 29997 28095 31643
f 2562 43265 2562
f 3 2049 1
f 19494 28990 30820
f 29321 10687 29179
f 3 14849 2563
f 2562 2049 1
f 19494 29246 30820
f 29321 1983 29179
f 3 14849 2563
f 3 2049 1
f 23060 25918 30776
f 29846 42687 28361
f 3 12545 3
f 3 2049 1
f 3219 23358 30803
f 30316 63935 35765
f 3 12545 2563
f 3 2049 1
f 1118 57150 30785
f 30669 61375 36578
f 3 14337 3
f 3 2049 1
f 1118 55614 30785
f 30670 15039 36579
f 2562 14337 2563
f 3 2049 1
f 63715 4925 30806
f 30411 28607 36846
f 3 43265 2562
f 2562 2049 1
f 37376 59452 30662
f 32957 52287 58779
f 3 12033 1
f 1 513 1
f 34438 19004 30604
f 33406 4671 59396
f 1 11521 3
f 3 513 1
f 18737 55484 30686
f 32775 53567 56544
f 3 13825 3
f 1 513 1
f 18720 8380 30686
f 32780 52543 56553
f 1 11521 2561
f 3 513 1
f 44561 37818 30667
f 32926 50239 57495
f 1 11777 2563
f 3 513 1
f 34291 21946 30685
f 32789 42303 57299
f 3 11521 2561
f 1 513 1
f 41549 54076 30602
f 33415 54591 59626
f 3 11521 3
f 1 513 1
f 35686 33852 30484
f 34301 19007 60842
f 1 12801 1
f 3 513 1
f 20022 12094 30764
f 30208 63423 25787
f 3 13569 1
f 62019 1 1
f 16867 14142 30831
f 29279 2495 25897
f 62019 15361 3
f 3 1 1
f 17550 572 30794
f 31098 54719 42233
f 3 15873 42499
f 42560 2754 1
f 17617 4412 30794
f 31097 1215 42232
f 42560 14018 42560
f 3 1 1
f 46697 14909 30806
f 30640 7359 36862
f 1 15105 42499
f 3 1 1
f 49258 39485 30784
f 30956 52415 36789
f 3 13825 42560
f 42560 2754 1
f 37832 47166 30886
f 26671 59839 9167
f 62019 16129 61955
f 3 1 1
f 40421 318 30753
f 28505 8127 9494
f 3 15105 1
f 62019 1 1
f 22514 28606 53215
f 27025 10304 43520
f 243 16385 3
f 3 513 1
f 22661 35518 53136
f 27042 31296 43523
f 3 30209 1
f 1 513 1
f 14358 35005 53232
f 27116 5952 46280
f 1 28929 243
f 3 513 1
f 14364 19645 53233
f 27116 57408 46279
f 3 17153 3
f 1 2817 1
f 63583 11965 53207
f 27093 64064 45019
f 3 29697 1
f 1 2817 1
f 63473 3773 53235
f 27087 64320 45018
f 1 17153 3
f 3 513 1
f 44451 42174 53157
f 26879 56640 41356
f 243 30209 1
f 3 513 1
f 44430 53438 53002
f 26914 40256 41384
f 3 17409 3
f 243 513 1
f 25185 41406 46292
f 28438 42304 44190
f 3 15105 3
f 3 1 1
f 25258 20158 46228
f 28450 33856 44194
f 3 17921 3
f 3 1 1
f 15460 6077 46301
f 28539 60480 47105
f 3 18433 3
f 42499 49602 49602
f 15475 9661 46305
f 28538 8768 47105
f 42499 15810 3
f 42499 49602 49602
f 324 61118 46285
f 28512 44352 45778
f 3 17665 3
f 42499 49602 49602
f 302 35262 46306
f 28508 22080 45777
f 3 15617 3
f 3 1 1
f 46518 32190 46126
f 28300 47424 41942
f 61955 18689 3
f 3 49409 49602
f 46444 38334 46245
f 28279 26944 41936
f 3 15361 3
f 3 49409 49602
f 27308 47163 27670
f 50686 36671 9375
f 3 19201 3
f 3 513 1
f 11525 24122 27584
f 51096 36671 9594
f 3 19713 3
f 3 513 1
f 39729 23228 27705
f 50516 15167 8517
f 3 20225 3
f 3 513 1
f 39709 1724 27705
f 50518 49727 8518
f 3 20737 3
f 3 513 1
f 20620 31932 27675
f 50661 19007 8830
f 3 18945 3
f 3 513 1
f 16512 27068 27704
f 50523 43327 8756
f 3 20737 3
f 3 513 1
f 9662 62908 27413
f 51892 575 9858
f 3 21249 3
f 3 513 1
f 33546 51131 27586
f 51084 51519 9436
f 3 19457 3
f 3 513 1
f 50783 49085 16421
f 10510 8256 33068
f 3 18945 3
f 3 513 1
f 51782 41661 16323
f 10620 31552 33120
f 3 16641 3
f 3 513 1
f 1282 53949 16445
f 10508 8256 34111
f 3 16897 3
f 3 513 1
f 1286 1213 16446
f 10508 59712 34110
f 3 19969 3
f 3 513 1
f 33836 57533 16415
f 10533 39488 33607
f 3 16385 3
f 3 513 1
f 33510 41149 16447
f 10497 41024 33590
f 3 19969 3
f 3 513 1
f 10000 27838 16344
f 10544 44352 31297
f 3 16641 3
f 3 513 1
f 10050 65470 16146
f 10767 32576 31626
f 3 21249 3
f 3 513 1
f 40534 11325 31881
f 9936 37951 44121
f 3 17665 3
f 3 513 1
f 38763 6973 31840
f 10945 34879 44678
f 3 19457 3
f 3 513 1
f 304 23996 31916
f 9378 4415 38173
f 3 20481 3
f 3 513 1
f 308 24252 31916
f 9377 46655 38172
f 3 18177 42499
f 3 513 1
f 54898 65084 31898
f 9771 24127 40692
f 3 19201 3
f 3 513 1
f 57303 48956 31912
f 9432 24895 40506
f 3 18177 3
f 3 513 1
f 57025 55613 31818
f 11134 7999 47050
f 3 19457 3
f 3 513 1
f 56797 61 31730
f 13181 58431 48590
f 3 18689 3
f 3 513 1
f 33976 15166 46290
f 28398 56000 56976
f 3 21761 3
f 3 49409 49602
f 33972 5182 46239
f 28408 2240 56985
f 3 22273 3
f 3 49409 49602
f 15453 38461 46303
f 28538 50624 60540
f 3 22785 3
f 3 49409 49602
f 15423 47677 46315
f 28536 26304 60539
f 3 23297 3
f 3 49409 49602
f 4535 58942 46290
f 28501 25536 58944
f 3 21505 3
f 3 49409 49602
f 4544 60222 46314
f 28497 14016 58940
f 3 23297 3
f 3 1 1
f 53998 13118 46138
f 28202 20672 54383
f 3 23809 3
f 3 1 1
f 53993 46142 46237
f 28183 62912 54368
f 3 22017 3
f 3 1 1
f 34582 9150 44618
f 28703 38464 58263
f 1 24065 3
f 3 1 1
f 34622 37566 44574
f 28710 33088 58264
f 3 37377 1
f 62019 1 1
f 15690 32189 44635
f 28847 19520 61902
f 1 38657 1
f 3 1 1
f 15687 10685 44635
f 28847 25664 61902
f 3 24833 3
f 1 1 1
f 5134 57534 44619
f 28809 46912 60271
f 3 36353 62019
f 1 1 1
f 5102 21694 44634
f 28806 45376 60271
f 1 24833 3
f 3 1 1
f 54988 59838 44489
f 28493 64576 55611
f 3 37633 1
f 1 1 1
f 54924 20926 44571
f 28480 2624 55609
f 1 24321 3
f 3 1 1
f 58768 47677 29914
f 38084 21695 50037
f 2563 50945 2562
f 2562 513 1
f 57526 44605 29970
f 37722 1215 49479
f 2562 25601 3
f 3 513 1
f 27617 7228 29902
f 38341 26303 56815
f 3 26113 3
f 1 513 1
f 27586 60476 29901
f 38342 18879 56818
f 1 51201 1
f 3 513 1
f 26938 43837 29919
f 38183 60351 53751
f 2562 25345 3
f 3 513 1
f 27810 43837 29900
f 38306 14015 53939
f 3 51201 1
f 1 513 1
f 11718 52286 30071
f 36798 64959 43915
f 1 26369 2563
f 3 513 1
f 13001 37694 29960
f 37526 61375 45028
f 3 51713 2562
f 1 513 1
f 36187 318 34642
f 30276 29120 56314
f 3 53505 62019
f 1 1 1
f 36166 31806 34674
f 30272 31424 56311
f 1 26881 3
f 3 1 1
f 16961 3133 34639
f 30434 14016 60143
f 3 27393 61955
f 62019 1 1
f 16945 49469 34636
f 30434 56768 60143
f 62019 52993 1
f 3 1 1
f 6669 36926 34644
f 30390 59840 58431
f 62019 26625 3
f 3 1 1
f 6683 57918 34635
f 30391 37568 58432
f 3 52993 1
f 62019 1 1
f 57373 33598 34723
f 30019 4288 53524
f 62019 27649 3
f 3 1 1
f 57402 39742 34669
f 30026 41664 53529
f 3 54529 1
f 62019 1 1
f 50694 62525 30804
f 30613 58559 38602
f 3 27905 3
f 32771 822 1
f 44546 59453 30852
f 29911 7871 38656
f 3 22273 3
f 3 769 1
f 17523 2876 30794
f 31098 63167 44518
f 3 22785 3
f 3 769 1
f 17542 3388 30794
f 31097 29887 44518
f 3 28673 3
f 3 769 1
f 14169 63037 30808
f 30797 191 42099
f 3 21505 3
f 3 769 1
f 19181 2109 30793
f 31036 54207 42026
f 3 28673 3
f 3 769 1
f 1607 20030 30939
f 28140 30655 34012
f 3 23809 3
f 3 769 1
f 6606 30526 30844
f 29521 17343 34184
f 3 28161 32771
f 3 769 1
f 30259 62141 29554
f 40496 12351 11981
f 3 25345 3
f 3 513 1
f 31436 54205 29495
f 40856 28735 12283
f 3 28161 32771
f 3 513 1
f 30791 15548 29572
f 40434 30015 13370
f 3 28417 3
f 3 513 1
f 30801 44732 29572
f 40432 52543 13367
f 3 25857 3
f 3 513 1
f 5350 22973 29553
f 40536 1855 12779
f 32771 27958 3
f 3 513 1
f 5056 4541 29573
f 40415 20799 12674
f 3 25857 3
f 3 513 1
f 53299 48573 29381
f 41460 39231 11576
f 32771 28982 3
f 3 513 1
f 51722 23229 29500
f 40750 64319 11005
f 3 25601 3
f 3 513 1
f 61094 59581 26129
f 57358 13631 29618
f 3 29185 3
f 3 1 1
f 61679 16317 26060
f 57641 34623 29850
f 3 24321 3
f 3 1 1
f 45113 15292 26153
f 57385 18495 32701
f 3 24577 3
f 3 1 1
f 45110 4028 26153
f 57386 65343 32701
f 3 29953 3
f 3 1 1
f 33987 33981 26129
f 57448 51519 31356
f 3 24065 3
f 3 1 1
f 33815 2493 26153
f 57351 12607 31276
f 3 29953 3
f 3 1 1
f 16846 42174 25919
f 58008 63807 27944
f 3 25089 3
f 3 1 1
f 16126 25534 26061
f 57441 33855 27494
f 3 29441 3
f 3 1 1
f 40869 47165 30807
f 30679 23999 37018
f 3 26625 3
f 3 1 1
f 40124 41021 30852
f 29962 36031 36387
f 3 29441 3
f 3 1 1
f 17511 10812 30794
f 31096 2751 41672
f 3 29697 3
f 3 1 1
f 17518 16956 30794
f 31094 22975 41670
f 3 27137 3
f 3 1 1
f 10420 60221 30808
f 30808 25279 39492
f 3 29185 3
f 3 1 1
f 10853 60221 30793
f 31046 48831 39705
f 3 27137 3
f 3 1 1
f 63373 15933 30850
f 29701 25023 33350
f 3 29441 3
f 3 1 1
f 62587 7485 30939
f 28247 20415 31201
f 3 27649 3
f 3 1 1
f 37165 16190 49575
f 32604 6592 59108
f 1 30465 3
f 3 513 1
f 37165 16190 49575
f 32604 6592 59108
f 3 56321 1
f 1 513 1
f 18793 16189 49575
f 32764 43968 63030
f 1 55041 1
f 3 513 1
f 18793 16189 49575
f 32764 43968 63030
f 3 31233 3
f 1 2817 2561
f 7842 16190 49575
f 32719 21184 61275
f 3 55809 1
f 1 2817 2561
f 7842 16190 49575
f 32719 21184 61275
f 1 31233 3
f 3 513 1
f 58988 16190 49575
f 32352 55488 56250
f 1 56321 1
f 3 513 1
f 58988 16190 49575
f 32352 55488 56250
f 3 31489 3
f 1 513 1
f 35344 22590 33561
f 30430 22464 58364
f 3 21505 3
f 3 513 1
f 35332 64574 33530
f 30434 49088 58368
f 3 30721 3
f 3 513 1
f 17071 49725 33564
f 30579 32704 62079
f 3 30977 3
f 3 513 1
f 17059 53053 33566
f 30578 31936 62079
f 3 22529 3
f 3 513 1
f 5982 31806 33562
f 30537 19392 60415
f 3 30465 3
f 3 513 1
f 5986 11326 33566
f 30537 43968 60414
f 3 22529 3
f 3 513 1
f 56125 12862 33529
f 30198 20928 55650
f 3 30721 3
f 3 513 1
f 56150 47678 33479
f 30205 48320 55651
f 3 23809 3
f 3 513 1
f 20335 17215 31383
f 59625 13117 59434
f 3 32001 3
f 2563 2049 1
f 33192 20287 30620
f 40501 32573 1295
f 2563 32513 2563
f 2563 2049 1
f 29446 52287 30895
f 42674 34876 62088
f 2563 32513 2563
f 2563 2049 1
f 29281 48447 30834
f 15664 54974 51998
f 2563 33025 2563
f 2563 2049 1
f 29281 48959 30834
f 15664 55486 51998
f 2563 33025 2563
f 2563 2049 1
f 17987 27199 31491
f 2373 16318 45563
f 2563 33537 2563
f 2563 2049 1
f 21709 26943 31323
f 44146 18877 50921
f 2563 33537 2563
f 2563 2049 1
f 20335 17471 31383
f 59625 13373 59434
f 3 32001 3
f 2563 2049 1
f 23905 3391 30872
f 53250 8894 36499
f 2563 34305 2563
f 2563 2049 1
f 21984 51007 30681
f 3424 18111 22185
f 2563 34817 2563
f 2563 2049 1
f 21984 50495 30681
f 3424 13247 22185
f 2563 34817 2563
f 2563 2049 1
f 14293 31551 31189
f 65049 9406 15038
f 2563 35329 2563
f 2563 2049 1
f 22170 30271 30938
f 55398 48318 34219
f 2563 35329 2563
f 2563 2049 1
f 23022 11071 31130
f 33549 52670 43388
f 2563 33025 2563
f 2563 2049 1
f 23022 11071 31130
f 33549 52926 43388
f 2563 33025 2563
f 2563 2049 1
f 33215 7231 30422
f 41035 22974 49357
f 2563 34305 2563
f 2563 2049 1
f 13130 41791 30951
f 7876 31679 65431
f 3 35585 3
f 2563 2049 1
f 6657 13119 31355
f 4363 25791 55784
f 2563 36097 3
f 3 2049 1
f 12962 54847 31223
f 565 33983 11559
f 2563 36097 3
f 2563 2049 1
f 13205 63807 31473
f 47981 24254 27115
f 2563 36609 2563
f 2563 2049 1
f 13205 63551 31473
f 47981 25022 27115
f 2563 36609 2563
f 2563 2049 1
f 22170 30271 30938
f 55398 49086 34219
f 2563 35329 2563
f 2563 2049 1
f 14293 32063 31189
f 65049 11710 15038
f 2563 35329 2563
f 2563 2049 1
f 13130 41535 30951
f 7876 26559 65431
f 3 35585 3
f 2563 2049 1
f 12091 33599 31708
f 22914 33982 37096
f 2563 37121 2563
f 2563 2049 1
f 10359 5183 31872
f 13162 24765 44316
f 2563 37633 2563
f 2563 2049 1
f 10359 5183 31872
f 13161 25021 44316
f 2563 37633 2563
f 2563 2049 1
f 21709 26943 31323
f 44147 18621 50921
f 2563 33537 2563
f 2563 2049 1
f 17987 26687 31491
f 2373 14782 45563
f 2563 33537 2563
f 2563 2049 1
f 18440 37439 31308
f 40317 46526 37103
f 2563 36609 2563
f 2563 2049 1
f 18440 37695 31308
f 40317 46782 37103
f 2563 36609 2563
f 2563 2049 1
f 8772 46143 31804
f 33581 3262 31914
f 2563 37121 2563
f 2563 2049 1
f 19918 48062 28151
f 47877 831 1672
f 2563 37889 2563
f 3 513 1
f 35841 5822 27543
f 50502 27967 1595
f 2563 32513 2563
f 3 513 1
f 28840 57021 29127
f 43038 2623 2030
f 2563 34049 2563
f 2 2817 1
f 56236 21181 28612
f 45803 22847 2724
f 2 38401 2563
f 2563 2817 1
f 11424 55486 28047
f 48535 41279 3033
f 2563 32769 3
f 2563 2817 1
f 55923 46781 28610
f 45813 33855 2748
f 2563 38401 2563
f 2563 2817 1
f 44107 39102 27770
f 48981 27967 63208
f 3 32513 2563
f 3 513 1
f 54357 12734 27127
f 51439 50751 62502
f 3 38657 2563
f 2563 513 1
f 36562 48959 30162
f 17838 28477 4564
f 3 39169 3
f 3 1 1
f 33018 56895 30617
f 2209 37182 3627
f 3 39681 3
f 3 1 1
f 29651 41535 30616
f 46633 27838 46305
f 3 40193 3
f 2 1 1
f 28237 40255 30854
f 28488 24510 50998
f 2 40449 3
f 3 1 1
f 31713 57407 30749
f 21230 13501 62752
f 3 38913 3
f 3 1 1
f 35368 13375 30296
f 4019 28350 63807
f 3 40449 3
f 3 1 1
f 31434 56639 30591
f 38371 32574 6562
f 3 40961 3
f 3 1 1
f 35984 34367 30152
f 23549 36670 7918
f 3 39425 3
f 3 1 1
f 64258 47039 51372
f 18251 27456 43896
f 3 41473 3
f 2563 513 1
f 64580 15039 50742
f 18308 10560 43469
f 2563 41985 2563
f 2563 513 1
f 48134 38847 51998
f 22367 59200 8944
f 3 60161 2
f 2563 513 1
f 48297 54207 51432
f 22464 23872 8928
f 2563 42753 2563
f 2563 513 1
f 56373 41919 51075
f 20602 6720 63962
f 2563 41217 2563
f 2563 513 1
f 56084 25791 51683
f 20532 37696 64292
f 2563 42753 2563
f 2563 513 1
f 3648 33984 50437
f 15533 56384 11193
f 3 43265 2563
f 2563 513 1
f 3478 42688 51075
f 15493 42560 12192
f 3 41729 2563
f 2563 513 1
f 649 61120 44868
f 18953 13376 40373
f 3 38913 3
f 3 1 1
f 758 35008 44375
f 18989 58944 40064
f 3 43777 3
f 3 1 1
f 50178 62655 45353
f 23369 34880 8077
f 3 44289 3
f 3 1 1
f 50311 62911 44908
f 23429 31040 8034
f 3 39937 3
f 3 1 1
f 58650 25791 44626
f 21428 26944 61306
f 3 43521 3
f 3 1 1
f 58449 11199 45114
f 21381 36928 61551
f 3 39937 3
f 3 1 1
f 4942 32960 44136
f 16079 3904 3215
f 3 44545 3
f 3 1 1
f 4825 42432 44645
f 16054 55104 3946
f 3 39681 3
f 3 1 1
f 59097 9406 24639
f 61480 22847 3989
f 3 45057 3
f 2563 513 1
f 1550 50111 23871
f 63669 38463 3503
f 2563 45569 2563
f 2563 513 1
f 32000 61118 25765
f 58395 63807 7494
f 3 46081 3
f 2563 513 1
f 37919 34494 25069
f 60908 18239 8104
f 2563 46593 2563
f 2563 513 1
f 50880 38078 24438
f 62676 42559 6568
f 2563 44801 2563
f 2563 513 1
f 42540 30654 25166
f 60346 39999 6701
f 3 46593 3
f 3 513 1
f 12716 22463 23404
f 63576 54847 63129
f 3 47105 2563
f 2563 513 1
f 7516 43711 24195
f 61606 61503 64760
f 3 45313 2563
f 2563 513 1
f 38391 54975 13799
f 9162 4672 64388
f 2563 44801 2563
f 2563 513 1
f 39807 61631 13022
f 9684 2624 63396
f 3 41729 2563
f 2563 513 1
f 21494 10431 14723
f 10310 53568 10748
f 2563 42497 3
f 3 513 1
f 23115 37567 14013
f 10952 33344 10948
f 2563 45825 2563
f 3 513 1
f 33488 703 13496
f 10526 1856 5507
f 3 41473 2563
f 3 513 1
f 31707 26815 14243
f 9955 21312 5792
f 2563 45825 2563
f 2563 513 1
f 45418 43199 13406
f 7819 31296 48930
f 3 41729 2563
f 2563 513 1
f 46716 63935 12602
f 8354 50752 48163
f 3 47105 2563
f 2563 513 1
f 56966 56125 29358
f 41578 575 5439
f 2563 43521 3
f 3 513 1
f 44203 11836 28870
f 44529 20799 5114
f 3 45313 2563
f 3 513 1
f 18888 10814 30365
f 34576 63039 2860
f 3 46337 2563
f 3 513 1
f 5769 41790 29931
f 37845 53311 3819
f 3 44033 3
f 3 513 1
f 55708 15933 29368
f 41529 47423 5337
f 2563 45057 3
f 3 513 1
f 14932 17726 29815
f 38447 39487 5242
f 3 44033 2563
f 3 513 1
f 34519 26812 29034
f 43612 8255 3465
f 3 45313 2563
f 3 513 1
f 53283 8125 28459
f 46629 22335 3244
f 3 44545 2563
f 2563 513 1
f 4645 59968 44876
f 16139 53184 2816
f 3 47617 3
f 3 1 1
f 4671 37184 44635
f 16174 62912 2825
f 3 48129 3
f 3 1 1
f 56914 47423 45340
f 21742 59328 26246
f 3 48641 3
f 3 1 1
f 56962 54847 45096
f 21780 28352 26262
f 3 49153 3
f 3 1 1
f 310 13376 44865
f 19171 50624 14502
f 3 47361 3
f 3 1 1
f 287 11584 45109
f 19133 53696 14484
f 3 49153 3
f 3 1 1
f 8760 39232 44411
f 12811 16320 48184
f 3 49665 3
f 3 1 1
f 8732 4160 44647
f 12778 52928 48182
f 3 47873 3
f 3 1 1
f 4911 7616 43297
f 16291 59712 4764
f 3 50177 3
f 3 1 1
f 4942 9920 43080
f 16315 31040 4746
f 3 50689 3
f 3 1 1
f 57419 12479 43721
f 21940 1856 28297
f 3 62209 2
f 3 1 1
f 57438 43455 43505
f 21978 55872 28334
f 3 51457 3
f 3 1 1
f 571 1472 43292
f 19338 3648 16484
f 3 49921 3
f 3 1 1
f 542 2752 43511
f 19311 26688 16495
f 3 51457 3
f 3 1 1
f 9038 62400 42871
f 12925 49216 51913
f 3 51969 3
f 3 1 1
f 9006 15552 43085
f 12904 26432 51963
f 3 50433 3
f 3 1 1
f 4004 44863 31326
f 7721 44479 34970
f 3 52481 3
f 2563 513 1
f 1243 21567 31543
f 4510 35263 38320
f 2563 52993 2563
f 2563 513 1
f 65244 53822 30892
f 20281 58815 12288
f 3 53505 42499
f 3 513 1
f 61833 53310 31135
f 16493 59583 55710
f 3 53761 3
f 3 513 1
f 3 23103 31346
f 10560 62911 53102
f 2563 52225 2563
f 3 513 1
f 2454 23615 31115
f 13962 42431 33471
f 3 53761 3
f 3 513 1
f 1680 49727 31726
f 62664 52926 59996
f 3 54273 2563
f 2563 513 1
f 4734 57919 31524
f 1554 25791 58203
f 3 52737 2563
f 2563 513 1
f 5820 42560 35461
f 17148 23744 62195
f 3 54785 3
f 3 1 1
f 5804 15424 35610
f 17134 18368 62166
f 3 55297 3
f 3 1 1
f 59001 26431 35169
f 23049 1984 22485
f 3 55809 61955
f 61955 1 1
f 58990 64831 35319
f 23028 32192 22442
f 61955 56065 61955
f 61955 1 1
f 1391 59456 35465
f 20277 61632 10323
f 3 54529 3
f 61955 1 1
f 1406 52032 35315
f 20292 24768 10342
f 3 56065 3
f 3 1 1
f 9930 31552 35757
f 13625 49856 38566
f 3 56577 3
f 3 1 1
f 9947 46400 35605
f 13638 3520 38589
f 3 55041 3
f 3 1 1
f 56486 30526 31959
f 59652 57278 47631
f 3 56833 3
f 3 769 1
f 48699 65086 32123
f 54887 16318 44960
f 3 48129 3
f 3 769 1
f 49821 5950 31626
f 9130 41151 15141
f 3 48641 3
f 3 769 1
f 48801 45374 31810
f 4644 10431 35974
f 3 57601 3
f 3 769 1
f 48107 43582 31975
f 21 8639 17127
f 3 47361 3
f 3 769 1
f 55414 46654 31795
f 2705 20415 19432
f 3 57601 3
f 3 769 1
f 47812 33854 32257
f 44587 21694 61657
f 3 49665 3
f 3 769 1
f 56023 51774 32108
f 48702 14270 128
f 3 57089 3
f 3 769 1
f 25841 21439 27688
f 41253 32063 45271
f 2563 52225 2563
f 2563 513 1
f 28020 13247 27317
f 42611 37695 45948
f 3 57089 3
f 2563 513 1
f 7806 42687 28350
f 42742 10303 61638
f 3 57345 3
f 2563 513 1
f 9472 17087 27993
f 44347 38719 63142
f 2563 53249 3
f 2563 513 1
f 18740 35519 27658
f 43723 42815 54811
f 3 56833 2563
f 2563 513 1
f 16766 55231 28022
f 42248 36927 53779
f 3 53249 2563
f 2563 513 1
f 35015 60607 26966
f 41004 42815 36608
f 3 57857 3
f 2563 513 1
f 33826 37567 27347
f 39758 831 36265
f 2563 52993 2563
f 2563 513 1
f 39779 48319 23885
f 52530 61503 55725
f 3 58113 3
f 3 1 1
f 40634 10687 23488
f 53575 11071 56246
f 3 50433 3
f 3 1 1
f 25175 28607 24654
f 56140 43839 6464
f 3 51201 3
f 3 1 1
f 26434 43455 24260
f 57403 37439 7089
f 3 58881 3
f 3 1 1
f 35174 47551 23875
f 55760 29759 1308
f 3 50177 3
f 3 1 1
f 34397 56767 24270
f 54622 4671 910
f 3 58881 3
f 3 1 1
f 45955 32447 23097
f 50840 3135 44040
f 3 51713 3
f 3 1 1
f 45032 9919 23498
f 49890 60223 43779
f 3 58369 3
f 3 1 1
f 51909 25150 31971
f 62895 53694 46825
f 3 54529 3
f 3 1 1
f 46756 31550 32124
f 56516 25022 51068
f 3 58369 3
f 3 1 1
f 47547 60222 31630
f 9669 64191 7813
f 3 58625 3
f 3 1 1
f 43967 59966 31812
f 6055 44991 31763
f 3 55553 61955
f 3 1 1
f 46039 55358 31975
f 750 7103 29122
f 3 58113 3
f 3 1 1
f 50589 1086 31808
f 4121 23487 17589
f 3 55553 61955
f 3 1 1
f 51577 45886 32120
f 52454 47806 64772
f 3 58369 3
f 3 1 1
f 46154 8510 32258
f 46247 39358 1394
f 3 56577 3
f 3 1 1
f 7235 23234 13697
f 19144 14784 1227
f 3 59649 3
f 2563 513 1
f 7235 23234 13697
f 19144 14784 1227
f 2563 60161 2563
f 2563 513 1
f 61077 23103 13697
f 25219 27584 26229
f 3 6913 3
f 2563 513 1
f 61077 23103 13697
f 25219 27584 26229
f 2563 60929 2563
f 2563 513 1
f 2633 23234 13697
f 22385 49088 13670
f 2563 59393 2563
f 2563 513 1
f 2633 23234 13697
f 22385 49088 13670
f 2563 60929 2563
f 2563 513 1
f 11541 23234 13697
f 15520 1984 43517
f 3 61441 2563
f 2563 513 1
f 11541 23234 13697
f 15520 960 43517
f 3 59905 2563
f 2563 513 1
f 5837 40000 32778
f 17592 43456 2831
f 2563 47361 3
f 3 513 1
f 5845 19520 32527
f 17607 11968 2837
f 3 59905 2563
f 2563 513 1
f 58814 56639 33030
f 23424 5568 27018
f 3 60673 2563
f 2563 513 1
f 58837 44863 32898
f 23437 26048 27015
f 2563 48385 2563
f 2563 513 1
f 1371 2112 32772
f 20721 48576 14878
f 3 59649 2563
f 2563 513 1
f 1364 35392 32905
f 20705 44224 14869
f 3 48385 2563
f 3 513 1
f 10024 14912 32541
f 14108 52160 47520
f 3 59905 3
f 3 513 1
f 10038 62272 32279
f 14118 16832 47496
f 3 49665 2563
f 2563 513 1
f 19146 37056 41515
f 1424 59712 4954
f 3 61953 3
f 3 1 1
f 19172 46528 41088
f 1514 31552 4852
f 3 62465 3
f 3 1 1
f 23740 31424 41930
f 51474 31295 23012
f 3 62977 3
f 3 1 1
f 23787 59840 41543
f 51581 30527 22992
f 3 63489 3
f 3 1 1
f 21697 25024 41309
f 60066 45119 14374
f 3 61697 3
f 3 1 1
f 21663 5312 41719
f 59905 62015 14449
f 3 63489 3
f 3 1 1
f 16181 45504 40884
f 5718 8768 54387
f 3 64001 3
f 3 1 1
f 16165 58304 41317
f 5623 25408 54635
f 3 62209 3
f 3 1 1
f 19460 8512 40146
f 1354 25792 7472
f 3 64513 3
f 3 1 1
f 19506 49728 39722
f 1408 48576 7448
f 3 65025 3
f 3 1 1
f 24058 42304 40533
f 51193 2495 25608
f 3 1 4
f 4 1 1
f 24083 48448 40158
f 51373 15295 25509
f 4 513 4
f 3 1 1
f 22022 3904 39932
f 59815 37055 16970
f 3 64257 3
f 3 1 1
f 21971 7744 40339
f 59727 51135 16974
f 3 513 4
f 3 1 1
f 16522 14400 39528
f 5637 30656 59559
f 4 1025 4
f 3 1 1
f 16482 44608 39959
f 5577 6336 59639
f 3 64769 3
f 4 1 1
f 4474 59711 31502
f 2483 22847 544
f 4 1537 4
f 4 513 1
f 11500 41023 31372
f 61241 45886 1661
f 4 2049 4
f 4 513 1
f 37210 29502 32034
f 1666 14143 52188
f 4 2561 4
f 2 513 1
f 49723 318 32029
f 60830 37438 54272
f 2 2817 4
f 4 513 1
f 2584 19775 31659
f 65048 48702 63398
f 4 1281 4
f 4 513 1
f 56549 48702 31750
f 3556 26943 60579
f 4 2817 4
f 4 513 1
f 18555 19775 31179
f 51360 3390 2686
f 2563 3073 4
f 4 513 1
f 11835 56127 31345
f 62057 21822 1929
f 4 1793 4
f 2563 513 1
f 14080 13248 37741
f 8996 44352 33066
f 4 3585 4
f 4 1 1
f 13990 27328 38122
f 9010 8768 32634
f 4 4097 4
f 4 1 1
f 21098 4288 37479
f 64571 19519 6878
f 4 4609 54276
f 9 1 1
f 21048 52160 37804
f 64548 39231 6792
f 9 4865 54276
f 4 1 1
f 17680 8384 37960
f 4513 13888 56022
f 4 3329 4
f 4 1 1
f 17758 28096 37606
f 4496 45888 56357
f 4 4865 4
f 4 1 1
f 10051 15040 38284
f 13005 47424 37593
f 3 5121 4
f 4 1 1
f 10145 47552 37894
f 12999 35392 39054
f 4 3841 4
f 3 1 1
f 15946 45631 31265
f 54535 26686 2193
f 3 5377 4
f 4 769 1
f 25654 22335 30788
f 52076 41278 5496
f 4 62465 3
f 3 769 1
f 334 46655 31747
f 64169 50494 61267
f 3 62977 3
f 4 769 1
f 4905 52543 31801
f 48752 16958 59841
f 4 6145 4
f 3 769 1
f 17109 31295 31162
f 57973 28990 3198
f 4 61697 3
f 3 769 1
f 7702 3135 31567
f 58644 12094 65075
f 3 6145 4
f 4 769 1
f 32205 59711 30526
f 40007 22590 6012
f 4 64001 3
f 3 769 1
f 22506 43327 31056
f 44228 22846 2952
f 3 5633 4
f 4 769 1
f 2069 8768 21140
f 20206 17599 8826
f 4 1281 4
f 4 513 1
f 2953 41792 20341
f 23586 29375 8955
f 4 5633 4
f 4 513 1
f 1852 36928 22174
f 2538 61375 14439
f 4 5889 4
f 4 513 1
f 2777 14144 21473
f 5087 10943 14916
f 4 2305 4
f 4 513 1
f 3088 15168 20874
f 13184 14015 12692
f 4 5377 4
f 4 513 1
f 2150 38464 21639
f 10255 5311 12327
f 4 2305 4
f 4 513 1
f 2287 23616 19884
f 34291 16063 3672
f 4 6401 4
f 4 513 1
f 1484 64576 20700
f 32099 19135 3783
f 4 2049 4
f 4 513 1
f 6963 21824 16989
f 29300 38847 15910
f 3 6657 4
f 4 1 1
f 7721 48448 16125
f 32365 6847 15992
f 4 64769 3
f 3 1 1
f 7334 1344 18022
f 8669 9407 23263
f 4 257 4
f 4 1 1
f 8114 52800 17260
f 11213 20415 23559
f 4 7425 4
f 4 1 1
f 8151 49984 16654
f 20617 43199 20560
f 4 64513 3
f 4 1 1
f 7342 24640 17485
f 17966 12735 20263
f 4 7425 4
f 4 1 1
f 6750 43840 15677
f 39318 29631 9870
f 4 769 4
f 3 1 1
f 6065 46656 16556
f 37638 49087 10004
f 3 6913 4
f 4 1 1
f 21186 56127 30764
f 2272 6207 8149
f 4 3329 4
f 4 1 1
f 28504 25151 30522
f 59212 45630 9219
f 4 6913 4
f 4 1 1
f 2063 50751 31566
f 3079 21055 1094
f 4 7169 4
f 4 1 1
f 9030 1087 31444
f 63360 9790 2451
f 4 4353 4
f 4 1 1
f 19568 20543 30929
f 65269 4158 6752
f 4 6657 4
f 4 1 1
f 12118 54847 31128
f 4407 34111 5337
f 4 4353 4
f 4 1 1
f 28708 32063 30502
f 59724 35902 9384
f 4 6913 4
f 4 1 1
f 33947 45119 30268
f 46216 31806 9654
f 4 5121 4
f 4 1 1
f 19144 192 1
f 7235 8130 55390
f 4 8193 4
f 4 513 1
f 19144 192 1
f 7235 8130 55390
f 4 8705 4
f 4 513 1
f 25219 192 1
f 61077 41791 16540
f 2564 17921 2
f 4 513 1
f 25219 192 1
f 61077 41023 16540
f 4 9473 4
f 4 513 1
f 22385 192 1
f 2633 22466 6010
f 4 7937 4
f 4 513 1
f 22385 192 1
f 2633 22466 6010
f 4 9473 4
f 4 513 1
f 15520 192 1
f 11541 28866 31797
f 4 43265 2563
f 4 513 1
f 15520 192 1
f 11541 28866 31797
f 4 8449 4
f 4 513 1
f 19695 43456 29068
f 3339 57920 2695
f 4 61697 3
f 3 513 1
f 19697 60096 28583
f 3388 19008 2619
f 3 8449 4
f 4 513 1
f 24737 25792 29508
f 54618 13887 21875
f 4 9217 4
f 3 513 1
f 24757 26304 29080
f 54657 45375 21866
f 3 62721 3
f 4 513 1
f 22447 35776 28827
f 63536 8511 12668
f 3 61697 3
f 4 513 1
f 22430 28608 29287
f 63484 29759 12688
f 4 9473 4
f 3 513 1
f 16500 48832 28847
f 7611 49216 49251
f 4 8449 4
f 3 513 1
f 16511 28352 28344
f 7645 35904 49170
f 3 64001 3
f 4 513 1
f 12958 19904 62580
f 2234 43328 41110
f 4 10241 4
f 4 513 1
f 13014 7616 62159
f 2348 3648 39958
f 4 10753 4
f 4 513 1
f 18042 51392 63412
f 53221 6463 48024
f 4 27649 2562
f 4 513 1
f 18172 44480 62981
f 53234 10559 48236
f 4 11521 4
f 4 513 1
f 15765 6848 62569
f 61996 24383 26299
f 4 9985 4
f 4 513 1
f 15698 10432 62995
f 61775 24383 26781
f 4 11521 4
f 4 513 1
f 9912 48320 61753
f 6221 53056 41849
f 4 51969 3
f 4 513 1
f 9867 12224 62170
f 6104 7232 40515
f 4 10497 4
f 4 513 1
f 60343 43582 32211
f 30926 44478 17004
f 4 12289 4
f 2564 2049 1
f 43350 1598 32454
f 22250 31934 9200
f 2564 12801 2564
f 2564 2049 1
f 46159 41790 32444
f 15550 50622 13682
f 2564 12801 2564
f 2564 2049 1
f 39273 41790 32575
f 35169 2237 21165
f 2564 13313 2564
f 2564 2049 1
f 39272 42558 32575
f 35167 445 21165
f 2564 13313 2564
f 2564 2049 1
f 56821 27198 32367
f 45573 20157 30713
f 2564 13825 2564
f 2564 2049 1
f 54595 65342 32388
f 56258 10429 27156
f 2564 13825 2564
f 2564 2049 1
f 60343 43326 32211
f 30926 43710 17004
f 4 12289 4
f 2564 2049 1
f 20647 12094 32682
f 61016 58300 17064
f 2564 14593 2564
f 2564 2049 1
f 6828 27454 32717
f 18217 14141 20110
f 2564 15105 2564
f 2564 2049 1
f 6828 26942 32717
f 18217 13885 20110
f 2564 15105 2564
f 2564 2049 1
f 32803 18494 32635
f 20665 2877 28388
f 2564 15617 2564
f 2564 2049 1
f 33106 1342 32632
f 24850 52797 28951
f 2564 15617 2564
f 2564 2049 1
f 40608 30270 32566
f 22324 14781 23450
f 2564 13313 2564
f 2564 2049 1
f 40608 29758 32566
f 22327 20669 23450
f 2564 13313 2564
f 2564 2049 1
f 18487 54078 32686
f 12593 20413 15058
f 2564 14593 2564
f 2564 2049 1
f 18220 54078 32650
f 4138 4926 31816
f 9 15873 2564
f 2564 2049 1
f 40184 6718 32531
f 6081 48702 37435
f 2564 16385 2564
f 2562 2049 1
f 42151 33854 32494
f 12885 39486 39262
f 2564 16385 2564
f 2564 2049 1
f 49963 46142 32465
f 19195 46653 36117
f 2564 16897 2564
f 2564 2049 1
f 49963 45886 32465
f 19196 45629 36117
f 2564 16897 2564
f 2564 2049 1
f 33106 1342 32632
f 24852 49725 28951
f 2564 15617 2564
f 2564 2049 1
f 32803 18494 32635
f 20666 64061 28387
f 2564 15617 2564
f 2564 2049 1
f 18220 54078 32650
f 4138 4926 31816
f 2564 15873 2564
f 2564 2049 1
f 1312 14399 32212
f 36318 20284 40811
f 2563 17153 2564
f 2564 2049 1
f 4133 38463 32076
f 3625 22462 35023
f 2564 17665 2564
f 2563 2049 1
f 4133 38719 32076
f 3625 22462 35023
f 2564 17665 2564
f 2564 2049 1
f 54595 65342 32388
f 56258 10429 27156
f 2564 13825 2564
f 2564 2049 1
f 56821 27198 32367
f 45573 20157 30713
f 2564 13825 2564
f 2564 2049 1
f 49777 21310 32468
f 17063 33597 35958
f 2564 16897 2564
f 2564 2049 1
f 49777 21310 32468
f 17063 34109 35958
f 2564 16897 2564
f 2564 2049 1
f 2072 41279 32185
f 95 61501 42027
f 2564 17153 2564
f 2564 2049 1
f 54813 7743 23339
f 39799 36287 14089
f 2564 17921 2564
f 4 513 1
f 55918 36927 22911
f 40654 31167 14014
f 2564 12801 2564
f 4 513 1
f 58495 25663 24113
f 24390 19135 44941
f 2564 14337 2564
f 2 513 1
f 59775 32575 23689
f 25799 33215 45344
f 2 18433 2564
f 2564 513 1
f 58133 21823 23302
f 35006 31935 34894
f 2564 13057 4
f 2564 513 1
f 56938 10047 23726
f 34236 46015 34689
f 2564 18433 2564
f 2564 513 1
f 52137 38975 22948
f 45220 56511 44920
f 2564 12801 2564
f 4 513 1
f 53133 31039 22516
f 46171 32959 43589
f 4 54017 2563
f 4 513 1
f 40643 6718 32480
f 22598 58046 12248
f 4 18945 4
f 4 1 1
f 48146 29246 32371
f 30694 29886 13606
f 4 19457 4
f 4 1 1
f 29088 12350 32639
f 45847 1213 18904
f 4 19969 4
f 9 1 1
f 37789 29502 32565
f 516 27838 19041
f 9 20225 4
f 4 1 1
f 43869 22590 32475
f 13424 46526 17766
f 4 18689 4
f 4 1 1
f 36014 56382 32567
f 6611 10686 15744
f 4 20225 4
f 4 1 1
f 51185 16702 32252
f 41205 28862 7800
f 3 20481 4
f 4 1 1
f 44092 50750 32376
f 36556 3262 7142
f 4 19201 4
f 3 1 1
f 15817 31808 47097
f 4381 43968 44683
f 4 20993 4
f 4 513 1
f 15859 21824 46835
f 4408 15040 44613
f 4 21505 4
f 4 513 1
f 21371 57152 47594
f 56488 48831 51533
f 4 47873 2
f 4 513 1
f 21413 16192 47331
f 56548 23743 51503
f 4 22273 4
f 4 513 1
f 18830 15936 47084
f 72 54464 30979
f 4 20737 4
f 4 513 1
f 18785 49472 47344
f 49 10688 30983
f 4 22273 4
f 4 513 1
f 12524 35904 46590
f 8476 11712 41946
f 4 61441 2563
f 4 513 1
f 12484 52032 46848
f 8446 29376 41811
f 4 21249 4
f 4 513 1
f 16577 39488 41496
f 5043 64192 37901
f 4 18689 4
f 4 1 1
f 16605 2624 41294
f 5062 63424 37800
f 4 23041 4
f 4 1 1
f 22259 29504 41885
f 57568 2495 50499
f 4 23553 4
f 4 1 1
f 22287 53824 41683
f 57605 16063 50479
f 4 19713 4
f 4 1 1
f 19642 47168 41487
f 669 11200 28243
f 4 22785 4
f 4 1 1
f 19612 40768 41692
f 651 61888 28271
f 4 19713 4
f 4 1 1
f 13200 63808 41101
f 9181 60864 50103
f 4 23809 4
f 4 1 1
f 13174 22336 41303
f 9159 64192 49957
f 4 19457 4
f 4 1 1
f 63559 25407 19323
f 47818 64959 6847
f 4 24321 4
f 4 513 1
f 64436 16191 18909
f 48438 56511 6814
f 4 24833 4
f 4 513 1
f 1710 23616 20114
f 35203 18367 45634
f 4 25345 4
f 4 513 1
f 2193 32832 19699
f 35779 44223 45789
f 4 25857 4
f 4 513 1
f 981 42816 19303
f 42173 30911 33354
f 4 24065 4
f 4 513 1
f 508 39744 19718
f 41618 6335 33189
f 4 25857 4
f 4 513 1
f 60772 43327 18516
f 54468 38335 9528
f 4 26369 4
f 4 513 1
f 59971 59199 18928
f 53792 62655 11112
f 4 24577 4
f 4 513 1
f 7687 56896 8665
f 61374 31679 679
f 4 24065 4
f 4 513 1
f 7910 62272 8331
f 61683 63423 611
f 4 21249 4
f 4 513 1
f 11876 41024 9311
f 46099 22975 50097
f 4 22017 4
f 4 513 1
f 12119 13120 8969
f 46401 5567 50118
f 4 25089 4
f 4 513 1
f 10192 8512 8649
f 54192 33215 33956
f 4 20993 4
f 4 513 1
f 9952 33600 8985
f 53917 12735 33900
f 4 25089 4
f 4 513 1
f 5104 42304 8348
f 1441 44992 8929
f 4 21249 4
f 4 513 1
f 5285 25920 8019
f 1634 10944 17379
f 4 26369 4
f 4 513 1
f 47641 4415 25651
f 35491 46783 10177
f 4 22785 4
f 4 513 1
f 48872 30783 25260
f 36369 9151 10217
f 4 24577 4
f 4 513 1
f 50409 55359 26383
f 17971 39615 40365
f 4 25601 4
f 4 513 1
f 51764 41279 26003
f 19557 2495 40665
f 4 23297 4
f 4 513 1
f 50601 35647 25633
f 29745 63679 30511
f 4 24321 4
f 4 513 1
f 49272 12607 26020
f 28174 6079 29956
f 4 23297 4
f 4 513 1
f 45521 36671 25278
f 40381 6335 43063
f 4 24577 4
f 4 513 1
f 46568 43839 24883
f 41436 18879 41056
f 4 23809 4
f 4 513 1
f 41947 3390 32246
f 51086 27198 48394
f 9 6913 9
f 2564 2049 1
f 61395 35646 31961
f 54428 5182 56511
f 2564 26881 4
f 9 257 1
f 1037 24127 31707
f 65289 7742 62285
f 2564 26881 4
f 2564 2049 1
f 5120 52543 31862
f 42514 63038 57807
f 2564 27393 2564
f 2564 2049 1
f 5120 52287 31862
f 42514 64318 57807
f 2564 27393 2564
f 2564 2049 1
f 53892 38462 32216
f 41354 10046 49539
f 2564 27905 2564
f 2564 2049 1
f 50033 1342 32326
f 34645 44862 45952
f 9 27905 2564
f 2564 2049 1
f 41947 3902 32246
f 51087 24638 48394
f 2564 6913 9
f 9 257 1
f 19807 23103 31170
f 46806 33598 2361
f 2563 28161 2564
f 2564 2049 1
f 22209 27967 31268
f 4868 34366 62281
f 2564 32001 3
f 2563 2049 1
f 22209 27967 31268
f 4868 34878 62281
f 2563 32001 3
f 2564 2049 1
f 9658 20287 31847
f 10942 13118 53935
f 2564 28673 2564
f 2563 2049 1
f 9994 3903 31829
f 12583 18494 54474
f 2564 28673 2564
f 2564 2049 1
f 6503 52287 31767
f 46538 49214 60183
f 2564 27393 2564
f 2564 2049 1
f 6503 52799 31767
f 46538 48958 60183
f 2564 27393 2564
f 2564 2049 1
f 19614 42303 31185
f 46329 25406 2206
f 2564 28161 2564
f 2564 2049 1
f 12309 31807 31792
f 22511 53180 47266
f 2563 37633 2563
f 2564 2049 1
f 1475 831 32207
f 30122 30780 40813
f 2564 17153 2564
f 2563 2049 1
f 2247 63 32180
f 61324 36668 42049
f 2564 17153 2564
f 2564 2049 1
f 63009 44094 32224
f 15278 23102 46854
f 2564 29185 2564
f 2564 2049 1
f 63009 44094 32224
f 15278 22846 46854
f 2564 29185 2564
f 2564 2049 1
f 9994 3647 31829
f 12583 17214 54474
f 2564 28673 2564
f 2564 2049 1
f 9658 20287 31847
f 10943 12862 53935
f 2563 28673 2564
f 2564 2049 1
f 12309 32319 31792
f 22507 53180 47266
f 2564 37633 2563
f 2563 2049 1
f 41001 10814 32525
f 5214 47422 37560
f 9 16385 2564
f 2564 2049 1
f 33332 26174 32508
f 32676 16702 39555
f 2564 7937 9
f 2562 2049 1
f 33332 26430 32508
f 32676 16702 39555
f 9 7937 9
f 2564 2049 1
f 50032 1598 32326
f 34645 43326 45952
f 2564 27905 2564
f 9 257 1
f 53892 38462 32216
f 41354 9022 49539
f 2564 27905 2564
f 2564 2049 1
f 61866 1598 32251
f 11979 10558 45874
f 2564 29185 2564
f 2564 2049 1
f 61866 1854 32251
f 11979 11326 45874
f 2564 29185 2564
f 2564 2049 1
f 42927 21310 32489
f 11881 39230 39350
f 2564 16385 2564
f 2564 2049 1
f 26463 64447 27110
f 44287 55359 23063
f 2564 1537 4
f 4 513 1
f 32075 58815 26464
f 45772 21567 18209
f 2564 26881 4
f 4 513 1
f 247 57791 27474
f 48899 33855 54348
f 2564 31745 2563
f 2563 513 1
f 5693 35263 26816
f 51082 15423 52994
f 2563 1793 2564
f 2564 513 1
f 12842 30399 27262
f 47389 48191 42455
f 2564 28161 2564
f 4 513 1
f 18423 13759 26601
f 49259 3391 40563
f 2564 1537 4
f 4 513 1
f 39290 65215 26382
f 40513 34879 33597
f 2 6145 9
f 4 513 1
f 36674 49087 26991
f 39377 16191 43939
f 4 2817 4
f 2 513 1
f 19237 4927 30962
f 64273 25918 6183
f 4 3585 4
f 4 1 1
f 10815 1343 31267
f 2080 41535 3835
f 4 29953 4
f 4 1 1
f 32990 14143 30440
f 42139 60478 7915
f 4 40961 3
f 3 1 1
f 28312 63 30541
f 58730 42302 8785
f 3 3841 4
f 4 1 1
f 26555 43839 30706
f 54327 6974 7366
f 4 30209 4
f 4 1 1
f 21050 16959 30779
f 2063 25919 7749
f 4 3585 4
f 4 1 1
f 881 32831 31692
f 502 37183 64713
f 9 15873 54274
f 4 1 1
f 8922 27455 31454
f 62967 2622 2066
f 4 4865 4
f 9 1 1
f 15265 32704 50256
f 4063 64064 45738
f 4 30465 4
f 4 513 1
f 15415 45504 49677
f 4063 7232 46269
f 4 8961 4
f 4 513 1
f 7571 49856 50793
f 12208 61248 34847
f 4 43265 2563
f 2563 513 1
f 7707 13504 50157
f 12264 59712 52880
f 2563 30977 2564
f 4 513 1
f 11527 50368 50521
f 8402 59712 12615
f 4 8705 4
f 4 513 1
f 11659 38336 49904
f 8447 48192 13344
f 4 30465 4
f 4 513 1
f 18853 28352 49468
f 63828 20287 1902
f 2 17921 2
f 4 513 1
f 18723 29376 49995
f 63838 15423 1664
f 4 30721 4
f 2 513 1
f 16591 54976 43997
f 4310 15168 50660
f 4 29697 4
f 4 1 1
f 16694 20160 43536
f 4309 48192 51040
f 4 31489 4
f 4 1 1
f 8931 18624 44423
f 12651 54336 2087
f 4 44545 2563
f 3 1 1
f 9035 19904 43918
f 12678 61504 4617
f 3 30209 4
f 4 1 1
f 12879 30912 44208
f 8739 52800 22132
f 4 31745 4
f 4 1 1
f 12979 8384 43718
f 8758 11584 22785
f 4 29697 4
f 4 1 1
f 20086 44736 43366
f 64229 9791 4276
f 54274 19520 2
f 4 1 1
f 19997 19648 43788
f 64236 21055 4106
f 4 29953 4
f 9 1 1
f 41150 31167 23377
f 53645 45119 8652
f 4 32257 4
f 4 513 1
f 43785 52159 22610
f 54736 41791 2962
f 4 32769 2564
f 4 513 1
f 20564 6079 23860
f 60352 20799 52423
f 4 47105 2563
f 2563 513 1
f 25384 53695 23024
f 62319 62527 51085
f 3 33281 4
f 4 513 1
f 33749 53695 23592
f 57752 2111 37651
f 4 33025 4
f 4 513 1
f 36209 13247 22766
f 59440 62271 35848
f 4 32257 4
f 4 513 1
f 51226 26815 22496
f 48370 42303 19880
f 2562 22273 2
f 4 513 1
f 48790 43967 23216
f 47569 62783 6987
f 4 32513 4
f 2 513 1
f 1444 65472 12468
f 69 54592 33983
f 4 32001 4
f 4 513 1
f 2173 16576 11747
f 288 16192 41419
f 4 30721 4
f 4 513 1
f 52878 56511 13054
f 5915 41792 30334
f 4 43009 2563
f 2563 513 1
f 54237 16831 12255
f 6381 8256 28211
f 2563 33025 4
f 4 513 1
f 60665 11199 12745
f 3337 44864 48827
f 4 30977 4
f 4 513 1
f 62016 20927 11973
f 3726 63040 43796
f 4 32001 4
f 4 513 1
f 5918 57536 11550
f 57771 37183 32183
f 2 18177 2
f 4 513 1
f 5260 448 12214
f 57466 20287 28603
f 4 32769 4
f 2 513 1
f 4246 10431 28630
f 41940 15167 41825
f 4 31233 4
f 4 513 1
f 10986 11967 28070
f 43551 10303 38566
f 4 32513 4
f 4 513 1
f 12745 51902 28801
f 44550 54335 65405
f 4 46849 3
f 2563 513 1
f 34802 63678 28202
f 47274 49215 64185
f 2563 31745 4
f 4 513 1
f 47307 30654 28680
f 44010 17983 54937
f 4 33281 4
f 4 513 1
f 59779 11198 28072
f 46378 19007 53053
f 4 31233 4
f 4 513 1
f 24978 44479 28113
f 38993 32063 11380
f 2 22529 2
f 4 513 1
f 18628 24255 28658
f 37779 11327 18286
f 4 31489 4
f 2 513 1
f 19071 24640 43991
f 758 37056 1182
f 4 33793 4
f 4 1 1
f 19105 28992 43754
f 782 33216 1271
f 4 34305 4
f 4 1 1
f 12516 32576 44423
f 9078 21952 18690
f 4 49665 2563
f 3 1 1
f 12548 27456 44195
f 9103 14784 18622
f 3 34817 4
f 4 1 1
f 15970 832 44207
f 5062 52416 63281
f 4 34561 4
f 4 1 1
f 16005 5696 43980
f 5084 59328 62514
f 4 33793 4
f 4 1 1
f 21827 19520 43536
f 57986 4031 36945
f 2 25601 2
f 4 1 1
f 21792 22336 43765
f 57946 49343 36888
f 4 34049 4
f 9 1 1
f 19358 5568 42464
f 806 4928 53937
f 4 35073 4
f 4 1 1
f 19393 32448 42256
f 817 6976 54267
f 4 11009 4
f 4 1 1
f 12804 36288 42876
f 9169 6976 25939
f 4 51969 3
f 3 1 1
f 12825 41664 42663
f 9200 60992 25970
f 3 35585 4
f 4 1 1
f 16262 47808 42668
f 5126 17216 27110
f 4 10753 4
f 4 1 1
f 16286 192 42459
f 5155 36160 27123
f 4 35073 4
f 4 1 1
f 22113 52416 42051
f 58003 15423 33564
f 9 27649 2562
f 4 1 1
f 22077 20672 42261
f 57987 27199 33471
f 4 35329 4
f 9 1 1
f 2317 39231 32036
f 34435 25790 20721
f 2564 17921 2564
f 4 513 1
f 62572 40510 32191
f 27459 37822 19364
f 4 36097 4
f 4 513 1
f 4498 63 31711
f 56997 32190 5702
f 2564 54273 2563
f 2563 513 1
f 1501 36927 31895
f 50802 14526 6843
f 2563 18177 4
f 4 513 1
f 3692 41279 31881
f 45565 48318 13845
f 2564 36353 4
f 4 513 1
f 414 37439 32050
f 39869 6078 14198
f 2564 17921 4
f 4 513 1
f 57811 8254 32317
f 8970 48062 23321
f 2 35329 2
f 4 513 1
f 133 24383 32178
f 16322 7358 25377
f 2564 18433 4
f 2 513 1
f 20311 41792 36049
f 1184 64960 23273
f 4 18945 4
f 4 1 1
f 20290 24640 36207
f 1176 51136 23277
f 4 36865 4
f 4 1 1
f 13753 15424 35753
f 9791 16064 62362
f 4 56577 3
f 3 1 1
f 13740 19264 35907
f 9773 40896 62148
f 3 19201 4
f 4 1 1
f 17216 59968 35902
f 5630 46784 20575
f 4 37121 4
f 4 1 1
f 17202 63808 36053
f 5613 3520 20928
f 4 18945 4
f 4 1 1
f 22988 11584 36356
f 58511 33215 48272
f 9 37377 9
f 4 1 1
f 23009 58944 36202
f 58524 53695 48276
f 4 20225 4
f 9 1 1
f 46249 1854 32467
f 6647 446 17148
f 4 37377 4
f 4 769 1
f 37135 44606 32566
f 2765 52158 13127
f 4 34305 4
f 4 769 1
f 51778 49470 32250
f 40612 702 4014
f 4 49665 2563
f 3 769 1
f 47641 39998 32372
f 31901 60606 8115
f 3 37889 4
f 4 769 1
f 48686 1086 32370
f 29408 15550 9784
f 4 34561 4
f 4 769 1
f 43822 29758 32475
f 13563 27582 12993
f 4 37377 4
f 4 769 1
f 29810 33854 32638
f 42798 46269 14942
f 9 25601 2
f 4 769 1
f 40568 45630 32555
f 47446 42941 19510
f 4 37633 4
f 9 769 1
f 46770 47295 26285
f 31841 22847 26040
f 4 35841 4
f 4 513 1
f 48157 5567 25888
f 33154 44351 21695
f 4 37633 4
f 4 513 1
f 38302 62399 26997
f 37756 50239 20873
f 4 57857 3
f 2563 513 1
f 39532 40383 26613
f 38897 30015 21106
f 3 36353 4
f 4 513 1
f 42628 26815 26645
f 35262 57151 1522
f 4 37889 4
f 4 513 1
f 43933 35007 26253
f 36279 3135 1158
f 2564 35841 4
f 4 513 1
f 52130 22975 25516
f 26380 22847 53176
f 2 38657 9
f 4 513 1
f 50697 34495 25920
f 24949 41791 40468
f 4 36097 4
f 2 513 1
f 59457 45247 22321
f 38804 47679 25465
f 4 38145 4
f 4 1 1
f 60523 19903 21916
f 39444 14655 22128
f 4 35329 4
f 4 1 1
f 50124 24255 23107
f 46688 15423 30362
f 4 51713 3
f 3 1 1
f 51057 17087 22705
f 47586 41023 30681
f 3 38657 4
f 4 1 1
f 54947 25791 22715
f 42983 17727 5948
f 4 35585 4
f 4 1 1
f 55934 13247 22311
f 43782 39231 5803
f 4 38145 4
f 4 1 1
f 64730 13759 21522
f 34652 28479 9480
f 9 27905 9
f 4 1 1
f 63641 37567 21926
f 34121 12095 4668
f 4 38401 4
f 9 1 1
f 42996 26686 32477
f 15895 51902 17428
f 4 36609 4
f 4 1 1
f 35846 64062 32567
f 7173 50110 16588
f 4 38401 4
f 4 1 1
f 49984 48190 32254
f 42411 61118 7141
f 4 59137 3
f 3 1 1
f 44010 49214 32376
f 36658 25022 8155
f 3 37121 4
f 4 1 1
f 47051 51518 32373
f 33039 15294 13005
f 4 38657 4
f 4 1 1
f 40565 10814 32480
f 22808 57790 13269
f 4 36609 4
f 4 1 1
f 27620 1086 32640
f 52037 36029 18550
f 9 43521 9
f 4 1 1
f 37719 41534 32565
f 739 29118 20069
f 4 36865 4
f 9 1 1
f 22385 23234 13697
f 2633 41920 18499
f 4 38913 4
f 4 513 1
f 22385 23234 13697
f 2633 41920 18499
f 4 21761 4
f 4 513 1
f 15520 23234 13697
f 11541 32704 6510
f 4 61441 2563
f 2563 513 1
f 15520 23234 13697
f 11541 32448 6510
f 2563 39425 2564
f 4 513 1
f 19144 23234 13697
f 7234 27328 55496
f 2564 21505 4
f 4 513 1
f 19144 23234 13697
f 7234 27072 55496
f 4 38913 4
f 4 513 1
f 25219 23234 13697
f 61077 447 46695
f 2 47873 2
f 4 513 1
f 25219 23234 13697
f 61077 447 46695
f 4 39169 4
f 2 2817 1
f 20600 57664 31805
f 1675 31936 6304
f 4 33537 4
f 4 513 1
f 20612 43072 31550
f 1686 2240 6333
f 4 39169 4
f 4 513 1
f 13900 14144 32293
f 10274 192 16006
f 4 61185 2563
f 2563 513 1
f 13915 9280 32032
f 10282 23744 15945
f 2563 34561 4
f 4 513 1
f 17434 23616 32045
f 6121 12992 30681
f 4 39425 4
f 4 513 1
f 17449 40512 31792
f 6127 29120 29573
f 4 33537 4
f 4 513 1
f 23385 24384 31313
f 59507 48575 40005
f 2 48129 2
f 4 513 1
f 23372 59456 31563
f 59487 3007 39986
f 4 34305 4
f 2 2817 1
f 4255 9664 40754
f 17324 26432 3046
f 4 39937 4
f 4 1 1
f 4251 32192 40354
f 17407 38720 3608
f 4 40449 4
f 4 1 1
f 12691 12224 41126
f 9726 47936 31287
f 4 64001 3
f 3 1 1
f 12710 19904 40694
f 9809 10560 30877
f 3 40961 4
f 4 1 1
f 8722 38080 40938
f 13650 4672 29613
f 4 40705 4
f 4 1 1
f 8736 35520 40519
f 13730 41024 27889
f 4 39937 4
f 4 1 1
f 64085 38079 40208
f 20750 13120 45209
f 2 49921 2
f 4 1 1
f 64095 26047 40565
f 20679 40768 44962
f 4 40193 4
f 2 1 1
f 4562 26688 39432
f 17360 41920 52443
f 4 41473 4
f 4 1 1
f 4588 60480 39043
f 17417 21952 52855
f 4 41985 4
f 4 1 1
f 13041 19264 39777
f 9671 50368 37179
f 4 1025 4
f 4 1 1
f 13024 21568 39351
f 9788 49344 36757
f 4 42497 4
f 4 1 1
f 9070 19008 39600
f 13628 24512 51509
f 4 42241 4
f 4 1 1
f 9046 12352 39192
f 13736 56512 49808
f 4 41473 4
f 4 1 1
f 64732 51519 38907
f 20795 61120 40364
f 61954 52211 61954
f 4 1 1
f 64683 19263 39264
f 20745 64704 40278
f 4 41729 4
f 61954 62195 62195
f 18800 575 31480
f 33351 43581 55453
f 2564 37889 2563
f 2563 513 1
f 23486 63295 31239
f 2082 32189 54636
f 2563 43009 2564
f 4 513 1
f 17514 17471 31257
f 49217 55358 1901
f 4 3073 4
f 2563 513 1
f 22680 45631 31132
f 35461 46910 1505
f 2563 38145 3
f 4 513 1
f 24997 1343 31121
f 2083 61502 63911
f 2563 42753 4
f 4 513 1
f 19497 19775 31344
f 27060 40510 63991
f 4 38145 3
f 2563 2817 1
f 18317 57151 31419
f 22460 39102 41510
f 2 54017 2
f 4 513 1
f 14518 46399 31665
f 61098 55485 42935
f 4 38401 2563
f 2 2817 1
f 60545 27583 38433
f 22089 2112 57737
f 4 39169 3
f 3 1 1
f 60379 28863 38805
f 22070 45376 57994
f 3 43777 4
f 4 1 1
f 6011 63424 38056
f 16518 21056 53469
f 4 5121 4
f 3 1 1
f 5947 16576 38454
f 16492 40000 54175
f 3 39425 3
f 4 1 1
f 1777 52928 38237
f 19541 28992 35933
f 4 44033 4
f 3 1 1
f 1718 48832 38627
f 19508 4416 36073
f 3 39169 3
f 4 1 1
f 51837 43455 38983
f 24183 14656 6720
f 2 56065 2
f 4 1 1
f 51976 44479 38639
f 24209 13632 6625
f 4 40449 3
f 2 1 1
f 26665 29247 31037
f 57205 8637 53522
f 4 44289 4
f 4 769 1
f 33778 29759 30493
f 12059 36030 57341
f 4 40449 4
f 4 769 1
f 30420 16703 30675
f 36226 17214 4650
f 4 64001 3
f 4 769 1
f 32360 18495 30683
f 63462 8765 1831
f 4 44801 4
f 4 769 1
f 32189 24639 30695
f 62243 56125 1707
f 4 40705 4
f 4 769 1
f 32972 1087 30659
f 3622 7613 62485
f 4 44289 4
f 4 769 1
f 28512 30271 30672
f 47803 25022 42589
f 2 49921 2
f 4 769 1
f 21333 56639 31170
f 39180 958 39646
f 4 44545 4
f 9 769 1
f 57071 5439 19723
f 53871 14015 13731
f 2564 42753 4
f 4 513 1
f 58027 7743 18960
f 55768 9151 11096
f 4 44545 4
f 4 513 1
f 316 36416 20320
f 39099 45247 59911
f 4 6401 4
f 4 513 1
f 984 64832 19505
f 41151 31167 58985
f 4 43265 4
f 4 513 1
f 62416 22847 19996
f 46350 30143 43285
f 2564 44801 4
f 4 513 1
f 63519 61503 19201
f 48397 49087 41985
f 4 42753 4
f 4 513 1
f 50844 13375 18761
f 63042 25279 8286
f 2 57601 9
f 4 513 1
f 50099 49983 19471
f 61274 16831 48558
f 4 43009 4
f 2 2817 1
f 64171 43327 15627
f 60778 60607 27978
f 4 45057 4
f 4 1 1
f 64972 34111 14815
f 62468 42175 25596
f 4 41729 4
f 4 1 1
f 4592 9536 16182
f 44867 15039 2605
f 4 769 4
f 4 1 1
f 5104 63040 15324
f 46814 1471 2011
f 4 45569 4
f 4 1 1
f 2372 61504 15877
f 52683 59583 52353
f 4 42497 4
f 4 1 1
f 2782 50752 15040
f 54614 34239 50845
f 4 45057 4
f 4 1 1
f 57068 33087 14650
f 2338 5056 709
f 2 52225 61954
f 4 1 1
f 56447 12095 15397
f 1564 12736 10966
f 4 45313 4
f 2 1 1
f 33300 11071 30617
f 56958 64700 345
f 4 43521 4
f 4 1 1
f 35618 54335 30263
f 2755 3774 65022
f 4 45313 4
f 4 1 1
f 33198 35135 30403
f 43028 48702 8512
f 4 7681 4
f 4 1 1
f 36078 53055 30136
f 24218 31806 8330
f 4 44033 4
f 4 1 1
f 34187 40255 30442
f 10584 11326 5594
f 4 45569 4
f 4 1 1
f 36660 4927 30148
f 20239 58941 4976
f 4 43521 4
f 4 1 1
f 32125 46399 30489
f 44088 61630 49980
f 2 58369 2
f 4 1 1
f 28427 64319 30844
f 28021 6078 51807
f 4 43777 4
f 2 1 1
f 2633 192 1
f 22385 15042 40955
f 3 45825 4
f 4 513 1
f 2633 192 1
f 22385 15298 40955
f 4 42241 2563
f 2563 513 1
f 11541 192 1
f 15520 25026 33620
f 3 43265 2563
f 4 513 1
f 11541 192 1
f 15520 22210 33620
f 4 46337 2564
f 2563 513 1
f 7235 192 1
f 19144 22978 64272
f 2563 41985 2563
f 2564 513 1
f 7235 192 1
f 19144 22978 64272
f 2564 45825 4
f 2563 513 1
f 61077 191 1
f 25219 5570 269
f 2 60161 2
f 2563 513 1
f 61077 191 1
f 25219 5570 269
f 2563 46081 4
f 2 2817 1
f 4198 4032 28188
f 19159 10560 15477
f 4 39681 4
f 2564 513 1
f 4185 61376 27742
f 19200 51008 15833
f 4 46081 2564
f 4 513 1
f 12854 19648 28621
f 11709 13376 19451
f 2564 9729 4
f 3 513 1
f 12862 25280 28129
f 11742 48960 19271
f 3 40705 2564
f 2564 513 1
f 8749 36544 28405
f 15580 4672 17896
f 2564 46337 2564
f 2564 513 1
f 8755 38848 27925
f 15613 27200 14954
f 4 39681 4
f 4 513 1
f 63904 65215 27564
f 22428 11840 51065
f 2 60417 2
f 4 513 1
f 63928 26559 27977
f 22393 42304 50905
f 4 40449 4
f 2 2817 1
f 62980 63167 60966
f 15958 42560 4880
f 3 46593 4
f 4 513 1
f 63002 15551 60564
f 16076 6976 5109
f 4 50945 3
f 3 513 1
f 6408 60608 61762
f 9737 44608 30285
f 3 51969 3
f 4 513 1
f 6521 61376 61350
f 9782 10560 30107
f 4 47105 4
f 3 513 1
f 2681 192 61362
f 13026 6976 53306
f 3 50689 3
f 4 513 1
f 2788 16320 60954
f 13079 15168 53251
f 4 46593 4
f 3 513 1
f 54481 51647 60175
f 18688 52032 16381
f 2 62209 2
f 3 513 1
f 54480 57791 60574
f 18571 1088 16135
f 3 46849 4
f 2 2817 1
f 197 13631 31176
f 14276 25535 43781
f 42498 65474 9
f 2564 2049 1
f 56269 51774 31460
f 11103 16831 47729
f 2564 47617 42500
f 42498 2242 1
f 63984 11070 31442
f 8837 17087 1206
f 2564 47617 42500
f 2564 2049 1
f 63059 54078 31721
f 1648 36287 41034
f 2564 48129 2564
f 2564 2049 1
f 63059 53566 31721
f 1648 32703 41034
f 2564 48129 2564
f 2564 2049 1
f 5460 14143 31372
f 5137 41151 49358
f 2564 48641 2564
f 2564 2049 1
f 483 2367 31432
f 8094 53695 14254
f 12 48641 2564
f 2564 2049 1
f 197 14143 31176
f 14276 43711 43795
f 2564 65281 9
f 12 2049 61953
f 60591 574 31995
f 52757 21950 65231
f 2564 48897 2564
f 2564 2049 1
f 56385 47934 32234
f 35838 47294 11053
f 2564 12289 4
f 2564 2049 1
f 56385 47934 32234
f 35838 46270 11053
f 2564 12289 4
f 2564 2049 1
f 4128 53823 31908
f 41511 48318 18674
f 2564 49409 2564
f 2564 2049 1
f 1193 63551 31955
f 46526 29118 10295
f 2564 49409 2564
f 2564 2049 1
f 2346 5183 31688
f 63724 58558 60488
f 2564 48129 2564
f 2564 2049 1
f 2346 5183 31688
f 63724 61118 60488
f 2564 48129 2564
f 2564 2049 1
f 55382 29758 32009
f 57162 29118 50407
f 2564 48897 2564
f 2564 2049 1
f 2157 25919 32125
f 11670 25790 31317
f 2563 17665 2564
f 2564 2049 1
f 12078 16191 31709
f 22858 15806 37098
f 2564 37121 2563
f 2563 2049 1
f 8760 26431 31805
f 33550 63934 31920
f 2563 37121 2563
f 2564 2049 1
f 9635 45375 31562
f 53237 62398 17313
f 2564 49921 2564
f 2563 2049 1
f 9635 45887 31562
f 53237 64702 17313
f 2564 49921 2564
f 2564 2049 1
f 1193 63551 31955
f 46526 31678 10295
f 2564 49409 2564
f 2564 2049 1
f 4128 54335 31908
f 41511 50366 18674
f 2564 49409 2564
f 2564 2049 1
f 2156 26431 32125
f 11669 27838 31317
f 2564 17665 2564
f 2564 2049 1
f 6680 46655 31352
f 4407 7615 55709
f 3 36097 3
f 2564 2049 1
f 6034 63807 31097
f 11439 58815 26731
f 2564 769 3
f 3 2049 1
f 6034 64063 31097
f 11439 15295 26732
f 12 769 3
f 2564 2049 1
f 483 1599 31432
f 8094 8383 14254
f 2564 48641 2564
f 12 2049 61953
f 5460 13119 31372
f 5137 22207 49358
f 2564 48641 2564
f 2564 2049 1
f 5285 48447 31646
f 59511 48318 5466
f 2564 49921 2564
f 2564 2049 1
f 5286 47935 31646
f 59511 44734 5466
f 2563 49921 2564
f 2564 2049 1
f 12988 18751 31221
f 607 15295 11531
f 2564 36097 3
f 2563 2049 1
f 40831 31807 21768
f 60136 39871 28065
f 2564 52481 3
f 3 513 1
f 41530 56383 21329
f 61232 54719 30063
f 3 47617 2564
f 2564 513 1
f 48907 36415 22553
f 50464 5311 27450
f 4 12033 2564
f 2563 513 1
f 49797 62015 22120
f 51474 56511 39302
f 2563 52737 2563
f 2564 513 1
f 45916 12863 21731
f 56493 19391 366
f 3 47873 2564
f 2564 513 1
f 45128 64831 22157
f 55465 61375 63277
f 2564 52737 2563
f 3 513 1
f 36641 28735 20937
f 22 46528 46829
f 3 64513 42498
f 2564 513 1
f 36063 31807 21367
f 64477 64447 45631
f 2564 53761 3
f 3 513 1
f 46304 61502 31975
f 656 36543 25996
f 4 54785 3
f 3 1 1
f 51880 29246 31805
f 3743 12991 19716
f 3 50689 4
f 4 1 1
f 47219 58942 32257
f 45180 36798 1847
f 4 20481 4
f 3 1 1
f 51829 10558 32120
f 52247 50622 63190
f 3 55041 3
f 4 1 1
f 48059 19774 32124
f 55426 42942 52472
f 4 50945 4
f 3 1 1
f 52014 15166 31971
f 62818 23486 44832
f 3 54785 3
f 4 1 1
f 49071 54590 31627
f 9308 60863 12557
f 61955 4865 3
f 4 1 1
f 44079 62782 31812
f 6022 29119 15876
f 4 56065 3
f 61955 1 1
f 558 1600 46122
f 18736 33984 6843
f 3 51201 4
f 2564 513 1
f 587 42816 45871
f 18773 55232 6884
f 2564 60417 2563
f 2563 513 1
f 8817 38720 46603
f 12208 58560 32810
f 3 61441 2563
f 4 513 1
f 8844 45632 46346
f 12249 54208 32912
f 4 51713 2564
f 2563 513 1
f 4832 46144 46359
f 15647 11456 55790
f 2563 60161 2563
f 4 513 1
f 4855 60992 46108
f 15689 46528 55907
f 4 51201 4
f 2563 513 1
f 57658 34367 45634
f 21484 43456 18724
f 3 6913 3
f 2563 513 1
f 57607 14143 45884
f 21445 62656 18674
f 2563 51457 2564
f 3 513 1
f 1021 39232 40726
f 19565 53696 8367
f 4 50433 4
f 4 1 1
f 1039 35904 40533
f 19591 24512 8402
f 4 52225 4
f 4 1 1
f 9430 44352 41110
f 12969 44992 35204
f 4 23809 4
f 4 1 1
f 9450 53824 40915
f 12995 4544 35270
f 4 50945 4
f 4 1 1
f 5369 17728 40924
f 16445 40128 58519
f 4 52481 4
f 4 1 1
f 5387 15680 40718
f 16474 26304 58601
f 4 50433 4
f 4 1 1
f 58405 55359 40354
f 22324 8640 20399
f 61955 8449 3
f 4 1 1
f 58375 26431 40541
f 22298 9920 20360
f 4 50689 4
f 61955 1 1
f 45847 19775 17753
f 2121 59072 42128
f 4 52993 4
f 4 513 1
f 46409 61247 17345
f 2520 39872 42854
f 4 53505 2564
f 4 513 1
f 55841 46911 18536
f 59443 20159 38300
f 4 26369 4
f 4 513 1
f 56491 30783 18125
f 60238 18879 40688
f 4 54017 2564
f 4 513 1
f 51125 44095 18144
f 64793 10943 18197
f 4 53761 4
f 2564 513 1
f 51691 34623 17734
f 44 11712 19752
f 4 52993 4
f 4 513 1
f 40604 32063 16956
f 4788 38848 60065
f 61955 9985 61955
f 4 513 1
f 40118 19775 17365
f 4372 54208 59166
f 4 53249 4
f 61955 513 1
f 56559 14143 7416
f 10598 48064 59858
f 4 52737 4
f 4 513 1
f 56849 4671 7096
f 10798 8128 60246
f 4 51457 4
f 4 513 1
f 2197 38720 8035
f 4751 32704 7607
f 4 22529 4
f 4 513 1
f 2357 53312 7708
f 4954 14272 8322
f 4 53761 4
f 4 513 1
f 63529 54079 7724
f 7809 14016 39729
f 4 51713 2564
f 4 513 1
f 63807 47423 7400
f 8021 36032 40177
f 4 52737 4
f 4 513 1
f 49370 57407 6797
f 13279 64192 7605
f 61955 7169 3
f 2564 513 1
f 49124 56383 7111
f 13073 49088 7372
f 2564 53505 4
f 61955 513 1
f 35911 64831 24136
f 54204 14783 20941
f 4 51969 4
f 2564 513 1
f 36711 831 23732
f 55350 56767 22948
f 4 53249 4
f 2564 513 1
f 42843 10303 24901
f 45188 41407 60837
f 4 26113 4
f 4 513 1
f 43775 4415 24503
f 46306 27071 22145
f 4 52481 4
f 2564 513 1
f 39651 49215 24520
f 49802 51903 53896
f 4 54017 2564
f 2564 513 1
f 40466 35391 24119
f 50972 65215 57992
f 4 51969 4
f 2564 513 1
f 32089 40767 23343
f 59454 61119 41970
f 3 10241 61955
f 4 513 1
f 30721 23871 23750
f 58270 56255 40726
f 4 52225 4
f 3 513 1
f 10560 28991 31012
f 9151 49599 52565
f 2563 34817 2563
f 2564 2049 1
f 16321 35647 30618
f 12245 26815 63070
f 2564 54529 2564
f 2563 2049 1
f 4990 2623 30894
f 16732 35263 34327
f 2564 54529 2564
f 2564 2049 1
f 3208 19263 30744
f 20957 19903 45031
f 2564 55041 4
f 2564 2049 1
f 3208 19519 30744
f 20957 16831 45030
f 2564 55041 4
f 2564 2049 1
f 65166 23614 30973
f 18735 6591 64713
f 2564 55553 2564
f 2564 2049 1
f 8956 38975 30813
f 15178 30399 22450
f 2563 55553 4
f 2564 2049 1
f 10560 28735 31012
f 9151 40383 52565
f 2564 34817 2563
f 2563 2049 1
f 42823 63806 30825
f 26865 43455 9269
f 3 55809 4
f 2564 2049 1
f 40545 38974 30765
f 28276 6079 13698
f 2564 11009 3
f 3 2049 1
f 40545 38974 30765
f 28276 13759 13698
f 3 11009 3
f 2564 2049 1
f 37864 34878 30844
f 27384 50367 14755
f 2564 56321 4
f 3 2049 1
f 51610 28478 30778
f 25929 35519 64590
f 2564 56321 4
f 2564 2049 1
f 54134 46654 30877
f 23593 55743 52265
f 2564 55041 4
f 2564 2049 1
f 54134 45886 30877
f 23593 5055 52266
f 2564 55041 4
f 2564 2049 1
f 58922 34110 30724
f 25136 15295 48337
f 2564 55809 4
f 2564 2049 1
f 36136 38974 30787
f 28601 30399 18441
f 2562 14849 2563
f 2564 2049 1
f 33981 58686 30854
f 27787 33983 19045
f 2564 2049 3
f 2562 2049 1
f 45876 37950 30811
f 26542 12735 5888
f 3 2049 2563
f 2564 2049 1
f 47775 55102 30905
f 24514 10687 657
f 2564 56833 4
f 3 2049 1
f 47775 55870 30905
f 24514 1727 657
f 2564 56833 4
f 2564 2049 1
f 51610 28990 30778
f 25929 14271 64590
f 2564 56321 4
f 2564 2049 1
f 37864 35390 30844
f 27384 38335 14755
f 3 56321 4
f 2564 2049 1
f 36136 39230 30787
f 28601 22719 18441
f 2564 14849 2563
f 3 2049 1
f 3140 46655 30925
f 17451 37823 2552
f 3 1281 3
f 2564 2049 1
f 4221 13119 31129
f 12263 24255 9066
f 2564 35585 3
f 3 2049 1
f 4221 13119 31129
f 12263 7871 9066
f 2563 35585 3
f 2564 2049 1
f 8956 39999 30813
f 15178 14783 22451
f 2564 55553 4
f 2563 2049 1
f 65165 24638 30973
f 18735 9151 64711
f 2564 55553 4
f 2564 2049 1
f 62614 19006 30824
f 22348 31935 32776
f 2564 56833 4
f 2564 2049 1
f 62614 18494 30824
f 22348 47039 32776
f 3 56833 4
f 2564 2049 1
f 57035 33598 31015
f 20288 63167 35573
f 2564 1281 3
f 3 2049 1
f 15526 64189 30026
f 37487 27455 61903
f 2564 52993 9
f 2 2817 1
f 37668 11965 29663
f 39803 30527 63935
f 2 54529 4
f 2564 2817 1
f 46052 53179 30497
f 34207 36671 59278
f 4 10753 3
f 1 2817 1
f 21455 50364 30295
f 35666 65087 61098
f 1 53249 2562
f 4 2817 1
f 11513 53181 30022
f 37520 11327 62185
f 9 54785 2564
f 4 2817 1
f 54853 13756 30306
f 35584 45631 60154
f 4 53249 2562
f 2 2817 1
f 50965 57277 29207
f 42500 24383 520
f 2 34049 2563
f 4 2817 1
f 30182 27581 29645
f 39935 34367 64833
f 4 54529 2
f 2 2817 1
f 11189 575 30833
f 12707 45759 53132
f 2564 55041 2
f 2 1 1
f 7839 31551 31177
f 7831 61375 55714
f 2 57601 2564
f 2564 1 1
f 50744 25918 30802
f 25702 12479 56055
f 4 16129 3
f 62019 1 1
f 52467 13630 30977
f 22170 26559 41897
f 62019 55297 2
f 2564 1 1
f 516 16703 30853
f 20628 16319 42150
f 2564 57857 2564
f 2 1 1
f 1081 37439 31077
f 15768 447 18849
f 2 55041 2
f 2564 1 1
f 16743 52799 31154
f 59740 33470 27397
f 2 40193 3
f 2564 1 1
f 21031 56383 30762
f 2566 64191 26822
f 2564 56577 2
f 2 1 1
f 31732 21183 52603
f 25053 57152 27199
f 2 58113 2564
f 4 2817 1
f 31997 24767 52165
f 25134 62016 27189
f 4 59905 2
f 2 2817 1
f 1398 12223 53044
f 26550 47424 38228
f 2 30465 243
f 3 513 1
f 1415 50111 52780
f 26609 31552 38266
f 3 58625 4
f 2 2817 1
f 15845 56767 52850
f 25961 56640 34357
f 2 59649 2
f 4 2817 1
f 15911 1983 52496
f 26037 28736 34396
f 4 58113 2564
f 2 2817 1
f 40433 4287 52314
f 23820 42048 17923
f 2 59905 2
f 4 2817 1
f 40545 32703 51806
f 23916 61504 17954
f 4 42497 3
f 2 2817 1
f 33568 16319 45815
f 26296 48960 27345
f 2564 57345 2564
f 2564 1 1
f 33654 25535 45468
f 26351 27200 27339
f 2564 59137 2564
f 2564 1 1
f 2806 52671 46159
f 27922 22336 38687
f 4 18689 3
f 3 49409 49602
f 2836 36031 45955
f 27960 26944 38706
f 61955 57857 2564
f 2564 1 1
f 17796 21951 46012
f 27282 64064 34648
f 2564 59393 4
f 2564 1 1
f 17866 4799 45727
f 27333 26944 34667
f 2564 57345 2564
f 2564 1 1
f 42195 50367 45194
f 25019 46656 17588
f 3 44289 3
f 2564 1 1
f 42075 26559 45591
f 24963 36928 17624
f 2564 57601 2564
f 3 1 1
f 8248 446 26830
f 54281 9279 7131
f 4 59905 4
f 4 2817 1
f 15743 42942 26325
f 56351 10047 7818
f 4 60417 4
f 4 2817 1
f 22471 46269 27443
f 51726 46911 8388
f 4 21249 3
f 3 513 1
f 27185 41661 27146
f 53083 43327 9277
f 3 60929 4
f 4 2817 1
f 54998 30653 27190
f 52806 6975 7588
f 4 60673 4
f 2564 2817 1
f 60776 17341 26780
f 54608 64831 8607
f 4 59905 4
f 4 2817 1
f 32175 24510 25767
f 58386 5695 7469
f 2563 46081 2563
f 4 2817 1
f 21709 37054 26362
f 56110 41023 6963
f 4 60161 4
f 2563 513 1
f 3481 58815 15611
f 10503 21056 19147
f 4 59649 4
f 4 2817 1
f 4612 41663 15071
f 11040 62784 19417
f 4 58369 4
f 2564 2817 1
f 36171 44990 16196
f 10558 51520 27753
f 4 17409 3
f 2563 513 1
f 36500 13246 15871
f 10919 58432 28215
f 2563 60673 4
f 4 2817 1
f 53725 54462 15947
f 10554 28224 23586
f 4 58625 4
f 4 2817 1
f 54555 32702 15504
f 11031 5184 24102
f 4 59649 4
f 2564 2817 1
f 14542 13759 14576
f 10978 9280 14808
f 2563 42497 3
f 4 2817 1
f 12967 25023 15204
f 10395 34368 14670
f 4 60417 4
f 3 513 1
f 5452 38718 31284
f 21881 51775 57502
f 2564 58881 2564
f 4 2817 1
f 58879 38205 31009
f 27116 16703 59433
f 4 60161 4
f 4 2817 1
f 60349 20285 31724
f 13238 44607 49061
f 4 20993 3
f 3 513 1
f 57711 43325 31570
f 16610 1855 51322
f 3 59393 4
f 2564 2817 1
f 371 54334 31552
f 16813 5183 52489
f 2564 60929 2564
f 4 2817 1
f 59611 23613 31331
f 21328 46911 55137
f 2564 58881 2564
f 4 2817 1
f 62791 55869 30564
f 33478 6207 65169
f 3 46337 2563
f 4 2817 1
f 10968 18494 30904
f 28351 58431 63587
f 2564 59137 4
f 3 513 1
f 37620 42303 45787
f 25688 40896 41088
f 4 61441 4
f 2564 1 1
f 37642 3391 45572
f 25727 29376 41108
f 2564 61953 2564
f 2564 1 1
f 7495 32831 46135
f 27743 45248 50836
f 4 23809 3
f 3 1 1
f 7525 56383 45981
f 27771 44736 50851
f 3 62465 4
f 2564 1 1
f 23958 34367 45982
f 26942 61632 46329
f 4 62209 2564
f 2564 1 1
f 24005 41279 45782
f 26978 53440 46346
f 4 61441 4
f 2564 1 1
f 47353 13119 45328
f 23984 44992 35401
f 3 48641 2563
f 2564 1 1
f 47319 7743 45581
f 23941 9152 35383
f 4 61697 2564
f 3 1 1
f 38029 27839 44150
f 25936 23360 42200
f 2 62721 2564
f 2564 1 1
f 38072 54719 43938
f 25969 43328 42205
f 2564 61953 2
f 2 1 1
f 8147 10943 44484
f 28024 61504 52017
f 2 37633 1
f 3 1 1
f 8133 43199 44338
f 28052 15680 52042
f 3 63233 4
f 2 1 1
f 24726 51135 44334
f 27208 4672 47469
f 2 61697 2
f 2564 1 1
f 24723 33471 44151
f 27241 33856 47495
f 2564 62721 2564
f 2 1 1
f 47820 19391 43716
f 24202 46656 36459
f 3 62209 2
f 2 1 1
f 47771 41663 43940
f 24169 41280 36457
f 2 62977 2564
f 3 1 1
f 51085 44606 30423
f 31871 25279 11762
f 42500 2754 3
f 3 513 1
f 48316 60990 30677
f 28320 50367 7368
f 3 63745 42500
f 4 2817 1
f 30855 46142 30056
f 36461 29119 38789
f 4 26369 3
f 1 513 1
f 30031 57918 30236
f 35218 6847 36570
f 1 2817 3
f 4 2817 1
f 39886 12094 30446
f 33119 5311 24571
f 3 63489 4
f 4 2817 1
f 41821 58174 30216
f 34680 42943 28862
f 4 2817 3
f 3 513 1
f 55642 17982 30913
f 22574 51135 46334
f 3 53505 3
f 42500 706 1
f 59235 58686 30654
f 26266 20159 54305
f 42500 3522 3
f 3 513 1
f 39304 20799 34901
f 27268 57792 39623
f 4 3841 3
f 3 1 1
f 39285 12351 35038
f 27251 29632 39610
f 3 64513 4
f 2564 1 1
f 9801 46399 34714
f 29526 21696 49799
f 4 27649 3
f 62019 1 1
f 9808 26943 34799
f 29514 35264 49782
f 62019 4097 61955
f 2564 1 1
f 26813 6207 34790
f 28637 17088 45085
f 4 64769 2564
f 61955 1 1
f 26815 52543 34909
f 28620 27072 45063
f 61955 3841 3
f 2564 1 1
f 49206 44095 35173
f 25374 39360 33690
f 61955 55809 3
f 4 1 1
f 49228 28223 35031
f 25390 64448 33702
f 4 5377 3
f 61955 1 1
f 42515 33598 31235
f 19448 15295 56679
f 2564 65025 2564
f 4 769 1
f 37117 14142 31445
f 16260 38079 53661
f 2564 61953 2564
f 2564 769 1
f 16807 44862 30931
f 27611 36287 27123
f 4 23809 3
f 3 769 1
f 20558 14398 31078
f 24872 49599 20059
f 3 1 5
f 2564 769 1
f 31900 58686 31069
f 24291 5311 13805
f 4 62209 2564
f 5 769 1
f 33737 51518 31252
f 20697 22463 5603
f 5 65025 2564
f 2564 769 1
f 42286 61758 31635
f 10920 20927 16516
f 3 48641 2563
f 2564 769 1
f 48494 12862 31426
f 14129 46527 20502
f 2564 65281 4
f 3 769 1
f 46987 43966 28960
f 42435 59455 4857
f 42500 63682 4
f 42500 706 1
f 49273 55998 28642
f 44085 62783 5871
f 2564 65281 4
f 4 2817 1
f 9271 25022 29391
f 41202 17215 9528
f 5 28929 3
f 3 513 1
f 10745 38334 29190
f 42372 38975 10446
f 32771 64054 2564
f 5 2817 1
f 32534 23742 29207
f 41833 64063 7460
f 42500 194 5
f 4 2817 1
f 34038 27070 28938
f 43327 17471 8531
f 42500 63682 4
f 4 2817 1
f 438 11199 28322
f 44460 57919 2580
f 3 57345 3
f 4 2817 1
f 63447 58558 28668
f 42788 11839 1692
f 4 63745 42500
f 2563 513 1
f 3601 21951 25386
f 57637 23871 16744
f 2564 257 5
f 61957 1 1
f 4522 36543 25025
f 58927 55359 17536
f 61957 62977 2564
f 2564 1 1
f 37196 44478 25921
f 57585 21055 24637
f 2564 25089 3
f 3 1 1
f 37710 51902 25685
f 58516 61759 25393
f 3 769 5
f 2564 1 1
f 53603 14526 25690
f 57718 38719 21024
f 2564 63233 2564
f 61957 1 1
f 54617 30654 25379
f 58902 19263 21902
f 61957 257 5
f 2564 1 1
f 15355 54719 24644
f 58451 33343 12523
f 3 51201 3
f 2564 1 1
f 14168 60095 25033
f 57144 4159 11828
f 2564 2817 61957
f 3 1 1
f 37283 2366 31248
f 20197 7871 57189
f 5 64257 2564
f 4 1 1
f 34808 54846 31444
f 16690 38591 47640
f 2564 2817 61957
f 61957 1 1
f 12603 4926 30935
f 27760 39103 23674
f 61957 30209 3
f 3 1 1
f 11303 20030 31079
f 25340 54463 19437
f 61955 64769 2564
f 61957 1 1
f 27315 17214 31074
f 24526 35519 10616
f 61957 769 61957
f 2564 1 1
f 24688 55614 31253
f 21403 37311 5589
f 4 64257 2564
f 61957 1 1
f 40008 55614 31635
f 11456 50367 4693
f 3 58625 3
f 61957 1 1
f 43288 11070 31439
f 15109 55743 22263
f 61957 64513 2564
f 3 1 1
f 40590 23103 13697
f 29547 27584 41909
f 3 1025 61957
f 5 2817 1
f 40590 23103 13697
f 29547 27584 41909
f 5 6657 12
f 2563 513 1
f 11059 23103 13697
f 31846 1728 52408
f 3 56577 1
f 2563 513 1
f 11059 23103 13697
f 31846 1728 52408
f 2563 1537 5
f 2563 513 1
f 28683 23103 13697
f 30942 62400 47543
f 3 6401 2563
f 5 513 1
f 28683 23103 13697
f 30942 62400 47543
f 5 1025 61957
f 2563 513 1
f 50902 23103 13697
f 27625 1984 35790
f 3 6657 12
f 5 2817 1
f 50902 23103 13697
f 27625 1984 35790
f 5 60673 2563
f 2563 513 1
f 38956 55871 33282
f 27554 49088 41869
f 61957 61185 2564
f 2564 513 1
f 38962 40767 33151
f 27571 25024 41879
f 4 1281 5
f 61957 513 1
f 9043 45119 33476
f 29727 64192 51975
f 5 31489 2563
f 2563 513 1
f 9063 36927 33392
f 29737 34752 51978
f 2563 62209 2564
f 5 513 1
f 26048 36927 33391
f 28877 4800 47301
f 61957 1537 5
f 2564 513 1
f 26076 31551 33281
f 28890 51136 47303
f 4 61185 2564
f 61957 513 1
f 48956 59711 33023
f 25740 31424 35974
f 2563 60673 12
f 5 2817 1
f 48948 45887 33155
f 25724 40896 35966
f 5 61953 4
f 2563 513 1
f 26819 24768 42315
f 34453 46911 35365
f 5 2049 5
f 61957 1 1
f 26861 23232 42020
f 34523 14911 35366
f 61957 2561 61957
f 61957 1 1
f 28527 14528 42612
f 3899 31295 41181
f 61957 1793 2
f 2 1 1
f 28557 448 42432
f 3921 9023 41194
f 2 3073 61957
f 61957 1 1
f 27855 60096 42478
f 19208 27711 38563
f 5 2817 61957
f 61957 1 1
f 27893 4544 42242
f 19260 2367 38576
f 5 2049 5
f 61957 1 1
f 25462 28608 41794
f 43251 54591 30669
f 3 62977 3
f 61957 1 1
f 25420 10176 42124
f 43156 38207 30686
f 5 2305 61957
f 3 1 1
f 27102 30272 40904
f 34196 30911 36624
f 61957 3585 61957
f 61957 1 1
f 27150 24384 40614
f 34207 7103 36646
f 61957 4097 61957
f 61957 1 1
f 28794 61248 41180
f 3272 62911 42441
f 61957 4353 2
f 2 1 1
f 28819 54848 41007
f 3394 36031 42436
f 2 4609 61957
f 61957 1 1
f 28133 55616 41059
f 18557 54975 39836
f 61957 4353 61957
f 61957 1 1
f 28164 25152 40825
f 18724 2495 39827
f 61957 3585 61957
f 61957 1 1
f 25763 11328 40391
f 42955 50879 33005
f 4 1 4
f 61957 1 1
f 25712 26176 40725
f 42921 4799 32989
f 61957 3841 61957
f 4 1 1
f 12101 41787 32533
f 44394 34110 29879
f 61957 13569 2
f 2 2817 1
f 45303 10045 32544
f 41889 24638 34553
f 2 5121 61957
f 5 2817 1
f 7101 22974 32631
f 22228 49982 5769
f 5 10753 2
f 1 2817 1
f 54224 42173 32668
f 18515 36414 9315
f 1 13825 2
f 5 2817 1
f 46004 63677 32600
f 35714 37438 16362
f 61957 5377 5
f 2 2817 1
f 47050 956 32640
f 32725 19262 20830
f 2 13569 2
f 5 2817 1
f 24899 14398 32357
f 51109 51006 43641
f 2 2561 4
f 5 2817 1
f 65119 10301 32373
f 55186 36670 40306
f 5 14337 2
f 2 513 1
f 26320 47296 37236
f 42754 55615 27951
f 5 14849 2
f 2 1 1
f 26277 64192 37479
f 42782 43071 27851
f 2 5889 61957
f 61957 1 1
f 28994 21952 37056
f 14082 37951 37792
f 61957 12033 2
f 243 1 1
f 28975 65216 37197
f 14046 10559 37777
f 243 15105 2
f 61957 1 1
f 27943 62656 37133
f 32278 11327 34498
f 5 6145 61957
f 2 1 1
f 27917 28608 37326
f 32238 12351 34476
f 2 14849 2
f 61957 1 1
f 23991 32704 37645
f 53635 42303 17973
f 9 4609 4
f 61957 1 1
f 24046 8384 37357
f 53604 55871 18096
f 61957 16385 2
f 9 1 1
f 22973 28478 32515
f 36691 30270 38933
f 61957 6401 5
f 5 769 1
f 41114 1342 32374
f 40163 28990 44757
f 61957 2561 61957
f 61957 769 1
f 36456 30525 32661
f 24443 63550 26933
f 61957 1793 2
f 2 769 1
f 59534 2877 32686
f 10773 5438 27370
f 2 6913 5
f 61957 769 1
f 2600 27710 32579
f 35711 52798 34926
f 5 2817 61957
f 61957 769 1
f 17608 60734 32605
f 21338 36670 35204
f 61957 6401 5
f 61957 769 1
f 58579 46654 32085
f 47651 25662 53389
f 4 62977 3
f 61957 769 1
f 43005 62782 32301
f 45327 8254 46978
f 5 6657 5
f 4 769 1
f 846 12352 23164
f 48547 30142 16470
f 61957 4865 5
f 5 2817 1
f 1666 64064 22629
f 50879 52158 17240
f 5 6657 5
f 5 2817 1
f 230 61248 23777
f 14781 46526 19192
f 61957 13313 2
f 2 513 1
f 751 51008 23463
f 16700 33726 19760
f 2 5377 5
f 5 2817 1
f 507 61760 23516
f 35669 52158 17894
f 61957 6913 5
f 5 2817 1
f 1191 37696 23089
f 37362 48318 18575
f 61957 4865 5
f 5 2817 1
f 2169 56640 22094
f 64288 22462 15884
f 4 5889 4
f 5 2817 1
f 1265 27200 22721
f 60835 64446 15171
f 5 5121 5
f 4 513 1
f 6776 44352 19044
f 54766 23998 26794
f 61957 7169 61957
f 61957 1 1
f 7499 57408 18449
f 56821 19646 27487
f 61957 3841 61957
f 61957 1 1
f 6410 58688 19680
f 16106 33214 30612
f 61957 4097 2
f 9 1 1
f 6864 24640 19330
f 18300 58302 31078
f 9 7681 61957
f 61957 1 1
f 6592 29760 19409
f 38718 35006 28868
f 61957 4609 61957
f 61957 1 1
f 7186 51776 18933
f 40539 43198 29421
f 61957 7169 61957
f 61957 1 1
f 7784 49984 17893
f 3904 54719 25388
f 4 257 4
f 61957 1 1
f 6990 4416 18587
f 2355 15039 24756
f 61957 7425 61957
f 4 1 1
f 30259 34622 32353
f 49811 35902 46910
f 61957 5633 61957
f 61957 1 1
f 43419 14910 32285
f 46455 32318 50375
f 61957 7425 61957
f 61957 1 1
f 39254 28221 32621
f 33767 23358 34408
f 61957 20737 9
f 9 1 1
f 1154 37950 32611
f 31461 14910 36601
f 2 6145 61957
f 61957 1 1
f 4954 62014 32519
f 41589 45630 39891
f 61957 7681 5
f 61957 1 1
f 24121 63806 32492
f 38750 45630 42650
f 61957 5633 61957
f 61957 1 1
f 61699 26174 31957
f 54400 3390 59510
f 4 7169 4
f 61957 1 1
f 48198 38718 32065
f 59549 46142 55980
f 61957 5889 61957
f 4 1 1
f 29547 192 1
f 40590 31295 34103
f 2 7937 61957
f 5 2817 1
f 29547 192 1
f 40590 31551 34103
f 5 17665 2
f 2 513 1
f 31846 192 1
f 11058 34623 41065
f 2 22785 1
f 2 513 1
f 31846 192 1
f 11058 34623 41065
f 2 8449 5
f 2 513 1
f 30942 192 1
f 28683 13631 37962
f 2 17409 2
f 5 513 1
f 30942 192 1
f 28683 13631 37962
f 5 7937 61957
f 2 513 1
f 27625 192 1
f 50902 36159 26440
f 2 17665 2
f 5 2817 1
f 27625 192 1
f 50902 36159 26440
f 5 9217 4
f 2 513 1
f 28194 15040 29946
f 36487 1599 35411
f 5 1793 61957
f 5 2817 1
f 28209 1216 29623
f 36529 41535 35403
f 5 8193 5
f 61957 2817 1
f 30092 38336 30273
f 6262 61503 41602
f 5 24065 2
f 2 513 1
f 30104 40896 30086
f 6257 57919 41608
f 2 2817 61957
f 5 513 1
f 29343 8896 30137
f 22360 36159 38821
f 5 8449 5
f 61957 513 1
f 29360 62144 29863
f 22367 65343 38827
f 61957 1793 5
f 61957 2817 1
f 26648 8128 29347
f 45767 63807 30206
f 3 9217 4
f 5 2817 1
f 26633 55232 29742
f 45708 52031 30234
f 5 2561 5
f 3 513 1
f 21606 7872 64245
f 35026 56127 7777
f 2 8705 5
f 5 2817 1
f 21698 43968 63831
f 35205 49215 7729
f 5 27393 2
f 2 513 1
f 23393 60352 64883
f 4859 575 19687
f 2 35585 1
f 2 513 1
f 23480 7616 64603
f 4723 31807 19795
f 2 9217 5
f 2 513 1
f 22696 61632 64601
f 20212 41791 14356
f 2 27137 2
f 5 513 1
f 22808 15040 64240
f 20104 56895 14479
f 5 8705 5
f 2 513 1
f 20140 15808 63403
f 44308 58175 65344
f 4 27649 2562
f 2 513 1
f 20051 2240 63839
f 44108 62783 65487
f 2 8961 5
f 4 513 1
f 6440 61246 32718
f 14928 16701 19711
f 2564 15105 2564
f 5 2049 1
f 44261 12605 32751
f 8757 2109 14180
f 5 9729 2565
f 2564 2049 1
f 45025 1085 32750
f 12871 31549 14627
f 5 9729 2565
f 5 2049 1
f 26557 57661 32750
f 39392 13117 15059
f 5 10241 5
f 5 2049 1
f 26558 58173 32750
f 39391 17469 15059
f 5 10241 5
f 5 2049 1
f 53059 19261 32733
f 44459 22845 19332
f 5 10753 5
f 5 2049 1
f 56043 3389 32725
f 52500 26429 21079
f 2564 10753 5
f 5 2049 1
f 6440 61246 32718
f 14928 16957 19711
f 5 15105 2564
f 2564 2049 1
f 59697 7484 32761
f 25068 8253 11389
f 9 11009 5
f 5 2049 1
f 37041 24892 32759
f 34712 63549 11426
f 5 29953 9
f 9 2049 1
f 37035 25148 32759
f 34712 51773 11426
f 2 29953 9
f 5 2049 1
f 1041 46141 32755
f 38722 38717 13106
f 5 11521 5
f 9 2049 1
f 4098 32829 32750
f 46289 43581 14431
f 5 11521 5
f 5 2049 1
f 24445 29501 32753
f 35628 12861 14326
f 5 10241 5
f 5 2049 1
f 24444 28989 32753
f 35628 7741 14326
f 5 10241 5
f 5 2049 1
f 61653 59964 32759
f 29909 13117 11813
f 5 11009 5
f 5 2049 1
f 43029 41532 32752
f 45618 50237 13160
f 1 33793 9
f 5 2049 1
f 5862 6461 32747
f 50657 21053 15196
f 5 9217 2
f 1 2049 1
f 11449 23869 32734
f 64487 15165 17616
f 2 9217 2
f 5 2049 1
f 33143 54077 32740
f 51790 33597 17473
f 5 12033 5
f 9 2049 1
f 33141 54077 32740
f 51790 22845 17473
f 5 12033 5
f 5 2049 1
f 4098 33085 32750
f 46289 43069 14431
f 5 11521 5
f 5 2049 1
f 1040 46141 32755
f 38722 38205 13106
f 9 11521 5
f 5 2049 1
f 43033 41532 32752
f 45618 58173 13160
f 5 33793 9
f 9 2049 1
f 2411 15422 32670
f 12775 5950 29453
f 9 8449 9
f 5 2049 1
f 14380 2622 32678
f 57515 14397 27871
f 5 15873 2564
f 2562 2049 1
f 14380 2622 32678
f 57515 14397 27871
f 2564 15873 2564
f 5 2049 1
f 56043 3133 32725
f 52500 25405 21079
f 5 10753 5
f 2564 2049 1
f 53059 18749 32733
f 44459 21565 19332
f 5 10753 5
f 5 2049 1
f 36526 44093 32728
f 63852 34877 19820
f 5 12033 5
f 5 2049 1
f 36527 44349 32728
f 63851 44605 19820
f 9 12033 5
f 5 2049 1
f 62829 14653 32702
f 2626 2878 25050
f 5 8449 9
f 9 2049 1
f 59961 25663 24850
f 2194 18879 61896
f 5 34305 9
f 2 513 1
f 61306 37439 24461
f 3072 26047 62744
f 2 9729 5
f 5 513 1
f 59821 5695 25394
f 33597 44990 3707
f 5 29697 9
f 1 2817 1
f 60770 61759 25140
f 34314 40382 4089
f 1 34561 9
f 5 2817 1
f 61232 32831 24821
f 51358 35774 1782
f 9 9985 5
f 5 2817 1
f 59993 60991 25162
f 50166 20670 1323
f 5 34561 9
f 2 513 1
f 60848 7487 24077
f 14242 38591 54748
f 2 14337 2564
f 5 2817 1
f 59485 10303 24495
f 13089 27839 54068
f 5 35841 2
f 2 513 1
f 1064 8254 32734
f 40401 40892 17367
f 5 36353 2
f 9 1 1
f 17102 12862 32693
f 59358 16828 20919
f 9 12801 5
f 61957 1 1
f 11809 25405 32764
f 44150 54844 14597
f 61957 40193 9
f 243 1 1
f 42548 29757 32755
f 44814 58427 16055
f 243 36609 9
f 61957 1 1
f 43213 53053 32754
f 15974 13884 16633
f 5 13057 61957
f 9 1 1
f 1714 21822 32733
f 10989 65212 18270
f 9 36353 2
f 61957 1 1
f 31501 20286 32636
f 35632 57277 21385
f 9 19969 4
f 61957 1 1
f 14750 2110 32696
f 22246 11197 18161
f 61957 37889 9
f 9 1 1
f 25271 51776 48094
f 37322 54463 10546
f 2 13313 61957
f 5 2817 1
f 25320 57152 47838
f 37344 11711 10567
f 5 47617 9
f 2 513 1
f 27298 40256 48479
f 7136 54207 23398
f 2 64257 1
f 2 513 1
f 27331 29248 48305
f 7183 59327 23406
f 2 13825 5
f 2 513 1
f 26510 16704 48307
f 23478 9151 17689
f 2 47361 2
f 5 513 1
f 26551 3648 48089
f 23545 32191 17695
f 5 13313 61957
f 2 513 1
f 23549 64064 47848
f 46949 7615 2211
f 2 47617 9
f 5 2817 1
f 23595 3392 47581
f 47003 34751 2204
f 5 22017 4
f 2 513 1
f 26267 47936 42288
f 38097 39615 10354
f 5 12545 61957
f 61957 1 1
f 26300 36160 42087
f 38116 28607 10362
f 61957 14337 61957
f 61957 1 1
f 28365 21312 42590
f 8087 31935 23461
f 61957 42753 61954
f 9 1 1
f 28387 19008 42459
f 8112 47807 23466
f 9 13057 61957
f 61957 1 1
f 27546 35904 42458
f 24729 36799 17631
f 5 14593 5
f 61957 1 1
f 27574 22080 42286
f 24768 46527 17635
f 5 12545 61957
f 61957 1 1
f 24527 20288 41876
f 47915 51903 1856
f 4 23553 4
f 61957 1 1
f 24492 23872 42093
f 47889 27583 1853
f 61957 12801 61957
f 4 1 1
f 3163 14912 20882
f 12088 26815 558
f 5 15105 5
f 5 2817 1
f 3690 35648 20493
f 12681 49855 882
f 5 15617 5
f 5 2817 1
f 3592 20800 21456
f 45827 36542 7835
f 5 46337 9
f 2 513 1
f 3962 27712 21196
f 46533 11198 8085
f 2 16129 5
f 5 2817 1
f 3477 51008 21206
f 252 49855 4670
f 5 15873 5
f 5 2817 1
f 3944 20288 20868
f 818 37311 4945
f 5 15105 5
f 5 2817 1
f 3119 13120 20094
f 25589 63167 57313
f 4 25345 4
f 5 2817 1
f 2580 12864 20511
f 24779 5567 56790
f 5 15361 5
f 4 513 1
f 14610 2880 9950
f 27311 14527 6453
f 5 14849 5
f 5 2817 1
f 14881 5440 9622
f 27604 2495 6604
f 61957 13569 5
f 5 2817 1
f 15877 63552 10435
f 63081 11710 16635
f 5 41473 2
f 2 513 1
f 16063 17216 10216
f 63471 14014 16742
f 2 15873 5
f 5 513 1
f 15409 47680 10223
f 12088 5055 12147
f 5 13825 5
f 5 2817 1
f 15644 65088 9938
f 12393 58559 12261
f 5 14849 5
f 5 2817 1
f 13703 23360 9294
f 38280 5311 65255
f 4 22017 4
f 5 2817 1
f 13431 45376 9636
f 38082 49087 65022
f 5 15617 5
f 4 513 1
f 51113 64575 27072
f 62499 42430 54748
f 61957 14081 61957
f 5 2817 1
f 52581 19775 26726
f 64170 30910 55700
f 5 15361 5
f 5 2817 1
f 50583 58687 27570
f 28486 21182 64116
f 5 46081 2
f 2 513 1
f 51604 60223 27346
f 30348 39870 64854
f 2 14593 5
f 5 2817 1
f 50931 13119 27356
f 45035 15550 60135
f 61957 16129 5
f 5 513 1
f 52221 50239 27060
f 46549 57278 60959
f 61957 14081 61957
f 5 2817 1
f 52467 28223 26366
f 9191 33471 48881
f 4 25601 4
f 5 2817 1
f 50972 46655 26741
f 8057 59839 48103
f 61957 14337 5
f 4 513 1
f 13844 61631 25965
f 30030 43200 44243
f 5 16641 5
f 49413 1025 1
f 17738 58303 63641
f 31047 19648 45050
f 49413 17153 49413
f 49413 1025 1
f 2112 12862 32664
f 15162 44222 3445
f 5 16897 49413
f 49413 1025 1
f 1305 25406 32656
f 18365 31934 4622
f 49413 17665 49413
f 49413 1025 1
f 17846 17727 15054
f 30414 42816 43447
f 5 18177 49413
f 49413 1025 1
f 19472 5439 36485
f 28809 31552 42419
f 49413 17665 49413
f 49413 1025 1
f 13349 24896 12458
f 11573 11711 16749
f 49413 16641 49413
f 49413 1025 1
f 13336 4160 12467
f 11647 22975 16708
f 49413 17921 49413
f 49413 1025 1
f 48689 4157 32704
f 7047 46910 23931
f 49413 16385 49413
f 49413 1025 1
f 47884 46141 32712
f 3497 30782 22806
f 5 18177 49413
f 49413 1025 1
f 3991 56127 58064
f 25264 34368 37335
f 5 18689 5
f 49413 1025 1
f 16341 51263 29671
f 29687 42304 42561
f 49413 19201 49413
f 49413 1025 1
f 42793 44990 32541
f 34046 48445 21440
f 5 18945 49413
f 49413 1025 1
f 42792 44990 32541
f 34047 36925 21440
f 49413 19713 49413
f 49413 1025 1
f 17490 32447 28707
f 29690 7616 44723
f 5 20225 49413
f 49413 1025 1
f 22121 30399 57295
f 24556 16576 43244
f 49413 19713 49413
f 49413 1025 1
f 13761 35776 12448
f 4251 49471 11691
f 49413 18689 49413
f 49413 1025 1
f 13759 48576 12449
f 4256 3647 11689
f 49413 19969 49413
f 49413 1025 1
f 48638 44349 32750
f 38703 24508 9870
f 49413 18433 49413
f 49413 1025 1
f 48638 44093 32750
f 38701 31164 9870
f 5 20225 49413
f 49413 1025 1
f 55844 16703 61912
f 17800 36672 53474
f 5 20737 5
f 49413 1025 1
f 1528 9536 29660
f 20853 8256 60729
f 49413 21249 49413
f 49413 1025 1
f 1930 19903 31933
f 46369 1854 8963
f 5 20993 49413
f 49413 1025 1
f 1929 19903 31933
f 46370 56126 8961
f 49413 21761 49413
f 49413 1025 1
f 3662 13760 28689
f 19500 41920 62935
f 5 22273 49413
f 49413 1025 1
f 3332 25792 61123
f 12596 23488 58517
f 49413 21761 49413
f 49413 1025 1
f 6676 22208 12449
f 52713 34111 19547
f 49413 20737 49413
f 49413 1025 1
f 6676 11456 12449
f 52713 2111 19549
f 49413 22017 49413
f 49413 1025 1
f 41715 16446 32468
f 22980 20670 7651
f 49413 20481 49413
f 49413 1025 1
f 41715 16446 32468
f 22982 15038 7650
f 5 22273 49413
f 49413 1025 1
f 9679 20800 163
f 4767 2624 62710
f 5 22785 5
f 49413 1025 1
f 18819 46656 29624
f 4522 22848 2428
f 49413 23297 49413
f 49413 1025 1
f 546 42687 31031
f 17087 16959 51191
f 5 23041 49413
f 49413 1025 1
f 546 42431 31031
f 17086 12863 51188
f 49413 23809 49413
f 49413 1025 1
f 21453 64704 28659
f 688 38592 2628
f 5 24321 49413
f 49413 1025 1
f 18305 40128 65058
f 50137 8127 62131
f 49413 23809 49413
f 49413 1025 1
f 52715 15551 12448
f 6677 5952 52591
f 49413 22785 49413
f 49413 1025 1
f 52712 8383 12449
f 6677 26688 52594
f 49413 24065 49413
f 49413 1025 1
f 47383 7998 31896
f 2688 1983 53068
f 49413 22529 49413
f 49413 1025 1
f 47381 7230 31896
f 2689 43711 53050
f 5 24321 49413
f 49413 1025 1
f 18379 4160 2320
f 42328 39487 64634
f 5 24833 5
f 49413 1025 1
f 28903 4160 29577
f 30323 30783 2364
f 49413 25345 49413
f 49413 1025 1
f 27855 38078 29825
f 38094 48191 43669
f 5 25089 49413
f 49413 1025 1
f 27858 37822 29825
f 38094 59455 43668
f 49413 25857 49413
f 49413 1025 1
f 30294 47808 28611
f 3615 14783 690
f 5 26369 49413
f 49413 1025 1
f 22836 23744 1920
f 17885 1980 52831
f 49413 25857 49413
f 49413 1025 1
f 4257 51135 12448
f 13760 46400 33842
f 49413 24833 49413
f 49413 1025 1
f 4253 31423 12449
f 13760 3136 33843
f 5 26113 49413
f 49413 1025 1
f 14046 64318 31029
f 26068 11199 25778
f 49413 24577 49413
f 49413 1025 1
f 14043 64062 31029
f 26068 11199 25780
f 5 26369 49413
f 49413 1025 1
f 17489 5180 30794
f 31097 61375 44518
f 1 39425 1
f 1 2049 1
f 17511 4412 30794
f 31097 49343 44518
f 1 39937 1
f 1 2049 1
f 17542 4156 30794
f 31097 20415 44518
f 1 44289 1
f 1 2049 1
f 17542 4156 30794
f 31097 20415 44518
f 1 39425 1
f 1 2049 1
f 17562 4412 30794
f 31097 62399 44517
f 1 13057 3
f 2563 2049 1
f 17542 4668 30794
f 31097 10175 44518
f 2563 44289 1
f 1 2049 1
f 17580 4668 30794
f 31097 35775 44517
f 2563 13569 2563
f 2563 2049 1
f 17546 4156 30794
f 31097 15295 44518
f 2563 13057 3
f 2563 2049 1
f 1 1 32769
f 13697 24376 5509
f 13697 32056 9
f 2562 2049 1
f 1 1 32769
f 13697 24376 5509
f 2562 10497 13697
f 2561 2049 1
f 1 1 32769
f 13697 24376 5509
f 9 32513 9
f 2562 2049 1
f 1 1 32769
f 13697 24376 5509
f 2562 32001 9
f 2562 2049 1
f 1 1 32769
f 13697 24376 5509
f 13697 5688 13697
f 2561 2049 1
f 1 65281 32768
f 13697 24120 5509
f 2561 6145 2561
f 2561 2049 1
f 1 1 32769
f 13697 24376 5509
f 2561 10497 13697
f 2561 2049 1
f 1 1 32769
f 13697 24376 5509
f 13697 5688 13697
f 2561 2049 1
f 17634 5052 30794
f 31097 32319 44718
f 5 2049 1
f 1 1 1
f 17645 5564 30794
f 31097 14143 44718
f 1 26881 5
f 5 1 1
f 48787 39357 30805
f 30626 49471 39080
f 1 27137 5
f 5 1 1
f 45472 33981 30786
f 30969 29503 39756
f 5 513 2561
f 1 1 1
f 36663 26046 30892
f 26757 7743 15405
f 1 1537 1
f 5 1 1
f 40086 17342 30755
f 28523 42815 14817
f 5 27649 5
f 1 1 1
f 15560 52158 30773
f 30277 65087 32915
f 5 2049 1
f 1 1 1
f 19326 7102 30827
f 29220 43583 29583
f 1 27649 5
f 5 1 1
f 32764 59712 17760
f 18681 50621 46096
f 5 12801 9
f 9 1 1
f 32764 25920 31591
f 18716 37053 46096
f 9 28161 5
f 5 1 1
f 32719 21312 7105
f 7831 18366 45186
f 9 28417 5
f 5 1 1
f 32719 63296 31547
f 7838 7102 45186
f 5 13057 9
f 9 1 1
f 32352 45888 57933
f 58989 46270 42404
f 61954 13313 2
f 5 1 1
f 32352 61504 35598
f 58986 63422 42404
f 5 28929 5
f 9 1 1
f 32604 56128 36499
f 37164 46526 44017
f 5 12289 9
f 9 1 1
f 32604 576 34383
f 37167 38078 44017
f 9 28929 5
f 5 1 1
f 24021 28224 65206
f 9916 9150 38002
f 9 29185 5
f 5 513 2561
f 24031 27968 65167
f 10358 54718 37996
f 5 3073 9
f 2 513 1
f 23424 36928 65455
f 65209 22718 34705
f 61954 4353 2
f 5 513 2561
f 23506 16448 65221
f 64429 32190 34826
f 5 29953 5
f 2 513 1
f 23856 55360 65170
f 41553 40894 36583
f 5 2049 2
f 2 513 1
f 23827 41536 65290
f 41023 28094 36592
f 61954 29953 5
f 5 513 2561
f 24088 59456 65175
f 11913 10685 39050
f 5 3329 2
f 9 2817 1
f 24088 36672 65176
f 11879 17853 39050
f 9 29441 5
f 5 513 2561
f 34380 46781 30808
f 30723 18239 43385
f 5 30721 5
f 5 1 1
f 30275 52157 30791
f 31017 15679 43994
f 5 31233 5
f 5 1 1
f 15791 43710 30932
f 27646 54335 33050
f 5 31745 5
f 5 1 1
f 21742 53694 30822
f 29161 62271 32949
f 5 32257 5
f 5 1 1
f 63773 18109 30799
f 30519 48447 39606
f 5 30465 5
f 5 1 1
f 2359 15038 30848
f 29618 49727 38030
f 5 32257 5
f 5 1 1
f 17536 3772 30794
f 31097 46655 47189
f 5 32769 5
f 5 1 1
f 17630 7612 30794
f 31096 24639 47187
f 5 30977 5
f 5 1 1
f 33786 32957 31945
f 8443 47935 15503
f 5 33025 5
f 49413 1025 1
f 22777 19133 31943
f 8569 15167 17195
f 5 30977 5
f 49413 1025 1
f 12236 63422 31943
f 7142 28991 64694
f 5 32001 5
f 49413 1025 1
f 23219 48574 31900
f 7393 40511 54950
f 49413 33793 5
f 5 1025 1
f 58711 61117 31934
f 8271 15935 9098
f 5 30721 49413
f 5 1025 1
f 3626 28094 31937
f 7854 10047 4973
f 49413 33793 5
f 5 1025 1
f 65479 955 31946
f 8643 6463 23190
f 5 32513 5
f 5 1025 1
f 65362 699 31946
f 8643 6975 23192
f 5 33281 5
f 5 1025 1
f 17551 3772 30794
f 31097 64319 44719
f 1 34305 5
f 5 769 1
f 17633 6076 30794
f 31097 16447 44718
f 5 513 2561
f 1 769 1
f 45381 40125 30806
f 30649 14911 39518
f 5 2049 1
f 1 769 1
f 40402 49853 30788
f 30987 28735 40399
f 1 34561 5
f 5 769 1
f 31558 16574 30911
f 27084 56639 20238
f 5 35329 5
f 1 769 1
f 37055 47806 30774
f 28677 9023 18010
f 1 1793 1
f 5 769 1
f 9583 57278 30784
f 30367 30271 34457
f 1 34817 5
f 5 769 1
f 15315 41918 30833
f 29316 49727 31686
f 5 1793 2561
f 1 769 49575
f 54229 54 32769
f 42599 58547 5092
f 9 33281 1
f 1 1 1
f 54229 54 32769
f 42604 58547 5092
f 1 29185 9
f 9 1 1
f 34823 60859 32768
f 36185 21691 5663
f 1 28417 2
f 9 1 1
f 13686 58553 32768
f 61300 15547 5595
f 9 31745 1
f 1 1 1
f 11866 22717 32764
f 45120 4028 9508
f 1 32769 1
f 2 1 1
f 35717 65468 32767
f 26713 16828 7225
f 2 28673 9
f 1 1 1
f 40445 23995 32768
f 35580 956 6580
f 2 31489 1
f 1 1 1
f 34822 16828 32768
f 6662 14524 6856
f 1 28673 9
f 2 1 1
f 18788 189 1
f 32764 60736 62075
f 5 28417 3
f 3 1 1
f 18788 189 1
f 32764 60992 62075
f 3 35841 5
f 5 1 1
f 7835 190 1
f 32719 61504 60320
f 3 36097 5
f 5 1 1
f 7835 190 1
f 32719 61760 60320
f 5 28673 3
f 3 1 1
f 58987 190 1
f 32352 17984 55296
f 3 28929 3
f 5 1 1
f 58987 190 1
f 32352 17984 55296
f 5 36609 5
f 3 1 1
f 37168 190 1
f 32604 63040 58152
f 5 27905 3
f 3 1 1
f 37168 190 1
f 32604 62784 58152
f 3 36609 5
f 5 1 1
f 40541 24251 32768
f 35491 42428 1518
f 5 37121 5
f 5 1 1
f 4340 63162 32767
f 47137 59580 1545
f 5 37633 5
f 5 1 1
f 19628 17341 32752
f 39499 44221 9236
f 5 38145 5
f 5 1 1
f 44153 59068 32760
f 29352 36797 5741
f 5 38657 5
f 5 1 1
f 56455 13755 32763
f 22536 8893 4112
f 5 36865 5
f 5 1 1
f 40390 7100 32765
f 8251 40637 4189
f 5 38657 5
f 5 1 1
f 6690 54 32769
f 61988 40114 65536
f 5 39169 5
f 5 1 1
f 35499 181 32769
f 40440 34102 65536
f 5 37377 5
f 5 1 1
f 47733 54206 32496
f 473 27451 28944
f 5 39425 5
f 5 1025 1
f 47650 49854 32497
f 16783 6075 29231
f 5 37377 5
f 5 1025 1
f 48950 190 32482
f 40011 55740 31128
f 5 38401 5
f 5 1025 1
f 48054 9406 32493
f 3649 26811 29400
f 5 40193 5
f 5 1025 1
f 47845 7870 32495
f 27547 43196 30128
f 5 37121 5
f 5 1025 1
f 48059 5054 32493
f 11610 64955 29436
f 5 40193 5
f 5 1025 1
f 47627 65470 32497
f 37458 19259 28721
f 5 38913 5
f 5 1025 1
f 47627 446 32498
f 37428 33083 28721
f 5 39681 5
f 5 1025 1
f 33354 182 32769
f 19624 38451 5093
f 1 40705 5
f 5 769 1
f 33354 182 32769
f 19634 38451 5093
f 5 31745 1
f 1 769 1
f 36185 56507 32768
f 59954 33467 5869
f 5 31489 1
f 1 769 1
f 40627 45497 32768
f 18281 14012 5930
f 1 40961 5
f 5 769 1
f 14360 51645 32761
f 7889 61373 10948
f 5 41729 5
f 1 769 1
f 37607 8636 32767
f 50971 30908 8006
f 1 33025 1
f 5 769 1
f 45645 18875 32767
f 59635 40380 7411
f 1 41217 5
f 5 769 1
f 36070 56508 32767
f 33735 10684 7372
f 5 33025 1
f 1 769 1
f 13634 39612 32731
f 2533 52926 15153
f 1 29185 5
f 5 1 1
f 55077 13500 32739
f 61714 48829 15459
f 5 1 2
f 1 1 1
f 21461 182 32769
f 9823 40499 5093
f 2 1025 2
f 5 1 1
f 55192 182 32769
f 38590 15286 5094
f 5 29441 5
f 2 1 1
f 55339 47803 32763
f 19988 57533 9058
f 5 65281 1
f 2 1 1
f 47342 18874 32762
f 27234 15037 9024
f 2 29441 5
f 5 1 1
f 33334 12477 32698
f 13026 53694 22903
f 5 1537 2
f 2 1 1
f 2658 58813 32682
f 20231 4798 21949
f 61954 29953 5
f 5 1 1
f 30942 23234 13697
f 28683 959 37008
f 61957 41985 61957
f 5 1 1
f 30942 23234 13697
f 28683 959 37008
f 5 6913 61957
f 5 1 1
f 27625 23234 13697
f 50902 47039 24532
f 5 5889 4
f 5 1 1
f 27625 23234 13697
f 50902 47039 24532
f 5 42753 5
f 5 1 1
f 29547 23234 13697
f 40590 23487 33149
f 61957 6401 5
f 5 1 1
f 29547 23234 13697
f 40590 23487 33149
f 5 42753 5
f 5 1 1
f 31846 22336 10274
f 11058 6335 40111
f 5 13313 2
f 5 1 1
f 31846 64 1
f 11058 6591 40111
f 61957 42241 5
f 5 1 1
f 21538 21056 281
f 30944 1983 25328
f 61957 43009 61957
f 5 513 2561
f 21659 26432 49413
f 31566 62143 25373
f 5 4353 61957
f 5 513 2561
f 17070 26432 702
f 52575 7871 6503
f 61957 1 4
f 5 513 2561
f 17401 11072 303
f 52323 7103 7212
f 5 43777 5
f 61957 513 1
f 19854 45632 142
f 42089 13247 16989
f 61957 3329 5
f 61957 513 1
f 19709 33600 489
f 41725 55743 16932
f 61957 43777 61957
f 61957 513 1
f 22830 49216 65333
f 14013 32959 31975
f 5 4353 2
f 61957 513 1
f 22739 6976 100
f 13492 20415 31952
f 61957 43265 5
f 5 513 2561
f 62390 57531 32759
f 34779 43965 5094
f 5 44033 5
f 5 1 1
f 42730 43452 32762
f 21519 33469 5164
f 5 37889 5
f 5 1 1
f 21486 55 32769
f 9848 61108 65534
f 5 39169 5
f 5 1 1
f 11268 55 32769
f 27022 50358 65535
f 5 44801 5
f 5 1 1
f 42824 61115 32767
f 46767 6076 1907
f 5 36865 5
f 5 1 1
f 13071 23738 32767
f 59231 10428 1941
f 5 44801 5
f 5 1 1
f 19616 17085 32752
f 39499 52413 9235
f 5 38145 5
f 5 1 1
f 51553 46012 32747
f 51890 56509 8801
f 5 44289 5
f 5 1 1
f 46759 50750 32477
f 63402 46013 11068
f 5 28417 5
f 5 1025 1
f 46418 22334 32494
f 48109 18621 4033
f 5 44289 5
f 5 1025 1
f 47627 318 32498
f 37430 19131 7883
f 5 44545 5
f 5 1025 1
f 47627 318 32498
f 37417 30395 7881
f 5 28161 5
f 5 1025 1
f 47320 57406 32497
f 11423 50365 41995
f 5 44033 5
f 5 1025 1
f 47463 53310 32493
f 24315 27325 47813
f 5 28161 5
f 5 1025 1
f 44737 45374 32489
f 3933 52926 21782
f 5 45057 5
f 5 1025 1
f 45303 54590 32453
f 15611 58302 32691
f 5 28929 5
f 5 1025 1
f 10104 55996 32739
f 62312 8125 14012
f 5 65281 1
f 61954 769 1
f 50668 39612 32749
f 49418 39613 13653
f 61954 45569 5
f 5 769 1
f 50031 65334 32768
f 39306 50611 5092
f 5 46081 5
f 2 769 1
f 50031 54 32769
f 39294 50867 5092
f 2 1281 2
f 5 769 1
f 50869 38843 32765
f 9533 54717 8336
f 1 45313 5
f 5 769 1
f 41416 50618 32763
f 20206 8125 8563
f 5 1281 2
f 1 769 1
f 28815 9661 32722
f 3765 43454 19966
f 2 46337 61957
f 5 769 1
f 417 52413 32701
f 13976 38590 20116
f 5 1 2
f 2 769 1
f 1816 11966 32733
f 5052 58428 13289
f 2 8705 5
f 5 1 1
f 43794 7357 32754
f 35945 9148 12013
f 5 24833 2
f 2 1 1
f 32172 11710 32635
f 32792 1597 16958
f 2 25857 9
f 4 1 1
f 14893 61630 32695
f 20707 9277 13206
f 4 8961 5
f 2 1 1
f 2214 32446 32732
f 27640 49723 13843
f 5 24577 2
f 2 1 1
f 16295 31422 32694
f 5599 14141 14851
f 2 8961 5
f 5 1 1
f 12530 51389 32763
f 54794 7100 9893
f 2 32769 1
f 2 1 1
f 42683 21949 32755
f 55809 57787 11048
f 2 9217 5
f 2 1 1
f 32604 27072 36501
f 37166 63550 32936
f 1 39425 5
f 5 1 1
f 32604 192 1
f 37166 64574 32936
f 5 50433 1
f 1 1 1
f 32764 39104 32969
f 18678 8765 35015
f 1 50689 1
f 5 1 1
f 32764 26048 17780
f 18701 1853 35015
f 5 39681 5
f 1 1 1
f 32719 50112 7113
f 7840 44350 34104
f 5 49665 1
f 1 1 1
f 32719 50112 7113
f 7840 44350 34104
f 1 39681 5
f 5 1 1
f 32352 192 1
f 58988 318 29882
f 5 50177 1
f 1 1 1
f 32352 192 1
f 58988 318 29882
f 1 40193 5
f 5 1 1
f 7483 13758 32711
f 35685 59837 17096
f 5 46849 5
f 5 1 1
f 53467 36285 32723
f 56913 11197 15976
f 5 47361 5
f 5 1 1
f 42143 43198 32538
f 49455 26557 33009
f 5 47873 5
f 5 1 1
f 29205 25534 32635
f 50517 19901 26228
f 5 48385 5
f 5 1 1
f 11241 4542 32682
f 62556 35261 22323
f 5 46593 5
f 5 1 1
f 26573 10430 32654
f 36270 26557 23137
f 5 48385 5
f 5 1 1
f 22306 17853 32745
f 49260 16829 10788
f 5 38145 5
f 5 1 1
f 48604 25533 32743
f 32786 60605 11752
f 5 47105 5
f 5 1 1
f 51053 28862 32455
f 903 13117 28405
f 5 48641 5
f 5 1025 1
f 50004 60606 32469
f 20529 58556 31308
f 5 47105 5
f 5 1025 1
f 65432 8382 32256
f 32383 2364 35710
f 5 48129 5
f 5 1025 1
f 52563 27582 32418
f 52182 36157 23546
f 5 49409 5
f 5 1025 1
f 52648 30654 32437
f 15939 49596 32815
f 5 46849 5
f 5 1025 1
f 54077 56766 32409
f 35814 54077 27104
f 5 49409 5
f 5 1025 1
f 48872 14270 32483
f 28959 39868 30765
f 5 38401 5
f 5 1025 1
f 49448 47806 32476
f 2880 61244 29363
f 5 48897 5
f 5 1025 1
f 2816 14014 32731
f 38059 30651 14676
f 5 24577 2
f 2 769 1
f 46300 40893 32749
f 10010 35773 14187
f 2 49921 5
f 5 769 1
f 33907 41662 32628
f 8464 30269 19914
f 5 50433 5
f 9 769 1
f 16263 34238 32694
f 5960 21565 14812
f 2 26113 2
f 5 769 1
f 4004 53438 32727
f 43405 64700 16327
f 2 49665 5
f 5 769 1
f 17640 11198 32692
f 47793 35644 16426
f 5 26113 2
f 2 769 1
f 15671 61629 32759
f 17437 32445 11708
f 1 41729 5
f 5 769 1
f 44016 52925 32753
f 40291 2748 12204
f 5 24833 2
f 1 769 1
f 844 959 31082
f 15839 48191 4256
f 2 50689 5
f 5 1 1
f 64898 34750 30870
f 20812 41023 15663
f 5 49153 2
f 2 1 1
f 15777 56767 31186
f 60708 1854 19972
f 2 50177 2
f 5 1 1
f 20748 51391 30773
f 2682 50751 21166
f 5 51457 5
f 2 1 1
f 8553 703 30907
f 13515 5951 29171
f 5 48897 2
f 2 1 1
f 9266 59839 31141
f 7270 60991 52559
f 2 51457 5
f 5 1 1
f 49276 64958 30813
f 25814 5951 1818
f 5 1537 1
f 2 1 1
f 52049 10430 30980
f 22214 41535 52798
f 2 50945 5
f 5 1 1
f 46173 38846 31222
f 18922 46143 61003
f 5 51969 5
f 5 1 1
f 44248 702 31027
f 23047 63295 6617
f 5 52481 5
f 5 1 1
f 62531 25278 31572
f 6079 20031 47855
f 5 52993 5
f 5 1 1
f 2416 7871 31292
f 9946 50495 49050
f 5 53505 5
f 5 1 1
f 55336 19134 31175
f 17592 12095 39981
f 5 51713 5
f 5 1 1
f 56455 22718 31392
f 12619 23615 9187
f 5 53505 5
f 5 1 1
f 33715 21182 30905
f 26971 62271 23209
f 5 31745 5
f 5 1 1
f 36087 8126 31060
f 23903 18495 15650
f 5 52225 5
f 5 1 1
f 49378 26302 31907
f 1664 55359 59056
f 5 53761 5
f 5 1025 1
f 39570 4542 31905
f 4761 36671 16272
f 5 52225 5
f 5 1025 1
f 56147 31934 32083
f 50676 45886 46150
f 5 53249 5
f 5 1025 1
f 9083 35007 31630
f 49611 58686 15165
f 5 54529 5
f 5 1025 1
f 49520 25278 31906
f 1643 64831 64285
f 5 51969 5
f 5 1025 1
f 63975 17342 31884
f 57262 45886 48674
f 5 54529 5
f 5 1025 1
f 28106 53950 31914
f 6578 41023 47683
f 49413 32001 5
f 5 1025 1
f 36835 59070 31919
f 5047 8767 28369
f 5 54017 5
f 49413 1025 1
f 62958 43454 31119
f 16472 21055 57805
f 5 48897 2
f 2 769 1
f 58459 36542 30930
f 21520 65343 38553
f 2 55041 5
f 5 769 1
f 12044 14015 31300
f 64427 22334 10622
f 5 55553 5
f 2 769 1
f 18183 56767 30868
f 3717 22847 14975
f 2 50433 2
f 5 769 1
f 5007 10943 30995
f 14590 45631 58311
f 2 54785 5
f 5 769 1
f 6937 50367 31198
f 8185 14399 41384
f 5 50433 2
f 2 769 1
f 43627 54462 30853
f 26240 38207 7909
f 1 35329 5
f 5 769 1
f 48281 42430 31004
f 22618 24383 61161
f 5 49153 2
f 1 769 1
f 28683 191 1
f 30942 44738 46589
f 42500 56002 5
f 5 1 1
f 28683 191 1
f 30942 44994 46589
f 5 1 5
f 4 1 1
f 50902 191 1
f 27625 4802 34836
f 4 57345 3
f 5 1 1
f 50902 191 1
f 27625 5058 34836
f 5 56577 5
f 4 1 1
f 40590 191 1
f 29547 16066 40955
f 2565 65025 2564
f 4 1 1
f 40590 191 1
f 29547 16322 40955
f 4 56577 5
f 5 1 1
f 11058 191 1
f 31846 48704 51453
f 5 28929 3
f 5 1 1
f 11058 191 1
f 31846 48704 51453
f 5 56065 5
f 5 1 1
f 37165 14654 31434
f 32604 48832 47072
f 32859 33078 5
f 5 1 1
f 37167 62 1
f 32604 26304 47072
f 5 16641 1
f 1 1 1
f 18785 61 1
f 32764 25536 50994
f 1 16897 1
f 5 1 1
f 18784 4157 50630
f 32764 26304 50994
f 5 33281 5
f 1 1 1
f 7839 55870 31547
f 32719 24512 49239
f 5 15873 1
f 1 1 1
f 7847 47934 39888
f 32719 58048 49238
f 1 33281 5
f 5 1 1
f 58989 62 1
f 32352 53184 44216
f 49413 16385 1
f 1 1 1
f 58989 62 1
f 32352 53184 44216
f 1 33793 5
f 49413 1 1
f 9333 21310 3678
f 21636 31168 39531
f 1 27137 5
f 5 513 1
f 8255 12606 3607
f 21687 6592 39635
f 5 4097 1
f 1 2817 1
f 10081 25149 3693
f 21686 38848 41510
f 1 2817 1
f 5 2817 1
f 10101 12093 3693
f 21686 25024 41510
f 5 26881 5
f 1 2817 1
f 49834 9021 3671
f 21683 36288 40625
f 5 3585 1
f 1 2817 1
f 50798 52541 3694
f 21666 25280 40583
f 1 26881 5
f 5 2817 1
f 33460 6974 3485
f 21668 21952 38037
f 5 4353 1
f 1 2817 1
f 34204 61758 3627
f 21566 26560 37871
f 1 27649 5
f 5 513 2561
f 41454 36029 30807
f 30676 48959 39991
f 3 36609 1
f 1 1 1
f 44444 61117 30852
f 29912 61503 38870
f 1 22017 3
f 3 1 1
f 17493 7612 30794
f 31097 2623 44720
f 3 23041 3
f 1 1 1
f 17508 6588 30794
f 31097 4671 44720
f 1 36865 1
f 3 1 1
f 14085 64957 30808
f 30797 51519 42305
f 1 21761 3
f 3 1 1
f 11353 47293 30793
f 31048 38463 42723
f 3 36865 1
f 1 1 1
f 1531 21438 30939
f 28142 45887 34234
f 1 23553 3
f 3 1 1
f 64768 701 30850
f 29682 3647 36215
f 3 38145 1
f 1 1 1
f 57301 25277 30802
f 30566 5695 40440
f 5 56833 5
f 49413 1 1
f 63328 26301 30850
f 29699 23871 38937
f 49413 31489 5
f 5 1 1
f 17536 2236 30794
f 31098 4671 47190
f 5 32769 5
f 5 1 1
f 17452 5564 30794
f 31097 39487 47190
f 5 57601 5
f 5 1 1
f 30112 61117 30808
f 30744 13631 43763
f 5 30465 5
f 5 1 1
f 24791 30141 30792
f 31026 9535 44342
f 5 57601 5
f 5 1 1
f 15791 42174 30932
f 27646 11327 33051
f 5 31745 5
f 5 1 1
f 11606 52414 30838
f 29404 39743 35609
f 5 57089 49413
f 5 1 1
f 62392 27581 29232
f 42297 31295 58898
f 5 36097 5
f 49413 1025 1
f 1604 446 29244
f 42190 9791 57930
f 5 57089 49413
f 49413 1025 1
f 33395 32444 29234
f 42461 62783 153
f 5 57345 5
f 49413 1025 1
f 33418 31932 29234
f 42461 41535 153
f 49413 35841 5
f 5 1025 1
f 35067 23997 29237
f 42390 2111 62410
f 49413 56833 49413
f 5 1025 1
f 31922 15805 29233
f 42423 22591 62805
f 49413 35841 5
f 5 1025 1
f 20904 9918 29257
f 41796 26687 52571
f 49413 57857 5
f 5 1025 1
f 16176 30654 29234
f 42021 34367 54114
f 49413 36609 5
f 5 1025 1
f 44859 46013 30806
f 30653 64063 39554
f 5 21761 3
f 3 769 1
f 50270 43965 30852
f 29847 37951 38110
f 3 58369 5
f 5 769 1
f 17526 956 30794
f 31098 831 44721
f 5 58881 5
f 3 769 1
f 17494 3004 30794
f 31098 11583 44721
f 3 23297 3
f 5 769 1
f 19025 1469 30809
f 30781 46143 41989
f 3 58113 5
f 5 769 1
f 14237 29629 30793
f 31044 58687 42541
f 5 23297 3
f 3 769 1
f 5930 34238 30938
f 27991 23103 33059
f 3 59137 5
f 5 769 1
f 2193 17854 30848
f 29624 41535 35541
f 5 22017 3
f 3 769 1
f 7235 19008 6519
f 19144 47552 6998
f 4 59393 5
f 5 1 1
f 7235 19008 6519
f 19144 47552 6998
f 5 44801 4
f 4 1 1
f 61077 14655 24181
f 25218 40384 2176
f 4 57601 9
f 5 1 1
f 61077 63 1
f 25219 17088 2177
f 5 59905 5
f 4 1 1
f 2633 9280 2000
f 22385 24768 44771
f 5 44289 4
f 4 1 1
f 2633 64 1
f 22385 33472 44771
f 4 59905 5
f 5 1 1
f 11541 64 1
f 15520 54208 3945
f 5 6401 4
f 4 1 1
f 11541 35392 10748
f 15520 4032 3948
f 4 59649 5
f 5 1 1
f 54041 34367 2020
f 15758 15296 52081
f 4 60417 5
f 5 513 2561
f 54273 55359 1448
f 16098 52672 52568
f 5 42241 4
f 4 513 1
f 39225 47935 2582
f 18815 22464 10425
f 4 51969 2
f 5 513 1
f 40108 1855 2095
f 18977 30656 9860
f 5 60929 61957
f 4 513 1
f 46734 43071 1749
f 17805 11968 2381
f 5 41217 4
f 4 513 1
f 46582 57919 2298
f 17461 4800 2051
f 4 60929 61957
f 5 513 1
f 62169 49727 1181
f 13882 55744 33181
f 5 1025 4
f 4 513 1
f 61872 52799 1760
f 13555 32960 32861
f 4 60673 5
f 5 513 1
f 52180 59070 31970
f 62702 46910 35148
f 3 46593 4
f 4 1 1
f 48655 1214 32124
f 54924 15678 44011
f 4 47873 3
f 3 1 1
f 49770 13502 31626
f 9143 54847 22709
f 2563 48897 3
f 2 1 1
f 44255 63934 31812
f 5972 22847 57223
f 2 46849 4
f 3 1 1
f 48060 45502 31975
f 38 53311 15228
f 4 47617 3
f 3 1 1
f 50876 30654 31807
f 4038 32063 54145
f 3 46849 4
f 4 1 1
f 47771 35774 32257
f 44628 7486 60709
f 4 49409 3
f 3 1 1
f 51985 56510 32119
f 52116 32574 53477
f 3 47105 4
f 4 1 1
f 8596 21439 31746
f 40843 54078 20334
f 5 61697 5
f 5 1 1
f 6947 1215 31913
f 24670 32318 27581
f 5 62209 5
f 5 1 1
f 5737 55487 31453
f 2557 57919 48030
f 5 52993 5
f 5 1 1
f 1427 60095 31725
f 63272 39486 46373
f 5 62977 5
f 5 1 1
f 6069 48575 31806
f 44496 38206 13444
f 5 61441 5
f 5 1 1
f 7141 46271 31619
f 56442 63294 5283
f 5 62977 5
f 5 1 1
f 6072 50111 32020
f 57535 6717 35171
f 5 63489 5
f 5 1 1
f 8292 62911 31875
f 20034 25918 31433
f 5 61953 5
f 5 1 1
f 12848 46527 30418
f 19766 32063 54110
f 5 63745 5
f 5 1025 1
f 20726 5567 30731
f 3918 15167 12242
f 5 61953 5
f 5 1025 1
f 17679 28095 29546
f 30851 41023 38358
f 5 62721 5
f 5 1025 1
f 5661 57279 30036
f 31525 28479 50204
f 5 64257 5
f 5 1025 1
f 19318 44223 30337
f 15100 47423 48822
f 5 61697 5
f 5 1025 1
f 11206 5055 30013
f 28260 64831 10160
f 5 64257 5
f 5 1025 1
f 19607 22207 31120
f 51803 52542 27893
f 5 63233 5
f 5 1025 1
f 12749 42943 30848
f 10781 18239 44293
f 5 64001 5
f 5 1025 1
f 53768 29374 31967
f 61579 8766 39447
f 5 47617 3
f 3 769 1
f 51210 14526 32121
f 52771 23614 51272
f 3 65025 5
f 5 769 1
f 52759 54206 31617
f 8429 37951 28345
f 5 1 2566
f 3 769 1
f 45930 59070 31812
f 5483 28735 48269
f 3 49153 3
f 5 769 1
f 50783 12734 31973
f 63689 33598 29964
f 3 64769 5
f 5 769 1
f 52549 59326 31803
f 3547 61503 2963
f 5 49153 3
f 3 769 1
f 50136 30142 32254
f 42259 13374 1136
f 3 257 6
f 5 769 1
f 53474 35774 32116
f 50859 56126 57712
f 5 47873 3
f 3 769 1
f 20835 31935 30801
f 1744 25791 6320
f 3 513 6
f 6 1 1
f 25715 55999 30782
f 52227 8126 5445
f 6 62209 3
f 3 1 1
f 371 2239 31744
f 64328 28606 61139
f 61955 63233 3
f 5 1 1
f 8753 29887 31470
f 62365 60094 650
f 5 1025 6
f 3 1 1
f 17162 44735 31157
f 58127 36542 3142
f 6 61953 3
f 3 1 1
f 11821 4031 31161
f 3873 35263 3526
f 3 1025 6
f 6 1 1
f 32274 6591 30521
f 40150 47038 5963
f 5 63745 3
f 3 1 1
f 28068 33727 30564
f 58118 37310 7349
f 3 769 6
f 5 1 1
f 1290 8127 32197
f 46779 20157 41474
f 6 1537 6
f 6 1 1
f 4573 47295 32100
f 45225 59834 39607
f 6 2049 6
f 6 1 1
f 44399 17086 32498
f 1601 18622 35337
f 6 47873 5
f 6 1 1
f 56636 62910 32354
f 63838 4029 39020
f 6 2817 6
f 6 1 1
f 65374 23230 32250
f 29100 23741 39117
f 6 1281 6
f 6 1 1
f 58011 11198 32326
f 3943 51646 40303
f 6 2817 6
f 6 1 1
f 8046 61631 31956
f 41372 45629 38155
f 6 63489 5
f 6 1 1
f 5254 38335 32075
f 25782 19900 40701
f 6 1793 6
f 6 1 1
f 50463 37054 31462
f 12794 45503 63245
f 6 3329 6
f 6 1025 1
f 35181 40382 32454
f 37328 190 39014
f 6 1793 6
f 6 1025 1
f 50342 7229 32421
f 52461 35262 22634
f 6 2561 6
f 5 1025 1
f 4287 57022 31980
f 6692 16575 47323
f 5 3841 6
f 6 1025 1
f 2107 43710 32495
f 44544 58558 35332
f 6 1537 6
f 6 1025 1
f 21381 24254 31633
f 13898 22463 55101
f 6 3841 6
f 6 1025 1
f 50821 39102 32383
f 17861 59326 40250
f 5 3073 6
f 6 1025 1
f 3029 3519 31367
f 7572 59327 1160
f 6 3585 6
f 5 1025 1
f 18884 14783 30996
f 63233 47294 4632
f 6 61953 3
f 3 769 1
f 22452 959 31061
f 44095 47550 2807
f 3 4353 6
f 6 769 1
f 62336 35262 31929
f 55779 7870 57065
f 6 4865 61958
f 3 769 1
f 7214 24255 31610
f 56916 19390 63957
f 3 63489 3
f 6 769 1
f 14349 15295 31400
f 49824 10174 712
f 3 4097 6
f 6 769 1
f 10176 58559 31331
f 946 18111 1985
f 6 63489 3
f 3 769 1
f 28629 959 30817
f 32119 55742 3183
f 3 5121 6
f 6 769 1
f 25850 46783 30770
f 52568 43966 5554
f 6 62209 3
f 3 769 1
f 19144 37312 18215
f 7235 55360 25508
f 4 5377 6
f 6 1 1
f 19144 37312 18215
f 7235 55104 25508
f 6 37889 4
f 4 1 1
f 25219 192 1
f 61077 15679 50511
f 4 38657 9
f 5 1 1
f 25219 19392 24181
f 61077 14143 50511
f 5 5889 6
f 4 1 1
f 22385 15296 21398
f 2633 47936 26132
f 6 37377 4
f 4 1 1
f 22385 8640 21398
f 2633 47936 26132
f 4 5889 6
f 6 1 1
f 15520 192 1
f 11541 65344 63291
f 5 57857 3
f 4 1 1
f 15521 61120 14656
f 11541 52544 63289
f 4 5633 6
f 5 1 1
f 22385 20288 21398
f 2633 27584 4102
f 4 3329 6
f 6 1 1
f 22385 23234 13697
f 2633 18880 4102
f 6 6145 4
f 4 1 1
f 15521 23234 13697
f 11541 31936 24165
f 4 6401 4
f 5 1 1
f 15521 23234 13697
f 11541 31936 24165
f 5 3585 6
f 4 1 1
f 19144 23234 13697
f 7235 44736 51573
f 4 5633 4
f 6 1 1
f 19144 47810 18215
f 7234 63424 51574
f 6 3329 6
f 4 1 1
f 25219 23234 13697
f 61077 29375 14632
f 5 5889 4
f 4 1 1
f 25219 23234 13697
f 61077 29375 14632
f 4 3841 6
f 5 1 1
f 10123 52544 1098
f 3406 46528 32296
f 3 513 6
f 6 513 1
f 10308 32320 579
f 3667 38592 32352
f 6 65281 3
f 3 513 1
f 1990 17728 1509
f 10960 15040 53054
f 3 1025 4
f 5 513 1
f 2542 62784 970
f 10936 24000 45253
f 5 769 6
f 3 513 1
f 6032 15168 1291
f 7601 26816 34804
f 3 65025 3
f 6 513 1
f 6553 24640 770
f 7532 39616 42590
f 6 513 6
f 3 513 1
f 13994 47424 430
f 63442 62399 55927
f 5 1 4
f 3 513 1
f 13816 45888 902
f 62970 61631 55846
f 3 1025 6
f 5 513 2561
f 43193 62398 32476
f 15351 1598 11504
f 4 10241 4
f 4 1 1
f 37105 47550 32566
f 2865 49214 12658
f 4 34049 4
f 4 1 1
f 51737 57022 32250
f 40653 54590 3539
f 4 49409 3
f 4 1 1
f 44224 49086 32376
f 36400 61246 2253
f 4 10497 4
f 4 1 1
f 48649 8126 32370
f 29496 24638 9311
f 4 34817 4
f 4 1 1
f 40761 3518 32480
f 22264 43582 7344
f 4 10241 4
f 4 1 1
f 29760 37822 32638
f 43007 24637 14476
f 4 25857 2
f 4 1 1
f 37892 14270 32565
f 162 38462 14120
f 4 11521 4
f 4 1 1
f 62780 37054 32295
f 63816 57276 36886
f 6 6145 6
f 6 1 1
f 55579 54718 32375
f 56467 46269 38032
f 6 2305 6
f 6 1 1
f 8046 59839 31956
f 41375 45629 38155
f 6 63489 5
f 5 1 1
f 2131 46527 32181
f 13163 22077 35688
f 5 6657 6
f 6 1 1
f 4574 46527 32100
f 45086 62650 39607
f 6 2049 6
f 6 1 1
f 62591 43198 32298
f 59453 20412 36724
f 6 6145 6
f 6 1 1
f 44400 15806 32498
f 1599 32702 35337
f 5 47873 5
f 6 1 1
f 52126 27070 32436
f 32161 18621 34812
f 6 6401 6
f 5 1 1
f 4308 55743 31938
f 37699 48702 18459
f 6 5377 6
f 6 1025 1
f 5980 21183 32045
f 12251 52029 38378
f 6 6401 6
f 6 1025 1
f 22924 10175 31026
f 44939 31550 35377
f 6 63233 5
f 5 1025 1
f 5436 38335 31650
f 58856 27966 3213
f 5 5633 6
f 6 1025 1
f 18371 31935 31417
f 22370 39486 38767
f 6 6657 6
f 6 1025 1
f 2279 48575 31952
f 43495 23102 11501
f 6 5377 6
f 6 1025 1
f 516 39103 32238
f 18742 24507 36886
f 5 48129 5
f 6 1025 1
f 300 3775 32168
f 17997 16958 22754
f 6 5889 6
f 5 1025 1
f 44320 4798 32474
f 12144 1086 13432
f 6 33793 4
f 4 769 1
f 38797 49086 32562
f 59638 40509 15802
f 4 7169 6
f 6 769 1
f 54097 21950 32243
f 38282 19518 7085
f 6 257 6
f 3 769 1
f 45484 65470 32375
f 34902 19262 4262
f 3 34817 4
f 6 769 1
f 50803 54206 32362
f 24358 31806 12748
f 6 7425 6
f 4 769 1
f 41890 8894 32479
f 19058 18494 9274
f 4 33793 4
f 6 769 1
f 32636 19902 32634
f 28893 53053 17434
f 2 50433 5
f 6 769 1
f 38879 31678 32562
f 59075 61757 15954
f 6 34049 4
f 9 769 1
f 33058 8127 30648
f 1572 47677 62519
f 4 60417 5
f 5 1 1
f 33818 47807 30488
f 11863 20030 57244
f 5 40193 4
f 4 1 1
f 30489 43967 30669
f 36370 58558 4601
f 4 63745 3
f 5 1 1
f 35841 42943 30176
f 22511 61118 6478
f 5 60673 5
f 4 1 1
f 32263 11711 30690
f 62759 58813 1659
f 4 40961 4
f 5 1 1
f 36411 20415 30185
f 14151 26557 3124
f 5 60417 5
f 4 1 1
f 28589 47039 30668
f 47725 60478 42484
f 5 50177 2
f 4 1 1
f 27946 19903 30869
f 29215 37694 48125
f 4 60929 61957
f 5 1 1
f 8030 43455 31760
f 41661 45630 18792
f 5 7681 6
f 6 1 1
f 9069 21951 31574
f 54121 12862 10310
f 6 62465 5
f 5 1 1
f 6071 51135 32020
f 57531 10301 35171
f 5 63489 5
f 6 1 1
f 11976 51647 31758
f 7283 4414 37384
f 6 8193 6
f 5 1 1
f 6946 3007 31913
f 24668 47678 27581
f 5 62209 5
f 6 1 1
f 12476 23487 31635
f 35206 61758 30929
f 6 7681 6
f 5 1 1
f 5737 56767 31453
f 2557 33599 48031
f 5 52993 5
f 5 1 1
f 5273 5823 31659
f 58681 9790 420
f 5 7937 6
f 5 1 1
f 17969 53695 31505
f 56196 61629 55779
f 6 59393 5
f 5 1025 1
f 3470 38079 32051
f 21364 17726 23281
f 5 7937 6
f 6 1025 1
f 49665 27838 32404
f 15532 21950 39384
f 6 3073 6
f 5 1025 1
f 19470 703 31205
f 45258 54718 1432
f 5 59649 5
f 6 1025 1
f 59155 43454 32345
f 18141 32701 36103
f 6 8193 6
f 5 1025 1
f 23455 37311 31184
f 11358 21438 63261
f 5 59393 5
f 6 1025 1
f 1653 48831 31962
f 44529 34110 6090
f 5 53249 5
f 6 1025 1
f 14867 21951 31656
f 53437 63037 42856
f 6 59905 5
f 5 1025 1
f 30678 7615 30812
f 33208 48701 58841
f 6 39937 4
f 4 769 1
f 30665 52671 30727
f 22419 10814 51705
f 4 8705 6
f 6 769 1
f 26815 25535 30953
f 24476 52158 1801
f 6 5121 6
f 3 769 1
f 34534 27327 30388
f 13097 9662 4584
f 3 40961 4
f 6 769 1
f 28357 12735 30953
f 34926 32957 63209
f 6 8961 6
f 4 769 1
f 35039 36031 30383
f 21562 50108 1227
f 4 39937 4
f 6 769 1
f 24475 11967 30857
f 51929 58430 37299
f 2 55553 5
f 6 769 1
f 25301 8895 30997
f 34278 22590 44649
f 6 40193 4
f 2 769 1
f 2633 192 1
f 22385 39618 11762
f 3 63745 5
f 5 1 1
f 2633 192 1
f 22385 39618 11762
f 5 57601 3
f 3 1 1
f 11541 192 1
f 15520 58176 39700
f 3 57857 3
f 5 1 1
f 11541 192 1
f 15520 58176 39700
f 5 64001 5
f 3 1 1
f 7235 192 1
f 19144 41410 64173
f 3 57089 3
f 5 1 1
f 7235 192 1
f 19144 41410 64173
f 5 63745 5
f 3 1 1
f 61077 191 1
f 25219 12994 24321
f 5 57345 3
f 3 1 1
f 61077 191 1
f 25219 13250 24321
f 3 64257 5
f 5 1 1
f 40590 23103 13697
f 29547 18880 26995
f 2 53761 5
f 5 1 1
f 40590 23103 13697
f 29547 18880 26995
f 5 57345 2
f 2 1 1
f 11058 23103 13697
f 31846 55488 40376
f 49410 16385 1
f 49413 1 1
f 11058 23103 13697
f 31846 55488 40376
f 49413 54017 5
f 2 1 1
f 28683 23103 13697
f 30942 63936 35514
f 2 57089 2
f 49413 1 1
f 28683 23103 13697
f 30942 63936 35514
f 49413 53761 5
f 2 1 1
f 50902 31295 26544
f 27625 23232 14758
f 5 57601 9
f 2 1 1
f 50902 23103 13697
f 27625 20416 14758
f 2 54529 5
f 5 1 1
f 20239 33343 3144
f 20428 43200 24270
f 2 50689 5
f 5 513 2561
f 20027 22079 2751
f 20704 48832 24765
f 5 51713 2
f 9 2817 1
f 53318 45374 3527
f 21392 31680 35434
f 2 4353 1
f 5 513 2561
f 54752 47166 3297
f 21523 29632 35358
f 5 50945 5
f 9 2817 1
f 6083 13631 3361
f 21041 45504 31781
f 2 51457 2
f 5 2817 1
f 7012 575 3050
f 21207 35008 31583
f 5 50689 5
f 9 2817 1
f 33315 29503 2428
f 19947 28096 17332
f 5 51969 2
f 9 2817 1
f 33344 45631 2885
f 19634 43200 16864
f 2 51457 5
f 5 513 1
f 37593 37566 31247
f 20151 57407 1606
f 4 61185 2
f 2 1 1
f 37064 12734 31445
f 16271 53311 54603
f 2 61697 2564
f 4 1 1
f 16711 52158 30931
f 27614 47423 27578
f 4 23553 3
f 1 1 1
f 11854 19646 31079
f 25314 43071 25259
f 1 61441 2562
f 2564 1 1
f 31796 63678 31069
f 24297 64319 14268
f 4 62465 4
f 2 1 1
f 25281 3006 31254
f 21360 8255 11386
f 2 61185 2
f 4 1 1
f 42235 61630 31635
f 10933 24639 18408
f 2 48897 3
f 2564 1 1
f 43597 38078 31438
f 15051 23871 39094
f 2564 62721 2
f 2 1 1
f 51706 35518 31196
f 18122 32575 48318
f 5 9217 6
f 6 1 1
f 52651 39614 31410
f 13343 28479 27325
f 6 52737 5
f 5 1 1
f 33715 19902 30905
f 26971 34879 23210
f 5 31745 5
f 5 1 1
f 26783 42174 31074
f 24554 49727 22618
f 5 9729 6
f 5 1 1
f 44248 190 31027
f 23047 60991 6617
f 5 52481 5
f 6 1 1
f 39198 20414 31244
f 19922 56127 5717
f 6 9217 6
f 5 1 1
f 62531 23998 31572
f 6080 4159 47852
f 5 52993 5
f 5 1 1
f 62562 48574 31354
f 11453 45375 18469
f 5 9473 6
f 5 1 1
f 59369 8894 29321
f 39241 29247 33023
f 6 55809 5
f 5 1025 1
f 709 3775 29464
f 37536 12095 20488
f 5 9473 6
f 6 1025 1
f 38113 43198 29232
f 41392 39999 46519
f 6 57857 5
f 5 1025 1
f 34908 21694 29282
f 41271 28991 47778
f 49413 56065 5
f 6 1025 1
f 52288 43966 29240
f 40364 14911 38165
f 6 9729 6
f 5 1025 1
f 46456 27070 29345
f 40165 62783 40412
f 5 55809 5
f 6 1025 1
f 8300 51647 29671
f 34115 54335 56498
f 5 62721 5
f 6 1025 1
f 2868 46271 29450
f 37125 6975 15339
f 6 56577 5
f 5 1025 1
f 39407 55230 31243
f 19892 52287 64600
f 6 61441 4
f 2564 769 11
f 40103 37822 31443
f 15704 50239 47388
f 2564 10241 6
f 6 769 1
f 22250 41406 30925
f 27418 35647 24611
f 6 59137 5
f 3 769 1
f 15061 29118 31079
f 25152 26943 23493
f 3 62465 4
f 6 769 1
f 35299 27838 31062
f 23985 33087 10936
f 6 10497 6
f 2564 769 11
f 28755 15550 31254
f 21116 4159 9405
f 4 61441 4
f 6 769 1
f 45230 2750 31634
f 10223 8255 3582
f 3 1 2566
f 6 769 1
f 45402 52158 31434
f 14711 42303 34801
f 6 61697 2564
f 3 769 11
f 29764 64958 32365
f 48917 18110 43444
f 5 43009 61957
f 5 1 1
f 41165 15550 32372
f 40296 36798 44608
f 5 2305 61957
f 5 1 1
f 36519 45245 32660
f 24662 29886 26588
f 5 1537 2
f 5 1 1
f 875 33214 32617
f 30048 64702 33221
f 5 43265 5
f 61957 1 1
f 2652 16574 32578
f 35836 5566 34763
f 5 3073 5
f 5 1 1
f 23677 53182 32501
f 37952 55742 39213
f 5 43009 61957
f 5 1 1
f 58646 7614 32083
f 47794 28862 53252
f 5 63233 3
f 61957 1 1
f 47845 29118 32083
f 58581 19134 52458
f 61957 43777 5
f 5 1 1
f 13465 19134 32659
f 6483 48574 25420
f 5 10753 6
f 6 1 1
f 29248 3518 32635
f 50761 28861 26280
f 6 47617 5
f 5 1 1
f 22294 17597 32745
f 49261 28093 10787
f 5 38145 5
f 5 1 1
f 53803 54205 32721
f 58607 39869 16271
f 5 11265 6
f 5 1 1
f 53462 36285 32723
f 56915 32189 15975
f 5 47361 5
f 6 1 1
f 11464 62398 32679
f 64171 41661 22636
f 6 10753 6
f 5 1 1
f 42141 44478 32538
f 49457 8125 33009
f 6 47873 5
f 5 1 1
f 33940 42174 32580
f 8507 36798 32968
f 5 11009 6
f 6 1 1
f 27453 5438 32293
f 55419 8382 11970
f 6 41985 5
f 5 1025 1
f 26009 19006 32505
f 36662 41150 1327
f 5 11009 6
f 6 1025 1
f 43902 6206 32468
f 15855 44990 34873
f 6 45057 5
f 5 1025 1
f 40636 7486 32456
f 29431 21182 46838
f 5 42241 5
f 6 1025 1
f 40636 6718 32456
f 29434 18366 46840
f 6 11265 6
f 5 1025 1
f 34176 50750 32425
f 41276 60094 929
f 5 41985 5
f 6 1025 1
f 2159 13630 32519
f 42267 31934 12722
f 5 2561 6
f 6 1025 1
f 518 46398 32143
f 2387 36543 30646
f 6 42753 5
f 5 1025 1
f 27039 41150 32430
f 44011 30142 41552
f 6 2049 5
f 61957 769 11
f 38551 61118 32459
f 33174 10430 41540
f 61957 11777 6
f 6 769 1
f 33323 16317 32698
f 13005 11454 22896
f 6 46337 61957
f 2 769 1
f 64169 54205 32647
f 22305 37054 30976
f 2 3073 61957
f 6 769 1
f 65500 20413 32635
f 25618 61118 32130
f 6 12033 6
f 61957 769 11
f 21240 20926 32547
f 33576 46270 37521
f 5 2049 5
f 6 769 1
f 55098 42686 32212
f 40144 55998 49589
f 3 4865 61958
f 6 769 1
f 45906 57534 32176
f 53268 33214 50180
f 6 2305 61957
f 3 769 1
f 29547 192 1
f 40590 39743 11383
f 2 48641 5
f 5 1 1
f 29547 192 1
f 40590 39743 11383
f 5 38913 2
f 2 1 1
f 31846 192 1
f 11058 19519 25299
f 2 50177 1
f 5 1 1
f 31846 192 1
f 11058 19519 25299
f 5 48897 5
f 2 1 1
f 30942 192 1
f 28683 29759 19097
f 2 38401 2
f 5 1 1
f 30942 192 1
f 28683 30015 19097
f 5 48641 5
f 2 1 1
f 27625 192 1
f 50902 9535 2388
f 5 38657 9
f 2 1 1
f 27625 192 1
f 50902 9535 2388
f 2 49409 5
f 5 1 1
f 3635 14528 3749
f 20958 56000 63599
f 6 12545 6
f 6 1025 1
f 4145 54464 17839
f 21292 57792 63881
f 6 13057 6
f 6 1025 1
f 52500 6078 32204
f 44297 27582 48689
f 6 12801 6
f 6 1025 1
f 55674 64190 32114
f 48575 37310 51289
f 6 13569 6
f 6 1025 1
f 1899 59968 33367
f 20288 50496 60509
f 6 14081 6
f 6 1025 1
f 1240 45120 43046
f 18955 2624 58865
f 6 13569 6
f 6 1025 1
f 3193 8000 12122
f 62826 22463 8352
f 6 12545 6
f 6 1025 1
f 3129 53568 12144
f 62908 22975 7730
f 6 13825 6
f 6 1025 1
f 6162 1599 31903
f 33974 37950 55595
f 6 12289 6
f 6 1025 1
f 4769 59711 31992
f 25054 14654 52887
f 6 14081 6
f 6 1025 1
f 30517 51136 21967
f 7797 12991 1167
f 6 14593 6
f 6 1025 1
f 31118 61120 7365
f 9739 17343 1608
f 6 15105 6
f 6 1025 1
f 4368 51390 31679
f 13913 1087 13668
f 6 14849 6
f 6 1025 1
f 4364 51646 31679
f 13913 16447 13670
f 6 15617 6
f 6 1025 1
f 30354 22080 6720
f 25634 35903 2664
f 6 16129 6
f 6 1025 1
f 29634 57408 21106
f 26505 50495 2377
f 6 15617 6
f 6 1025 1
f 4206 40767 12497
f 13715 7104 21940
f 6 14593 6
f 6 1025 1
f 4219 15935 12496
f 13716 7616 21935
f 6 15873 6
f 6 1025 1
f 12394 64318 31151
f 23994 7103 24271
f 6 14337 6
f 6 1025 1
f 12390 64062 31151
f 23994 21183 24273
f 6 16129 6
f 6 1025 1
f 22389 5568 39345
f 2283 23488 3415
f 6 16641 6
f 6 1025 1
f 22459 61120 37835
f 2516 4544 3449
f 6 17153 6
f 6 1025 1
f 24282 2751 31194
f 14163 17853 58037
f 6 16897 6
f 6 1025 1
f 27621 23743 30994
f 39620 11709 62312
f 6 17665 6
f 6 1025 1
f 18321 5440 40108
f 3048 9280 1639
f 6 18177 6
f 6 1025 1
f 17154 41792 47521
f 2421 1600 859
f 6 17665 6
f 6 1025 1
f 37313 57919 11669
f 11643 6080 2278
f 6 16641 6
f 6 1025 1
f 37092 43071 11696
f 11662 30400 2495
f 6 17921 6
f 6 1025 1
f 33398 61247 30594
f 37603 19389 61233
f 6 16385 6
f 6 1025 1
f 30714 40255 30791
f 58982 20925 56502
f 6 18177 6
f 6 1025 1
f 1378 191 25802
f 56277 17855 27011
f 6 18689 6
f 6 1281 11
f 1376 62655 25897
f 55876 35263 26672
f 6 19201 6
f 6 1281 11
f 42150 52030 25124
f 60523 43711 6999
f 2566 19713 6
f 6 1281 11
f 42015 44350 25144
f 60453 23487 6969
f 6 18433 6
f 6 1281 11
f 35306 61247 25142
f 50192 17599 6467
f 2566 20225 2566
f 6 1281 11
f 35364 61759 25123
f 50238 447 6424
f 6 19457 6
f 6 1281 11
f 51563 12863 25888
f 22350 42687 46628
f 2566 20737 2566
f 2566 1281 11
f 51932 60735 25798
f 22481 7615 47154
f 6 19969 6
f 2566 1281 11
f 54686 53311 26775
f 45182 61501 18990
f 2566 21249 2566
f 2566 1281 11
f 55350 53311 26618
f 49650 22845 19800
f 6 20481 2566
f 2566 1281 11
f 42677 47167 26904
f 33403 42303 33690
f 2566 21761 2566
f 2566 1281 11
f 43080 9535 26744
f 34026 9023 34129
f 2566 20993 2566
f 2566 1281 11
f 4316 42815 26042
f 54789 3903 32027
f 2566 22273 2566
f 2566 1281 11
f 4349 60223 25942
f 55210 14655 32399
f 2566 21505 2566
f 2566 1281 11
f 40667 190 25106
f 60658 14399 12381
f 2566 22785 2566
f 2566 1281 11
f 40844 36798 25078
f 60756 5695 12426
f 2566 22017 2566
f 2566 1281 11
f 35758 50879 25080
f 50158 61503 24600
f 2566 23297 2566
f 2566 1281 11
f 35678 19903 25107
f 50093 2623 24654
f 2566 22529 2566
f 2566 1281 11
f 52175 58815 25953
f 18812 16959 40636
f 2566 23809 2566
f 2566 1281 11
f 51793 39615 26044
f 18698 35391 40082
f 2566 23041 2566
f 2566 1281 11
f 54427 28351 26759
f 20314 4542 16907
f 2566 24321 2566
f 2566 1281 11
f 53796 19903 26911
f 17771 57278 16101
f 2566 23553 2566
f 2566 1281 11
f 41145 29631 26626
f 37104 61631 31344
f 6 18945 6
f 2566 1281 11
f 40779 46783 26790
f 36449 55487 30480
f 2566 24065 2566
f 2566 1281 11
f 26854 10431 7371
f 16848 28864 53512
f 6 24577 6
f 2566 1281 11
f 27176 11455 7609
f 16630 62400 53395
f 6 18945 6
f 6 1281 11
f 3574 56127 6024
f 19267 3264 35067
f 6 25089 6
f 6 1281 11
f 3451 58943 6070
f 19238 43968 35068
f 6 18689 6
f 6 1281 11
f 60706 24127 6065
f 10426 22464 37469
f 6 25345 6
f 6 1281 11
f 60783 5695 6022
f 10438 6080 37378
f 6 19713 6
f 2566 1281 11
f 12711 49472 7581
f 48934 52415 6222
f 6 25601 6
f 6 1281 11
f 12929 39744 7361
f 48848 54975 6667
f 6 20225 2566
f 2566 1281 11
f 17180 35904 9600
f 3641 57918 46033
f 2566 25857 6
f 6 1281 11
f 17524 11328 9173
f 8784 51774 46600
f 2566 20737 2566
f 2566 1281 11
f 6551 11328 9958
f 60782 10047 60755
f 2566 26113 2566
f 6 1281 11
f 6665 45376 9512
f 61726 61247 61251
f 2566 21249 2566
f 2566 1281 11
f 33187 34623 7971
f 15812 63808 56643
f 2566 26369 2566
f 2566 1281 11
f 33042 55615 7716
f 16049 46912 56781
f 2566 21761 2566
f 2566 1281 11
f 2047 6335 5983
f 19364 22336 37933
f 2566 26625 2566
f 2566 1281 11
f 2211 43711 5917
f 19405 28480 37933
f 2566 22273 2566
f 2566 1281 11
f 61466 40639 5924
f 10284 44864 45516
f 2566 26881 2566
f 2566 1281 11
f 61359 53951 5986
f 10266 10816 45641
f 2566 22785 2566
f 2566 1281 11
f 13474 56512 7749
f 45390 8511 5403
f 2566 27137 2566
f 2566 1281 11
f 13249 46016 7977
f 45492 27967 4930
f 2566 23297 2566
f 2566 1281 11
f 16861 21184 9560
f 50852 46270 46532
f 2566 27393 2566
f 2566 1281 11
f 16544 20928 9979
f 48093 16830 45969
f 2566 23809 2566
f 2566 1281 11
f 4411 14272 9196
f 1171 56256 59243
f 6 24833 2566
f 2566 1281 11
f 4335 28864 9646
f 691 40896 58771
f 2566 24321 2566
f 6 1281 11
f 36868 49855 19495
f 28750 21184 604
f 6 27649 6
f 6 1281 11
f 36940 30143 20002
f 28713 6336 603
f 6 24833 2566
f 6 1281 11
f 11534 35391 16939
f 30619 59328 43122
f 6 28161 6
f 6 1281 11
f 11500 1343 17031
f 30616 24512 43127
f 2566 24577 6
f 6 1281 11
f 4220 59456 17031
f 19881 53440 47357
f 6 28417 6
f 6 1281 11
f 4229 42048 16938
f 19880 9664 47324
f 6 25089 6
f 6 1281 11
f 23745 56640 19985
f 60907 53183 14720
f 2566 28673 6
f 6 1281 11
f 23788 44864 19492
f 60852 61887 14839
f 6 25345 6
f 6 1281 11
f 31135 9792 24293
f 12181 3902 58335
f 2566 28929 2566
f 6 1281 11
f 31189 65088 23237
f 13853 58942 58467
f 6 25601 6
f 6 1281 11
f 17866 58944 25143
f 6241 44352 6056
f 2566 29185 2566
f 2566 1281 11
f 17851 14400 24084
f 6357 47168 6098
f 6 25857 6
f 2566 1281 11
f 41562 58687 20851
f 27924 576 2415
f 2566 29441 2566
f 2566 1281 11
f 41490 43583 20295
f 27967 15424 2417
f 6 26113 2566
f 2566 1281 11
f 9582 54463 16849
f 30707 56128 45783
f 2566 29697 2566
f 2566 1281 11
f 9626 32191 16723
f 30711 1344 45778
f 2566 26369 2566
f 2566 1281 11
f 4633 19392 16723
f 19607 8768 53687
f 2566 29953 2566
f 2566 1281 11
f 4621 49600 16850
f 19608 48704 53731
f 2566 26625 2566
f 2566 1281 11
f 24867 34496 20315
f 56468 16447 15778
f 2566 30209 2566
f 2566 1281 11
f 24821 34496 20850
f 56528 19007 15647
f 2566 26881 2566
f 2566 1281 11
f 30676 21696 24114
f 143 50623 60043
f 2566 30465 2566
f 2566 1281 11
f 30631 26048 25157
f 64961 29886 59912
f 2566 27137 2566
f 2566 1281 11
f 14448 8384 23256
f 10471 8128 5141
f 6 27905 6
f 2566 1281 11
f 14473 27584 24320
f 10356 24256 5102
f 2566 27393 2566
f 2566 1281 11
f 37622 49087 35840
f 30011 21696 1347
f 2566 30721 2566
f 2566 1281 11
f 37624 191 1
f 30011 31168 1347
f 6 27905 6
f 6 1281 11
f 12351 23103 13697
f 31791 62400 44032
f 6 31233 2566
f 2566 1281 11
f 12353 53311 14039
f 31790 41408 44032
f 6 27649 6
f 6 1281 11
f 4906 23234 13697
f 20858 51648 48688
f 6 31489 6
f 2566 1281 11
f 4906 23234 13697
f 20858 51648 48688
f 6 28161 6
f 6 1281 11
f 24925 23234 13697
f 62179 17343 15472
f 6 31745 6
f 6 1281 11
f 24925 23234 13697
f 62179 17855 15472
f 6 28417 6
f 6 1281 11
f 32705 23234 13697
f 13286 43838 59637
f 6 32001 6
f 6 1281 11
f 32705 23234 13697
f 13286 43838 59637
f 6 28673 6
f 2566 1281 11
f 19148 23234 13697
f 7229 60992 6973
f 6 32257 6
f 6 1281 11
f 19148 23234 13697
f 7229 60992 6973
f 6 28929 2566
f 2566 1281 11
f 42460 23103 13697
f 29235 51008 3113
f 2566 32513 6
f 6 1281 11
f 42460 23103 13697
f 29235 51008 3113
f 2566 29185 2566
f 2566 1281 11
f 10362 191 1
f 31875 59200 46513
f 2566 32769 2566
f 6 1281 11
f 10362 191 1
f 31875 59456 46513
f 2566 29441 2566
f 2566 1281 11
f 5318 192 14089
f 20566 9280 54222
f 2566 33025 2566
f 2566 1281 11
f 5318 192 11
f 20566 31296 54220
f 2566 29697 2566
f 2566 1281 11
f 26086 33728 18938
f 57661 30015 17048
f 2566 33281 2566
f 2566 1281 11
f 26086 41664 50659
f 57662 3135 17047
f 2566 29953 2566
f 2566 1281 11
f 32224 12480 24331
f 946 15807 61639
f 2566 33537 2566
f 2566 1281 11
f 32224 62656 24330
f 946 16063 61639
f 2566 30209 2566
f 2566 1281 11
f 15564 192 1
f 11493 39104 6101
f 6 30977 2566
f 2566 1281 11
f 15564 38592 9694
f 11493 40384 6101
f 2566 30465 2566
f 6 1281 11
f 4956 59456 39621
f 20823 33472 49526
f 6 19969 6
f 6 1537 1
f 4956 23234 13697
f 20822 13504 49524
f 6 34049 6
f 6 1537 1
f 25092 25920 12742
f 61555 15295 15690
f 6 19969 6
f 6 1537 1
f 25092 23234 13697
f 61556 36287 15689
f 6 34305 6
f 2566 1537 1
f 32666 23234 13697
f 25929 41534 59951
f 2566 20481 6
f 6 1537 1
f 32666 15810 43576
f 25938 9022 59952
f 6 34561 2566
f 2566 1537 1
f 18662 10048 34250
f 7853 55104 6865
f 2566 20993 2566
f 2566 1537 1
f 18662 23104 13697
f 7853 52544 6865
f 2566 34817 2566
f 2566 1537 1
f 41763 23103 13697
f 29353 51264 2862
f 2566 21505 2566
f 2566 1537 1
f 41763 23103 13697
f 29353 51264 2862
f 2566 35073 2566
f 2566 1537 1
f 16095 192 1
f 10906 8640 6241
f 2566 19201 2566
f 2566 1537 1
f 16095 27328 18508
f 10907 9664 6241
f 2566 35585 2566
f 2566 1537 1
f 38299 191 1
f 29908 53696 1597
f 6 18433 6
f 2566 1537 1
f 38299 191 1
f 29908 53696 1597
f 2566 35329 2566
f 2566 1537 1
f 32822 20671 33017
f 28495 14784 64543
f 2566 36353 2566
f 6 1281 11
f 32350 6079 31021
f 28679 16576 64603
f 6 36865 6
f 6 1281 11
f 19247 62271 29761
f 29534 9920 40327
f 2566 37377 2566
f 2566 1281 11
f 19449 27711 29136
f 29563 32960 40312
f 6 36097 6
f 2566 1281 11
f 3981 64064 29944
f 19182 59328 44924
f 2566 37889 2566
f 2566 1281 11
f 4057 1856 29307
f 19175 37312 44657
f 6 37121 2566
f 2566 1281 11
f 22700 43840 31467
f 61982 64191 12459
f 2566 38401 2566
f 2566 1281 11
f 22486 60992 32986
f 62289 60095 11856
f 2566 37633 2566
f 2566 1281 11
f 30606 9024 33378
f 2959 10045 56205
f 2566 38913 2566
f 2566 1281 11
f 30449 20544 34561
f 4689 23868 55738
f 2566 38145 2566
f 2566 1281 11
f 19106 37696 32633
f 3795 27456 5673
f 2566 39425 2566
f 2566 1281 11
f 19264 15168 34244
f 3213 7744 5506
f 2566 38657 2566
f 2566 1281 11
f 44781 41023 26425
f 27021 41280 2839
f 2566 39937 2566
f 2566 1281 11
f 45379 26431 28787
f 26759 14656 2866
f 2566 39169 2566
f 2566 1281 11
f 5476 30655 21878
f 30612 25664 46808
f 2566 40449 2566
f 2566 1281 11
f 5076 44223 22595
f 30588 45376 46879
f 2566 39681 2566
f 2566 1281 11
f 4220 26048 22111
f 19565 25664 55889
f 2566 40961 2566
f 2566 1281 11
f 4217 31680 22132
f 19565 9536 55901
f 2566 40193 2566
f 2566 1281 11
f 24935 62144 28357
f 54106 35135 17365
f 2566 41473 2566
f 2566 1281 11
f 25114 64448 26482
f 53862 42047 17909
f 2566 40705 2566
f 2566 1281 11
f 29713 15040 34066
f 7443 54207 60477
f 2566 41985 2566
f 2566 1281 11
f 29845 47808 32730
f 8505 41919 60836
f 2566 41217 2566
f 2566 1281 11
f 12219 46016 34546
f 11649 63168 4548
f 2566 36609 6
f 2566 1281 11
f 12199 17344 33318
f 11903 31936 4657
f 2566 41729 2566
f 2566 1281 11
f 40114 33727 14141
f 28512 58048 1503
f 6 42241 6
f 2566 1281 11
f 40068 33983 14432
f 28506 31936 1492
f 2566 36609 6
f 2566 1281 11
f 5463 22847 11866
f 31100 29376 45402
f 6 42753 6
f 6 1281 11
f 5554 15935 12308
f 31078 11200 45367
f 6 36353 2566
f 2566 1281 11
f 4256 14400 11920
f 20142 29632 50388
f 2566 43009 6
f 6 1281 11
f 4266 55872 12133
f 20123 19136 50296
f 2566 37377 2566
f 2566 1281 11
f 24451 37696 14265
f 59423 23487 15989
f 2566 43265 2566
f 6 1281 11
f 24450 58944 14208
f 59438 2495 15977
f 2566 37889 2566
f 2566 1281 11
f 31351 42048 17368
f 41377 34110 59871
f 2566 43521 2566
f 2566 1281 11
f 31385 51776 16796
f 40723 10046 59836
f 2566 38401 2566
f 2566 1281 11
f 16486 8512 16910
f 8643 26432 6148
f 2566 43777 2566
f 2566 1281 11
f 16583 3648 16216
f 8579 58432 6165
f 2566 38913 2566
f 2566 1281 11
f 38556 25663 12484
f 28839 11072 1844
f 2566 44033 2566
f 2566 1281 11
f 38665 21823 12108
f 28839 13120 1869
f 2566 39425 2566
f 2566 1281 11
f 13151 38847 8991
f 30905 59200 44598
f 2566 44289 2566
f 2566 1281 11
f 13056 26815 8766
f 30919 37440 44632
f 2566 39937 2566
f 2566 1281 11
f 4986 46016 9043
f 19772 23104 50667
f 2566 44545 2566
f 2566 1281 11
f 4975 16320 8848
f 19789 57920 50771
f 2566 40449 2566
f 2566 1281 11
f 24715 3520 12293
f 58784 62271 14829
f 2566 44801 2566
f 2566 1281 11
f 24714 52928 12455
f 58755 65087 14856
f 2566 40961 2566
f 2566 1281 11
f 31304 192 16370
f 49899 15806 59576
f 2566 45057 2566
f 2566 1281 11
f 31278 20160 16850
f 50168 11454 59586
f 2566 41473 2566
f 2566 1281 11
f 16261 17856 16785
f 8918 21440 5591
f 6 42497 2566
f 2566 1281 11
f 16215 13760 17364
f 8930 48320 5578
f 2566 41985 2566
f 6 1281 11
f 22690 703 27720
f 42146 58559 29442
f 6 35841 2566
f 6 1281 11
f 23930 64703 27484
f 43070 19903 30729
f 6 42497 2566
f 6 1281 11
f 38362 34494 27244
f 51792 3519 21986
f 2566 34049 6
f 2566 1281 11
f 36727 32446 28437
f 45953 33727 16822
f 2566 42241 6
f 6 1281 11
f 20262 21823 27735
f 42834 47807 32091
f 2566 33793 2566
f 6 1281 11
f 17300 57151 28608
f 38539 49087 22995
f 6 42753 6
f 6 1281 11
f 49386 55359 27195
f 5114 7359 47400
f 2566 34305 2566
f 2566 1281 11
f 46113 36927 28094
f 61580 9406 47598
f 6 43009 6
f 2566 1281 11
f 54998 11327 25890
f 6858 5695 28663
f 2566 34561 2566
f 2566 1281 11
f 52693 6463 26341
f 8624 15423 27384
f 6 43265 2566
f 2566 1281 11
f 38831 10303 23096
f 56474 16959 39387
f 2566 34817 2566
f 2566 1281 11
f 38534 50751 23160
f 56422 9535 39234
f 2566 43521 2566
f 2566 1281 11
f 44678 19006 19926
f 5797 32320 36360
f 2566 35073 2566
f 2566 1281 11
f 45367 57918 19857
f 5877 5440 36506
f 2566 43777 2566
f 2566 1281 11
f 11003 30399 18053
f 7139 18496 13978
f 2566 45313 2566
f 2566 1281 11
f 10138 17855 17495
f 7897 15680 15684
f 2566 44033 2566
f 2566 1281 11
f 49880 23999 18744
f 63861 44863 3941
f 2566 45569 2566
f 2566 1281 11
f 50602 22975 17547
f 748 48448 12638
f 2566 44289 2566
f 2566 1281 11
f 63965 21439 20801
f 40127 56383 46240
f 2566 45825 2566
f 2566 1281 11
f 4 65472 20003
f 41773 62527 46005
f 2566 44545 2566
f 2566 1281 11
f 65010 60351 24064
f 14029 18750 20480
f 2566 35585 2566
f 2566 1281 11
f 1090 37312 23251
f 19191 3390 22168
f 2566 44801 2566
f 2566 1281 11
f 51600 32959 26378
f 13039 32959 33133
f 2566 35329 6
f 2566 1281 11
f 53448 63679 25889
f 14589 33983 34225
f 2566 45057 2566
f 2566 1281 11
f 10681 191 1
f 31862 16192 46153
f 2566 45313 2566
f 2566 1537 1
f 10681 191 1
f 31862 15936 46153
f 2566 22017 2566
f 2566 1537 1
f 5252 192 11
f 20613 28736 53482
f 2566 45569 2566
f 2566 1537 1
f 5252 192 11
f 20613 29504 53482
f 2566 22529 2566
f 2566 1537 1
f 25924 192 11
f 58321 22335 16818
f 2566 45569 2566
f 2566 1537 1
f 25924 192 11
f 58321 22847 16818
f 2566 23553 2566
f 2566 1537 1
f 32321 192 1
f 61148 15038 61385
f 2566 45825 2566
f 2566 1537 1
f 32321 4544 3128
f 61148 19390 61385
f 2566 24065 2566
f 2566 1537 1
f 12108 23103 13697
f 31801 59328 44375
f 6 35841 2566
f 6 1537 1
f 12108 23103 13697
f 31801 59328 44375
f 6 19457 6
f 6 1537 1
f 22674 11071 25802
f 51866 28095 18348
f 6 46337 6
f 2566 1281 11
f 22111 37695 25897
f 51584 16831 18362
f 2566 46849 2566
f 2566 1281 11
f 50248 40767 25124
f 35346 20927 17360
f 2566 47361 6
f 6 1281 11
f 50173 57151 25144
f 35320 8639 17231
f 2566 46081 2566
f 2566 1281 11
f 60455 6975 25143
f 42103 62654 2406
f 2566 47873 2566
f 6 1281 11
f 60531 47167 25123
f 42069 9918 2462
f 2566 47105 2566
f 6 1281 11
f 55948 63807 25887
f 1179 7231 17198
f 2566 48385 2566
f 2566 1281 11
f 56254 11071 25799
f 1607 32319 17537
f 2566 47617 6
f 2566 1281 11
f 36671 11583 26776
f 40665 29759 19896
f 2566 48897 2566
f 2566 1281 11
f 36944 37439 26618
f 41334 6975 20510
f 6 48129 2566
f 2566 1281 11
f 19700 28478 26904
f 53798 35135 8691
f 2566 49409 2566
f 2566 1281 11
f 18452 17982 26744
f 54521 50751 9059
f 2566 48641 2566
f 2566 1281 11
f 18492 47551 26042
f 51853 16191 38309
f 2566 49921 2566
f 2566 1281 11
f 19066 39615 25942
f 52163 41023 38337
f 2566 49153 2566
f 2566 1281 11
f 50081 63935 25105
f 35703 57407 57944
f 2566 50433 2566
f 2566 1281 11
f 50180 51391 25078
f 35741 10303 58268
f 2566 49665 2566
f 2566 1281 11
f 60751 1983 25081
f 40727 64574 61278
f 2566 50945 2566
f 2566 1281 11
f 60649 17599 25107
f 40770 830 61133
f 2566 50177 2566
f 2566 1281 11
f 55129 64447 25953
f 4546 20159 12728
f 2566 51457 2566
f 2566 1281 11
f 54819 47039 26044
f 4086 40639 12379
f 2566 50689 2566
f 2566 1281 11
f 33794 32191 26759
f 43177 59839 14544
f 2566 51969 2566
f 2566 1281 11
f 33573 12223 26911
f 42507 32191 13973
f 2566 51201 2566
f 2566 1281 11
f 45708 7869 26626
f 55332 28351 2171
f 6 46593 2566
f 2566 1281 11
f 48995 50621 26790
f 54608 53695 1843
f 2566 51713 2566
f 2566 1281 11
f 49088 48447 7370
f 12856 35264 48265
f 2566 52225 2566
f 2566 1281 11
f 48666 7231 7609
f 12759 21184 48563
f 6 46593 2566
f 6 1281 11
f 10451 13632 6024
f 60740 64959 39599
f 2566 52737 2566
f 2566 1281 11
f 10409 48960 6070
f 60743 54975 39485
f 2566 46337 6
f 6 1281 11
f 19238 60736 6065
f 3553 54463 25916
f 2566 52993 2566
f 2566 1281 11
f 19274 30016 6021
f 3476 15807 25989
f 6 47361 6
f 2566 1281 11
f 16691 47680 7581
f 26665 25407 43138
f 6 53249 2566
f 2566 1281 11
f 16814 576 7362
f 27401 58943 43336
f 6 47873 2566
f 2566 1281 11
f 942 6720 9600
f 4160 51776 47121
f 2566 53505 6
f 2566 1281 11
f 958 41536 9172
f 4631 16960 47435
f 2566 48385 2566
f 2566 1281 11
f 50507 37950 9958
f 16524 13632 37200
f 2566 53761 2566
f 6 1281 11
f 48478 32830 9512
f 16939 11328 37301
f 2566 48897 2566
f 2566 1281 11
f 45236 41151 7971
f 13317 44352 64737
f 2566 54017 2566
f 2566 1281 11
f 45673 14783 7717
f 13433 55872 64461
f 2566 49409 2566
f 2566 1281 11
f 10250 14784 5982
f 61416 51007 23973
f 2566 54273 2566
f 2566 1281 11
f 10307 49600 5917
f 61418 26943 24273
f 2566 49921 2566
f 2566 1281 11
f 19406 35520 5924
f 2075 47935 21696
f 2566 54529 2566
f 2566 1281 11
f 19356 60608 5985
f 2176 5695 21599
f 2566 50433 2566
f 2566 1281 11
f 15978 7872 7750
f 33300 13759 41262
f 2566 54785 2566
f 2566 1281 11
f 15854 39104 7977
f 32910 53183 41055
f 2566 50945 2566
f 2566 1281 11
f 61196 4031 9560
f 6820 53696 44117
f 2566 55041 2566
f 2566 1281 11
f 61236 31167 9979
f 6351 13504 43829
f 2566 51457 2566
f 2566 1281 11
f 3889 9406 9196
f 17520 48320 32292
f 2566 52481 2566
f 2566 1281 11
f 8450 43710 9645
f 17127 22720 32158
f 2566 51969 2566
f 2566 1281 11
f 60931 51007 19494
f 23767 57536 61407
f 2566 55297 2566
f 2566 1281 11
f 60826 3647 20009
f 23765 31936 61537
f 2566 52481 2566
f 2566 1281 11
f 19885 6976 16944
f 4222 38848 46615
f 6 55809 2566
f 2566 1281 11
f 19877 43840 17029
f 4226 20672 46587
f 2566 52225 2566
f 2566 1281 11
f 30615 5952 17029
f 11529 19135 35344
f 6 56065 6
f 2566 1281 11
f 30620 15424 16943
f 11503 54719 35351
f 2566 52737 2566
f 2566 1281 11
f 28726 51520 19986
f 36854 23359 53166
f 2566 56321 6
f 6 1281 11
f 28738 18752 19491
f 36955 23615 53205
f 2566 52993 2566
f 2566 1281 11
f 10432 20800 24293
f 14405 35648 59813
f 2566 56577 2566
f 6 1281 11
f 10396 3136 23239
f 14517 28224 59860
f 2566 53249 2566
f 6 1281 11
f 113 9023 25140
f 30619 19008 47424
f 2566 56833 2566
f 2566 1281 11
f 65023 28734 24082
f 30690 19008 47408
f 2566 53505 6
f 2566 1281 11
f 56443 20415 20847
f 24842 42816 6875
f 2566 57089 2566
f 2566 1281 11
f 56554 17343 20293
f 24847 28992 6807
f 6 53761 2566
f 2566 1281 11
f 19602 4544 16856
f 4629 8256 36152
f 2566 57345 2566
f 2566 1281 11
f 19613 53696 16719
f 4625 11072 36196
f 2566 54017 2566
f 2566 1281 11
f 30713 64960 16721
f 9583 56383 33552
f 2566 57601 2566
f 2566 1281 11
f 30705 24256 16857
f 9621 5695 33541
f 2566 54273 2566
f 2566 1281 11
f 27950 33472 20313
f 41580 55487 51868
f 2566 57857 2566
f 2566 1281 11
f 27939 23488 20850
f 41472 9663 51826
f 2566 54529 2566
f 2566 1281 11
f 6276 54720 24112
f 17912 43200 56869
f 2566 58113 2566
f 2566 1281 11
f 6320 12736 25156
f 17804 22976 56827
f 2566 54785 2566
f 2566 1281 11
f 12229 21438 23261
f 31192 10688 41775
f 2566 55553 2566
f 2566 1281 11
f 13809 46270 24324
f 31129 65216 41796
f 2566 55041 2566
f 2566 1281 11
f 62179 23103 13697
f 24925 11456 63143
f 2566 58369 6
f 2566 1281 11
f 62179 10047 17918
f 24925 58304 63141
f 2566 55553 2566
f 2566 1281 11
f 20858 23234 13697
f 4906 15040 47025
f 2566 58881 2566
f 6 1281 11
f 20858 23234 13697
f 4906 15040 47025
f 2566 55297 2566
f 2566 1281 11
f 31791 64 1
f 12351 38335 35886
f 2566 59137 2566
f 2566 1281 11
f 31791 64 1
f 12351 38591 35886
f 2566 55809 2566
f 6 1281 11
f 30011 32320 22386
f 37623 27455 54156
f 2566 59393 2566
f 2566 1281 11
f 30011 2624 1
f 37624 37951 54156
f 2566 56065 6
f 6 1281 11
f 11493 64 1
f 15564 29760 61152
f 2566 59649 2566
f 2566 1281 11
f 11493 17472 6118
f 15564 32320 61152
f 6 56321 6
f 2566 1281 11
f 946 23103 13697
f 32224 65344 48492
f 6 59905 2566
f 2566 1281 11
f 946 23103 13697
f 32224 65344 48492
f 6 56577 2566
f 2566 1281 11
f 57662 191 1
f 26086 21568 7487
f 2566 60161 6
f 2566 1281 11
f 57662 191 1
f 26086 21568 7487
f 2566 56833 2566
f 2566 1281 11
f 20566 192 1
f 5318 49216 37268
f 2566 60417 2566
f 6 1281 11
f 20566 192 1
f 5318 49216 37268
f 2566 57089 2566
f 2566 1281 11
f 31876 6592 33133
f 10360 18239 34279
f 2566 60673 2566
f 2566 1281 11
f 31876 192 1
f 10358 42815 34279
f 2566 57345 2566
f 2566 1281 11
f 29235 192 1
f 42460 2751 53087
f 2566 60929 2566
f 2566 1281 11
f 29235 62656 3053
f 42459 60095 53086
f 2566 57601 2566
f 2566 1281 11
f 7229 41408 12843
f 19149 33984 58387
f 2566 61185 2566
f 2566 1281 11
f 7229 192 1
f 19148 35776 58387
f 2566 57857 2566
f 2566 1281 11
f 13294 33470 24753
f 32705 18368 42891
f 6 58625 2566
f 2566 1281 11
f 13294 49598 24753
f 32705 18368 42891
f 2566 58113 2566
f 2566 1281 11
f 7853 31424 6816
f 18662 33472 58809
f 2566 51713 2566
f 2566 1537 1
f 7853 192 1
f 18661 39872 58809
f 2566 61697 2566
f 2566 1537 1
f 31801 64 1
f 12108 42431 35650
f 2566 47617 6
f 2566 1537 1
f 31801 64 1
f 12108 42431 35650
f 2566 62209 2566
f 2566 1537 1
f 29908 64 1
f 38299 21567 54009
f 6 48129 2566
f 2566 1537 1
f 29908 64 1
f 38299 21567 54009
f 2566 61953 2566
f 2566 1537 1
f 10906 64 1
f 16095 33600 60789
f 2566 48641 2566
f 2566 1537 1
f 10906 64 1
f 16095 33600 60789
f 2566 62465 2566
f 2566 1537 1
f 61148 62 1
f 32321 1088 47715
f 2566 48641 2566
f 2566 1537 1
f 61148 62 1
f 32321 1088 47715
f 2566 62977 2566
f 2566 1537 1
f 58321 191 1
f 25924 20032 6239
f 2566 49153 2566
f 2566 1537 1
f 58321 191 1
f 25924 20288 6239
f 2566 63233 2566
f 2566 1537 1
f 20613 192 1
f 5252 11584 38685
f 2566 49665 2566
f 2566 1537 1
f 20613 192 1
f 5252 11072 38685
f 2566 63489 2566
f 2566 1537 1
f 31862 192 1
f 10678 40511 34500
f 2566 50689 2566
f 2566 1537 1
f 31862 192 1
f 10678 40511 34500
f 2566 63489 2566
f 2566 1537 12545
f 29353 192 1
f 41763 65215 53243
f 2566 51201 2566
f 2566 1537 35329
f 29353 192 1
f 41763 64959 53243
f 2566 63745 2566
f 2566 1537 15873
f 25918 20414 59431
f 32666 37824 43702
f 2566 61441 2566
f 2566 1537 6657
f 25940 39358 56610
f 32666 27072 43703
f 2566 46849 2566
f 2566 1537 33793
f 61555 10559 50058
f 25092 51648 21
f 6 64001 2566
f 2566 1537 22529
f 61556 23103 13697
f 25092 54208 20
f 2566 46081 2566
f 2566 1537 11521
f 20822 23234 13697
f 4957 44992 45672
f 2566 64257 2566
f 2566 1537 30209
f 20822 23234 13697
f 4957 44224 45672
f 6 47105 2566
f 2566 1537 22785
f 61031 38207 34450
f 22614 51648 55535
f 2566 64769 2566
f 2566 1281 6155
f 61642 61503 33120
f 22647 192 54970
f 2566 65281 2566
f 2566 1281 21259
f 19517 63296 32423
f 3228 47808 50824
f 7 257 2567
f 2566 1281 30465
f 19506 54592 32532
f 3232 57280 50789
f 2566 64513 2566
f 7 1281 16641
f 29845 62272 32293
f 9193 5823 35865
f 7 769 7
f 2567 1281 25857
f 29853 27968 32199
f 9161 57791 35873
f 2567 1 7
f 2567 1281 27905
f 27935 56640 32837
f 36911 14399 53309
f 2567 1281 7
f 7 1281 16641
f 27859 44096 34106
f 36258 3135 53082
f 7 513 2567
f 2567 1281 25857
f 9984 5696 33480
f 13999 43072 59899
f 2567 1793 2567
f 7 1281 27649
f 10140 38208 34916
f 13592 40768 59776
f 2567 1025 2567
f 7 1281 11521
f 867 25407 31293
f 30223 51776 47895
f 7 2305 2567
f 2567 1281 35073
f 2567 64575 33602
f 29959 56384 48045
f 2567 1537 7
f 2567 1281 14849
f 55490 28863 24351
f 24863 52032 8595
f 2567 2817 7
f 2567 1281 6155
f 54831 1983 26573
f 24881 60480 9109
f 7 2049 2567
f 2567 1281 33291
f 19222 47296 19874
f 4900 23104 32193
f 2567 3329 2567
f 7 1281 23041
f 19170 9664 20327
f 4932 7488 31701
f 2567 2561 2567
f 7 1281 56065
f 30470 1984 20443
f 10865 17983 32594
f 7 3841 2567
f 2567 1281 6913
f 30501 30912 20011
f 10670 32063 32709
f 2567 3073 7
f 2567 1281 23297
f 27683 37056 26993
f 40866 10175 50885
f 2567 4353 7
f 2567 1281 48641
f 27713 38592 24818
f 41463 26559 51126
f 7 3585 2567
f 2567 1281 2049
f 5896 27072 34053
f 17335 43968 55577
f 2567 4865 2567
f 7 1281 31233
f 5713 59584 32163
f 17737 54976 55759
f 2567 4097 2567
f 7 1281 63233
f 6705 30398 35448
f 30278 4032 40253
f 2566 65025 2566
f 7 1281 4865
f 1542 49598 33931
f 30498 9152 40225
f 2567 4609 7
f 2566 1281 28673
f 60011 6207 12794
f 24372 46016 1073
f 2566 5121 7
f 7 1281 63233
f 60057 43583 13176
f 24341 8384 1014
f 7 65025 2566
f 2566 1281 4865
f 19857 43584 10613
f 4756 23488 41834
f 2567 5633 2567
f 7 1281 28417
f 19858 10560 10676
f 4750 50368 41848
f 2567 64769 2566
f 7 1281 56065
f 30851 17984 10792
f 12685 55999 34477
f 7 5889 2567
f 2567 1281 10497
f 30853 41536 10715
f 12715 33471 34475
f 7 257 2567
f 7 1281 15361
f 28987 36160 13528
f 37279 33343 52590
f 2567 6145 7
f 2567 1281 48641
f 29015 17984 13137
f 37215 36671 52593
f 2567 769 7
f 2567 1281 8961
f 10187 47936 17310
f 15120 4160 59160
f 2567 6401 2567
f 7 1281 22785
f 10281 40256 16494
f 15088 36928 59212
f 7 1281 2567
f 2567 1281 4353
f 58948 60222 17797
f 31114 27968 46219
f 7 6657 2567
f 2567 1281 19969
f 59752 31038 16986
f 31142 47680 46314
f 2567 1793 2567
f 7 1281 23041
f 57994 65471 13818
f 24839 3392 4062
f 2567 6913 7
f 2567 1281 65025
f 57929 18623 13408
f 24876 8512 4164
f 2567 2305 7
f 7 1281 13057
f 20095 61888 10261
f 4446 46656 41248
f 2567 7169 2567
f 7 1281 30977
f 20092 4288 10157
f 4457 22848 41207
f 7 2817 7
f 2567 1281 8961
f 31041 54976 10061
f 8948 65343 34701
f 7 7425 2567
f 2567 1281 16641
f 31039 52416 10165
f 8906 39231 34708
f 7 3329 2567
f 7 1281 28417
f 28324 43712 13080
f 41540 6591 52994
f 2567 7681 7
f 2567 1281 8961
f 28294 51392 13488
f 41606 6591 53001
f 2567 3841 7
f 2567 1281 16641
f 7039 28864 16415
f 17821 3776 58268
f 2567 7937 2567
f 7 1281 27905
f 6949 62144 17222
f 17843 30400 58234
f 7 4353 2567
f 2567 1281 4353
f 26741 57534 15924
f 31521 13248 43522
f 2566 5377 2567
f 2567 1281 25345
f 25411 6590 16731
f 31487 54976 43457
f 2567 4865 2567
f 2566 1281 15115
f 19464 14143 24129
f 59575 60351 52828
f 2567 64257 6
f 2566 1281 65025
f 19369 42559 24230
f 59207 15039 52447
f 2566 5377 2567
f 7 1281 22785
f 51381 15935 23843
f 41486 31423 55915
f 7 62209 2566
f 2566 1281 46081
f 51367 37695 23849
f 41468 18879 55980
f 2566 5121 7
f 2567 1281 4353
f 63118 21311 24247
f 55645 49854 54249
f 2567 61953 2566
f 2566 1281 19969
f 63227 33599 24213
f 55876 48574 54327
f 6 5633 7
f 2567 1281 1281
f 58286 58431 25307
f 1401 13375 11060
f 7 62465 2566
f 2566 1281 65025
f 58710 28479 25202
f 1364 35135 11340
f 2566 5889 2567
f 7 1281 13057
f 36414 34623 26247
f 43853 20287 13923
f 2567 62721 2566
f 2566 1281 1281
f 37134 21055 26070
f 44201 56895 14644
f 6 6145 2567
f 2567 1281 8961
f 39674 65085 25957
f 58132 65343 980
f 2567 62977 2566
f 2566 1281 16641
f 46002 57405 25789
f 58788 65087 1688
f 2566 6401 7
f 2567 1281 1281
f 32806 44735 24370
f 55180 43071 3044
f 7 63233 2566
f 2566 1281 8961
f 32835 60351 24257
f 55628 28735 4193
f 2566 6657 2567
f 7 1281 16641
f 58855 20927 22800
f 36948 51007 39295
f 7 63489 2566
f 2566 1281 46081
f 58948 62911 22752
f 37084 47679 39227
f 2566 6913 2567
f 2567 1281 4353
f 2252 18112 22442
f 36271 21566 12097
f 2567 63745 2566
f 2566 1281 25345
f 2218 24000 22465
f 36121 20798 12080
f 2566 7169 7
f 2567 1281 1281
f 64139 32447 23293
f 11730 37823 28480
f 7 61697 2566
f 2566 1281 65025
f 63674 31423 23424
f 11760 20415 28205
f 2566 7425 2567
f 7 1281 22785
f 41427 49343 24332
f 49216 4287 31100
f 2567 61441 2566
f 2566 1281 1281
f 40697 14015 24550
f 48812 30911 30396
f 2566 7681 2567
f 2567 1281 14081
f 29308 34238 24566
f 63017 43455 18018
f 7 64001 2566
f 2566 1281 33291
f 26525 12222 24770
f 62313 23487 17369
f 2566 7937 7
f 7 1281 1793
f 22771 51 32769
f 35457 63413 32767
f 7 8449 7
f 2567 1793 7937
f 35048 180 32769
f 34433 25525 32767
f 2567 8961 2567
f 2567 1793 25345
f 65066 65332 32768
f 35868 37813 32768
f 2567 9473 2567
f 2567 1793 1793
f 23253 176 32769
f 49265 15797 32767
f 2567 9985 2567
f 2567 1793 19969
f 63511 51 32769
f 37319 63669 32767
f 2567 10497 2567
f 2567 1793 29697
f 47096 180 32769
f 38885 693 32767
f 2567 11009 2567
f 2567 1793 1793
f 1351 53 32769
f 37597 33717 32768
f 2567 11521 2567
f 2567 1793 19969
f 34820 52 32769
f 47797 48053 32767
f 2567 12033 2567
f 2567 1793 29697
f 15867 53 32769
f 21916 5045 32769
f 2567 12545 2567
f 2567 1793 1281
f 8236 53 32769
f 39962 37557 32768
f 2567 13057 2567
f 2567 1793 14081
f 10224 53 32769
f 34966 51637 32768
f 2567 12801 2567
f 2567 1793 36353
f 2169 53 32769
f 44715 18101 32768
f 2567 13569 2567
f 2567 1793 1793
f 63489 52 32769
f 26251 53685 32768
f 2567 14081 2567
f 2567 1793 7937
f 31745 53 32769
f 53263 35893 32770
f 2567 12289 2567
f 2567 1793 34817
f 2813 54 32769
f 59402 51509 32771
f 2567 58881 2566
f 2566 1793 56577
f 35443 65461 32768
f 37448 62902 32761
f 2567 59137 2566
f 2566 1793 34561
f 7381 65335 32768
f 25645 4407 32785
f 2567 59393 2566
f 2566 1793 28673
f 46457 53 32769
f 47631 2869 32771
f 2566 60417 2566
f 2567 1793 52993
f 18831 52 32769
f 6399 29878 32766
f 2566 60161 2566
f 2567 1793 44545
f 6733 65332 32768
f 9297 10422 32766
f 2566 59905 2566
f 2567 1793 30209
f 2269 53 32769
f 34257 44469 32768
f 2566 14593 2567
f 2567 1793 29953
f 40246 65333 32768
f 58130 59827 32769
f 2567 59649 2566
f 2567 1793 17665
f 59534 52 32769
f 41668 16821 32768
f 2567 14337 2567
f 2567 1793 29697
f 56462 52 32769
f 39699 20149 32768
f 2567 11777 2567
f 2567 1793 40705
f 34109 52 32769
f 45298 53685 32767
f 2567 9217 2567
f 2567 1793 17665
f 49314 52 32769
f 36909 24245 32768
f 2567 9729 2567
f 2567 1793 29697
f 30802 52 32769
f 39843 1973 32768
f 2567 15105 2567
f 2567 1793 44033
f 25177 52 32769
f 40420 63413 32767
f 2567 14849 2567
f 2567 1793 34561
f 2260 180 32769
f 46646 7093 32767
f 2567 15617 2567
f 2567 1793 25345
f 40099 52 32769
f 37022 18357 32768
f 2567 15361 2567
f 2567 1793 1793
f 3588 50 32769
f 41068 39093 32767
f 2567 16129 2567
f 2567 1793 44545
f 45855 179 32769
f 42751 22965 32767
f 2567 16129 2567
f 2567 1793 27393
f 44513 178 32769
f 899 61621 32768
f 2567 16641 2567
f 2566 1793 52993
f 27243 181 32769
f 48508 49333 32765
f 2567 32769 2566
f 2566 1793 49409
f 53167 65461 32768
f 2095 29622 32763
f 2567 33025 2566
f 2566 1793 44033
f 23574 54 32769
f 62157 57909 32773
f 2567 33281 2566
f 2566 1793 52737
f 64282 182 32769
f 53075 49334 32745
f 2567 15873 2567
f 2566 1793 63489
f 2691 65335 32768
f 22391 32566 32779
f 2567 33537 2566
f 2566 1793 45569
f 46688 65458 32768
f 54041 62901 32766
f 2567 30977 2566
f 2566 1793 29697
f 15697 182 32769
f 18764 30646 32759
f 2567 30721 2566
f 2566 1793 36353
f 17844 54 32769
f 9204 34997 32771
f 2567 31233 2566
f 2566 1793 45057
f 54519 181 32769
f 3023 14006 32763
f 2567 31489 2566
f 2566 1793 40449
f 7919 55 32769
f 27373 56373 32778
f 2567 31745 2566
f 2566 1793 36353
f 5939 54 32769
f 62082 55604 32771
f 2566 32769 2566
f 2567 1793 45057
f 40910 180 32769
f 26972 46261 32767
f 2566 32513 2566
f 2567 1793 40705
f 11031 181 32769
f 36711 47797 32766
f 2566 32257 2566
f 2567 1793 49409
f 34618 179 32769
f 17085 25781 32768
f 2566 16641 2567
f 2567 1793 40961
f 155 55 32769
f 57502 52276 32776
f 2567 32001 2566
f 2567 1793 1537
f 38989 51 32769
f 37784 56757 32767
f 2567 16385 2567
f 2567 1793 63489
f 43258 65331 32768
f 36005 64181 32767
f 2567 10753 2567
f 2567 1793 42497
f 8887 65460 32768
f 36012 33973 32767
f 2567 8193 2567
f 2567 1793 6913
f 5024 53 32769
f 40009 33205 32768
f 2567 13569 2567
f 2567 1793 21505
f 57127 52 32769
f 27323 49333 32768
f 2567 14593 2567
f 2566 1793 54017
f 63217 52 32769
f 1885 16566 32767
f 2567 60417 2566
f 2566 1793 7425
f 54947 52 32769
f 25485 21686 32765
f 2567 60673 2566
f 2566 1793 63489
f 48970 53 32769
f 48082 52790 32773
f 2567 60929 2566
f 2566 1793 16129
f 36524 51 32769
f 28794 46006 32764
f 2567 13313 2567
f 2566 1793 2049
f 11418 54 32769
f 54391 4150 32775
f 2567 61185 2566
f 2566 1793 30977
f 18726 53 32769
f 340 22453 32769
f 2567 58625 2566
f 2566 1793 20225
f 17195 65461 32768
f 43177 40374 32761
f 2567 58369 2566
f 2566 1793 5633
f 33461 181 32769
f 31147 23221 32766
f 2567 13057 2567
f 2567 2049 29697
f 47978 180 32769
f 25143 29877 32767
f 2567 14337 2567
f 2567 2049 35841
f 17915 65333 32768
f 57768 9397 32768
f 2567 12033 2567
f 2567 2049 5121
f 21661 65461 32768
f 12535 63413 32766
f 2567 11265 2567
f 2567 2049 23297
f 48727 180 32769
f 38249 5557 32767
f 2567 9985 2567
f 2567 2049 40961
f 30176 180 32769
f 32993 33205 32767
f 2567 9217 2567
f 2567 2049 8193
f 36113 180 32769
f 36818 20917 32767
f 2567 13569 2567
f 2567 2049 63489
f 1 129 32769
f 54848 54581 32769
f 2567 12289 2567
f 2567 2049 42497
f 22079 179 32769
f 19599 22453 32768
f 2567 16641 2567
f 2567 2049 37633
f 19752 178 32769
f 6900 51637 32768
f 2567 10497 2567
f 2567 2049 47617
f 50446 177 32769
f 132 181 32769
f 2567 10753 2567
f 2567 2049 42497
f 13697 65336 32768
f 13697 33080 32769
f 2567 8449 2567
f 2567 2049 34049
f 12389 180 32769
f 13836 25013 32768
f 2567 14593 2567
f 2567 2049 61185
f 13552 180 32769
f 15036 22965 32768
f 2567 11521 2567
f 2567 2049 44033
f 9941 180 32769
f 17774 19637 32768
f 2567 11777 2567
f 2567 2049 26369
f 871 181 32769
f 14273 54964 32768
f 2567 9473 2567
f 2567 2049 35073
f 40208 65459 32768
f 19457 22453 32768
f 2567 17409 2567
f 2567 2049 43265
f 37356 53 32769
f 18691 57014 32766
f 2567 15617 2567
f 2567 2049 32257
f 19656 53 32769
f 19348 14006 32766
f 2567 16385 2567
f 2567 2049 35073
f 10226 52 32769
f 20904 58550 32764
f 2567 11009 2567
f 2567 2049 43265
f 60275 180 32769
f 3800 24500 32768
f 2567 10241 2567
f 2567 2049 35841
f 35350 180 32769
f 32769 29877 32767
f 2567 8961 2567
f 2567 2049 47617
f 19892 180 32769
f 32324 39349 32767
f 2567 8193 2567
f 2567 2049 39425
f 35416 180 32769
f 33761 27829 32767
f 2567 16129 2567
f 2567 2049 34561
f 38103 179 32769
f 24129 64437 32767
f 2567 15105 2567
f 2567 2049 61185
f 35575 49 32769
f 14153 38837 32768
f 2567 9729 2567
f 2567 2049 41217
f 37688 65459 32768
f 22188 17333 32768
f 2567 14849 2567
f 2567 2049 45313
f 57644 49 32769
f 8577 50101 32768
f 2567 15361 2567
f 2567 2049 37633
f 1 1 32769
f 10593 45493 32768
f 2567 17665 2567
f 2567 2049 33537
f 13083 51 32769
f 9899 51125 32768
f 2567 15873 2567
f 2567 2049 43265
f 4296 65462 32768
f 17537 13493 32766
f 2567 14081 2567
f 2567 2049 48641
f 46443 51 32769
f 15563 39349 32768
f 2567 12545 2567
f 2567 2049 34305
f 619 181 32769
f 18033 62133 32767
f 2567 12801 2567
f 2567 2049 37633
f 9323 180 32769
f 13338 26549 32768
f 2567 13313 2567
f 2567 2049 22273
f 11 7681 16
f 16 1 49153
f 48240 65345 49152
f 1 39491 40048
f 1 65347 65536
f 8 1 49153
f 48240 10049 40954
f 1 39747 40048
f 32714 65346 65536
f 2566 1 40961
f 48240 10049 40954
f 32769 39234 40048
f 32714 65346 65536
f 3 23297 37228
f 5441 578 40836
f 59723 53313 47477
f 31769 65346 65536
f 2 23297 37228
f 5441 54082 36634
f 59723 53313 47477
f 61854 65345 65536
f 1 23297 37228
f 5639 41282 34623
f 59723 14401 45898
f 26581 65345 65536
f 1 36865 35276
f 7358 32322 34192
f 24220 12353 31519
f 12784 65345 65536
f 1 49409 34041
f 8209 32322 34192
f 34947 24640 17912
f 12784 65345 65536
f 1 64513 33984
f 8234 10818 33162
f 29860 16448 17499
f 17558 65344 65536
f 1 8961 33650
f 8234 10818 33162
f 39534 16447 17499
f 17558 65344 65536
f 1 26113 33717
f 10799 54082 33159
f 10733 8254 4197
f 17258 57664 1
f 1 38913 33542
f 10168 10818 33162
f 38127 32830 24666
f 17558 43584 1
f 1 52993 33707
f 10799 54082 33159
f 10745 8254 4197
f 17258 57408 1
f 1 35329 33596
f 11221 16450 33161
f 21181 32830 7055
f 17441 6208 2
f 1 10241 33606
f 11221 16450 33161
f 21165 62 7055
f 17441 6464 2
f 1 33793 33659
f 11376 39746 33160
f 37519 62 1
f 17358 8256 2
f 1 23297 33645
f 7182 10818 33162
f 38310 63 652
f 17558 1088 3
f 1 62977 33654
f 7182 10818 33162
f 38299 63 652
f 17558 1344 3
f 1 62465 33532
f 10168 10818 33162
f 38137 24638 24666
f 17558 43328 1
f 1 33793 33659
f 11376 54082 33159
f 37519 62 1
f 17258 8512 2
f 1 54529 34321
f 7657 58946 33153
f 39022 16447 8258
f 16500 65344 65536
f 1 1025 34321
f 9295 38978 33152
f 46247 62 22666
f 16333 30272 3
f 1 56321 34448
f 8061 17986 33150
f 19241 49214 53054
f 16036 21824 3
f 1 37633 34469
f 7112 17986 33150
f 5569 57405 1436
f 16036 10816 2
f 1 53249 34394
f 8777 39490 33151
f 38937 62 38596
f 16205 34368 3
f 1 37633 34469
f 7112 17986 33150
f 5569 61 1437
f 16036 11072 2
f 1 53249 34394
f 8777 51266 33150
f 38937 62 38596
f 16101 34112 3
f 1 19457 34448
f 6043 44610 33150
f 1221 57406 1436
f 16088 14912 2
f 1 27393 34427
f 5301 59202 33150
f 55921 61 20488
f 16116 43072 1
f 1 6145 34183
f 10013 44610 33153
f 56073 61 20489
f 16472 23872 3
f 1 6145 34183
f 10013 58946 33153
f 56073 61 20489
f 16500 24128 3
f 1 19969 34236
f 9658 44610 33153
f 50139 62 4764
f 16472 38464 3
f 1 27393 34427
f 5301 44610 33150
f 55921 61 20488
f 16088 42816 1
f 1 19969 34236
f 9658 38978 33152
f 50139 62 4764
f 16333 38208 3
f 1 56321 34448
f 8061 51266 33150
f 19241 49214 53054
f 16101 22080 3
f 1 43521 34457
f 6043 44610 33150
f 1213 57406 1436
f 16088 15168 2
f 1 1025 34321
f 9295 39490 33151
f 46247 62 22666
f 16205 30016 2563
f 11 6401 34076
f 7657 20034 33159
f 11654 16448 8258
f 17192 65344 65536
f 1 62465 33953
f 10221 58946 33153
f 57575 23103 32897
f 16500 19776 3
f 1 62465 33953
f 10221 20034 33159
f 57575 23103 32897
f 17191 20032 3
f 1 4609 34109
f 5093 59202 33150
f 7434 23104 32897
f 16116 26176 9
f 1 4609 34109
f 5093 32322 33158
f 7434 23104 32897
f 17088 26432 9
f 1 12033 34064
f 8205 20546 35014
f 33512 49216 17858
f 38508 65344 65536
f 1 28161 34275
f 9647 38466 34988
f 45257 32830 4853
f 36221 37696 3
f 1 50689 34506
f 8048 6210 34973
f 40707 32830 53075
f 35870 21312 3
f 1 6145 34548
f 8009 6210 34973
f 40651 62 53138
f 35870 21568 3
f 1 2561 34506
f 5288 40002 34973
f 49867 62 20470
f 35790 42304 1
f 1 10241 34188
f 5063 48194 35018
f 11868 64 44633
f 36523 27968 9
f 1 10241 34188
f 5063 57666 34974
f 11868 64 44633
f 35811 27712 9
f 1 18177 34440
f 8764 10050 34977
f 40793 32830 38629
f 35989 33600 3
f 1 50689 34506
f 8726 10050 34977
f 40707 62 38730
f 35989 33856 3
f 1 51713 33655
f 11205 17986 35033
f 41823 62 9416
f 36870 5696 2
f 1 22017 33708
f 11205 17986 35033
f 41753 62 9416
f 36870 5952 2
f 1 52993 34439
f 9247 33602 34982
f 41273 62 22991
f 36106 29760 3
f 1 2049 34360
f 9283 33602 34982
f 41379 62 22747
f 36106 29504 3
f 1 55809 33771
f 10791 19522 35025
f 41671 41022 4207
f 36719 56896 1
f 1 27649 34355
f 9612 38466 34988
f 45141 62 5120
f 36221 37952 3
f 1 14849 33814
f 10769 19522 35025
f 41615 41022 4239
f 36719 57152 1
f 1 29697 33993
f 10202 49986 35011
f 56286 63 13521
f 37344 19264 3
f 1 26113 34253
f 10002 47426 34991
f 41041 62 20507
f 36122 23360 3
f 1 18945 34271
f 9969 47426 34991
f 41015 62 20561
f 36122 23616 3
f 1 22017 33708
f 11359 16450 35029
f 41753 62 8401
f 36828 7744 2
f 1 55809 33771
f 11358 16450 35029
f 41671 62 11473
f 36828 8000 2
f 1 11265 34074
f 10193 49986 35011
f 56143 63 33773
f 37344 19520 3
f 1 2561 34506
f 5249 57666 34974
f 49867 32830 20416
f 35811 42560 1
f 1 34305 34531
f 6030 16706 34971
f 57623 24638 1428
f 35752 16448 2
f 1 34305 34531
f 5991 40002 34973
f 57623 24638 1403
f 35790 16704 2
f 1 6145 34548
f 7059 16706 34971
f 40651 62 1437
f 35752 12608 2
f 1 33281 33581
f 10153 64066 35037
f 41921 16446 25195
f 36993 44864 1
f 1 51713 33655
f 10153 64066 35037
f 41823 16446 25195
f 36993 45120 1
f 1 36865 33730
f 7163 62018 35039
f 48638 63 864
f 36867 832 3
f 1 36865 33730
f 7163 48194 35018
f 48638 63 864
f 36523 576 3
f 1 6145 34548
f 7099 16706 34971
f 40651 62 1437
f 35752 12352 2
f 1 57601 34006
f 8228 47682 33997
f 31427 32832 17602
f 26904 65344 65536
f 1 26113 33672
f 8230 62018 34005
f 42763 45119 17563
f 25852 65344 65536
f 1 26113 33717
f 10799 46658 34001
f 10733 62 4197
f 25102 56128 1
f 1 26113 33672
f 7177 2114 33998
f 42763 28735 716
f 24838 1856 3
f 1 10241 33606
f 11217 5954 34006
f 21165 62 7860
f 25329 4928 2
f 1 23553 33699
f 11372 59970 34003
f 32353 62 26241
f 25251 6720 2
f 1 24577 33752
f 10791 46658 34001
f 10685 41022 4207
f 25102 55872 1
f 1 26113 33672
f 7177 40770 34009
f 42763 28735 716
f 25382 1600 3
f 1 21249 33664
f 11373 59970 34003
f 32425 62 22145
f 25251 6976 2
f 1 49665 33577
f 10165 46402 34008
f 38083 8254 24849
f 25499 43840 1
f 1 38913 33542
f 10165 46402 34008
f 38127 8254 24849
f 25499 44096 1
f 1 16897 33641
f 11217 5954 34006
f 21109 62 7860
f 25329 4672 2
f 1 40961 34343
f 7650 59714 33979
f 42183 32831 8361
f 24623 65344 65536
f 1 28161 34275
f 9647 49730 33981
f 45257 32830 4853
f 24265 38720 3
f 1 12801 34449
f 5301 25154 33973
f 20593 62 20488
f 23683 41536 1
f 1 48129 34433
f 8764 30274 33975
f 34091 32830 38629
f 23923 34624 3
f 1 5633 34196
f 10013 20802 33983
f 2529 62 20489
f 24187 24640 3
f 1 48129 34474
f 6030 25154 33973
f 34473 24638 1428
f 23683 15424 2
f 1 47617 34325
f 9295 27714 33978
f 41427 62 22666
f 24093 30784 3
f 1 513 34214
f 10002 20802 33983
f 2509 62 20507
f 24187 24384 3
f 1 33281 34399
f 8777 30274 33975
f 34129 62 38596
f 23923 34880 3
f 1 48129 34474
f 6043 6210 33972
f 34473 49214 1436
f 23623 15680 2
f 1 12801 34449
f 5288 5186 33974
f 20593 62 20470
f 23715 41280 1
f 1 2049 34360
f 9283 27714 33978
f 41379 62 22747
f 24093 30528 3
f 1 21505 34491
f 7112 6210 33972
f 2197 62 1437
f 23623 11584 2
f 1 1793 34241
f 9658 49730 33981
f 45305 62 4764
f 24265 38976 3
f 1 35841 34453
f 8061 12354 33973
f 9645 49214 53054
f 23763 22592 3
f 1 46593 34487
f 8048 12354 33973
f 9601 32830 53075
f 23763 22336 3
f 1 21505 34491
f 7099 6210 33972
f 2197 62 1437
f 23623 11328 2562
f 11 64769 34097
f 7650 12354 33992
f 13230 34880 8361
f 26034 65344 65536
f 1 62465 34130
f 5086 2114 33998
f 9010 64 52849
f 24838 26688 9
f 1 62465 34130
f 5086 5186 33974
f 9010 64 52881
f 23715 26944 9
f 1 29697 33993
f 10215 12098 33995
f 56286 63 45025
f 25650 20288 3
f 1 48641 33958
f 10217 12098 33995
f 56348 63 28993
f 25650 20544 3
f 1 39425 36238
f 4489 834 34107
f 52405 16448 36748
f 10049 65345 65536
f 1 23553 36186
f 4530 36674 33138
f 49061 36928 35416
f 14536 65344 65536
f 1 7681 35517
f 4530 36674 33138
f 17065 32831 35416
f 14536 65344 65536
f 1 53505 35601
f 5542 31298 33136
f 51729 61 1125
f 14270 15936 3
f 1 21249 35424
f 4466 36930 33138
f 4385 8253 33366
f 14536 51520 9
f 1 21249 35424
f 4466 36418 33138
f 4385 8253 33366
f 14536 51264 9
f 1 29185 35527
f 5606 14146 33138
f 3462 63 63445
f 14492 54080 1
f 1 26625 35518
f 5606 14146 33138
f 3473 63 63445
f 14492 53824 1
f 1 46593 35433
f 5573 36418 33138
f 57001 61 32808
f 14536 63552 1
f 1 50689 35442
f 5573 36418 33138
f 56993 61 32808
f 14536 63808 1
f 1 53505 35601
f 5542 18498 33136
f 51729 61 1125
f 14244 15680 3
f 1 11777 36279
f 5509 18498 33136
f 43121 23234 13697
f 14244 12352 9
f 13697 45112 36259
f 4478 16706 34863
f 51055 57408 36411
f 37234 65344 65536
f 1 58369 35592
f 4478 43842 34898
f 33519 57407 36411
f 34967 65344 65536
f 1 9217 35637
f 5520 56386 34897
f 3329 63 1237
f 34861 55616 1
f 1 28673 35500
f 4414 37954 34903
f 39403 57406 34364
f 34653 50752 9
f 1 28673 35560
f 5584 56386 34897
f 3422 63 64597
f 34861 55360 1
f 1 37889 35685
f 5453 9282 34891
f 39159 62 1433
f 34486 15424 3
f 1 28673 35500
f 4414 37954 34903
f 39403 57406 34364
f 34653 51008 9
f 1 24833 35669
f 5520 9282 34891
f 39181 62 1237
f 34486 15168 3
f 1 12801 35528
f 5521 55106 34902
f 39367 62 48732
f 34700 63296 1
f 1 28673 35500
f 5521 55106 34902
f 39403 62 48732
f 34700 63040 1
f 1 24577 36352
f 5449 578 34855
f 45123 64 6089
f 36706 65344 65536
f 1 24577 36352
f 5449 34370 34795
f 45123 64 6087
f 32899 3392 3
f 1 24577 36352
f 5449 27714 34890
f 45123 64 6087
f 34439 3136 3
f 13697 39736 36206
f 4520 27458 33916
f 49776 32832 35749
f 24284 65344 65536
f 1 6401 35538
f 4520 55362 33932
f 23163 32831 35749
f 22182 65344 65536
f 1 26625 35445
f 4456 8258 33935
f 1125 62 33699
f 21890 52032 9
f 1 43521 35614
f 5542 23874 33928
f 933 62 1125
f 21608 16448 3
f 1 26625 35445
f 5563 51266 33934
f 1125 62 38135
f 21933 62272 1
f 1 29185 35527
f 5606 20034 33932
f 3462 63 63445
f 22061 54592 1
f 1 26625 35445
f 4456 8258 33935
f 1125 62 33699
f 21890 51776 9
f 1 58369 35630
f 5520 23874 33928
f 913 62 1191
f 21608 16192 3
f 1 14337 35473
f 5563 51266 33934
f 1093 62 38135
f 21933 62016 1
f 1 28673 35560
f 5584 20034 33932
f 3422 63 64581
f 22061 54336 1
f 1 26113 36299
f 5497 33346 33911
f 43838 64 17481
f 23656 65344 65536
f 1 45057 36283
f 5498 33346 33911
f 42832 64 12833
f 23656 5440 3
f 1 55297 36315
f 5497 33346 33911
f 42785 64 17481
f 23656 5184 3
f 1 22273 34976
f 5259 46146 34151
f 36005 64 31143
f 11479 65345 65536
f 11 20481 34921
f 5301 59202 33150
f 32199 64 20489
f 16116 65344 65536
f 1 20481 34921
f 5093 36418 33138
f 32199 64 32897
f 14536 34368 9
f 1 63233 34934
f 5509 44610 33150
f 30451 23234 13697
f 16088 59712 1
f 1 49153 34925
f 5509 44610 33150
f 30470 23234 13697
f 16088 59456 1
f 1 20481 34921
f 5093 59202 33150
f 32199 64 32897
f 16116 34624 2569
f 11 8193 34998
f 5253 17730 34948
f 34611 64 29473
f 37514 65344 65536
f 1 54017 35046
f 5457 31042 34947
f 30220 23234 63921
f 37463 59200 1
f 1 39425 34968
f 5476 31042 34947
f 30382 23234 40097
f 37463 58944 1
f 1 8193 34998
f 5045 37954 34903
f 34611 64 3243
f 34653 35904 9
f 1 8193 34998
f 5045 57666 34974
f 34611 64 3243
f 35811 36160 2569
f 11 35841 34942
f 5290 48194 33961
f 33243 64 23152
f 25296 65344 65536
f 1 39425 34968
f 5498 16962 33961
f 30382 23234 9849
f 25235 57920 1
f 1 35841 34942
f 5082 8002 33935
f 33243 64 9865
f 21890 35136 9
f 1 35841 34942
f 5082 5186 33974
f 33243 64 9865
f 23715 34880 9
f 1 63233 34934
f 5502 16962 33961
f 30451 23234 53457
f 25235 58176 1
f 1 13825 39626
f 5363 41282 34623
f 9946 65 4459
f 26581 65345 65536
f 1 13825 39626
f 5494 54594 33489
f 9946 65 26801
f 46134 65344 65536
f 1 13825 39626
f 5509 27714 33103
f 9946 65 1
f 10038 11840 9
f 1 57857 38989
f 5494 54082 33807
f 42785 64 26793
f 18796 6464 3
f 1 43777 38960
f 5495 54082 33807
f 42832 64 22137
f 18796 6720 3
f 1 8449 39127
f 5310 62018 35774
f 47112 64 46998
f 45013 65344 65536
f 1 1793 39200
f 5305 62018 35774
f 42446 64 44671
f 45013 7488 3
f 1 53249 39057
f 5321 62018 35774
f 42676 64 41179
f 45013 7744 3
f 1 65025 39022
f 5437 14402 34665
f 44904 64 13073
f 33625 65344 65536
f 1 65025 39022
f 5437 41538 34700
f 44904 64 13071
f 29948 8000 3
f 1 65025 39022
f 5437 48194 34605
f 44904 64 13071
f 26867 8256 3
f 1 25857 38190
f 2705 41282 34623
f 44330 48193 12089
f 26581 65345 65536
f 1 27905 36948
f 5509 55874 33119
f 10208 65 1
f 12141 12608 9
f 1 56577 37652
f 5448 7490 34760
f 42785 64 4925
f 35165 3648 3
f 1 13825 37724
f 5442 7490 34760
f 42676 64 8417
f 35165 3904 3
f 1 7425 37797
f 5326 28226 35834
f 47341 64 43507
f 41206 4160 3
f 1 10241 37637
f 5495 16706 33824
f 43791 64 22137
f 16693 4672 3
f 1 34817 37787
f 1700 8258 33935
f 37739 51265 55164
f 21890 32320 9
f 1 34817 37787
f 1700 32834 33753
f 37739 51265 55164
f 13377 32576 9
f 1 10241 37637
f 5495 6210 33876
f 43791 64 22137
f 19123 4928 3
f 1 1793 37769
f 1712 36930 33138
f 37588 65 54770
f 14536 34112 9
f 1 1793 37769
f 1712 66 33081
f 37588 2113 54770
f 7168 33856 9
f 1 14081 38283
f 5509 27714 33103
f 42845 65 1
f 10039 5696 3
f 1 36865 37836
f 1652 7490 34571
f 37994 24641 56016
f 25743 33344 9
f 1 36865 37836
f 1652 37954 34903
f 37994 24641 56016
f 34653 33600 9
f 1 11521 37204
f 5408 36930 38580
f 54566 47169 47209
f 28675 65345 65536
f 1 15105 34996
f 7158 33858 37979
f 5709 45121 33207
f 3611 65345 65536
f 1 18433 34384
f 7676 31810 38064
f 37788 53312 25360
f 892 65345 65536
f 1 21761 34526
f 4482 55362 38946
f 2199 32831 56173
f 23603 65343 65536
f 1 8705 34514
f 4482 55362 38946
f 57441 32830 56173
f 23603 1343 9
f 1 15361 34548
f 4482 54338 38960
f 47503 32830 56173
f 16442 1087 9
f 1 18433 34384
f 8120 31810 38064
f 37788 36928 18251
f 892 65345 65536
f 1 17921 33962
f 7113 47170 38102
f 43117 57407 839
f 64872 38464 8
f 1 47617 34770
f 9111 47170 37992
f 52221 49215 36100
f 62020 57152 8
f 1 47617 34770
f 9111 12866 37979
f 52221 49215 36100
f 61860 56896 8
f 1 62465 34634
f 9847 33346 38010
f 44461 16447 33844
f 62232 55104 8
f 1 14337 34687
f 9484 33602 38007
f 53291 63 20793
f 62196 61248 8
f 1 14337 34687
f 9484 47170 37992
f 53291 63 20793
f 62020 60992 8
f 1 17921 33962
f 10079 1090 38118
f 43117 8255 26305
f 63893 64 3
f 1 44289 34035
f 10079 1090 38118
f 43017 8255 26305
f 63893 320 3
f 1 62465 34634
f 9847 33602 38007
f 44461 16447 33844
f 62196 54848 8
f 1 44289 34035
f 11124 3650 38107
f 43017 32831 14575
f 63650 26944 3
f 1 38913 34087
f 11124 3650 38107
f 42946 32831 14575
f 63650 27200 3
f 1 2305 34408
f 10073 5954 38084
f 16258 64 36992
f 63105 51008 8
f 1 2305 34408
f 10073 33346 38010
f 16258 64 36992
f 62232 50752 8
f 1 38913 34087
f 11276 32834 38097
f 42946 63 1547
f 63593 28992 3
f 1 14849 34192
f 10651 19522 38088
f 42803 24639 4410
f 63375 12864 3
f 1 23041 34150
f 11268 32834 38097
f 42861 63 4109
f 63593 29248 3
f 1 13825 34257
f 7044 47170 38102
f 42714 53311 1027
f 64872 38720 8
f 1 23041 34150
f 10725 19522 38088
f 42861 41023 4303
f 63375 12608 3
f 1 24577 35623
f 4217 52802 37886
f 36816 49216 38710
f 644 65345 65536
f 1 17665 36025
f 5243 18754 37787
f 40300 63 56674
f 60312 10816 3
f 1 25857 35532
f 5197 28738 37899
f 29217 64 53269
f 240 14913 3
f 1 50689 35885
f 5322 18754 37787
f 40490 63 53828
f 60312 10560 3
f 1 22273 35858
f 4258 37442 37801
f 40528 8255 33366
f 59751 16448 11
f 1 22273 35858
f 5260 44610 37799
f 40528 32831 9990
f 59872 18752 3
f 1 50689 35885
f 5260 44610 37799
f 40490 32831 9990
f 59872 19008 3
f 1 22273 35858
f 4050 37442 37801
f 40528 8255 33366
f 59751 16704 11
f 1 15105 36033
f 5209 17474 37773
f 42338 32831 4368
f 59415 48960 8
f 1 15105 36033
f 5209 35906 37770
f 42338 32831 4368
f 59383 48704 8
f 1 62209 35054
f 6016 33090 37962
f 61734 53312 14236
f 2258 65345 65536
f 1 51713 35238
f 4000 31554 38798
f 49969 16448 26185
f 316 65344 65536
f 1 51713 35238
f 4774 25154 38688
f 49969 32832 4739
f 37982 1855 9
f 1 65025 35255
f 4000 59970 38879
f 48266 16448 26185
f 45319 65087 8
f 1 35841 35278
f 3561 40002 38786
f 45333 64 61733
f 51393 319 9
f 1 51713 35238
f 4774 12866 38903
f 49969 32832 4739
f 39360 1599 9
f 1 29697 35222
f 4000 19010 38725
f 48923 16448 26185
f 35695 831 9
f 1 29697 35222
f 4000 25154 38688
f 48923 16448 26185
f 37982 575 9
f 1 45313 35260
f 4000 59970 38879
f 48567 16448 26185
f 45319 65343 8
f 1 25089 35302
f 3561 40002 38786
f 45297 64 61733
f 51393 63 9
f 1 33025 35053
f 6815 33090 37962
f 61642 53312 1451
f 2258 65345 65536
f 1 22785 34917
f 6846 8770 37961
f 41813 63 1437
f 61646 33344 3
f 1 32257 34843
f 8585 3650 37968
f 50324 32831 47242
f 61728 58944 8
f 1 32257 34843
f 8585 12866 37979
f 50324 32831 47242
f 61860 59200 8
f 1 49409 34875
f 5171 44610 37966
f 44132 32831 20308
f 61711 63552 2
f 1 49409 34875
f 5041 44354 37969
f 44132 63 20128
f 61747 63808 2
f 1 59393 34900
f 5780 44610 37966
f 46022 63 1270
f 61711 37440 3
f 1 59393 34900
f 5912 8770 37961
f 46022 16447 1353
f 61646 37184 3
f 1 38401 35210
f 5313 28738 37899
f 29882 64 33414
f 240 14657 3
f 1 513 35360
f 4820 44354 37969
f 42026 32832 3976
f 61747 58688 9
f 1 22785 34917
f 6979 8770 37961
f 41813 63 1437
f 61646 33088 3
f 1 513 35360
f 4820 37442 37801
f 42026 32832 3976
f 59751 58432 9
f 1 54273 34896
f 7863 3650 37968
f 47066 49215 61782
f 61728 53056 8
f 1 54273 34896
f 7863 8770 37961
f 47066 49215 61782
f 61646 52800 8
f 1 30209 34560
f 4923 4674 38073
f 27405 64 45486
f 62974 50496 9
f 1 30209 34560
f 4923 44354 37969
f 27405 64 45486
f 61747 50240 2569
f 1 16641 39049
f 4759 44354 39201
f 16458 32833 33180
f 8800 65345 65536
f 1 2049 39943
f 4713 43074 39020
f 41249 32832 21954
f 3007 45121 2568
f 11 21505 38823
f 4805 44354 39201
f 9228 65 21883
f 8800 65345 65536
f 1 33281 39479
f 4782 43074 39020
f 41996 32832 16064
f 3007 45377 8
f 1 48897 38404
f 4805 19010 39334
f 57202 64 21883
f 4556 65345 65536
f 1 48897 38404
f 4805 59458 39466
f 57202 64 21883
f 312 43329 8
f 1 48897 38404
f 4805 17730 39153
f 57202 64 21883
f 63062 43072 2568
f 11 17409 38157
f 2397 54082 37697
f 39316 42049 13467
f 428 65345 65536
f 1 29697 36697
f 5152 28482 37679
f 52066 64 1551
f 65214 65344 65536
f 1 29697 36697
f 5152 53826 37546
f 52065 64 1551
f 56726 42304 8
f 1 29697 36697
f 5152 35906 37770
f 52065 64 1551
f 59383 42048 8
f 1 17409 38157
f 1361 37442 37801
f 39316 26689 59338
f 59751 56640 2569
f 32859 31030 37118
f 5428 45634 36730
f 55937 36929 47370
f 21712 65345 65536
f 32859 60982 35339
f 7282 45890 36219
f 22192 28737 32303
f 58249 65344 65536
f 1 15361 34188
f 8157 55874 36329
f 36211 36928 18317
f 51200 65344 65536
f 1 51457 33918
f 10746 29250 36351
f 21629 24639 5686
f 48155 56384 1
f 1 24833 34377
f 9969 22082 36296
f 10191 63 20561
f 47476 25152 3
f 1 7681 34620
f 5210 55874 36268
f 9857 32831 30330
f 47107 42048 1
f 1 61441 34637
f 5210 55874 36268
f 9832 32831 30330
f 47107 41792 1
f 1 12801 34395
f 9902 22082 36296
f 10167 63 20669
f 47476 24896 3
f 1 1281 33866
f 11327 29250 36351
f 27091 63 46297
f 48155 7488 2
f 1 35841 34596
f 8687 3906 36276
f 26846 16447 43716
f 47142 35392 3
f 1 35841 34596
f 8687 36674 36268
f 26846 16447 43716
f 47041 35136 3
f 1 61441 34637
f 5951 10306 36266
f 9832 57407 3908
f 47123 16192 2
f 1 1281 33866
f 11327 40002 36358
f 27091 63 46297
f 48252 7232 2
f 1 51457 33918
f 10746 43586 36346
f 21629 24639 5686
f 48091 56640 1
f 1 26369 33856
f 7130 59458 36372
f 59894 47167 1113
f 48444 2112 3
f 1 17921 34650
f 7969 36674 36268
f 20351 16447 58249
f 47041 23104 3
f 1 59393 34670
f 7019 58946 36263
f 9787 41023 3992
f 46979 12096 2
f 1 3073 33745
f 10108 59458 36372
f 30004 49215 24479
f 48444 44352 1
f 1 3073 33745
f 10144 34882 36364
f 30004 49215 24591
f 48331 44608 1
f 1 17921 34650
f 7969 58946 36263
f 20351 16447 58249
f 46979 22848 3
f 1 26369 33856
f 7130 16450 36339
f 59894 47167 1113
f 47991 2368 3
f 1 59393 34670
f 5951 10306 36266
f 9787 57407 3908
f 47123 15936 2
f 1 2561 34439
f 9577 10818 36285
f 32615 32831 14202
f 47264 39232 3
f 1 15361 33808
f 11156 34882 36364
f 24374 63 6525
f 48331 5184 2
f 1 10241 34243
f 10144 6722 36327
f 55841 63 999
f 49343 20800 3
f 1 7937 34483
f 9247 37186 36281
f 10045 63 22991
f 47495 31296 3
f 1 33793 34563
f 9174 37186 36281
f 9935 63 23479
f 47495 31040 3
f 1 59393 34670
f 7019 58946 36263
f 9787 41023 3992
f 46979 11840 2
f 1 46593 34228
f 5036 49730 36311
f 6677 64 49481
f 49751 27456 9
f 1 56577 34396
f 5002 49730 36311
f 6465 64 6889
f 49751 27200 9
f 1 11265 34074
f 10168 6722 36327
f 56143 63 46297
f 49343 21056 3
f 1 15361 33808
f 11195 40002 36358
f 24374 63 6843
f 48252 5440 2
f 1 2561 34439
f 9577 7746 36295
f 32615 32831 14202
f 47398 39488 3
f 1 10753 36298
f 4384 50242 36088
f 48593 57408 37399
f 49870 65344 65536
f 1 16129 35717
f 5453 24130 36153
f 38556 63 51000
f 45493 54848 1
f 1 40449 36390
f 5353 8770 36076
f 42676 64 34198
f 49061 2880 3
f 1 16129 35717
f 5453 28994 36137
f 38556 63 51000
f 45279 55104 1
f 1 30977 35619
f 4321 32578 36156
f 8479 36927 35363
f 45535 52544 9
f 1 30977 35619
f 4321 32578 36156
f 8479 36927 35363
f 45535 52288 9
f 1 17153 35633
f 5489 24130 36153
f 15539 63 32397
f 45493 62784 1
f 1 17153 35633
f 5364 32578 36156
f 15539 63 31727
f 45535 62528 1
f 1 51713 35795
f 5386 28994 36137
f 12366 63 51275
f 45279 16960 3
f 1 51713 35795
f 5386 40514 36135
f 12366 63 51275
f 45254 16704 2563
f 11 29441 35118
f 5171 62786 36224
f 37222 64 36605
f 49916 65344 65536
f 1 45825 35201
f 4947 62786 36224
f 31019 64 31151
f 49916 35392 9
f 1 25089 35127
f 5379 41538 36267
f 36650 64 39903
f 47029 58432 1
f 1 25089 35127
f 5379 32578 36156
f 36650 64 39903
f 45535 58688 1
f 1 58369 35037
f 5002 62786 36224
f 31364 64 6889
f 49916 35648 2569
f 1 2049 38673
f 5095 39234 37364
f 14038 65 10278
f 1427 65345 65536
f 1 38913 37873
f 5141 46658 37455
f 42447 64 62818
f 62558 42560 2568
f 11 21505 38823
f 5084 39234 37364
f 9228 65 7370
f 1427 65345 65536
f 1 9729 38167
f 5107 46658 37455
f 41996 32832 1551
f 62558 42816 8
f 1 16385 39336
f 5084 64322 37231
f 51165 64 7370
f 59901 65344 65536
f 1 16385 39336
f 5084 24130 37099
f 51164 64 7370
f 51414 45888 8
f 1 16385 39336
f 5084 6210 37323
f 51164 64 7370
f 54070 45632 2568
f 1 46337 38076
f 2459 5186 36417
f 40605 38977 14463
f 11676 65345 65536
f 1 10241 36547
f 5337 8770 36076
f 42446 64 37690
f 49061 2624 2563
f 11 46337 38076
f 2459 5186 36417
f 40605 41025 14463
f 11676 65345 65536
f 1 17409 38157
f 1361 48706 37017
f 39316 26689 59338
f 50445 56384 9
f 1 7425 37797
f 5326 1602 35985
f 47341 64 43507
f 43230 4416 3
f 1 40193 38023
f 1485 6466 35948
f 37178 30785 55389
f 58872 32832 9
f 1 2817 37875
f 1621 6466 35948
f 37379 36929 55017
f 58872 33088 9
f 1 40449 37794
f 6457 56386 44882
f 49685 65 37585
f 64323 65345 65536
f 1 40449 37794
f 6790 6466 42642
f 49685 38977 34921
f 24173 65345 65536
f 1 11265 36085
f 6790 48706 42397
f 11898 38977 34921
f 16354 65345 65536
f 1 12801 36001
f 5411 24642 42393
f 19803 32832 1036
f 6058 36929 3
f 1 53249 35977
f 7627 21058 42390
f 17825 64 53742
f 6247 52289 8
f 1 11265 36017
f 7430 21058 42390
f 17757 64 54054
f 6247 52545 8
f 1 14849 35217
f 10959 53314 42652
f 19127 64 17384
f 7361 26689 3
f 1 29441 35736
f 9648 7234 42472
f 18238 64 21083
f 6463 54337 8
f 1 32257 35753
f 9482 7234 42472
f 18209 32832 21353
f 6463 54593 8
f 1 24065 36924
f 3623 42562 42087
f 16205 61504 38359
f 4825 15937 11
f 1 24065 36924
f 3623 42562 42087
f 16205 61504 38359
f 4825 16193 11
f 1 11265 35167
f 10959 53314 42652
f 19212 64 17384
f 7361 26433 3
f 1 37889 35837
f 8894 43074 42430
f 18065 64 25350
f 6602 56385 8
f 1 30721 35914
f 8712 43074 42430
f 17934 32832 26569
f 6602 56641 8
f 1 30721 35914
f 8357 35394 42407
f 17934 64 39701
f 6440 58433 8
f 1 53249 35977
f 8166 35394 42407
f 17825 49216 40203
f 6440 58689 8
f 1 53249 36950
f 4727 57922 42083
f 16160 32832 22664
f 4945 18497 3
f 1 14849 35217
f 11105 1602 42635
f 19127 64 18709
f 7343 28481 3
f 1 29441 35736
f 9776 16194 42551
f 18238 64 42477
f 8840 50497 8
f 1 6401 35318
f 9915 16194 42551
f 18954 64 25639
f 8840 50241 8
f 1 32257 35753
f 9279 1090 42457
f 18209 64 7699
f 6746 60481 8
f 1 37889 35837
f 9107 1090 42457
f 18065 64 9033
f 6746 60737 8
f 1 24065 36924
f 4727 57922 42083
f 16205 32832 22664
f 4945 18241 3
f 1 57345 36843
f 4696 51266 42259
f 26508 32832 14888
f 10333 14401 3
f 1 47617 35277
f 11084 1602 42635
f 19023 64 22549
f 7343 28737 3
f 1 8705 36066
f 4950 51266 42259
f 28115 64 65529
f 10333 14145 3
f 1 47873 37100
f 4607 2626 42033
f 15903 32832 9981
f 4683 48449 8
f 1 19969 37085
f 4678 2626 42033
f 15929 64 9737
f 4683 48193 8
f 1 6401 35318
f 10445 12354 42618
f 18954 24640 4709
f 7172 12353 3
f 1 47617 35277
f 10555 12354 42618
f 19023 8256 4549
f 7172 12097 3
f 1 19969 37085
f 4678 58690 42059
f 15929 64 9737
f 5402 10305 3
f 1 11265 36017
f 6673 6978 42383
f 17757 64 1437
f 6016 32577 3
f 1 53249 36950
f 4785 58690 42059
f 16160 64 7603
f 5402 10049 3
f 1 44545 35236
f 6894 24642 42590
f 35028 41024 2238
f 6853 37953 8
f 1 11265 36017
f 6473 6978 42383
f 17757 64 1437
f 6016 32833 3
f 1 44545 35236
f 6894 64578 42682
f 35028 41024 2238
f 7226 38209 8
f 1 6145 36440
f 4380 60482 42398
f 55480 16448 36656
f 6080 58177 9
f 1 6145 36440
f 4380 42562 42087
f 55480 16448 36656
f 4825 57921 9
f 1 48641 35670
f 4650 24642 42590
f 44367 64 12539
f 6853 49985 9
f 1 48641 35670
f 4650 60482 42398
f 44367 64 12539
f 6080 49729 9
f 1 11265 35167
f 9927 59714 42672
f 19212 32832 26787
f 7548 65345 2
f 1 12801 36001
f 5608 6978 42383
f 19803 41024 1161
f 6016 36673 3
f 1 26881 35096
f 9927 59714 42672
f 19334 32832 26787
f 7548 65089 2
f 1 513 35977
f 4678 60482 42398
f 18917 32832 19623
f 6080 63297 2
f 1 513 35977
f 4872 24642 42393
f 18917 32832 19893
f 6058 63041 2
f 1 59905 39817
f 3864 7234 43343
f 1855 16449 51307
f 1741 41537 8
f 1 14849 37728
f 4520 13890 42030
f 64496 64 32381
f 4593 40513 8
f 32859 56118 38702
f 6353 31554 46948
f 34094 57409 36753
f 29778 65345 65536
f 32859 50998 37631
f 7504 25666 47274
f 1145 32833 22330
f 19349 65345 65536
f 1 55041 38054
f 4989 63554 47249
f 40749 49216 769
f 5048 60225 2566
f 1 55041 38054
f 5200 33858 47234
f 40749 8256 903
f 5008 59969 2566
f 1 7681 38051
f 7113 52802 47253
f 40988 49216 1241
f 5058 8001 2566
f 1 55297 38069
f 6047 33858 47234
f 39789 64 1437
f 5008 58177 2566
f 1 53249 37381
f 10327 51266 47587
f 40786 16448 4880
f 6245 47681 2566
f 1 24577 37419
f 10209 51266 47587
f 40731 8256 5051
f 6245 47937 2566
f 1 25345 37816
f 9216 47682 47363
f 40663 64 38606
f 5345 9793 2566
f 1 61953 37278
f 9738 52034 47669
f 40935 32832 26389
f 6696 43841 2566
f 1 6657 37213
f 9738 52034 47669
f 41030 32832 26389
f 6696 43585 2566
f 1 44033 37477
f 6631 48194 47621
f 40647 36928 2155
f 8234 59201 5
f 1 32769 38040
f 4425 48194 47038
f 39832 32832 30773
f 11808 49729 2566
f 1 25345 37816
f 9216 5186 47372
f 40663 64 38606
f 5367 10049 2566
f 1 55297 38069
f 6260 33858 47234
f 39789 64 1437
f 5008 57921 2566
f 1 7681 38051
f 7113 33858 47234
f 40988 49216 1241
f 5008 7745 2566
f 1 6657 37213
f 6741 48194 47621
f 41030 53312 1854
f 8234 58945 5
f 1 25857 38032
f 4262 21058 47258
f 40351 64 19047
f 5070 41793 6
f 1 25857 38032
f 4470 63554 47249
f 40351 64 19335
f 5048 41537 2566
f 1 61953 37278
f 10755 50754 47639
f 40935 32832 16547
f 6456 53825 2566
f 1 47873 37862
f 8829 47682 47363
f 42592 32832 33724
f 5345 16193 2566
f 1 39425 37609
f 9540 5442 47577
f 52906 32832 18062
f 5902 5953 2566
f 1 39425 37609
f 9540 5186 47372
f 52906 32832 18062
f 5367 5697 2566
f 1 33793 37325
f 10755 50754 47639
f 40867 32832 16547
f 6456 54081 2566
f 1 45825 37937
f 8418 55362 47284
f 42269 16448 43082
f 5139 11841 2566
f 1 47873 37862
f 8829 34370 47322
f 42592 32832 33724
f 5238 15937 2566
f 1 5377 38003
f 7859 55362 47284
f 41771 16448 54038
f 5139 14145 2566
f 1 5377 38003
f 7859 52802 47253
f 41771 16448 54038
f 5058 13889 2566
f 1 45825 37937
f 8418 34370 47322
f 42269 16448 43082
f 5238 12097 2566
f 1 63489 37744
f 4319 21058 47258
f 57754 49216 33116
f 5070 44097 2570
f 1 63489 37744
f 4319 25154 47546
f 57754 49216 33116
f 5822 44353 2570
f 1 33793 37325
f 10894 58946 47612
f 40867 64 22139
f 6467 55873 2566
f 1 53249 37381
f 10858 58946 47612
f 40786 64 26233
f 6467 56129 6
f 1 53249 39117
f 3112 22594 46717
f 22141 16449 43294
f 22381 65345 65536
f 1 28673 39656
f 3650 14914 46080
f 4905 49217 55524
f 1994 62785 5
f 1 45569 39063
f 3981 48706 46746
f 38349 32832 12570
f 4782 45889 2566
f 1 36609 38938
f 4123 48706 46746
f 38531 64 10295
f 4782 45633 2566
f 1 28673 39656
f 3650 35650 46703
f 4905 49217 55524
f 3621 62529 5
f 1 62465 38913
f 4154 48194 47038
f 38566 32832 39713
f 11808 49985 6
f 1 62465 38913
f 4068 1090 46784
f 38566 64 24461
f 4037 51777 2566
f 1 36609 38938
f 4068 1090 46784
f 38531 64 24461
f 4037 52033 2566
f 1 15361 38459
f 3847 21058 47258
f 1066 16449 53655
f 5070 50497 2570
f 1 46593 39070
f 3943 35650 46703
f 38798 64 22349
f 3621 3649 2566
f 1 46593 39070
f 3943 6722 46711
f 38798 64 22349
f 3641 3905 6
f 1 62465 38913
f 3135 63554 46789
f 38566 4160 33366
f 3847 36929 2570
f 1 15361 38459
f 3847 63554 46789
f 1066 16449 53655
f 3847 50241 10
f 1 62465 38913
f 2802 63554 46789
f 38566 8256 33366
f 3847 37185 10
f 1 43009 38201
f 6573 56898 44948
f 43172 10305 35851
f 35483 65345 65536
f 32859 52278 36475
f 7574 26690 44865
f 62231 53312 22915
f 18529 65345 65536
f 1 36865 36252
f 9776 23106 45033
f 33946 64 42477
f 9962 52033 8
f 1 30465 36899
f 5306 43586 44831
f 33196 64 7719
f 6803 36417 3
f 1 1537 36930
f 5306 43586 44831
f 33160 64 7719
f 6803 36161 3
f 1 64257 36657
f 9628 23106 45033
f 33476 64 56635
f 9962 51777 8
f 1 39681 36910
f 7323 37442 44824
f 34403 24640 1075
f 6575 53825 8
f 1 32257 36674
f 9107 54850 44916
f 33457 64 9033
f 7420 62273 8
f 1 64513 36755
f 8924 54850 44916
f 33362 64 10456
f 7420 62017 8
f 1 42497 36232
f 10385 4162 45110
f 35220 57408 8567
f 7507 11841 3
f 1 42497 36232
f 10385 35906 45126
f 35220 57408 8567
f 7561 11585 3
f 1 39681 36910
f 7323 42050 44840
f 34403 24640 1075
f 6628 54081 8
f 1 7681 36130
f 10909 16962 45151
f 35639 64 4515
f 7642 26177 3
f 1 1537 36930
f 6367 37442 44824
f 33160 57408 8252
f 6575 32065 3
f 1 1537 36930
f 6367 37442 44824
f 33160 57408 8252
f 6575 32321 3
f 1 32257 36674
f 9305 5698 44936
f 33457 64 21642
f 7050 55873 8
f 1 30465 36899
f 4574 18498 44841
f 33196 64 39417
f 6740 62529 2
f 1 62465 36882
f 4574 18498 44841
f 33215 64 39417
f 6740 62785 2
f 1 513 36173
f 6787 31298 45084
f 42852 61504 2584
f 7424 39745 8
f 1 32257 36830
f 8166 58946 44854
f 33276 49216 40203
f 7084 60225 8
f 1 62465 36882
f 4284 9794 44669
f 33215 64 15754
f 12248 57665 9
f 1 18177 36313
f 4590 44866 44976
f 33875 64 59686
f 10873 49473 9
f 1 62465 36882
f 4422 44866 44976
f 33215 64 7023
f 10873 49217 9
f 1 57857 36891
f 7963 58946 44854
f 33205 49216 40739
f 7084 59969 8
f 1 513 36173
f 6787 39234 45200
f 42852 61504 2584
f 7803 39489 8
f 1 64513 36755
f 8712 53314 44883
f 33362 32832 26569
f 7266 58177 8
f 1 32257 36830
f 8518 53314 44883
f 33276 32832 27870
f 7266 57921 8
f 1 7681 36130
f 10805 45890 45171
f 35639 64 3668
f 7708 25921 3
f 1 38913 36183
f 10985 35906 45126
f 35901 64 35645
f 7561 28225 3
f 1 64257 36657
f 9482 5698 44936
f 33476 32832 21353
f 7050 56129 8
f 1 38913 36183
f 10985 16962 45151
f 35901 64 35645
f 7642 27969 3
f 1 26113 36071
f 9880 45890 45171
f 36349 41024 23768
f 7708 64833 2
f 1 26113 36071
f 9784 39234 45200
f 36349 8256 23469
f 7803 64577 2
f 1 34305 39689
f 3741 56898 44948
f 5964 41025 794
f 35483 65345 65536
f 1 23041 39084
f 4019 53058 44148
f 38732 64 30139
f 12595 40001 8
f 1 59905 39817
f 3864 38466 43862
f 1855 16449 51307
f 3436 41793 8
f 1 45569 40294
f 3495 66 45794
f 38732 32832 35671
f 11153 63041 5
f 13697 24888 37558
f 3487 36674 44403
f 4915 57409 44649
f 20747 65345 65536
f 1 5121 37346
f 4530 5442 44454
f 61779 16448 45136
f 5366 13889 3
f 1 30721 38108
f 4262 53058 44148
f 40160 64 12832
f 12595 40257 8
f 1 10753 37809
f 4014 9794 44669
f 31514 32832 31927
f 12248 57409 9
f 1 5121 37346
f 4530 29250 44837
f 61779 16448 45136
f 6618 13633 3
f 1 10753 37809
f 3301 5442 44454
f 31514 61504 38692
f 5366 17473 11
f 1 48641 37821
f 4344 5442 44454
f 32947 64 9848
f 5366 17729 3
f 1 48641 37821
f 4460 18498 44443
f 32947 32832 10295
f 5331 17985 3
f 1 4865 37980
f 4262 34626 44385
f 31118 64 12832
f 5242 49729 8
f 1 50689 37898
f 4393 23362 44388
f 36207 32832 27329
f 5152 9793 3
f 1 50689 37898
f 4393 18498 44443
f 36207 32832 27329
f 5331 9537 3
f 1 7937 37965
f 4335 34626 44385
f 31153 64 12571
f 5242 49985 8
f 1 10753 37809
f 3301 5442 44454
f 31514 61504 38692
f 5366 17729 11
f 1 54273 37060
f 6989 12866 40582
f 46883 41025 34021
f 34385 65345 65536
f 1 38913 35425
f 6989 51778 40065
f 8669 41025 34021
f 10989 65345 65536
f 1 19457 35335
f 5780 47426 40047
f 3988 64 1270
f 3181 35905 3
f 1 34305 35310
f 4872 45634 40059
f 3068 32832 19893
f 3240 62017 2
f 1 34305 35310
f 5041 32834 40055
f 3068 64 20128
f 3219 62273 2
f 1 51457 34700
f 6955 7234 40245
f 2654 10304 1272
f 5251 39233 8
f 1 2305 34410
f 7044 7234 40245
f 2988 53312 1027
f 5251 38977 8
f 1 10753 35786
f 4620 2370 39824
f 48359 64 22076
f 2076 57153 9
f 1 10753 35786
f 4620 45634 40059
f 48359 64 22076
f 3240 56897 9
f 1 25857 34482
f 10011 24898 40267
f 2905 24640 26665
f 4538 64065 2
f 1 19457 35335
f 5608 32834 40055
f 3988 41024 1161
f 3219 35649 3
f 1 2305 34410
f 10011 24898 40267
f 2988 24640 26665
f 4538 64321 2
f 1 41985 34998
f 4799 42306 40204
f 36774 32832 1150
f 3956 48705 9
f 1 36865 35351
f 6846 47426 40047
f 1906 64 1437
f 3181 31809 3
f 1 36865 35351
f 6673 47426 40047
f 1906 64 1437
f 3181 31553 3
f 1 36097 36459
f 4919 48706 39782
f 633 32832 4283
f 1932 49217 8
f 1 50689 36443
f 4988 48706 39782
f 652 64 4071
f 1932 49473 8
f 1 13825 36279
f 3780 2370 39824
f 841 4160 33366
f 2076 17217 11
f 1 13825 36279
f 4050 2370 39824
f 841 8256 33366
f 2076 16961 11
f 1 37633 34533
f 11198 43074 40238
f 2846 64 11845
f 4357 27713 3
f 1 45569 34848
f 9964 61762 40116
f 29860 64 54283
f 3523 51265 8
f 1 45569 34848
f 9964 6210 40220
f 29860 64 54283
f 4032 51521 8
f 1 29185 34595
f 11185 43074 40238
f 2774 64 15171
f 4357 27457 3
f 1 16897 35331
f 7712 47426 40047
f 4505 64 64547
f 3181 53313 8
f 1 16897 35331
f 7712 28226 40057
f 4505 64 64547
f 3229 53569 8
f 1 9217 35073
f 9719 48450 40112
f 3341 49216 36071
f 3502 55361 8
f 1 9217 35073
f 9719 61762 40116
f 3341 49216 36071
f 3523 55617 8
f 1 25857 34482
f 11050 5698 40252
f 2905 32832 16461
f 4383 25665 3
f 1 57345 35206
f 8971 3138 40073
f 7104 32832 38900
f 3306 57409 8
f 1 57345 35206
f 8971 322 40092
f 7104 32832 38900
f 3400 57665 8
f 1 37633 34533
f 11050 5698 40252
f 2846 32832 16461
f 4383 25409 3
f 1 41729 35278
f 8438 28226 40057
f 6135 49216 50070
f 3229 59457 8
f 1 41729 35278
f 8438 3138 40073
f 6135 49216 50070
f 3306 59713 8
f 1 35329 35124
f 9352 322 40092
f 7670 32832 26224
f 3400 61505 8
f 1 35329 35124
f 9352 48450 40112
f 7670 32832 26224
f 3502 61761 8
f 1 13825 36279
f 5019 18242 39821
f 841 32832 17702
f 2164 17473 3
f 1 16385 36306
f 5019 18242 39821
f 809 32832 17702
f 2164 17217 3
f 1 25857 35532
f 5163 41282 39957
f 29217 64 43437
f 6351 13377 3
f 1 8705 36066
f 4957 41282 39957
f 28115 32832 1858
f 6351 13121 3
f 1 29185 34595
f 10651 54850 40225
f 2774 24640 4410
f 4216 11329 3
f 1 47361 34636
f 10555 54850 40225
f 2727 8256 4549
f 4216 11073 3
f 1 16385 36306
f 5080 32322 39803
f 809 64 2222
f 2493 9281 3
f 1 50689 36443
f 4988 32322 39803
f 652 64 4071
f 2493 9025 3
f 1 41985 34998
f 4799 45634 40059
f 36774 32832 1150
f 3240 48961 9
f 1 15361 39000
f 4386 59970 41434
f 63407 49216 37919
f 8714 65345 65536
f 1 1025 38654
f 4474 59970 41434
f 41249 64 20672
f 8714 41025 8
f 1 30209 39363
f 4341 59970 41434
f 40160 32832 31361
f 8714 41281 8
f 1 18689 37467
f 4664 12866 40582
f 7830 65 51100
f 34385 65345 65536
f 1 14849 37728
f 4520 61506 41615
f 64496 64 32381
f 2922 40769 8
f 1 51713 36854
f 4919 60994 39647
f 41996 32832 4283
f 6105 43841 8
f 1 1 37365
f 4850 60994 39647
f 41249 32832 10173
f 6105 43585 8
f 2564 14849 45026
f 48240 10049 40954
f 65044 38209 40048
f 32714 65346 65536
f 2 24065 45012
f 5028 10306 36844
f 64822 16449 50787
f 65203 65345 65536
f 2 12801 44863
f 5498 25154 34805
f 62436 47169 47024
f 32397 65345 65536
f 1 50689 42401
f 2565 26434 34441
f 13337 41025 14342
f 20749 65345 65536
f 13697 14648 42315
f 2736 578 33419
f 10568 16449 11604
f 41601 65344 65536
f 1 61953 41633
f 2736 578 33419
f 43069 16448 11604
f 41601 65344 65536
f 1 42497 41637
f 5493 9282 33704
f 42832 64 31449
f 13936 10304 1
f 1 13057 41386
f 1 36930 33070
f 21658 64 12289
f 5833 43072 9
f 1 30977 41393
f 1 36930 33070
f 21642 64 12289
f 5833 43328 9
f 1 33281 41406
f 65498 37441 33720
f 23310 64 38935
f 11833 43584 9
f 1 61953 41633
f 5509 37186 33070
f 43069 23234 13697
f 5833 13376 9
f 1 33281 41406
f 65498 42049 33687
f 23310 64 38953
f 10290 43840 2569
f 11 14593 42315
f 5490 578 33419
f 10568 65 37745
f 41601 65344 65536
f 1 11009 42988
f 5490 58434 33616
f 43602 64 37737
f 6974 9536 1
f 1 11009 42988
f 5490 47938 33668
f 43602 64 37737
f 9404 9792 1
f 1 59905 41663
f 5492 9282 33704
f 42785 64 34925
f 13936 10048 1
f 1 12545 42303
f 5509 9026 33054
f 10183 65 1
f 3730 13632 2569
f 1 24577 42450
f 2502 17986 35414
f 11782 10305 13339
f 44771 65344 65536
f 1 257 41725
f 2502 49474 35473
f 42676 12352 13339
f 40964 65344 65536
f 1 12033 41545
f 65031 15681 35533
f 29566 64 65254
f 37157 44096 9
f 1 257 41725
f 5289 49474 35473
f 42676 64 48162
f 40964 7744 1
f 1 12033 41545
f 65031 38465 35437
f 29566 64 65254
f 35871 44352 9
f 1 7425 42516
f 5256 17986 35414
f 9678 65 59415
f 44771 65344 65536
f 1 58881 41852
f 5270 49474 35473
f 42446 64 52382
f 40964 7488 1
f 1 11521 43117
f 5256 3138 35232
f 46424 64 59415
f 33109 9024 1
f 1 11521 43117
f 5256 42050 35382
f 46424 64 59415
f 35133 9280 1
f 1 26369 42360
f 2663 1346 34440
f 10912 8257 12266
f 32810 65344 65536
f 1 20993 41450
f 65353 23105 34488
f 25462 64 29061
f 26666 65344 65536
f 1 20993 41450
f 65353 55361 34510
f 25462 64 29062
f 23786 42816 9
f 1 20993 41450
f 65353 37185 34450
f 25462 64 29062
f 21830 42560 9
f 1 39425 43058
f 5417 34882 34380
f 42676 64 23835
f 25238 8768 2561
f 11 27905 42332
f 5425 1346 34440
f 10017 65 21025
f 32810 65344 65536
f 1 61441 43000
f 5424 34882 34380
f 42785 64 19615
f 25238 8512 1
f 1 39681 41693
f 5425 28226 34475
f 44685 64 21025
f 28319 65344 65536
f 1 39681 41693
f 5425 55362 34510
f 44685 64 21023
f 23786 8000 1
f 1 39681 41693
f 5425 62018 34415
f 44685 64 21023
f 20705 8256 1
f 2 41473 46874
f 6962 25410 34805
f 27737 28737 35315
f 32397 65345 65536
f 1 60417 46738
f 7312 25154 33682
f 23394 2113 32255
f 58457 65344 65536
f 1 45057 45780
f 4443 25154 33682
f 50997 57408 38219
f 58457 65344 65536
f 1 59649 45745
f 4530 17730 33021
f 48771 32832 35416
f 64584 65343 65536
f 1 16897 46412
f 4530 55362 33004
f 16225 32831 35416
f 60379 65343 65536
f 1 38401 46327
f 5542 55618 33004
f 45113 61 1125
f 60378 18239 1
f 1 10241 46491
f 5573 37442 33002
f 1605 62 32808
f 59794 39999 2
f 1 10241 46491
f 5573 59714 33002
f 1605 62 32808
f 59882 40255 2
f 1 5121 46505
f 4466 37186 33002
f 46945 4156 33366
f 59795 15935 9
f 1 30465 46406
f 5606 42562 33004
f 4943 63 63445
f 60327 32063 2
f 1 30465 46406
f 5606 59714 33002
f 4943 63 63445
f 59882 31807 2
f 1 38401 46327
f 5542 42562 33004
f 45113 61 1125
f 60327 18495 1
f 1 5121 46505
f 4466 37186 33002
f 46977 4156 33366
f 59795 16191 9
f 1 7681 45653
f 5509 17986 33021
f 42832 64 1
f 64583 13119 9
f 13697 64312 45791
f 4421 54338 34185
f 50274 32832 37522
f 19705 65344 65536
f 1 32257 46460
f 4421 22850 34126
f 27141 32831 37522
f 12091 65344 65536
f 1 2561 46368
f 5436 54594 34130
f 17521 62 49437
f 11517 17728 1
f 1 11777 46553
f 4291 6722 34118
f 17041 4158 33366
f 11035 17728 9
f 1 11777 46553
f 4422 6722 34118
f 17037 4158 33366
f 11035 17472 9
f 1 17921 46479
f 5499 24130 34126
f 3329 63 48197
f 11904 31552 2
f 1 25089 46430
f 5499 24130 34126
f 3421 63 48197
f 11904 31296 2
f 1 15617 46384
f 5436 54594 34130
f 17481 62 49437
f 11517 17984 1
f 1 11777 46553
f 5399 22594 34119
f 17037 62 33642
f 11193 39744 2
f 1 27393 46525
f 5528 22594 34119
f 17113 62 33474
f 11193 39488 2
f 1 34561 45699
f 5404 48706 34190
f 44357 64 33227
f 19076 65344 65536
f 1 63745 45674
f 5410 48706 34190
f 42785 64 28057
f 19076 6976 1
f 1 52225 45725
f 5403 48706 34190
f 42676 64 32277
f 19076 7232 1
f 13697 24120 45756
f 4508 22082 33546
f 49440 24640 36117
f 6939 65344 65536
f 1 39937 46425
f 4508 60738 33510
f 20097 24639 36117
f 2406 65344 65536
f 1 9729 46349
f 5521 578 33513
f 43225 61 22807
f 2139 16704 1
f 1 25089 46430
f 5585 55106 33510
f 3421 63 20701
f 2307 32320 2
f 1 23553 46409
f 5585 55106 33510
f 3462 63 20701
f 2307 32576 2
f 1 2049 46494
f 5573 49474 33506
f 56985 61 32808
f 1872 40768 2
f 1 62977 46514
f 5529 49474 33506
f 56929 61 32864
f 1872 40512 2
f 1 60417 46332
f 5521 578 33513
f 43265 61 22807
f 2139 16960 1
f 1 26369 46518
f 4422 1090 33506
f 42833 4157 33366
f 1777 16448 9
f 1 26113 46518
f 4466 1090 33506
f 42841 4157 33366
f 1777 16704 9
f 1 44545 45663
f 5488 40514 33548
f 43508 64 43361
f 6647 65344 65536
f 1 44545 45663
f 5488 3138 33565
f 43508 64 43365
f 4544 4672 1
f 1 44545 45663
f 5488 13378 33513
f 43508 64 43365
f 2114 4416 1
f 1 35329 47975
f 8121 15426 33572
f 33180 8256 19309
f 51408 65344 65536
f 1 18177 47944
f 8234 55874 32990
f 29590 16448 17499
f 56795 65343 65536
f 1 34817 47607
f 7657 55874 32990
f 38509 16447 8258
f 56795 65343 65536
f 1 25345 47485
f 6370 55874 32990
f 25145 49214 40861
f 56795 65343 65536
f 1 46081 47473
f 6043 55874 32990
f 1217 49214 1436
f 56795 58431 2
f 1 54529 47459
f 7112 55874 32990
f 44609 60 1437
f 56795 54591 2
f 1 45825 47504
f 5301 29250 32990
f 36721 61 20488
f 56691 19775 2
f 1 54529 47459
f 7112 55874 32990
f 44609 60 1437
f 56795 54335 2
f 1 9473 47479
f 6043 55874 32990
f 1209 49214 1436
f 56795 58687 2
f 1 17409 47499
f 5301 29250 32990
f 36737 61 20488
f 56691 19519 2562
f 1 15873 47628
f 9348 22594 32990
f 33207 41023 23085
f 56665 65343 65536
f 1 5121 47611
f 9295 34370 32989
f 41425 62 22666
f 56455 31295 1
f 1 5377 47693
f 9658 29250 32987
f 48065 62 4764
f 55923 39231 1
f 1 64513 47748
f 10013 29250 32987
f 36729 32829 20489
f 55923 26687 1
f 1 40961 47743
f 10013 29250 32987
f 36737 61 20489
f 55923 26431 1
f 1 37889 47534
f 8777 22594 32990
f 36911 62 38596
f 56665 35391 1
f 1 5377 47693
f 9658 34882 32988
f 48065 62 4764
f 56201 39487 1
f 1 44545 47605
f 9295 34370 32989
f 41439 62 22666
f 56455 31039 1
f 1 37889 47534
f 8777 34370 32989
f 36911 62 38596
f 56455 35135 1
f 1 35329 47480
f 8061 55874 32990
f 15217 62 53055
f 56795 65343 65536
f 1 53761 47477
f 8061 55874 32990
f 9653 49214 53054
f 56795 22847 1
f 1 17153 47483
f 8061 55874 32990
f 9641 49214 53054
f 56795 23103 1
f 13697 14648 48279
f 8234 41538 32982
f 38970 20543 17499
f 54691 65343 65536
f 1 12801 48312
f 10323 53826 32981
f 28289 49215 33695
f 54483 65343 65536
f 1 40961 48391
f 10168 57410 32979
f 40777 41022 24666
f 53984 21823 2
f 1 3329 48328
f 11221 57410 32979
f 26481 62 7056
f 53984 48191 2
f 1 52225 48216
f 10799 19778 32981
f 16081 62 4197
f 54350 33855 2
f 1 3329 48328
f 11221 34114 32980
f 26481 62 7056
f 54150 48447 2
f 1 57345 48269
f 11376 19778 32981
f 35265 62 1
f 54350 50495 2
f 1 40961 48391
f 10168 63042 32978
f 40777 41022 24666
f 53750 21567 2
f 1 52225 48216
f 10799 53826 32981
f 16081 62 4197
f 54483 34111 2
f 1 57345 48269
f 11376 34114 32980
f 35265 62 1
f 54150 50239 2
f 1 14593 48279
f 7181 41538 32982
f 38970 61503 651
f 54691 65343 65536
f 1 14593 48279
f 7182 63042 32978
f 38970 59455 651
f 53750 19519 9
f 1 14593 48279
f 7181 41538 32982
f 38970 61503 651
f 54691 19775 2569
f 11 13313 47853
f 7657 14914 32990
f 11389 20544 8258
f 56635 65343 65536
f 1 62465 47822
f 5093 14914 32990
f 6822 64 32897
f 56634 37183 9
f 1 40449 47817
f 5093 14914 32990
f 6834 23234 13697
f 56634 36927 9
f 1 50433 47972
f 10221 14914 32987
f 56366 63 1
f 55867 20799 1
f 1 4097 47978
f 10221 14914 32987
f 56349 23103 32897
f 55867 21055 1
f 1 12801 47988
f 8093 51778 34024
f 31972 57408 18849
f 12119 65344 65536
f 1 44545 47652
f 7527 40002 34042
f 43587 49215 9483
f 9839 65344 65536
f 1 34049 47505
f 7933 21570 34049
f 14537 32830 62883
f 8978 24384 1
f 1 64769 47760
f 9526 45122 34034
f 45141 62 24944
f 8702 41024 1
f 1 36353 47547
f 5172 52546 34046
f 32753 16446 36564
f 8720 19008 2
f 1 3073 47522
f 5915 27970 34050
f 40579 57406 6394
f 8838 58176 2
f 1 3073 47522
f 5915 4674 34048
f 40579 57406 6394
f 8761 57920 2
f 1 14337 47800
f 9879 18242 34030
f 13765 62 36888
f 8260 26176 1
f 1 36353 47547
f 5172 4674 34048
f 32753 16446 36564
f 8761 19264 2
f 1 5889 47603
f 8648 47682 34045
f 34005 32830 48474
f 8968 36928 1
f 1 21505 47782
f 9879 18242 34030
f 13813 62 36888
f 8260 25920 1
f 1 25345 47715
f 9526 45122 34034
f 45257 62 24944
f 8702 40768 1
f 1 5377 47557
f 8648 47682 34045
f 34093 32830 48474
f 8968 36672 1
f 1 54785 47546
f 7933 21570 34049
f 14433 32830 62883
f 8978 24640 1
f 1 39425 47676
f 9164 41026 34040
f 41273 62 37689
f 8863 32832 1
f 1 51201 47630
f 9164 41026 34040
f 41379 62 37689
f 8863 32576 1
f 1 34049 47505
f 6984 27970 34050
f 14537 49214 6361
f 8838 54080 2
f 1 34049 47505
f 6984 27970 34050
f 14537 49214 6361
f 8838 53824 2
f 13697 44088 48322
f 8093 2114 33995
f 43853 57407 18849
f 8310 65344 65536
f 1 39169 48355
f 10177 6722 33992
f 35424 4159 36547
f 7935 65344 65536
f 1 35329 48393
f 10988 23106 33989
f 20969 62 7268
f 7078 47936 2
f 1 3585 48413
f 10109 2626 33985
f 38083 16446 24685
f 7031 21056 2
f 1 25345 48239
f 10656 9794 33997
f 12617 41022 9665
f 7288 33344 2
f 1 57345 48456
f 9933 2626 33985
f 37987 16446 24741
f 7031 21312 2
f 1 50177 48281
f 10656 9794 33997
f 12501 41022 9665
f 7288 33600 2
f 1 38401 48335
f 11231 37698 33993
f 32189 62 44475
f 7262 49984 2
f 1 36865 48349
f 11162 23106 33989
f 21109 62 7109
f 7078 47680 2
f 1 29953 48291
f 11233 37698 33993
f 32353 62 44091
f 7262 49728 2
f 1 44033 48322
f 7039 2114 33995
f 43853 36927 1990
f 8309 65344 65536
f 1 44033 48322
f 7124 48194 33981
f 43853 10303 633
f 6607 19008 9
f 1 44033 48322
f 6951 62018 34002
f 43853 53311 576
f 7296 19264 2569
f 11 33537 47897
f 7517 45378 34028
f 13829 16448 9639
f 11038 65344 65536
f 1 15873 48042
f 10078 54850 34017
f 56143 63 43835
f 9648 22592 1
f 1 23553 47997
f 10087 54850 34017
f 56286 63 41181
f 9648 22336 1
f 1 43777 47864
f 4954 62018 34002
f 9625 64 44682
f 7296 36416 9
f 1 43777 47864
f 4954 52546 34046
f 9625 64 44682
f 8720 36672 9
f 1 26113 47956
f 8206 10050 33457
f 30445 45120 17951
f 1567 65344 65536
f 1 1793 47620
f 7631 27714 33465
f 40314 61503 8671
f 509 65344 65536
f 11 1025 47498
f 5809 27458 33468
f 36313 16446 16405
f 125 65344 65536
f 1 39681 47514
f 5275 4162 33467
f 5881 32830 27106
f 65438 20287 2
f 1 39681 47514
f 5275 49730 33467
f 5881 32830 27106
f 65503 20031 2
f 1 3841 47489
f 6018 49730 33467
f 21513 41022 3086
f 65503 59199 2
f 1 3841 47489
f 6018 3138 33469
f 21513 41022 3086
f 44 58944 2562
f 1 48129 47640
f 9322 21058 33464
f 35013 32831 24737
f 368 65344 65536
f 1 25345 47715
f 9632 42050 33460
f 45257 32830 11520
f 65216 39743 1
f 1 51201 47630
f 9269 56898 33463
f 41379 32830 29340
f 65486 31551 1
f 1 19457 47537
f 8751 40770 33466
f 34129 49214 41899
f 74 35904 1
f 1 5121 47611
f 9269 56898 33463
f 41425 32830 29340
f 65486 31807 1
f 1 50689 47695
f 9632 42050 33460
f 45307 32830 11520
f 65216 39999 1
f 1 52481 47749
f 9986 5186 33458
f 40065 32829 27334
f 64673 25151 1
f 1 5377 47557
f 8751 40770 33466
f 34093 49214 41899
f 74 35648 1
f 1 47617 47767
f 9986 5186 33458
f 40025 32829 27334
f 64673 24895 2561
f 11 11265 47493
f 7501 35394 33468
f 29937 32830 29605
f 110 65344 65536
f 1 32001 47472
f 7087 3138 33469
f 40689 32829 3078
f 44 54848 2
f 1 6913 47503
f 8035 35394 33468
f 9593 49214 56337
f 109 23360 1
f 1 17153 47483
f 8035 35394 33468
f 9641 49214 56337
f 109 23616 1
f 1 32001 47472
f 7087 3138 33469
f 40689 32829 3078
f 44 55104 2
f 13697 15928 48291
f 8206 28482 33439
f 40705 45119 17951
f 64134 65343 65536
f 1 13569 48324
f 10294 45122 33437
f 31763 8255 34638
f 63687 65343 65536
f 1 26881 48219
f 10770 2114 33440
f 10729 32830 6023
f 63087 34623 2
f 1 42497 48330
f 11221 52290 33435
f 21165 32830 7055
f 62733 48959 2
f 1 13825 48394
f 10168 32066 33433
f 38127 41022 24666
f 62611 22335 2
f 1 36865 48349
f 11162 52290 33435
f 21109 62 7109
f 62733 48703 2
f 1 31489 48272
f 11347 8258 33438
f 32425 62 58789
f 62999 51007 2
f 1 3585 48413
f 10109 32066 33433
f 38083 16446 24685
f 62611 22079 2
f 1 29953 48291
f 11347 8258 33438
f 32353 62 59297
f 62999 50751 2
f 1 29185 48238
f 10770 2114 33440
f 10685 32830 6023
f 63087 34367 2
f 1 15873 48291
f 7153 28482 33439
f 40705 24639 1104
f 64134 65343 65536
f 1 15873 48291
f 7181 33858 33431
f 40705 61503 651
f 62106 18239 9
f 1 15873 48291
f 7124 7234 33443
f 40705 10303 633
f 63192 17983 2569
f 11 29185 47865
f 7629 43586 33458
f 12261 49216 8710
f 1027 65344 65536
f 1 4097 47978
f 10194 13122 33452
f 56349 23103 54905
f 200 21568 1
f 1 23553 47997
f 10192 13122 33452
f 56286 63 58449
f 200 21312 1
f 1 34049 47832
f 5065 7234 33443
f 8046 64 57925
f 63192 37695 9
f 1 34049 47832
f 5065 4162 33467
f 8046 64 57925
f 65438 37439 9
f 1 57601 47040
f 5197 43074 33614
f 34475 64 39864
f 54123 65344 65536
f 11 61441 47007
f 5301 37442 33002
f 31966 64 20490
f 59795 65343 65536
f 1 14593 47005
f 5093 37442 33002
f 31618 64 49153
f 59794 47167 9
f 1 52737 47010
f 5093 37442 33002
f 31599 64 49153
f 59794 47423 9
f 1 63745 46998
f 5509 37442 33002
f 30818 23234 13697
f 59794 36159 2
f 1 63745 46998
f 5509 29250 32990
f 30818 23234 13697
f 56691 35903 2562
f 11 13313 47054
f 5176 32578 34091
f 33623 64 37060
f 14441 65344 65536
f 1 13313 47054
f 4968 52546 34046
f 33623 64 41726
f 8720 46656 9
f 1 13313 47054
f 4968 6722 34118
f 33623 64 41726
f 11035 46912 9
f 1 13825 47022
f 5399 63554 34091
f 30382 23234 33642
f 14380 35392 2
f 1 38401 47069
f 5380 63554 34091
f 30220 23234 39599
f 14380 35648 2562
f 11 46337 47020
f 5275 44098 33493
f 32818 32832 27106
f 3358 65344 65536
f 1 13825 47022
f 5483 58690 33493
f 30382 23234 52797
f 3329 36416 2
f 1 54785 47001
f 5487 58690 33493
f 30451 23234 44861
f 3329 36672 2
f 1 46593 47020
f 5067 4162 33467
f 32818 64 52949
f 65438 47935 9
f 1 46593 47020
f 5067 1090 33506
f 32818 64 52937
f 1777 47680 2569
f 32859 12342 46967
f 6675 51010 35969
f 24775 2113 33019
f 55808 65344 65536
f 13697 13880 46024
f 3874 46658 36100
f 54735 64 42460
f 47429 65344 65536
f 1 27905 46687
f 3874 5698 35968
f 49156 63 42460
f 38941 65344 65536
f 1 29697 46612
f 4906 40514 35979
f 18917 32831 29744
f 38203 39232 2
f 1 54529 46681
f 4938 834 35978
f 43604 63 21598
f 38100 22336 8
f 1 54529 46681
f 4983 23618 35954
f 43604 32831 23020
f 37819 22080 8
f 1 25089 46779
f 3590 46146 35949
f 18461 8255 33366
f 37764 40256 9
f 1 29185 46596
f 4906 40514 35979
f 18960 32831 29744
f 38203 38976 2
f 1 25089 46779
f 4028 46146 35949
f 18461 4159 33366
f 37764 40000 9
f 1 38913 46765
f 4917 23618 35954
f 25521 16447 36376
f 37819 28480 8
f 1 38913 46765
f 4917 46146 35949
f 25521 16447 36376
f 37764 28224 8
f 1 15105 45933
f 4887 22594 36113
f 48912 32832 24952
f 46620 65344 65536
f 1 13313 45832
f 4915 22594 36113
f 42446 64 17919
f 46620 23104 2
f 1 19457 46041
f 4874 22594 36113
f 41996 64 21435
f 46620 23360 2
f 1 24065 48195
f 6952 12354 35724
f 36482 32832 28835
f 40091 65344 65536
f 1 10241 48338
f 3556 4930 36182
f 62587 62 58211
f 62221 65342 65536
f 1 61953 48344
f 3556 5186 36182
f 55633 16446 58211
f 62219 64318 8
f 1 4097 48326
f 3556 34370 36177
f 50205 16446 58211
f 57559 64062 8
f 1 24065 48195
f 7382 12354 35724
f 36482 49216 21955
f 40091 65344 65536
f 1 56065 48320
f 9365 52290 35710
f 55249 32831 36528
f 37201 43328 2
f 1 36865 48011
f 9210 35650 35742
f 15096 32831 60764
f 35397 47424 2
f 1 24577 47720
f 7290 21058 35787
f 15891 16447 10071
f 36050 45120 2
f 1 38145 48518
f 10510 28994 35649
f 29777 49215 37381
f 34199 32320 8
f 1 38145 48518
f 10510 5698 35660
f 29777 49215 37381
f 34326 32576 8
f 1 59393 47826
f 8510 37442 35766
f 15601 63 60685
f 36008 53312 2
f 1 21249 48466
f 9654 11842 35667
f 24573 32831 3983
f 34410 24384 8
f 1 21249 48466
f 10226 5698 35660
f 24573 16447 4090
f 34326 24128 8
f 1 57857 47993
f 9210 35650 35742
f 15144 32831 60764
f 35397 47168 2
f 1 43265 47906
f 8510 37442 35766
f 15383 63 60685
f 36008 53568 2
f 1 24577 47720
f 6599 9282 35790
f 15891 57407 1436
f 35870 34368 8
f 1 13313 48136
f 9417 52290 35710
f 55841 32831 34316
f 37201 43072 2
f 1 43265 47906
f 8863 34882 35752
f 15383 32831 52102
f 35880 61504 2
f 1 32513 47982
f 4317 32322 35739
f 6465 49216 33088
f 38463 8256 11
f 1 59393 47826
f 8000 44610 35778
f 15601 32831 2882
f 36078 57664 2
f 1 12801 48527
f 6027 13378 35678
f 60979 8255 276
f 34541 42304 9
f 1 57857 47993
f 8863 34882 35752
f 15144 32831 52102
f 35880 61760 2
f 1 5377 47753
f 4735 24642 35783
f 15803 49215 32998
f 35882 17984 8
f 1 13313 47761
f 8000 44610 35778
f 15780 32831 2882
f 36078 57408 2
f 1 12801 48527
f 6604 12610 35628
f 60979 4159 464
f 33947 42048 9
f 1 24577 47720
f 6086 9282 35790
f 15891 57407 1436
f 35870 34624 8
f 1 61953 48575
f 10348 28994 35649
f 26846 63 57503
f 34199 30528 8
f 1 36097 48638
f 9287 41794 35640
f 32175 16447 38236
f 34095 20288 8
f 1 24577 47720
f 5529 57922 35787
f 15891 16447 1520
f 36014 36416 8
f 1 36097 48638
f 9287 12610 35628
f 32175 16447 38236
f 33947 20032 8
f 1 5377 47753
f 5015 57922 35787
f 15803 41023 1603
f 36014 36672 8
f 1 61953 48575
f 10348 41794 35640
f 26846 63 57503
f 34095 30272 8
f 1 49665 47770
f 4317 24642 35783
f 15754 49215 33088
f 35882 18240 8
f 1 13313 47761
f 7290 21058 35787
f 15780 16447 10071
f 36050 45376 2
f 1 50945 48168
f 4244 32322 35739
f 6049 32832 36197
f 38463 8512 11
f 13697 19768 47539
f 3847 578 35887
f 55039 16448 39173
f 42515 65344 65536
f 1 41729 47263
f 4774 38978 35784
f 37396 32832 37962
f 35804 26176 8
f 1 36353 47617
f 3328 55362 36281
f 48483 49216 10928
f 41095 62527 8
f 1 41729 47263
f 4774 46146 35949
f 37396 32832 37962
f 37764 26432 8
f 1 43265 47177
f 4436 15938 35881
f 31019 64 23300
f 42146 14400 11
f 1 23297 47627
f 4087 4162 36397
f 49403 64 59766
f 39482 64831 8
f 1 23297 47627
f 4087 10562 36270
f 49403 64 59766
f 38105 64575 8
f 1 17409 47615
f 3424 55362 36281
f 48629 8256 17073
f 41095 62783 8
f 1 34561 47568
f 2874 56130 36340
f 45345 32832 31524
f 44913 63039 8
f 1 43521 47582
f 2874 56130 36340
f 45310 32832 31524
f 44913 63295 8
f 1 65025 47636
f 3392 4162 36397
f 48787 64 16488
f 39482 63551 8
f 1 65025 47636
f 3296 1090 36375
f 48787 41024 10343
f 36168 63807 8
f 1 31745 47372
f 4317 15938 35881
f 30342 49216 33088
f 42146 14656 32779
f 1 16385 46822
f 7066 15938 34928
f 23657 32833 32520
f 40890 65344 65536
f 13697 10808 45869
f 4224 47682 35013
f 51851 32832 39635
f 35419 65344 65536
f 1 62977 46535
f 4224 40258 34922
f 36703 36927 39635
f 26407 65344 65536
f 1 49921 46600
f 5332 57410 34911
f 52213 32830 705
f 25033 41280 2
f 1 27137 46628
f 4160 64066 34909
f 52139 8254 37571
f 24790 17216 9
f 1 27137 46628
f 4160 64322 34909
f 52139 8254 37571
f 24790 16960 9
f 1 3329 46452
f 5212 56386 34930
f 60885 62 65043
f 25352 17216 1
f 1 3329 46452
f 5278 2114 34929
f 60885 62 65240
f 25302 17472 1
f 1 41217 46581
f 5307 48706 34922
f 3135 63 7214
f 26107 32832 2
f 1 27137 46628
f 5202 57410 34911
f 52139 32830 873
f 25033 41024 2
f 1 17921 46479
f 5307 48706 34922
f 3329 63 7214
f 26107 33088 2
f 1 13569 45777
f 5218 63554 35021
f 45966 64 1161
f 34891 65344 65536
f 1 13569 45777
f 5218 29762 35081
f 45966 64 1161
f 29400 5696 1
f 1 13569 45777
f 5218 56386 34930
f 45966 64 1161
f 25352 5440 1
f 1 4097 48057
f 7837 33858 34759
f 33821 49216 20186
f 27415 65344 65536
f 1 22785 47723
f 7291 29250 34789
f 49852 32831 10678
f 23584 65344 65536
f 1 37633 47861
f 9799 22082 34769
f 57861 62 20417
f 21009 25664 1
f 1 64001 47576
f 5838 6722 34801
f 49523 8254 1470
f 22091 59456 2
f 1 32769 47597
f 7546 37698 34802
f 2501 32831 52846
f 21903 23872 1
f 1 54785 47618
f 4939 54082 34796
f 58531 32830 46517
f 21748 20800 2
f 1 37633 47861
f 9477 23362 34771
f 57861 62 20309
f 21064 25408 1
f 1 61953 47609
f 5529 6722 34801
f 49431 16446 1520
f 22091 59712 2
f 1 39937 47808
f 9431 23362 34771
f 14184 32831 8303
f 21064 40512 1
f 1 39937 47808
f 9142 20546 34781
f 14184 63 7770
f 21331 40256 1
f 1 32769 47597
f 7855 59970 34797
f 2501 32831 52971
f 21778 24128 1
f 1 29953 47724
f 8771 27202 34790
f 12371 63 21853
f 21576 32064 1
f 1 10497 47651
f 8570 27202 34790
f 8847 63 38462
f 21576 36416 1
f 1 54785 47618
f 4939 55362 34798
f 58531 32830 46517
f 21802 20544 2
f 1 10497 47651
f 8258 59970 34797
f 8847 63 38261
f 21778 36160 1
f 1 64001 47576
f 6907 37698 34802
f 49523 62 1437
f 21903 55360 2
f 1 64001 47576
f 6599 37698 34802
f 49523 57406 1436
f 21903 55616 2
f 1 29953 47724
f 9085 20546 34781
f 12371 32831 22340
f 21331 32320 1
f 1 44801 48390
f 7837 60994 34713
f 49876 49215 20186
f 21579 65344 65536
f 1 48641 48465
f 9933 41538 34698
f 47071 16446 24741
f 19621 22848 2
f 1 45313 48381
f 10972 56898 34707
f 7079 63 11962
f 19357 51264 2
f 1 48641 48465
f 10657 34370 34705
f 47071 32830 12023
f 19656 49216 2
f 1 9729 48350
f 10398 60482 34717
f 47391 49214 15112
f 19919 34880 2
f 1 16641 48437
f 6781 60994 34713
f 37954 34879 3291
f 21579 18496 9
f 1 61441 48307
f 10398 60482 34717
f 47507 49214 15112
f 19919 35136 2
f 1 26625 48413
f 10971 34370 34705
f 47215 32830 11706
f 19656 49472 2
f 1 59905 48344
f 6781 60994 34713
f 38159 34879 3291
f 21579 18752 9
f 1 48385 48539
f 9581 41538 34698
f 46869 32830 24853
f 19621 22592 2
f 1 45313 48381
f 10972 2114 34715
f 7079 63 11962
f 19549 51520 2562
f 11 61441 47966
f 7267 26434 34766
f 16819 8256 11067
f 25642 65344 65536
f 1 41473 48088
f 9828 53058 34719
f 1242 32832 12837
f 19678 22080 1
f 1 17921 47934
f 4707 14914 34727
f 12638 32832 13156
f 19877 38208 9
f 1 41473 48088
f 9828 22082 34769
f 1242 32832 12837
f 21009 21824 1
f 1 17921 47934
f 4707 54082 34796
f 12638 32832 13156
f 21748 37952 2569
f 11 48641 47126
f 4955 18754 34865
f 35153 64 48503
f 30511 65344 65536
f 1 48897 47126
f 4747 54082 34796
f 35152 32832 10980
f 21748 48448 9
f 1 48897 47126
f 4747 64066 34909
f 35152 32832 10980
f 24790 48192 9
f 1 38401 47069
f 5202 5442 34866
f 30220 32962 873
f 30409 37184 2
f 1 50689 47168
f 5148 5442 34866
f 29882 32832 6830
f 30409 36928 2
f 1 10753 43820
f 2565 25154 34805
f 45747 41025 14342
f 32397 65345 65536
f 1 54785 44613
f 5034 50242 35718
f 49363 16448 40549
f 3169 65345 65536
f 1 50177 44505
f 5232 36930 35172
f 42447 64 60822
f 36915 5952 1
f 1 54785 44613
f 4929 29762 36204
f 49363 64 21436
f 40789 24896 2
f 1 10753 43820
f 2565 34882 34383
f 45747 41025 14342
f 18898 65345 65536
f 1 51457 43638
f 5509 46146 33037
f 42845 65 1
f 1627 4160 1
f 1 64001 44980
f 5509 46146 33037
f 9972 65 1
f 1627 12864 9
f 1 3585 44211
f 1671 6722 34118
f 37864 32833 54677
f 11035 44608 9
f 1 3585 44211
f 1548 37186 34450
f 37864 30785 54400
f 21830 44864 9
f 1 52737 44156
f 1712 8258 33060
f 37527 49217 54769
f 4497 45120 9
f 1 15873 44163
f 1712 8258 33060
f 37516 49217 54769
f 4497 45376 9
f 1 46081 44173
f 1671 42050 33687
f 37683 32833 54677
f 10290 45632 9
f 1 46081 44173
f 1712 1090 33506
f 37683 49217 54769
f 1777 45888 9
f 1 18433 44292
f 1303 38466 35437
f 38193 38977 53846
f 35871 46144 9
f 1 18433 44292
f 1548 64066 34909
f 38193 30785 54400
f 24790 46400 9
f 1 14337 44364
f 5411 10306 34226
f 44466 64 29463
f 14543 6720 1
f 1 14337 44364
f 5411 3394 34321
f 44466 64 29463
f 17624 6464 1
f 1 12801 44392
f 5251 36930 35172
f 42676 64 56602
f 36915 6208 1
f 1 62465 44337
f 5489 30274 33600
f 42785 64 40549
f 9077 4928 1
f 1 40961 44314
f 5490 30274 33600
f 42832 64 37737
f 9077 5184 1
f 1 33537 45157
f 3502 10562 39013
f 59352 8257 38577
f 28230 65345 65536
f 13697 32312 43229
f 1781 8002 38986
f 24239 41025 16850
f 27364 65345 65536
f 1 32257 43607
f 4511 46658 37898
f 54214 49216 40382
f 50670 30272 2
f 1 16385 42816
f 3977 56386 39958
f 60141 16448 55170
f 58009 27968 2
f 1 32257 43229
f 1781 48450 39118
f 24239 41025 16850
f 23121 65345 65536
f 11 52481 42306
f 1781 24642 38393
f 54961 40000 16850
f 65354 65344 65536
f 1 59393 42285
f 63455 49729 38441
f 19630 8256 35861
f 62257 11072 11
f 1 53249 41864
f 63809 49729 38441
f 20579 16448 27845
f 62257 10816 11
f 1 14593 42104
f 4645 24642 38393
f 41996 32832 27845
f 65354 31040 2
f 1 3585 42521
f 4564 24642 38393
f 41249 49216 33586
f 65354 30784 2
f 1 29441 44383
f 3774 54850 39777
f 40160 32832 53992
f 2030 28481 2
f 1 32257 43607
f 4187 48450 39118
f 54214 32832 8212
f 23121 65345 65536
f 1 32257 43607
f 4511 23106 38212
f 54214 49216 40382
f 53768 30528 2
f 1 4609 43810
f 3924 54850 39777
f 41249 16448 48374
f 2030 28225 2
f 1 18945 47305
f 3832 8770 39189
f 17207 45121 35934
f 22599 65345 65536
f 1 10241 48039
f 5211 43586 38263
f 52982 57408 17027
f 51502 65344 65536
f 1 53505 48498
f 5211 43586 38263
f 14358 57408 17027
f 51502 65344 65536
f 1 60673 48539
f 7189 45378 38292
f 58184 49215 13505
f 45429 60992 2
f 1 2561 48463
f 6358 20802 38341
f 58447 16447 23045
f 45608 57152 2
f 1 45313 48399
f 5658 35906 38357
f 58664 57407 30327
f 45493 44864 2
f 1 17665 48400
f 2889 57922 38352
f 60843 41023 17799
f 45052 17728 8
f 1 17665 48400
f 2889 21570 38347
f 60843 41023 17799
f 45007 17472 8
f 1 21505 48360
f 5658 35906 38357
f 58798 57407 30327
f 45493 44608 2
f 1 58113 48375
f 3639 9794 38363
f 62781 53311 35758
f 45135 36160 8
f 1 2561 48463
f 6853 49730 38318
f 58447 16447 17739
f 45565 52800 2
f 1 60673 48539
f 6853 49730 38318
f 58184 16447 17739
f 45565 53056 2
f 1 58113 48375
f 3639 57922 38352
f 62781 53311 35758
f 45052 35904 8
f 1 3841 48641
f 7525 55362 38274
f 57838 49215 18355
f 44597 46912 2
f 1 1025 48624
f 7525 55362 38274
f 57896 49215 18355
f 44597 46656 2
f 1 3841 48641
f 7729 12098 38212
f 57838 57407 5257
f 48208 42560 2
f 1 45313 48399
f 6358 20802 38341
f 58664 16447 23045
f 45608 56896 2
f 1 21505 48360
f 4715 9794 38363
f 58798 41023 35558
f 45135 34112 8
f 1 21505 48360
f 4715 9794 38363
f 58798 41023 35558
f 45135 33856 8
f 1 1025 48624
f 7189 45378 38292
f 57896 49215 13505
f 45429 61248 2
f 1 41473 47924
f 2809 21570 38347
f 45652 8256 12676
f 45007 13888 2571
f 11 19713 47999
f 1187 12866 40160
f 9530 8256 59086
f 48585 65344 65536
f 1 22785 48012
f 2160 12866 40160
f 7860 16448 14236
f 48584 29248 8
f 1 22785 48012
f 1117 16450 40154
f 7860 49216 56867
f 48204 39232 9
f 1 47105 47986
f 2300 12866 40160
f 7919 24640 14124
f 48584 29504 8
f 1 22785 48012
f 1117 16450 40154
f 7860 49216 56867
f 48204 38976 9
f 1 50177 47190
f 2449 12354 39278
f 13542 24641 52491
f 19368 65345 65536
f 1 8961 47453
f 2893 39746 38658
f 61904 8255 33366
f 47519 39488 9
f 1 8961 47453
f 3415 29762 38663
f 61904 32831 546
f 47829 27968 8
f 1 45569 47426
f 3552 29762 38663
f 61994 41023 441
f 47829 27712 8
f 1 50689 47276
f 3505 55874 38713
f 62508 32831 1830
f 48122 38464 2
f 1 13313 47292
f 3505 55874 38713
f 62455 32831 1830
f 48122 38720 2
f 1 2049 48158
f 2160 7746 39982
f 26508 16448 14236
f 59220 27456 8
f 1 8961 47453
f 1852 39746 38658
f 61904 8255 33366
f 47519 39744 9
f 1 45569 47426
f 3548 57922 38691
f 61994 41023 717
f 49166 21824 8
f 1 13313 47292
f 3548 57922 38691
f 62455 41023 717
f 49166 21568 8
f 1 63489 47686
f 3415 1090 38525
f 28114 32832 546
f 56068 25664 8
f 1 2049 48158
f 3101 1090 38525
f 26508 41024 4269
f 56068 25920 8
f 1 41473 47924
f 2809 39746 38658
f 45652 8256 12676
f 47519 14144 11
f 1 29185 46893
f 3474 19266 38949
f 40160 16448 65229
f 62910 26944 2
f 1 6657 46388
f 3624 19266 38949
f 41249 49216 59610
f 62910 26688 2
f 1 6913 45195
f 1438 29250 39157
f 39998 24641 11363
f 6954 65345 65536
f 1 17153 45360
f 3677 20546 39130
f 57964 57408 435
f 51324 26432 2
f 1 17153 45360
f 3677 38466 39544
f 57964 57408 435
f 54667 26176 2
f 1 6913 45195
f 265 39746 38658
f 39998 6209 50729
f 47519 11840 11
f 1 46081 45126
f 4454 6722 37272
f 62993 36929 46194
f 28431 65345 65536
f 1 14337 42631
f 2218 26946 36693
f 13362 45121 14876
f 60420 65344 65536
f 1 41473 41735
f 64462 50241 36817
f 34942 16448 24458
f 52461 65344 65536
f 1 53249 41864
f 64396 50241 36817
f 20579 49216 15913
f 52461 10560 11
f 1 60417 41610
f 64596 50241 36817
f 21152 64 7369
f 52461 10304 11
f 1 38145 43416
f 4956 52290 36560
f 41996 64 14403
f 51933 30016 2
f 1 7425 42516
f 5011 27202 36693
f 9678 32833 14403
f 60420 65344 65536
f 1 21505 43179
f 4997 52290 36560
f 42446 32832 10886
f 51933 29760 2
f 1 2561 41975
f 5011 41794 36875
f 50264 64 14403
f 48758 29248 2
f 1 2561 41975
f 5011 59714 36651
f 50264 64 14403
f 46101 29504 2
f 1 27649 47224
f 6039 32322 37243
f 26090 34881 33512
f 1949 65345 65536
f 13697 14904 46298
f 3308 4674 37434
f 58439 49216 46645
f 57237 65344 65536
f 1 26369 46954
f 3308 3138 37253
f 119 49216 46645
f 45651 65344 65536
f 1 63233 46948
f 4386 41538 37267
f 60306 32831 43531
f 44437 22848 8
f 1 48641 47031
f 4350 30786 37234
f 45975 16447 53119
f 44109 28992 8
f 1 48641 47031
f 4350 62274 37227
f 45975 16447 53119
f 44045 28736 8
f 1 2561 46865
f 4355 54338 37269
f 42897 16447 47498
f 44577 37696 2
f 1 53761 46880
f 4355 54338 37269
f 42861 16447 47498
f 44577 37440 2
f 1 25089 47045
f 2893 62274 37227
f 42483 8255 33366
f 44045 38464 9
f 1 25089 47045
f 3590 62274 37227
f 42483 8255 33366
f 44045 38720 9
f 1 63233 46948
f 4418 30786 37234
f 60306 49215 44455
f 44109 22592 8
f 1 56577 46208
f 4350 30274 37452
f 52720 64 46942
f 56059 65344 65536
f 1 56577 46208
f 4350 28738 37271
f 52720 49216 46941
f 44474 23616 2
f 1 56577 46208
f 4350 4930 37585
f 52720 49216 46941
f 47572 23872 2
f 1 37377 48439
f 6663 17474 36908
f 39947 8256 24269
f 47979 65344 65536
f 1 43265 48242
f 8189 13890 36951
f 39732 57407 2224
f 41959 59968 2
f 1 3585 48078
f 7340 62530 36987
f 40110 24639 11767
f 42162 55872 2
f 1 18433 48013
f 6634 10306 37000
f 40259 24639 18988
f 42098 43584 2
f 1 5633 48260
f 8530 30786 36937
f 39692 57407 6799
f 41307 45632 2
f 1 24833 48816
f 9615 44354 36794
f 44965 32831 5811
f 39765 30784 8
f 1 24833 48816
f 9615 1346 36807
f 44965 32831 5811
f 39887 31040 8
f 1 3585 48078
f 7843 60482 36970
f 40110 24639 6474
f 42098 52032 2
f 1 44289 48156
f 7843 60482 36970
f 39930 24639 6474
f 42098 51776 2
f 1 18433 48013
f 7340 62530 36987
f 40259 24639 11767
f 42162 56128 2
f 1 44289 48156
f 8189 13890 36951
f 39930 57407 2224
f 41959 60224 2
f 1 17921 48005
f 4079 46658 36994
f 40277 49215 51090
f 41872 18496 8
f 1 46081 48022
f 3659 46658 36994
f 40237 63 51208
f 41872 18752 8
f 1 56065 48320
f 8736 27970 36891
f 55249 49215 52803
f 43943 41792 2
f 1 6913 48627
f 8644 27970 36891
f 54266 16447 55680
f 43943 41536 2
f 1 57601 48767
f 5148 22082 36847
f 5102 51264 31
f 40285 40512 9
f 1 57601 48767
f 6027 14914 36777
f 5102 8256 276
f 39592 40768 9
f 1 43265 48242
f 8530 30786 36937
f 39732 57407 6799
f 41307 45888 2
f 1 3585 48878
f 8548 14914 36777
f 47534 32831 43205
f 39592 20544 8
f 1 3585 48878
f 8548 44354 36794
f 47534 32831 43205
f 39765 20800 8
f 1 52737 48759
f 9783 1346 36807
f 46462 16447 57013
f 39887 32832 8
f 1 48129 48477
f 3530 66 36931
f 5358 16448 55249
f 45639 9024 11
f 1 50945 48168
f 3659 66 36931
f 6049 64 51208
f 45639 8768 11
f 1 17921 48005
f 4218 64066 37000
f 40277 63 1712
f 42045 37184 8
f 1 2049 47973
f 5015 64066 37000
f 40352 41023 1603
f 42045 36928 8
f 1 52737 48759
f 9783 61506 36821
f 46462 16447 57013
f 40034 33088 8
f 1 21505 48708
f 9654 61506 36821
f 43945 32831 3983
f 40034 24640 8
f 1 2049 47973
f 5291 17218 37004
f 40352 49215 1436
f 41835 35136 8
f 1 2049 47973
f 6086 17218 37004
f 40352 57407 1436
f 41835 34880 8
f 1 21505 48708
f 8782 58434 36831
f 43945 63 3845
f 40132 24896 8
f 1 2049 47973
f 6634 10306 37000
f 40352 24639 18988
f 42098 43840 2562
f 11 43009 47529
f 3946 20034 37128
f 41615 32832 11204
f 50422 65344 65536
f 1 31745 47372
f 3868 20034 37128
f 30342 49216 44637
f 50422 14912 11
f 1 1537 47521
f 4156 62274 37227
f 41062 49216 61018
f 44045 26944 8
f 1 39425 47695
f 3659 20034 37128
f 29220 64 51208
f 50422 15168 11
f 1 1537 47521
f 4156 32066 36996
f 41062 49216 61018
f 41758 26688 2568
f 1 48897 44621
f 1910 6722 37272
f 41434 41025 18919
f 28431 65345 65536
f 1 19457 44953
f 614 10818 37862
f 36129 18497 61888
f 9549 13121 11
f 1 48897 44355
f 1113 21314 36414
f 37178 45121 59931
f 982 12353 11
f 1 33537 44580
f 1113 21314 36414
f 36783 45121 59931
f 982 12609 11
f 1 33537 44580
f 614 10818 37862
f 36783 18497 61888
f 9549 12865 11
f 1 54785 44613
f 4929 11842 36428
f 49363 64 21436
f 43445 24640 2
f 1 61697 44728
f 4484 6466 37766
f 41996 16448 36866
f 59158 24384 2
f 1 5633 45099
f 4403 6466 37766
f 41249 49216 40145
f 59158 24128 2
f 2 44801 45156
f 40779 37953 45059
f 62572 20545 32406
f 65276 65345 65536
f 2 44801 45156
f 40779 53057 42724
f 62572 20545 32406
f 23071 65345 65536
f 2 41473 42667
f 40779 15937 42442
f 12726 20545 32406
f 12250 65345 65536
f 1 30721 42792
f 49153 60224 42200
f 607 62529 65536
f 4168 65345 65536
f 1 30209 42741
f 49153 31296 41534
f 63486 62528 65536
f 29670 65344 65536
f 1 17665 42114
f 49153 11584 41546
f 13922 59456 65536
f 28172 65344 65536
f 1 3841 42209
f 49153 31552 41306
f 1789 59456 65536
f 60518 65343 65536
f 1 3585 42158
f 43558 63296 41232
f 56057 22591 16250
f 41697 26687 12
f 1 3585 42158
f 43558 19264 41269
f 56057 23615 16250
f 40224 26943 12
f 1 32769 42150
f 35100 63296 41232
f 54123 12351 37299
f 41697 33087 12
f 1 3585 42285
f 63786 1600 41408
f 49659 28735 23259
f 34522 14399 12
f 1 32769 42150
f 35100 63296 41232
f 54123 12351 37299
f 41697 32831 12
f 1 4097 42203
f 55860 1600 41408
f 59546 51263 16631
f 34522 20799 12
f 1 4097 42203
f 55860 19264 41269
f 59546 50239 16631
f 40224 20543 12
f 1 29697 42058
f 63786 38464 41824
f 29054 20543 23259
f 50607 14143 12
f 1 17665 42114
f 49153 4928 41693
f 13922 59456 65536
f 6015 65344 65536
f 1 19201 41920
f 47402 62272 41695
f 43722 41023 58533
f 5647 65344 65536
f 1 50433 41939
f 55860 54848 41692
f 38736 51263 16631
f 1335 20032 12
f 1 19457 41844
f 35100 44096 41672
f 15764 12351 37299
f 2667 32320 12
f 1 19457 41844
f 35100 44096 41672
f 15764 2111 37299
f 2667 32576 12
f 1 65025 41859
f 43558 44096 41672
f 23796 23615 16250
f 2667 26176 12
f 1 65025 41859
f 43558 54848 41692
f 23796 22591 16250
f 1335 26432 12
f 1 50433 41939
f 55860 30784 41769
f 38736 49215 16631
f 58009 20287 12
f 1 24321 42208
f 63786 4928 41693
f 1877 16448 23259
f 6015 65344 65536
f 1 3585 42285
f 63786 32576 41508
f 49659 20543 23259
f 27859 14655 12
f 1 29697 42058
f 63786 30784 41769
f 29054 20543 23259
f 58009 13887 12
f 1 46593 43296
f 49153 50240 41478
f 23131 62528 65536
f 22539 65344 65536
f 1 24065 43071
f 57611 28992 41324
f 54109 24639 30638
f 60318 65343 65536
f 1 23297 43077
f 55860 32832 41279
f 52576 49215 16631
f 48813 15679 12
f 1 55809 43039
f 63786 23104 41405
f 46040 28735 23259
f 39605 9535 12
f 1 23297 43077
f 63786 23104 41405
f 52576 16447 23259
f 39605 9279 12
f 1 41729 43551
f 47402 57408 41592
f 46536 41023 58533
f 2757 65344 65536
f 1 3329 43563
f 35100 55104 41557
f 43614 20543 37299
f 62081 28479 12
f 1 8705 43534
f 55860 55616 41608
f 42055 53311 16631
f 712 15936 12
f 1 3329 43563
f 35100 55104 41557
f 43614 20543 37299
f 62081 28223 12
f 1 3329 43563
f 43558 5952 41565
f 43614 25663 16250
f 63937 22079 12
f 1 8705 43534
f 43558 5952 41565
f 42055 25663 16250
f 63937 22335 12
f 1 55041 43226
f 49153 50240 41478
f 10422 62528 65536
f 22539 65344 65536
f 1 3585 43141
f 47402 28224 41258
f 64419 39999 58533
f 54207 65343 65536
f 1 27649 43143
f 35100 1088 41181
f 63813 14399 37299
f 34388 27711 12
f 1 27649 43143
f 43558 64832 41196
f 63813 22591 16250
f 38478 21567 12
f 1 41985 43129
f 43558 64832 41196
f 61497 23615 16250
f 38478 21823 12
f 1 27649 43143
f 35100 1088 41181
f 63813 12351 37299
f 34388 27967 12
f 1 41985 43129
f 55860 32832 41279
f 61497 49215 16631
f 48813 15423 12
f 1 64001 43391
f 57611 4416 41629
f 44105 28735 30638
f 3300 65344 65536
f 1 32257 43423
f 63786 33344 41690
f 36037 49215 23259
f 56406 9791 12
f 1 10497 43343
f 63786 33344 41690
f 30449 49215 23259
f 56406 10047 12
f 1 32257 43423
f 55860 55616 41608
f 36037 53311 16631
f 712 16192 2572
f 1 2049 42628
f 49153 25408 41218
f 1296 59456 65536
f 43956 65343 65536
f 1 2049 42628
f 43558 49728 41067
f 1296 23616 16250
f 10385 27198 12
f 1 2049 42628
f 35100 25664 41058
f 1296 2112 37299
f 47937 33597 12
f 1 2049 42628
f 35100 25664 41058
f 1296 12352 37299
f 47937 33341 12
f 1 43521 42625
f 43558 8768 41091
f 993 23616 16250
f 10325 27454 12
f 1 54785 42647
f 63786 41280 41331
f 54317 28735 23259
f 59861 15166 12
f 1 53761 42653
f 63786 44864 41309
f 55850 28735 23259
f 60457 14910 12
f 1 33281 42624
f 55860 44096 41192
f 63355 50239 16631
f 8449 21311 12
f 1 14593 42633
f 55860 48192 41169
f 26 50240 16631
f 8658 21055 12
f 1 61441 42844
f 49153 21568 42844
f 63392 58432 65536
f 32618 65344 65536
f 1 48897 42305
f 49153 42048 42911
f 24999 57408 65536
f 24002 65344 65536
f 1 6401 42050
f 47402 8768 42803
f 50088 37951 58533
f 4937 65344 65536
f 1 39425 42067
f 43558 59968 42830
f 45607 22591 16250
f 1381 25408 12
f 1 50945 42039
f 35100 10816 42838
f 47446 12351 37299
f 453 31552 12
f 1 50945 42039
f 43558 59968 42830
f 47446 22591 16250
f 1381 25152 12
f 1 39425 42067
f 55860 59968 42785
f 45607 49215 16631
f 2733 19008 12
f 1 50945 42039
f 35100 10816 42838
f 47446 8255 37299
f 453 31296 12
f 1 9985 42541
f 57611 56896 43073
f 55270 18495 30638
f 60795 65343 65536
f 1 46593 42539
f 55860 34112 43121
f 54901 48191 16631
f 48595 18751 12
f 1 46593 42539
f 63786 3136 42990
f 54901 63 23259
f 39337 12351 12
f 1 18433 42570
f 63786 3136 42990
f 47813 12351 23259
f 39337 12607 12
f 1 27137 42387
f 49153 42048 42911
f 13801 57408 65536
f 24002 65344 65536
f 1 11009 42488
f 47402 27712 43143
f 904 38976 58533
f 54203 65343 65536
f 1 32001 42498
f 43558 13376 43209
f 64702 22591 16250
f 37362 24895 12
f 1 57857 42487
f 35100 27712 43226
f 868 12352 37299
f 32954 30783 12
f 1 32001 42498
f 55860 34112 43121
f 64702 49215 16631
f 48595 18495 12
f 1 57857 42487
f 43558 13376 43209
f 868 22592 16250
f 37362 24639 12
f 1 57857 42487
f 35100 27712 43226
f 868 12352 37299
f 32954 31039 12
f 1 36609 42203
f 57611 45632 42765
f 46070 20543 30638
f 5321 65344 65536
f 1 24321 42252
f 63786 59968 42699
f 33574 16447 23259
f 59338 13119 12
f 1 28161 42174
f 63786 59968 42699
f 38613 24639 23259
f 59338 12863 12
f 1 28161 42174
f 55860 59968 42785
f 38613 49215 16631
f 2733 19264 12
f 1 64257 43485
f 49153 320 42810
f 11962 59456 65536
f 28224 65344 65536
f 1 56321 43608
f 57611 54592 42565
f 48087 22591 30638
f 59476 65343 65536
f 1 55041 43654
f 55860 21056 42575
f 36316 50239 16631
f 57047 17215 12
f 1 39937 43534
f 63786 21056 42528
f 25388 24639 23259
f 49873 11071 12
f 1 39937 43534
f 63786 21056 42575
f 25388 24639 23259
f 57047 10815 12
f 1 46337 43430
f 47402 24640 43093
f 61998 38975 58533
f 49441 65343 65536
f 1 58625 43466
f 43558 39232 43106
f 52732 22591 16250
f 46056 23615 12
f 1 28161 43476
f 35100 39232 43106
f 50292 12351 37299
f 46056 29759 12
f 1 28161 43476
f 35100 39232 43106
f 50292 2111 37299
f 46056 30015 12
f 1 8705 43414
f 55860 10304 43073
f 57755 49215 16631
f 44264 17471 12
f 1 58625 43466
f 43558 10304 43073
f 52732 22591 16250
f 44264 23871 12
f 1 64257 43485
f 49153 16960 42734
f 11962 59456 65536
f 12864 65344 65536
f 1 8705 43388
f 57611 29760 42944
f 64411 19519 30638
f 37453 65343 65536
f 1 8705 43414
f 55860 29760 42944
f 57755 49215 16631
f 37453 17727 12
f 1 49665 43324
f 63786 29760 42944
f 48187 20543 23259
f 37453 11327 2572
f 1 64257 43485
f 49153 38720 42677
f 11962 59456 65536
f 5610 65344 65536
f 1 13569 43674
f 47402 15168 42652
f 41274 39999 58533
f 2364 65344 65536
f 1 9985 43754
f 35100 30016 42655
f 8847 20543 37299
f 1951 29504 12
f 1 38145 43737
f 43558 576 42639
f 17331 25663 16250
f 671 23360 12
f 1 38145 43737
f 43558 30016 42655
f 17331 25663 16250
f 1951 23104 12
f 1 9985 43754
f 35100 30016 42655
f 8847 20543 37299
f 1951 29248 12
f 1 55041 43654
f 55860 576 42639
f 36316 50239 16631
f 671 16960 12
f 1 49665 43324
f 63786 17984 42850
f 48187 20543 23259
f 32329 11583 2572
f 1 20993 43015
f 49153 18240 43166
f 1110 57408 65536
f 48350 65343 65536
f 1 51713 42972
f 63786 5440 43034
f 55230 12351 23259
f 58029 12094 12
f 1 4609 43006
f 55860 34368 43227
f 65241 49215 16631
f 10148 17983 12
f 1 35329 43007
f 55860 26688 43168
f 64865 49215 16631
f 6992 18239 12
f 1 20993 43015
f 35100 53824 43320
f 1109 14400 37299
f 35147 30526 12
f 1 20993 43015
f 35100 53824 43320
f 1109 14400 37299
f 35147 30270 12
f 1 22529 42971
f 63786 55104 43082
f 55599 12351 23259
f 62325 11838 12
f 1 20993 43015
f 43558 53824 43320
f 1109 23616 16250
f 35147 24126 12
f 1 39425 43015
f 43558 45888 43278
f 1073 23616 16250
f 33425 24382 12
f 1 30721 42792
f 49153 31808 42189
f 607 59457 65536
f 17044 65344 65536
f 1 24065 41935
f 49153 4416 42264
f 47581 57407 65536
f 7497 65344 65536
f 1 62465 41838
f 43558 62016 42268
f 51707 22590 16250
f 6873 25920 12
f 1 64257 41801
f 43558 4416 42264
f 53725 22590 16250
f 7497 25664 12
f 1 1 41992
f 63786 20544 42252
f 55599 20542 23259
f 33 13376 12
f 1 5633 41863
f 55860 45632 42261
f 5440 49215 16631
f 5945 19520 12
f 1 34305 41956
f 55860 6464 42280
f 1576 49215 16631
f 3589 19776 12
f 1 27137 42072
f 63786 27200 42265
f 49985 24638 23259
f 62247 13631 12
f 1 64001 41801
f 35100 4416 42264
f 53727 2110 37299
f 7497 31808 12
f 1 64257 41801
f 35100 4416 42264
f 53725 63550 37298
f 7497 32064 2572
f 1 2049 43651
f 49153 18496 42092
f 47207 59455 65536
f 4601 65344 65536
f 1 27649 43784
f 43558 18496 42092
f 52233 25662 16250
f 4601 22592 12
f 1 29185 43722
f 55860 20032 42096
f 5250 52287 16631
f 3260 16448 12
f 1 21761 43631
f 55860 43584 42083
f 1575 52287 16631
f 1642 16704 12
f 1 29185 43515
f 63786 62528 42101
f 49987 32830 23259
f 59277 10559 12
f 1 8449 43594
f 63786 29248 42111
f 55361 16446 23259
f 61707 10303 12
f 1 27649 43784
f 35100 18496 42092
f 52233 4158 37299
f 4601 28992 12
f 1 27649 43784
f 35100 18496 42092
f 52233 14398 37299
f 4601 28736 12
f 1 36097 43747
f 43558 3648 42089
f 50325 25662 16250
f 4188 22848 12
f 1 41473 42667
f 63433 15937 42442
f 12726 37953 39730
f 12250 65345 65536
f 1 54273 42127
f 58414 26689 42428
f 21502 59456 1623
f 6010 65345 65536
f 1 9217 42182
f 58599 29249 41619
f 5235 61504 144
f 18794 65344 65536
f 1 9217 42242
f 59153 49217 41379
f 49543 57407 54844
f 41761 65343 65536
f 1 27905 42238
f 57332 30785 41372
f 48592 24639 18652
f 39897 65343 65536
f 1 50433 42231
f 57394 30785 41372
f 46888 36927 16643
f 39897 51519 12
f 1 4609 42252
f 57267 30785 41372
f 45099 12351 16566
f 39897 51263 12
f 1 9217 42242
f 60694 49217 41379
f 49543 32831 27587
f 41761 65343 65536
f 1 9217 42242
f 60516 22593 41359
f 49542 36927 21886
f 36537 45119 12
f 1 9217 42242
f 60759 1601 41408
f 49542 20543 25501
f 34522 45375 12
f 1 9217 42182
f 58599 41025 41637
f 5235 61504 144
f 16467 65344 65536
f 1 30721 42277
f 55168 62017 41439
f 51601 32831 43703
f 47863 65343 65536
f 1 7425 42329
f 55105 62017 41439
f 38380 49215 39685
f 47863 57407 12
f 1 4609 42252
f 55221 62017 41439
f 45099 8255 40270
f 47863 57663 2572
f 1 14593 42032
f 58633 10817 41762
f 37626 28735 65277
f 526 65344 65536
f 1 28673 41997
f 57372 51265 41746
f 7409 12351 17371
f 62647 50751 12
f 1 10753 41988
f 60802 30785 41769
f 19925 32831 28374
f 58009 44863 12
f 1 28673 41997
f 55202 19009 41775
f 7409 41023 41513
f 63227 57151 12
f 1 10753 41988
f 60736 42561 41742
f 19925 53311 26256
f 61590 44607 12
f 1 61185 41966
f 57372 51265 41746
f 9055 12351 17371
f 62647 51007 12
f 1 48897 42112
f 55202 19009 41775
f 1255 41023 41513
f 63227 56895 12
f 1 64257 42179
f 58335 65089 42722
f 52106 63 990
f 65247 65343 65536
f 1 9217 42195
f 54858 9793 42708
f 48225 32831 47541
f 61446 65343 65536
f 1 9217 42195
f 54858 56129 42731
f 48225 24639 47541
f 55378 56127 12
f 1 9217 42195
f 54858 16961 42652
f 48225 24639 47541
f 47138 55871 12
f 1 55809 42150
f 60457 13889 42743
f 44649 49215 33563
f 60071 65343 65536
f 1 28161 42174
f 60457 13889 42743
f 38613 49215 33563
f 60071 43839 12
f 1 55297 42136
f 60457 13889 42743
f 41062 49215 33563
f 60071 43583 12
f 1 55297 42145
f 56986 45889 42746
f 43367 24639 21424
f 59178 65343 65536
f 1 55297 42145
f 56986 64065 42752
f 43367 24639 21424
f 57571 49983 12
f 1 55297 42145
f 56986 56129 42731
f 43367 24639 21424
f 55378 49727 2572
f 1 54273 42127
f 58546 63041 42485
f 21502 45120 569
f 4168 65345 65536
f 1 6401 42020
f 55092 53313 42229
f 19011 57407 45645
f 61010 56383 2572
f 1 54273 42127
f 58546 63041 42485
f 21502 45120 569
f 4168 65345 65536
f 1 6401 42020
f 55092 33857 42253
f 19011 57407 45645
f 772 56640 12
f 1 513 41946
f 57246 43585 42255
f 62215 57406 19884
f 2104 50496 12
f 1 513 41946
f 57246 25409 42249
f 62215 57406 19884
f 1300 50240 12
f 1 55553 41930
f 60696 43585 42255
f 46693 32830 31769
f 2104 44096 12
f 1 54273 42127
f 61850 63041 42485
f 21502 32832 50579
f 4168 53569 9
f 1 42753 41980
f 60696 5185 42262
f 43981 32830 31769
f 1283 44352 12
f 1 45569 43226
f 57632 9281 42198
f 27867 6208 277
f 64285 65344 65536
f 1 46337 43235
f 57738 17985 41552
f 15322 28736 64381
f 13130 65344 65536
f 11 4353 43447
f 58054 42561 41648
f 42072 4159 51690
f 56769 65343 65536
f 1 32001 43423
f 59739 42561 41648
f 36036 32831 16708
f 56769 40767 12
f 1 34049 43452
f 56662 57921 41638
f 40676 63 16201
f 54269 46911 12
f 1 22529 43462
f 59428 42561 41648
f 38161 8255 17004
f 56769 40511 12
f 1 34049 43452
f 56348 4673 41659
f 40676 57407 16010
f 52317 46655 2572
f 1 36097 43220
f 57738 17985 41552
f 13382 28736 64381
f 13130 65344 65536
f 1 45569 43093
f 56662 33345 41342
f 56215 63 16201
f 24682 46143 12
f 1 53761 43076
f 54555 25665 41464
f 55505 63 36927
f 16213 52287 12
f 1 53761 43076
f 54861 33345 41342
f 55505 16447 38462
f 24682 52543 12
f 1 25601 43400
f 54555 4673 41659
f 46260 63 36927
f 52317 53055 12
f 1 25601 43400
f 54269 29505 41735
f 46260 57407 35491
f 44902 52799 12
f 1 23297 43077
f 60149 61505 41331
f 52576 24639 18864
f 35388 40255 12
f 1 41473 43095
f 59739 61505 41331
f 55719 32831 16708
f 35388 39999 12
f 1 45569 43093
f 56999 20033 41310
f 56215 20543 16404
f 26930 46399 12
f 1 45569 43226
f 57606 2625 42768
f 27867 53312 73
f 22854 65344 65536
f 1 27393 42983
f 57660 65345 43089
f 58990 16447 64824
f 24875 65343 65536
f 1 41985 42975
f 54285 4417 43071
f 56811 16447 43328
f 15183 65343 65536
f 1 8193 42945
f 54285 4417 43071
f 48999 16447 43328
f 15183 54847 12
f 1 41985 42975
f 54285 4417 43071
f 56810 16447 43328
f 15183 55103 12
f 1 27393 42983
f 59727 43585 43146
f 58990 32831 30721
f 57257 65342 65536
f 1 257 42984
f 59727 4673 43118
f 58840 32831 30721
f 23189 42814 12
f 1 27393 42983
f 59727 9281 43173
f 58990 32831 30721
f 27517 42558 12
f 1 27393 42983
f 56358 27713 43156
f 58990 32831 20303
f 47257 65342 65536
f 1 17921 42975
f 56358 27713 43156
f 56904 28735 20303
f 47259 48702 12
f 1 27393 42983
f 56358 27713 43156
f 58990 28735 20303
f 47259 48958 2572
f 1 46593 43560
f 57197 54849 42583
f 35761 32831 59136
f 64087 65343 65536
f 1 35841 43480
f 54037 17473 42572
f 60951 49214 34329
f 61124 53823 12
f 1 61697 43628
f 56140 61505 42594
f 3819 63 15885
f 61245 47935 12
f 1 55809 43597
f 56093 61505 42594
f 2552 4159 15857
f 61245 47679 12
f 1 45313 43606
f 59277 21057 42575
f 15211 12351 18960
f 57047 41791 12
f 1 45313 43606
f 59253 54081 42597
f 15211 36927 19715
f 60506 41535 12
f 1 55809 43597
f 54080 17473 42572
f 2552 24639 34541
f 61124 54079 12
f 1 257 43347
f 57361 17217 42934
f 53884 32831 61756
f 54050 65343 65536
f 1 45569 43332
f 54100 46145 42916
f 50221 32831 38347
f 49555 65343 65536
f 1 13825 43363
f 54100 46145 42916
f 42410 24639 38347
f 49555 54591 12
f 1 50689 43278
f 54100 46145 42916
f 36416 24639 38347
f 49555 54335 12
f 1 257 43373
f 59417 50753 42971
f 47228 32831 24955
f 44447 65343 65536
f 1 257 43373
f 59417 29761 42944
f 47228 32831 24955
f 37453 42303 12
f 1 257 43373
f 59417 51265 42989
f 47228 32831 24955
f 39837 42047 12
f 1 33793 43377
f 56159 13889 42978
f 46072 16447 17943
f 42799 65343 65536
f 1 43521 43385
f 56159 13889 42978
f 43987 16447 17943
f 42799 48447 12
f 1 13825 43363
f 56159 13889 42978
f 42410 16447 17943
f 42799 48191 2572
f 1 33793 43583
f 57261 11329 42106
f 27077 12351 59545
f 65359 65343 65536
f 1 48897 43640
f 56140 29761 42112
f 61085 62 15885
f 63751 47167 12
f 1 59137 43655
f 59222 11329 42106
f 45565 61502 17199
f 65358 41023 12
f 1 48897 43640
f 56348 11329 42106
f 61085 57406 16010
f 65358 47423 12
f 1 48129 43566
f 54269 37185 42109
f 18486 57407 35491
f 63012 53567 12
f 1 14337 43606
f 59428 44353 42101
f 42977 8254 17004
f 64207 41279 12
f 1 48129 43566
f 54080 17985 42133
f 18486 24639 34541
f 56943 53311 12
f 1 41473 42667
f 63599 15937 42442
f 12726 36929 39066
f 12250 65345 65536
f 1 11265 42651
f 55105 12609 41310
f 57072 49215 39685
f 8137 58175 12
f 1 29697 42646
f 57267 22593 41223
f 59273 12351 16566
f 27933 52030 12
f 1 29697 42643
f 60516 58945 41244
f 58505 36927 21886
f 25137 45886 12
f 1 29697 42646
f 60149 11329 41222
f 59273 24639 18864
f 25533 45630 12
f 1 49409 42910
f 61102 63041 42485
f 19687 8256 57415
f 4168 53313 9
f 1 8449 43295
f 60675 14401 41974
f 50828 20544 9611
f 60082 11584 11
f 1 31745 42525
f 56661 14401 43090
f 58431 45119 21577
f 24760 49471 12
f 1 31745 42525
f 56661 29249 43056
f 58431 45119 21577
f 22669 49215 12
f 1 7169 42653
f 56999 22593 41223
f 57568 20543 16404
f 27933 51774 12
f 1 46593 42539
f 60114 8769 43067
f 54901 4159 33558
f 34673 43327 12
f 1 16897 42283
f 3379 10818 42304
f 426 57409 1539
f 62236 46144 8
f 1 16897 42283
f 3379 41794 42823
f 426 57409 1539
f 46 46401 8
f 1 9729 42536
f 54563 29249 43056
f 56552 24639 46693
f 22669 55615 12
f 1 9729 42536
f 54563 11841 42929
f 56552 24639 46693
f 14744 55359 12
f 1 7681 42525
f 60114 8769 43067
f 58337 4159 33558
f 34673 43071 12
f 1 8449 43295
f 60675 10817 42304
f 50828 20544 9611
f 62236 11328 11
f 1 37377 42676
f 54861 12609 41310
f 50571 16447 38462
f 8137 57919 12
f 1 12033 42793
f 35488 23105 42195
f 47801 31296 5440
f 52905 65344 65536
f 1 51713 42946
f 34996 45633 42999
f 48574 54079 4456
f 12865 35902 12
f 1 50689 43278
f 34996 17985 42850
f 36416 54079 4456
f 32329 35647 12
f 1 50689 43278
f 34996 17985 42850
f 36416 54079 4456
f 32329 35391 12
f 1 35841 43480
f 34962 21057 42528
f 60951 25406 4388
f 49873 35135 12
f 1 35841 43480
f 34943 21057 42528
f 60951 35134 4349
f 49873 34879 12
f 1 22785 43503
f 35050 11329 42122
f 37601 62 4563
f 54101 34623 12
f 1 22785 43503
f 34962 11329 42122
f 37601 25406 4388
f 54101 34367 12
f 1 7425 42329
f 35488 32321 41508
f 38380 31039 5440
f 27860 34111 12
f 1 7681 42329
f 35435 32321 41508
f 38380 11839 5333
f 27860 33855 12
f 1 51713 42946
f 35109 45633 42999
f 48574 35135 4681
f 12865 36158 12
f 1 18433 42570
f 35109 11841 42929
f 47813 35391 4681
f 14744 36415 12
f 1 18433 42570
f 35250 11841 42929
f 47813 29247 4963
f 14744 36671 12
f 1 24321 42252
f 35250 16961 42652
f 33574 29247 4963
f 47138 36927 12
f 1 24321 42252
f 35382 16961 42652
f 33574 63 5227
f 47138 37183 12
f 1 49921 42083
f 35469 12865 42245
f 38365 40254 5401
f 57071 37439 12
f 1 49921 42083
f 35469 12865 42245
f 38365 39998 5401
f 57071 37695 12
f 1 48897 42112
f 35488 38465 41824
f 1255 31039 5440
f 50607 37951 12
f 1 48897 42112
f 35488 38465 41824
f 1255 31039 5440
f 50607 38207 12
f 1 34049 42669
f 35435 26689 41379
f 48766 11839 5333
f 43745 38461 12
f 1 34305 42669
f 35322 26689 41379
f 48765 31039 5108
f 43753 38717 12
f 1 55809 43039
f 35322 25665 41464
f 46040 31039 5108
f 16214 38975 12
f 1 55809 43039
f 35181 25665 41464
f 46040 37695 4826
f 16214 39231 12
f 1 10497 43343
f 35181 29505 41735
f 30449 37695 4826
f 44902 39487 12
f 1 10497 43343
f 35050 29505 41735
f 30449 575 4563
f 44902 39743 12
f 1 5633 47264
f 871 53058 42724
f 24939 24641 41916
f 23071 65345 65536
f 1 9729 46039
f 1401 48194 43300
f 37017 49216 17124
f 4642 24385 2566
f 11 56065 48420
f 569 41026 42050
f 41380 4160 31731
f 1498 65345 65536
f 1 769 48622
f 584 29250 41709
f 24243 20544 30801
f 46695 42816 5
f 1 56321 48560
f 569 35138 41713
f 16416 8256 31731
f 46957 27456 6
f 1 45057 48352
f 540 6722 42054
f 37017 8256 29874
f 1386 17729 6
f 1 33025 48546
f 569 35138 41713
f 16457 8256 31731
f 46957 27200 6
f 1 38913 46951
f 1136 12866 42391
f 5964 41025 33431
f 12173 65345 65536
f 1 50689 46757
f 1136 21314 42340
f 65058 41024 33431
f 49990 19264 6
f 1 50177 47556
f 971 6722 42054
f 38732 32832 23499
f 1386 17473 6
f 1 50689 46757
f 1136 42050 42963
f 65058 41024 33431
f 53245 19008 6
f 1 58881 44530
f 1998 48194 43300
f 5964 32833 21344
f 4642 65345 65536
f 1 4865 45136
f 1832 48194 43300
f 38732 57408 10749
f 4642 24129 6
f 1 43265 44390
f 1998 62786 43586
f 1476 32833 21344
f 56501 23872 6
f 1 54785 45385
f 60822 41537 47141
f 54326 26689 40496
f 31158 65345 65536
f 1 60417 43169
f 1896 3138 47140
f 4975 57409 19025
f 9534 65345 65536
f 1 19969 43748
f 1640 3138 47140
f 38469 49216 2663
f 9533 65 6
f 1 38913 42622
f 2277 3138 47140
f 40456 49216 54841
f 9533 321 2566
f 1 40449 47112
f 58442 48705 47258
f 20627 30785 29182
f 27411 65345 65536
f 1 31745 46413
f 52933 22593 47237
f 62046 59456 35765
f 51645 30272 10
f 1 46337 47147
f 62867 64065 46553
f 38978 8256 23717
f 4858 22593 6
f 1 17921 48207
f 61037 64065 46553
f 36732 12352 32596
f 4858 22849 2566
f 1 24577 46600
f 63644 60993 47755
f 4236 53313 40663
f 53496 22080 2566
f 1 24577 46600
f 63644 29249 46939
f 4236 53313 40663
f 50582 22336 2566
f 1 31745 46413
f 52933 60993 47755
f 62046 59456 35765
f 53496 30528 10
f 1 8961 46088
f 53681 45121 48029
f 41223 4160 14838
f 2741 45633 2570
f 1 17665 44643
f 61806 41537 47141
f 15106 54337 32170
f 31158 65345 65536
f 1 17665 44643
f 61905 577 46032
f 15106 36929 31377
f 56836 65344 65536
f 1 42753 45221
f 55885 577 46032
f 58730 4160 31181
f 56836 31296 10
f 1 41473 44295
f 1259 578 46032
f 3981 16449 27036
f 56836 65088 5
f 1 43009 44506
f 57060 577 46032
f 59993 57408 27763
f 56836 44864 10
f 1 25601 44614
f 61806 48449 47355
f 14182 53313 32170
f 24307 65345 65536
f 1 10241 45415
f 55069 45121 48029
f 42650 16448 11420
f 2741 45889 10
f 1 41473 44295
f 1259 37442 46754
f 3981 16449 27036
f 59932 65344 5
f 1 43009 44506
f 57060 62017 46490
f 59993 57408 27763
f 58803 44608 10
f 1 7169 45419
f 62864 34625 44916
f 52943 38977 35911
f 31345 65345 65536
f 1 30465 43574
f 64329 37441 44365
f 14089 28737 27339
f 13715 65345 65536
f 1 25089 42715
f 2673 24130 44547
f 38732 64 61414
f 7897 64577 5
f 1 769 44564
f 58083 31297 44028
f 27995 45120 7792
f 2928 31041 2570
f 11 59393 43427
f 64553 37441 44365
f 56071 34880 20585
f 13715 65345 65536
f 1 18177 43812
f 59044 31297 44028
f 30173 61504 4374
f 2928 30785 10
f 1 59393 43427
f 59471 17985 44210
f 56071 53312 18046
f 59756 46144 10
f 1 59393 43427
f 59471 11329 44606
f 56071 53312 18046
f 61824 46400 10
f 1 40449 43725
f 2263 24130 44547
f 37017 64 4375
f 7897 64833 5
f 1 1281 47086
f 64684 47937 45020
f 19776 8257 50499
f 28011 65345 65536
f 1 60161 47195
f 64930 51777 44249
f 37017 64 26418
f 3341 18753 2566
f 1 23553 45991
f 350 59970 45694
f 35030 8256 18546
f 6437 25153 2566
f 1 44545 48180
f 63623 51777 44249
f 35030 38976 33529
f 3341 18497 2566
f 1 3585 46547
f 65460 29249 45309
f 1994 16449 38078
f 53739 24896 2566
f 1 3585 46547
f 65460 57921 44586
f 1994 16449 38078
f 50643 24640 6
f 1 60929 44729
f 62554 21313 45098
f 12333 50241 34670
f 25528 65345 65536
f 1 42753 45221
f 55885 4673 45573
f 58730 4160 31181
f 54869 31552 10
f 1 43265 44390
f 1998 17986 44210
f 1476 32833 21344
f 59756 23616 2566
f 1 25089 44882
f 1004 59970 45694
f 37017 8256 10674
f 6437 25409 6
f 1 42241 45074
f 24 10306 41950
f 64269 60993 35073
f 44250 65345 65536
f 1 24065 42794
f 1160 37954 41230
f 22802 49217 19207
f 32705 65345 65536
f 1 19969 42587
f 62347 65 40110
f 45489 41024 63262
f 59229 9792 11
f 1 24065 42794
f 1160 36418 41345
f 22802 49217 19207
f 29026 65345 65536
f 1 58625 42406
f 1160 8258 40373
f 10402 47169 19207
f 61352 65344 65536
f 1 25857 41779
f 62887 8257 40373
f 46180 8256 56855
f 61352 53824 9
f 1 19969 42587
f 62347 8257 40373
f 45489 41024 63262
f 61352 10048 11
f 1 16385 42816
f 3977 8258 40373
f 60141 16448 55170
f 61352 27712 2562
f 11 24065 42794
f 1320 36418 41345
f 22802 20545 16644
f 29026 65345 65536
f 1 25857 41779
f 62887 16449 40636
f 46180 8256 56855
f 63475 54080 9
f 1 29697 43128
f 3292 60226 42070
f 40161 64 57415
f 5814 27457 2
f 1 29953 41873
f 4074 24642 40606
f 40160 32832 42755
f 5372 47937 8
f 1 47617 43925
f 3029 60226 42070
f 38732 16448 327
f 5814 27201 2
f 1 23041 47416
f 259 17730 40889
f 20836 40001 13624
f 14544 65345 65536
f 1 27393 46346
f 2504 63554 41031
f 38732 24640 9102
f 2424 25665 2
f 1 13057 48306
f 196 17730 40889
f 50257 24640 12622
f 14544 65345 65536
f 1 2305 48634
f 64472 38977 41637
f 25782 47168 972
f 46732 65344 65536
f 1 769 48622
f 584 35650 41643
f 24243 20544 30801
f 46351 42560 5
f 1 39425 48710
f 62339 38465 41630
f 15982 8256 33366
f 46283 40256 10
f 1 1281 48698
f 506 35650 41643
f 17592 53312 33968
f 46351 48960 5
f 1 39425 48710
f 383 38466 41630
f 15982 8256 33366
f 46283 40000 10
f 1 1281 48698
f 506 38466 41630
f 17592 53312 33968
f 46283 48704 2565
f 11 50177 47912
f 2276 51266 40198
f 17386 32832 15688
f 50433 65344 65536
f 1 25601 47856
f 2305 20546 40195
f 8222 24640 13831
f 50211 23360 8
f 1 47105 47986
f 2300 20546 40195
f 7919 24640 14124
f 50211 23104 8
f 1 51201 47848
f 2242 17986 40226
f 9196 8256 13490
f 48674 37952 2
f 1 51201 47848
f 2301 63810 40219
f 9196 24640 13555
f 48633 38208 2
f 1 61697 47213
f 2338 32834 40512
f 60672 32832 19697
f 728 65345 65536
f 1 61697 47213
f 2338 17986 40226
f 60672 24640 19697
f 48674 25152 2
f 1 61697 47213
f 2338 48962 40745
f 60672 24640 19697
f 52064 25408 2
f 1 23553 45893
f 64722 10305 41950
f 51170 47169 30482
f 44250 65345 65536
f 1 39425 44748
f 2864 29250 41551
f 63530 64 10922
f 4119 65345 65536
f 1 39425 44748
f 2864 45378 41784
f 63530 57408 10921
f 58845 28992 2
f 1 39425 44748
f 2864 14402 41265
f 63530 57408 10921
f 55455 28736 2562
f 1 23553 45893
f 64528 10305 41950
f 51170 59457 28930
f 44250 65345 65536
f 1 59393 45813
f 61783 13889 41910
f 40254 55361 38923
f 64179 13376 11
f 1 59393 45813
f 64256 16961 40218
f 40254 6209 46363
f 52300 13632 11
f 1 29185 45638
f 2767 63554 41031
f 40161 49216 4714
f 2424 25921 2
f 1 5633 47065
f 60516 38465 42811
f 32076 45121 59203
f 28166 33089 10
f 1 6913 45195
f 64256 65 40110
f 39998 6209 46363
f 59229 12096 11
f 1 34561 46209
f 60516 38465 42811
f 33924 45121 59203
f 28166 32833 10
f 1 1 40961
f 42373 31297 40615
f 32769 24642 34181
f 30004 65346 65536
f 1 15873 38537
f 1064 13122 38725
f 40330 14401 62197
f 58834 55104 9
f 1 15873 38537
f 1064 2370 39824
f 40330 14401 62197
f 2076 54849 9
f 1 40449 40897
f 64663 48705 37017
f 35228 64 15916
f 50445 54592 9
f 1 40449 40897
f 64663 41793 36875
f 35228 64 15916
f 48758 54336 9
f 1 34305 41245
f 63942 65089 38525
f 40386 57408 38852
f 56866 53056 9
f 1 34305 41245
f 63942 13121 38725
f 40386 57408 38852
f 58834 52800 9
f 1 38401 40431
f 65389 58945 43636
f 33924 15425 1872
f 31516 55361 9
f 1 26625 39505
f 489 58946 43636
f 35176 47169 61961
f 31516 55617 9
f 1 53249 39122
f 645 16450 40636
f 41297 19521 710
f 63475 55872 9
f 1 53249 39122
f 645 42562 42087
f 41297 19521 710
f 4825 56129 9
f 1 26625 40391
f 5430 21314 34570
f 42676 64 15397
f 31400 8768 3
f 1 58881 40326
f 5436 21314 34570
f 42785 64 11907
f 31400 8512 3
f 1 9473 40457
f 5294 54594 35683
f 46883 64 50489
f 39181 7232 3
f 1 9473 40457
f 5294 15682 35533
f 46883 64 50489
f 37157 6976 3
f 1 43265 40312
f 5493 27202 33772
f 43696 64 31449
f 14263 6208 3
f 1 43265 40312
f 5493 37442 33720
f 43696 64 31449
f 11833 5952 3
f 1 43009 42132
f 62752 10817 46753
f 41858 48193 17645
f 5025 46913 10
f 1 20993 40940
f 64335 64065 44642
f 42064 16449 10303
f 64179 48192 10
f 1 20993 40940
f 64335 10817 46753
f 42064 16449 10303
f 5025 48449 10
f 1 33025 40539
f 65536 65 33081
f 22132 64 16385
f 7168 32064 9
f 1 61953 38270
f 32769 37440 41675
f 65456 65 51201
f 38751 6976 13
f 1 34817 38059
f 32769 29248 41838
f 62073 65 51201
f 23886 6720 13
f 1 13825 38017
f 32769 4672 42264
f 61396 65 34817
f 7497 6464 13
f 1 13825 38017
f 32769 59456 43794
f 61396 65 43009
f 15676 6209 13
f 1 33025 40539
f 65536 37185 33070
f 22132 64 1
f 5833 31808 9
f 1 13313 40602
f 65386 7489 34571
f 25601 64 18817
f 25743 31552 9
f 1 13313 40602
f 65386 55361 34510
f 25601 64 18817
f 23786 31296 9
f 1 45057 40634
f 65191 7233 35591
f 21443 32832 37910
f 40861 31040 9
f 1 28673 40768
f 65097 7233 35591
f 21152 64 48165
f 40861 30784 9
f 1 54785 40556
f 65505 37441 33720
f 23370 64 31457
f 11833 30528 9
f 1 54785 40556
f 65505 32833 33753
f 23370 64 31457
f 13377 30272 9
f 1 10241 40299
f 5509 65090 33086
f 42832 64 1
f 7935 12096 9
f 1 2817 41232
f 4207 24642 40606
f 41249 32832 37410
f 5372 47681 8
f 1 15873 40272
f 4253 26178 40787
f 62319 49216 43264
f 64694 47424 8
f 1 15873 40272
f 4253 43842 41201
f 62319 49216 43264
f 1250 47169 8
f 1 30209 40618
f 3777 56386 43109
f 40161 49216 40107
f 9205 46913 8
f 1 2561 41505
f 3534 56386 43109
f 38732 32832 48761
f 9205 46657 8
f 1 7681 41006
f 4668 41538 38839
f 55708 32832 33216
f 59964 44864 8
f 1 7681 41006
f 4668 65090 38525
f 55708 32832 33216
f 56866 44608 8
f 1 56577 40791
f 5039 16706 37008
f 41996 64 7370
f 57245 44352 8
f 1 30209 40526
f 5073 16706 37008
f 42447 32832 4460
f 57245 44096 8
f 1 5633 41412
f 3084 66 45794
f 37017 64 48543
f 11153 63297 5
f 1 13569 42044
f 2532 9026 47477
f 5969 49217 11015
f 63029 63552 5
f 1 36097 42023
f 2829 59458 45456
f 3190 8257 7866
f 366 577 6
f 1 36097 42023
f 2829 38978 44833
f 3190 8257 7866
f 63012 832 6
f 1 1 40961
f 32769 59968 34374
f 32769 66 10241
f 18622 61505 12
f 1 13825 38744
f 32769 46144 43943
f 55695 65 53249
f 10915 62785 12
f 1 64513 39006
f 32769 15424 44203
f 59899 65 53249
f 2610 63041 12
f 1 42497 39271
f 32769 41536 44297
f 64134 65 51201
f 64713 63296 12
f 1 42497 39271
f 32769 7488 45751
f 64134 65 2049
f 39434 63553 12
f 2 1 57345
f 44972 1089 40941
f 32769 64322 36780
f 32609 65346 65536
f 2 2049 53057
f 44972 27969 41512
f 61826 64321 36780
f 24333 65346 65536
f 1 50177 50152
f 44972 43073 37938
f 59830 64320 36780
f 57020 65345 65536
f 1 12545 49545
f 32768 63552 35949
f 7335 64 26625
f 17634 8257 13
f 1 56833 49985
f 4151 35650 40116
f 49149 49216 30555
f 11580 65345 65536
f 1 64513 50305
f 4210 33346 40809
f 24555 24640 2627
f 44346 65344 65536
f 1 16641 50270
f 5303 45122 40823
f 15064 24640 35817
f 42069 53056 5
f 1 52225 50321
f 5115 2626 40794
f 14293 41024 40812
f 41914 51008 5
f 1 52225 50321
f 5115 33602 40769
f 14293 41024 40812
f 41786 50752 5
f 1 35073 50223
f 4192 30786 40843
f 14001 8256 35092
f 42172 44864 5
f 1 16641 50270
f 5303 2626 40794
f 15064 24640 35817
f 41914 52800 5
f 1 35073 50223
f 5323 45122 40823
f 14001 32832 35177
f 42069 44608 5
f 1 51713 50377
f 4025 33602 40769
f 15363 41024 64876
f 41786 40768 5
f 1 56833 49985
f 4151 52034 40057
f 49149 49216 30555
f 9700 65345 65536
f 1 11777 50276
f 3123 54850 40734
f 28370 57408 14106
f 41605 65344 65536
f 1 11521 50276
f 2207 54850 40734
f 28370 16448 64433
f 41605 42048 10
f 1 51713 50377
f 4025 54850 40734
f 15363 41024 64876
f 41605 40512 5
f 1 33793 49643
f 4151 46658 39471
f 21708 49216 30555
f 47426 65344 65536
f 1 51201 49783
f 5136 43074 39423
f 3754 64 25864
f 44350 21056 8
f 1 51201 49783
f 3062 46658 39471
f 3754 14400 13133
f 47426 41024 9
f 1 13313 49715
f 6842 43074 39423
f 3912 32832 25564
f 44350 21312 8
f 1 15361 49508
f 3062 46658 39471
f 4392 14400 13133
f 47426 41280 9
f 1 4609 49608
f 7265 45122 39470
f 4161 16448 21202
f 44524 33600 8
f 1 46081 49666
f 7237 45122 39470
f 4025 8256 21458
f 44524 33344 8
f 1 46081 49666
f 7237 58434 39447
f 4025 8256 21458
f 44241 31552 8
f 1 13313 49715
f 6903 58434 39447
f 3912 57408 21669
f 44241 31296 8
f 1 62209 49568
f 6698 56642 39490
f 4251 8256 45126
f 44396 25408 8
f 1 4609 49608
f 6698 56642 39490
f 4161 8256 45126
f 44396 25152 8
f 1 3073 50473
f 32769 45632 39008
f 39332 64 16385
f 14710 8513 13
f 2 13569 53301
f 50222 50497 45092
f 57919 40513 11346
f 56915 65345 65536
f 1 36609 51481
f 55783 63041 45017
f 24840 13889 224
f 55718 65345 65536
f 1 57857 51062
f 61521 33089 42972
f 11443 34881 43029
f 13213 65345 65536
f 1 5633 50754
f 60210 46657 42164
f 50782 45120 91
f 40264 65344 65536
f 1 11265 50959
f 57081 55873 42497
f 4696 32831 62608
f 397 65343 65536
f 1 25601 50978
f 57081 55873 42497
f 55249 41022 62608
f 396 19775 11
f 1 62977 50924
f 57081 55873 42497
f 39893 41022 62608
f 396 19519 11
f 1 5633 50754
f 60366 46657 42164
f 50782 20544 63230
f 40264 65344 65536
f 1 25089 51021
f 60366 46657 42164
f 33674 20544 63230
f 40264 40512 10
f 1 48385 50631
f 59372 46657 42164
f 42951 2112 47321
f 40264 29504 10
f 1 11265 51120
f 58999 26689 43709
f 3896 61505 32941
f 44801 65344 65536
f 1 34049 51345
f 63212 12865 43679
f 31486 30784 44233
f 38944 35136 6
f 1 1 51229
f 58722 31297 43794
f 27886 34880 60955
f 39356 54336 5
f 1 45825 51241
f 56555 15425 43774
f 29511 22592 61422
f 39284 56384 5
f 1 45825 51241
f 56555 31297 43794
f 29511 22592 61422
f 39356 56640 5
f 1 30465 51412
f 63654 14657 43625
f 31586 20544 44411
f 38752 39232 6
f 1 34049 51345
f 62478 36417 43728
f 31486 57408 44070
f 39121 34880 6
f 1 8705 51262
f 55029 15425 43774
f 28653 34880 50829
f 39284 38208 5
f 1 8705 51262
f 55029 19521 43763
f 28653 34880 50829
f 39245 37952 5
f 1 19457 51287
f 61381 13889 43769
f 31012 57408 43936
f 39266 36928 6
f 1 33537 51455
f 64457 18497 43614
f 27833 26688 44447
f 38713 33088 6
f 1 33537 51455
f 63654 14657 43625
f 27833 20544 44411
f 38752 32832 6
f 1 19457 51287
f 62478 36417 43728
f 31012 57408 44070
f 39121 37184 6
f 1 55809 51244
f 61381 13889 43769
f 29915 57408 43936
f 39266 31040 6
f 1 1 51229
f 58722 31297 43794
f 27886 34880 60955
f 39356 54592 5
f 1 55809 51244
f 59791 31297 43794
f 29915 38976 43853
f 39356 30784 6
f 1 20737 51631
f 64070 18497 43614
f 40614 59456 50641
f 38713 28736 6
f 1 30465 51412
f 63212 12865 43679
f 31586 30784 44233
f 38944 38976 6
f 1 13825 50858
f 55358 19521 43763
f 56562 6208 56086
f 39245 34368 10
f 1 12801 51506
f 54055 19521 43763
f 45392 36928 52660
f 39245 28480 10
f 1 57857 51062
f 61521 7745 42851
f 11443 34881 43029
f 3296 65345 65536
f 1 54529 50356
f 64191 49729 42726
f 43233 45120 31934
f 64169 65344 65536
f 1 45825 50426
f 821 5954 42487
f 20588 38976 48819
f 42791 35904 6
f 1 54529 50356
f 59012 58177 42973
f 43233 8256 6416
f 23349 20288 11
f 1 2817 50371
f 60265 42049 42498
f 21749 24640 46697
f 41694 39232 5
f 1 41985 50370
f 821 5954 42487
f 20786 38976 48819
f 42791 36160 6
f 1 15873 50325
f 57157 60993 42870
f 40876 41024 57738
f 23277 17984 11
f 1 52737 50335
f 62878 57665 42517
f 20909 32832 39757
f 42348 57664 5
f 1 46593 50363
f 60695 57665 42517
f 20810 10304 39824
f 42348 57408 5
f 1 2817 50371
f 60265 21057 42508
f 21749 24640 46697
f 41736 38976 5
f 1 46593 50363
f 60695 52289 42792
f 20810 10304 39824
f 59942 47168 5
f 1 40449 50322
f 58667 60993 42870
f 41044 28736 17448
f 23277 18240 11
f 1 48641 50494
f 1594 60994 42401
f 20348 28736 43939
f 42802 38208 6
f 1 41985 50370
f 142 52802 42515
f 20786 47168 52604
f 42480 29760 6
f 1 52737 50335
f 142 52802 42515
f 20909 47168 52604
f 42480 30016 6
f 1 54529 50356
f 59012 64577 42866
f 43233 8256 6416
f 22772 20032 11
f 1 52737 50335
f 63947 15425 42526
f 20909 30784 56859
f 41813 55616 5
f 1 10753 50569
f 1594 60994 42401
f 20085 28736 43939
f 42802 37952 6
f 1 16897 50380
f 56945 18497 42953
f 41734 32832 53893
f 20712 19264 11
f 1 45825 50426
f 1289 33858 42447
f 20588 47168 46090
f 42867 34112 6
f 1 48641 50494
f 1289 33858 42447
f 20348 47168 46090
f 42867 33856 6
f 1 18689 50286
f 56676 4161 42938
f 38383 49216 21148
f 22660 18496 11
f 1 19969 50326
f 56524 4161 42938
f 38281 16448 21148
f 22660 18752 11
f 1 16129 50584
f 1909 60994 42371
f 20032 12352 46792
f 41460 31808 6
f 1 10753 50569
f 1909 60994 42371
f 20085 12352 46792
f 41460 32064 6
f 1 16897 50380
f 58455 58177 42973
f 41734 57408 15525
f 23349 19008 11
f 1 52737 50335
f 63947 15425 42526
f 20909 30784 56859
f 41813 55360 5
f 1 42241 51873
f 59791 52289 43299
f 36532 63552 36106
f 43413 65344 65536
f 1 23041 51895
f 170 54594 43265
f 25061 43072 45545
f 38494 50240 5
f 1 62465 51844
f 222 32834 43301
f 25275 43072 45417
f 38835 52288 5
f 1 23041 51895
f 170 32834 43301
f 25061 43072 45545
f 38835 52544 5
f 1 21505 51811
f 64861 33857 43333
f 25417 63552 63301
f 38537 44096 5
f 1 62465 51844
f 64861 33857 43333
f 25275 63552 63301
f 38537 44352 5
f 1 65025 51995
f 57541 52289 43299
f 24634 3136 21447
f 43412 41536 10
f 1 9217 51759
f 57541 52289 43299
f 25638 3136 21447
f 43412 41792 10
f 1 2817 51937
f 65166 54593 43265
f 24884 34880 45651
f 38494 50496 5
f 1 65025 51995
f 61455 28225 43227
f 24634 14400 45801
f 38781 40256 5
f 1 2817 51937
f 65166 28225 43227
f 24884 34880 45651
f 38781 40000 5
f 1 17409 51113
f 58999 41793 42912
f 4117 61505 32941
f 1327 65345 65536
f 1 12801 51506
f 54055 63041 43385
f 45392 36928 52660
f 37898 28224 10
f 1 48385 50631
f 59372 42049 42498
f 42951 2112 47321
f 41694 29248 10
f 1 20737 51631
f 64070 49217 43345
f 40614 59456 50641
f 37754 28992 6
f 1 48129 51543
f 48087 16961 46762
f 22851 63553 35200
f 22851 65345 65536
f 1 33793 50402
f 54455 36417 47129
f 38198 34880 38911
f 3195 20033 6
f 1 62209 52613
f 44358 51777 47008
f 42743 36928 7797
f 14961 65345 65536
f 1 47873 52610
f 46603 59969 46905
f 41802 8256 45211
f 35681 65344 6
f 1 47873 52610
f 46603 46145 46801
f 41802 8256 45211
f 35418 65088 6
f 1 48385 52669
f 46363 46145 46801
f 39172 34880 46480
f 35418 5952 7
f 1 48385 52669
f 46363 13889 46781
f 39172 34880 46480
f 35366 5696 7
f 1 12289 52554
f 46603 6977 47430
f 38918 36928 43609
f 1479 60737 4
f 1 37889 52679
f 46207 13889 46781
f 38542 41024 43982
f 35366 17472 10
f 1 27393 52559
f 46603 56897 46917
f 39253 36928 43609
f 35711 4672 5
f 1 27393 52559
f 46701 59969 46905
f 39253 12352 43642
f 35681 4928 5
f 1 38145 52679
f 42036 13889 46781
f 38542 38976 43982
f 35366 17728 10
f 1 38145 52679
f 45375 34881 46425
f 38542 36928 43982
f 58130 57408 10
f 1 13569 51297
f 50836 16961 46762
f 14961 9281 15642
f 22851 65345 65536
f 1 13569 51297
f 50836 2881 45692
f 14961 8257 15642
f 42743 65344 65536
f 1 56833 51393
f 52156 54849 45740
f 36078 10304 43642
f 38885 26432 6
f 1 58369 50875
f 53108 52801 45751
f 1479 53313 60469
f 38918 19520 6
f 1 51201 51524
f 49619 27201 45626
f 35366 21568 5906
f 38542 38976 10
f 1 5377 51400
f 52156 17473 45695
f 35681 10304 43642
f 41802 43840 5
f 1 18945 51504
f 52013 17473 45695
f 35418 41024 43926
f 41802 43584 5
f 1 56833 51393
f 52054 52801 45751
f 36078 34880 43609
f 38918 26176 6
f 1 18945 51504
f 52013 16705 45636
f 35418 41024 43926
f 39172 49984 5
f 1 51201 51524
f 49619 27201 45626
f 35366 21568 5906
f 38542 39232 10
f 1 51201 51524
f 51704 16705 45636
f 35366 32832 43982
f 39172 49728 5
f 1 30465 51880
f 49862 27201 45626
f 58130 38976 60155
f 38542 35904 10
f 1 28673 51176
f 50940 31297 47903
f 3195 24641 60456
f 38198 62272 4
f 1 63233 51052
f 52024 2113 47253
f 7146 54337 6136
f 7146 65345 65536
f 1 58369 50875
f 53108 12353 46656
f 1479 53313 60469
f 41629 19776 6
f 1 52737 51649
f 49592 6977 47430
f 41629 6208 38898
f 1479 60481 4
f 1 18689 51539
f 53999 34881 44694
f 22708 30785 36564
f 16324 65345 65536
f 1 61441 50388
f 55183 5697 44583
f 37329 12352 6433
f 12757 65345 65536
f 1 17153 50339
f 57483 22081 44439
f 31657 16448 41594
f 44412 42048 5
f 1 18945 50451
f 57376 49217 44385
f 31182 49216 41878
f 42008 48192 5
f 1 40705 50332
f 57377 65 44490
f 32507 41024 41561
f 41839 26688 6
f 1 40705 50332
f 57483 6209 44480
f 32507 16448 41594
f 41803 26944 6
f 1 18945 50451
f 57376 22081 44439
f 31182 49216 41878
f 44412 42304 5
f 1 20737 50473
f 57074 49217 44385
f 31089 41024 41934
f 42008 48448 5
f 1 20737 50473
f 54989 51777 44376
f 31089 24640 4882
f 41434 39744 10
f 1 20737 50473
f 54989 51777 44376
f 31089 24640 4882
f 41434 39488 10
f 1 59905 50317
f 57377 577 44921
f 32784 41024 41561
f 1944 21313 6
f 1 20737 50473
f 57074 20801 44092
f 31089 41024 41934
f 59641 46144 5
f 1 57345 52487
f 53999 1601 45007
f 50242 30784 36564
f 6324 65345 65536
f 1 32257 52258
f 49409 65089 44958
f 33936 28736 52913
f 36542 39488 5
f 1 7937 52484
f 48355 59969 44528
f 47498 63552 55951
f 35252 30016 10
f 1 7937 52484
f 48355 57409 44946
f 47498 63552 55951
f 36505 29760 10
f 1 32257 52258
f 49409 57409 44946
f 33936 28736 52913
f 36505 39744 5
f 1 23809 52242
f 54181 26945 44981
f 34529 30784 45901
f 36609 30272 6
f 1 23809 52242
f 55761 27713 44953
f 34529 49216 45984
f 36525 30528 6
f 1 11009 52398
f 57555 47169 44853
f 35243 24640 46281
f 36226 38464 6
f 1 26113 52769
f 59061 45633 44470
f 31681 36928 65264
f 35994 45888 5
f 1 51713 52281
f 55761 27713 44953
f 35024 49216 45984
f 36525 36416 6
f 1 9729 52252
f 49843 21825 45308
f 33530 12352 45968
f 58900 47680 5
f 1 60673 52600
f 58331 24641 44484
f 43007 49216 53574
f 35119 28480 6
f 1 60673 52600
f 58331 53569 44781
f 43007 49216 53574
f 36011 28224 2566
f 1 24577 52438
f 57975 61249 44793
f 33482 18496 46459
f 36047 32320 2566
f 1 24577 52438
f 58773 53569 44781
f 33482 20544 46495
f 36011 32576 6
f 1 9729 52252
f 49843 47681 44970
f 33530 12352 45968
f 37293 58176 5
f 1 46849 52227
f 52043 47681 44970
f 33592 30784 45901
f 37293 57920 5
f 1 11009 52398
f 57975 61249 44793
f 35243 18496 46459
f 36047 38720 6
f 1 51713 52281
f 56841 25409 44908
f 35024 49216 46118
f 36390 36672 6
f 1 55809 52720
f 51726 37441 44432
f 31926 19520 22170
f 41419 41280 10
f 1 46849 52227
f 53112 26945 44981
f 33592 26688 63003
f 36609 56128 5
f 1 59649 52335
f 56841 25409 44908
f 35222 49216 46118
f 36390 34368 6
f 1 59649 52335
f 57555 47169 44853
f 35222 24640 46281
f 36226 34624 6
f 1 46849 52227
f 53112 26945 44981
f 33592 26688 63003
f 36609 55872 2565
f 11 38657 51381
f 52482 34881 44694
f 12261 10305 18277
f 16324 65345 65536
f 1 13825 50858
f 55358 51777 44376
f 56562 6208 56086
f 41434 34624 10
f 1 17409 51255
f 55461 20801 44092
f 27774 18496 43920
f 59641 46400 5
f 1 30465 51880
f 49862 57409 44946
f 58130 38976 60155
f 36505 36160 10
f 1 51201 51524
f 51704 21825 45308
f 35366 32832 43982
f 58900 47936 5
f 1 1025 55112
f 42686 1345 46759
f 25123 22593 58085
f 27742 65345 65536
f 13697 47416 54493
f 48080 18241 45813
f 5338 63553 36509
f 60492 65344 65536
f 11 51201 53887
f 53798 11841 45464
f 37431 2112 54548
f 34779 65344 65536
f 1 19457 53910
f 53734 43073 45419
f 35989 14400 53524
f 31091 7744 7
f 1 19457 53910
f 53734 28737 45458
f 35989 14400 53524
f 31286 8000 7
f 1 53761 53870
f 54169 28737 45458
f 36345 24640 48617
f 31286 9792 7
f 1 53761 53870
f 54169 21057 45505
f 36345 24640 48617
f 31523 10048 2567
f 1 56833 54534
f 47652 18241 45813
f 4021 54337 34797
f 60492 65344 65536
f 1 59137 53952
f 51491 21313 45393
f 36332 12352 6114
f 33615 65344 65536
f 1 59137 53952
f 51491 54337 45364
f 36332 11328 6114
f 30814 63040 6
f 1 59137 53952
f 51491 43073 45419
f 36332 11328 6114
f 31091 63296 6
f 1 12801 55006
f 44671 321 46310
f 43413 28736 12977
f 24634 65344 65536
f 1 37121 55078
f 45647 321 46310
f 38781 4160 5165
f 24634 63552 6
f 1 12801 55006
f 42792 321 46310
f 43412 61504 61425
f 24634 18240 10
f 1 55553 55748
f 36881 42305 47734
f 4744 2113 34865
f 58579 65344 65536
f 1 12289 55324
f 30597 19009 47990
f 17453 28736 8468
f 40112 23616 11
f 1 24065 55816
f 29612 3393 47336
f 51975 24638 65530
f 873 24895 11
f 1 55553 55748
f 36881 42305 47734
f 4744 2369 34865
f 58579 65344 65536
f 1 56833 56176
f 41918 9281 47334
f 40111 28736 58864
f 20948 1088 7
f 1 7425 55788
f 34356 12353 47970
f 42348 2112 57593
f 20909 13632 7
f 1 11265 56234
f 42846 46145 47240
f 39865 38976 41449
f 21166 7232 7
f 1 39425 56262
f 42085 46145 47240
f 39744 34880 41555
f 21166 7488 7
f 1 49665 55779
f 36539 12353 47970
f 41813 28736 56859
f 20909 11584 7
f 1 55809 55399
f 33960 20033 47923
f 27043 51264 34465
f 41790 25152 11
f 1 7425 55788
f 34356 18753 47942
f 42348 2112 57593
f 20810 13376 7
f 1 49665 55779
f 38385 16705 47953
f 41813 26688 52188
f 23077 8256 5
f 1 7681 55802
f 38385 16705 47953
f 41717 26688 52188
f 23077 8512 5
f 1 46593 55517
f 33629 13377 47927
f 60231 47168 60076
f 20757 56896 10
f 1 56833 56176
f 40816 48449 47541
f 40111 16448 41236
f 37921 6464 5
f 1 38657 55383
f 30141 19009 47990
f 17150 24640 8468
f 40112 23872 11
f 1 47617 55348
f 30597 3649 47923
f 20594 28736 8468
f 41774 23104 11
f 1 3073 55745
f 29612 3393 47336
f 25637 24638 65530
f 873 24639 11
f 1 8961 55963
f 30253 62785 47406
f 51665 20544 53538
f 18920 50752 10
f 1 35585 55929
f 41586 32833 47729
f 41171 51264 46611
f 21024 10304 5
f 1 14593 55939
f 41586 32833 47729
f 41129 51264 46611
f 21024 10560 5
f 1 55809 55399
f 33960 5697 47994
f 27043 51264 34465
f 41975 25408 11
f 1 12289 55802
f 32804 18753 47942
f 42025 41024 46877
f 20810 60736 6
f 1 52481 56199
f 41918 9281 47334
f 40013 28736 58864
f 20948 1344 7
f 1 52481 56199
f 43014 49217 47289
f 40013 43072 41321
f 21930 9280 7
f 1 47617 55348
f 34164 20033 47923
f 20594 4160 29636
f 41790 23360 11
f 1 12289 55802
f 32804 13377 47927
f 42025 41024 46877
f 20757 60480 6
f 1 6657 55838
f 40519 13889 47846
f 41563 30784 45277
f 24823 12352 5
f 1 50689 55881
f 40519 13889 47846
f 41376 30784 45277
f 24823 12608 5
f 1 11265 56234
f 42846 49217 47289
f 39865 38976 41449
f 21930 9536 7
f 1 14593 55939
f 41978 48449 47541
f 41129 20544 40351
f 37921 6208 5
f 1 8961 55963
f 30253 13377 47927
f 51665 20544 53538
f 20757 51008 10
f 1 24065 55430
f 30141 41537 47977
f 23137 24640 8468
f 40922 24384 11
f 1 24065 55430
f 33756 5697 47994
f 23137 4160 29636
f 41975 24128 11
f 1 49665 55779
f 36539 12353 47970
f 41813 28736 56859
f 20909 11328 7
f 1 7681 55802
f 39676 6721 47908
f 41717 36928 48149
f 24275 14400 5
f 1 6657 55838
f 39676 6721 47908
f 41563 36928 48149
f 24275 14656 5
f 1 35585 55929
f 41022 4417 47775
f 41171 4160 43050
f 24979 16704 5
f 1 41473 56216
f 31089 62785 47406
f 45086 2112 60223
f 18920 19264 10
f 1 50689 55881
f 41022 4417 47775
f 41376 4160 43050
f 24979 16448 5
f 1 55041 55408
f 42288 3393 47125
f 15625 33857 35943
f 5841 65345 65536
f 1 38401 54596
f 42456 54337 47185
f 44801 8256 28026
f 3896 65345 65536
f 1 45569 54542
f 37604 52801 46799
f 39245 20544 43956
f 45392 51776 10
f 1 51969 54626
f 46306 34881 46893
f 38944 64 47324
f 31586 15680 5
f 1 50689 54680
f 46306 34881 46893
f 38752 64 47324
f 31586 15424 5
f 1 33793 54511
f 40696 65089 47076
f 39356 38976 43853
f 27886 12608 7
f 1 49665 54531
f 38479 56897 47043
f 39284 16448 43920
f 28653 61504 6
f 1 45569 54542
f 37604 51777 47447
f 39245 20544 43956
f 56562 58176 10
f 1 33793 54511
f 42834 65089 47076
f 39356 38976 43853
f 27886 12352 7
f 1 51201 54536
f 44921 45633 47018
f 39266 41024 52379
f 31012 13632 5
f 1 46593 54691
f 47277 44609 46674
f 38713 26688 44447
f 40614 5440 5
f 1 51201 54536
f 43616 9281 47061
f 39266 47168 56367
f 29914 7232 5
f 1 28929 54577
f 44921 45633 47018
f 39121 41024 52379
f 31012 13376 5
f 1 33793 54511
f 43616 9281 47061
f 39356 47168 56367
f 29914 7488 5
f 1 28929 54577
f 45781 31297 46960
f 39121 14400 49536
f 31486 11584 5
f 1 33793 54511
f 40696 19521 47064
f 39356 38976 43853
f 29511 14400 7
f 1 51969 54626
f 45781 31297 46960
f 38944 14400 49536
f 31486 11328 5
f 1 50689 54680
f 46884 31809 46850
f 38752 61504 50743
f 27833 9536 5
f 1 45569 54542
f 37604 56897 47043
f 39245 20544 43956
f 28653 61760 6
f 1 49665 54531
f 38479 19521 47064
f 39284 16448 43920
f 29511 14656 7
f 1 46593 54691
f 46884 31809 46850
f 38713 61504 50743
f 27833 9280 5
f 1 41473 56216
f 38993 32833 47187
f 45086 36928 12751
f 22151 65344 65536
f 1 41473 56216
f 37104 21057 47155
f 45086 32832 60824
f 18032 19008 10
f 1 39425 56262
f 42085 32833 47187
f 39744 34880 41555
f 22150 62528 6
f 1 52481 56302
f 38299 32833 47187
f 39571 12352 41705
f 22150 62784 6
f 1 12801 55006
f 42288 52289 46713
f 43413 33856 35943
f 50897 65344 65536
f 1 32257 55004
f 48355 2625 46461
f 38835 28736 46697
f 25274 10560 7
f 1 15873 54960
f 46227 44609 46674
f 37754 18496 45332
f 40614 5184 5
f 1 31233 54972
f 46227 43841 46494
f 38537 18496 45332
f 25417 2368 7
f 1 37121 55078
f 45647 62273 46368
f 38781 4160 5165
f 24884 63808 6
f 1 32257 55004
f 48355 42049 46410
f 38835 28736 46697
f 25061 10304 7
f 1 2049 54920
f 36128 52801 46799
f 37898 49216 45199
f 45392 52032 10
f 1 31233 54972
f 48435 2625 46461
f 38537 41024 45417
f 25274 2112 7
f 1 12801 55006
f 37104 56129 46546
f 43412 32832 60824
f 25638 17984 10
f 1 10497 55040
f 47906 62273 46368
f 38494 10304 51582
f 24884 8256 7
f 1 10497 55040
f 47906 42049 46410
f 38494 10304 51582
f 25061 8512 7
f 1 30209 53611
f 48593 56897 46142
f 16324 6209 58190
f 37720 65345 65536
f 1 32257 53409
f 51046 64833 44937
f 2787 8257 48376
f 4115 65345 65536
f 1 44033 52912
f 57463 5953 44353
f 33615 25664 6039
f 36332 65344 65536
f 1 11265 52941
f 55602 5953 44353
f 30814 14400 47849
f 36332 41536 5
f 1 22017 52886
f 59332 5953 44353
f 31091 32832 47699
f 36332 41792 5
f 1 27649 53873
f 48080 53057 45546
f 41419 64576 36509
f 34801 65344 65536
f 1 19713 53835
f 54241 21057 45505
f 35994 38976 47465
f 31523 1600 7
f 1 19713 53835
f 52021 39489 45536
f 35994 12352 47380
f 31681 1856 7
f 1 27649 53873
f 42792 9537 45585
f 41419 61504 61425
f 31926 19776 10
f 1 32257 53409
f 53999 31809 44823
f 2787 30785 36564
f 451 65345 65536
f 1 53505 52841
f 59061 15425 44433
f 34779 36928 65264
f 38392 65344 65536
f 1 36353 52847
f 60054 45633 44395
f 31286 41024 47593
f 35989 52032 5
f 1 22017 52886
f 59332 45633 44395
f 31091 32832 47699
f 35989 51776 5
f 1 12289 52823
f 60110 44097 44455
f 33587 28736 48489
f 35033 54080 5
f 1 12289 52823
f 60110 43073 44412
f 33587 28736 48489
f 34904 53824 5
f 1 44033 52800
f 59061 45633 44470
f 31523 36928 65264
f 35994 45632 5
f 1 33537 53482
f 51726 31809 44823
f 451 20545 22170
f 451 65345 65536
f 1 27649 53873
f 48735 54337 45364
f 41419 24640 62027
f 30814 19520 10
f 1 11265 52941
f 51726 37441 44432
f 30814 19520 22170
f 41419 41024 10
f 1 30209 53611
f 41501 31041 47364
f 16324 12353 26873
f 3580 65345 65536
f 1 58881 53825
f 41328 24385 47973
f 41803 61504 42326
f 32507 3136 5
f 1 13313 53929
f 40005 51777 47447
f 41434 41024 41934
f 56562 57920 10
f 1 14849 53912
f 41160 37441 47912
f 41495 45120 41878
f 35679 64 7
f 1 58881 53825
f 41374 37441 47912
f 41803 14400 41594
f 35679 320 7
f 1 15617 53920
f 40997 46145 47854
f 42008 30784 44488
f 31183 6464 7
f 1 64513 53384
f 42922 5185 47988
f 1944 10305 1148
f 32784 60992 4
f 1 13313 53929
f 36666 44353 47832
f 41434 41024 41934
f 31089 15936 10
f 1 12801 53929
f 40837 44353 47832
f 41434 41024 41934
f 31089 16192 10
f 1 15617 53920
f 40997 44353 47832
f 42008 30784 44488
f 31089 6208 7
f 1 65025 53815
f 41328 24385 47973
f 41839 61504 42326
f 32507 3392 5
f 1 44033 54213
f 39596 44353 47832
f 59641 49216 61790
f 31089 4416 7
f 1 44033 54213
f 39596 47681 47050
f 59641 49216 61790
f 27774 4160 7
f 1 43521 52997
f 45090 13889 46781
f 58899 8256 61853
f 35366 3904 7
f 1 56065 53223
f 47410 29505 46183
f 3920 7233 33830
f 4044 65345 65536
f 1 40705 53821
f 52021 4673 45705
f 35119 12352 47380
f 43007 6976 5
f 1 5121 53777
f 41905 57409 45821
f 35252 43072 47247
f 47498 51520 10
f 1 11777 53524
f 52961 4673 45705
f 36011 22592 46495
f 43007 6720 5
f 1 38145 53324
f 49231 41281 46063
f 36609 59456 58498
f 34529 8768 5
f 1 7937 53359
f 43227 33089 46047
f 36505 18496 46004
f 33936 61248 6
f 1 50177 53480
f 52167 63041 45873
f 38050 18496 46459
f 33076 17216 5
f 1 37377 53352
f 49231 41281 46063
f 36525 59456 58498
f 34529 9024 5
f 1 4097 53512
f 52565 40769 45867
f 36047 63552 52827
f 33482 10816 5
f 1 11777 53524
f 52565 40769 45867
f 36011 63552 52827
f 33482 11072 5
f 1 1 53347
f 44097 33089 46047
f 36542 16448 45968
f 33936 60992 6
f 1 38145 53324
f 46306 35649 46066
f 36609 36928 45901
f 34343 13888 7
f 1 43521 52997
f 45090 55361 46053
f 58899 8256 61853
f 33530 3648 7
f 1 38145 53324
f 48443 18241 46078
f 36609 34880 45901
f 33592 11840 7
f 1 1 53347
f 44097 35649 46066
f 36542 16448 45968
f 34343 14144 7
f 1 39937 53397
f 51428 5441 45970
f 36390 55360 51746
f 35222 12864 5
f 1 7937 53359
f 43227 34881 46425
f 36505 18496 46004
f 58130 57664 10
f 1 50177 53480
f 51770 7745 45939
f 38050 28736 46281
f 33241 16960 5
f 1 2049 53374
f 51077 45633 45998
f 37899 51264 46118
f 33391 15168 5
f 1 38145 53324
f 46306 18241 46078
f 36609 36928 45901
f 33592 12096 7
f 1 7937 53359
f 43227 57409 45821
f 36505 18496 46004
f 47498 51264 10
f 1 2049 53374
f 50013 51265 46047
f 37899 51264 45984
f 33515 14912 5
f 1 17921 53452
f 51428 5441 45970
f 36226 55360 51746
f 35222 13120 5
f 1 31489 51032
f 42373 63041 40343
f 26097 58689 34181
f 45104 65345 65536
f 1 31489 51032
f 42373 56129 41767
f 26097 58433 34181
f 11874 65345 65536
f 1 52225 51979
f 32769 41536 41827
f 57101 64 20481
f 9961 8769 13
f 1 16641 50370
f 1759 7234 41691
f 4906 28737 27242
f 9418 65345 65536
f 1 44033 51150
f 694 41794 42024
f 18031 10304 41705
f 40944 41024 5
f 1 3073 51088
f 2541 41794 42024
f 18253 36928 41555
f 40944 41280 5
f 1 13569 50990
f 2371 27714 42118
f 18598 24640 59291
f 40796 45120 5
f 1 31745 50954
f 2371 27714 42118
f 18724 24640 59291
f 40796 45376 5
f 1 59649 49599
f 64436 49217 41166
f 13405 16448 33716
f 44126 38720 5
f 1 3073 51088
f 2541 36674 42058
f 18253 36928 41555
f 40714 51264 5
f 1 49409 51043
f 2888 36674 42058
f 18409 41024 41449
f 40714 51520 5
f 1 49409 51043
f 2888 10306 42090
f 18409 41024 41449
f 41039 53312 5
f 1 13569 50990
f 2932 10306 42090
f 18598 45120 41321
f 41039 53568 5
f 1 46849 49554
f 2033 2370 41186
f 13536 28736 33613
f 43961 54848 5
f 1 46849 49554
f 964 2370 41186
f 13536 34880 33613
f 43961 55104 5
f 1 46849 49554
f 964 61762 41178
f 13536 34880 33613
f 44415 56896 5
f 1 3329 49584
f 65289 61761 41178
f 13451 12352 33680
f 44415 57152 5
f 1 4097 49800
f 3916 7234 41079
f 12825 16448 37973
f 44713 39744 6
f 1 53761 49721
f 3916 7234 41079
f 13052 16448 37973
f 44713 39488 6
f 1 31745 50954
f 1806 59202 42255
f 18724 16448 41236
f 48225 27712 6
f 1 16129 50584
f 2111 59202 42255
f 20032 24640 40351
f 48225 27968 6
f 1 3329 49584
f 65289 49217 41166
f 13451 12352 33680
f 44126 38464 5
f 1 25089 51021
f 3 12610 42003
f 33674 53312 63831
f 39571 40768 10
f 1 46849 49554
f 2437 11842 41177
f 13536 61504 46543
f 44528 31296 6
f 1 22017 49591
f 2437 11842 41177
f 13430 61504 46543
f 44528 31552 6
f 1 18177 49650
f 3123 32322 41152
f 13259 32832 42809
f 44773 37696 6
f 1 22017 49591
f 3123 32322 41152
f 13430 32832 42809
f 44773 37440 6
f 1 4097 49800
f 4238 64834 41052
f 12825 8256 40684
f 43532 33344 6
f 1 60417 49815
f 4238 64834 41052
f 12779 8256 40684
f 43532 33600 6
f 1 18177 49650
f 3600 26690 41118
f 13259 20544 40109
f 44806 35392 6
f 1 53761 49721
f 3600 26690 41118
f 13052 20544 40109
f 44806 35648 2566
f 1 38657 51055
f 42373 63041 40343
f 25357 58689 34181
f 45104 65345 65536
f 1 58113 50146
f 63737 62529 41029
f 11821 45120 34959
f 52303 28992 10
f 1 59649 49599
f 64436 62529 41029
f 13405 16448 33716
f 52303 28736 10
f 1 15873 51365
f 32769 63040 40343
f 15449 65 51201
f 45104 9025 13
f 1 11777 50205
f 4192 22082 40954
f 11652 8256 35092
f 49267 29504 6
f 1 60417 49815
f 4440 22082 40954
f 12779 16448 34207
f 49267 29248 6
f 1 11521 50276
f 3 11074 40874
f 28370 53312 63831
f 42332 42304 10
f 1 20481 61675
f 11459 35393 40928
f 61788 32833 55685
f 32509 65346 65536
f 1 23041 60872
f 11459 15425 48153
f 48940 27201 55685
f 59830 65344 65536
f 1 19457 59297
f 11459 15425 48153
f 14710 27201 55685
f 59830 65344 65536
f 1 19969 58835
f 34244 60993 48697
f 44524 49216 24529
f 4161 54848 3
f 1 6401 58858
f 33751 19521 48639
f 44241 53312 33467
f 4025 52800 3
f 1 6401 58858
f 33751 52033 48590
f 44241 53312 33467
f 3912 52544 3
f 1 8449 58815
f 31574 3137 48737
f 44396 36928 21031
f 4252 46656 3
f 1 8449 58815
f 34348 60993 48697
f 44396 24640 21202
f 4161 46400 3
f 1 22017 58882
f 30120 52033 48590
f 44350 16448 57882
f 3912 42560 3
f 1 19969 58835
f 34244 19521 48639
f 44524 49216 24529
f 4025 54592 3
f 1 18433 58834
f 15507 49985 48797
f 47426 6208 59020
f 4392 64832 10
f 1 18433 58834
f 22274 14401 48522
f 47426 38976 59621
f 3753 64576 10
f 1 19457 59297
f 32769 62528 47832
f 14710 65 49153
f 39332 12864 13
f 1 22017 58882
f 30120 14401 48522
f 44350 16448 57882
f 3753 42304 3
f 1 23041 60872
f 32769 16448 48146
f 48940 65 16385
f 59383 65344 65536
f 1 23041 60872
f 32769 16448 48146
f 48940 65 16385
f 59383 13376 13
f 1 1537 62356
f 32769 52800 48760
f 17634 65 49153
f 7335 13120 13
f 1 20481 61675
f 32769 36416 40921
f 61787 65 30721
f 32453 13890 13
f 1 1 57345
f 15856 1089 40941
f 32769 45122 64479
f 32609 65346 65536
f 1 10241 57571
f 33470 13889 47928
f 41605 12352 35561
f 15364 64064 6
f 1 31489 57536
f 37275 13889 47928
f 41786 28736 35411
f 15364 64320 6
f 1 15873 57139
f 23648 5697 48706
f 44126 45120 40769
f 13405 62272 6
f 1 15873 57139
f 23648 61761 48721
f 44126 45120 40769
f 13451 62016 6
f 1 19969 57482
f 37142 30017 48082
f 42069 64 52635
f 14001 2624 7
f 1 34305 57462
f 37142 30017 48082
f 42172 64 52635
f 14001 2880 7
f 1 31489 57536
f 37275 13377 47984
f 41786 28736 35411
f 14293 8768 7
f 1 62465 57511
f 38049 13377 47984
f 41914 38976 35305
f 14293 9024 7
f 1 57857 57226
f 36538 61249 48505
f 44713 22592 34171
f 12825 16192 5
f 1 57857 57226
f 36207 11585 48584
f 44713 30784 33993
f 13052 15936 5
f 1 32769 57153
f 35574 47169 48655
f 44773 55360 33830
f 13259 14144 5
f 1 62465 57511
f 38049 48705 48035
f 41914 38976 35305
f 15064 10816 7
f 1 19969 57482
f 38233 48705 48035
f 42069 41024 35177
f 15064 11072 7
f 1 32769 57153
f 34561 43329 48714
f 44773 55360 33696
f 13430 13888 5
f 1 38401 57187
f 36207 11585 48584
f 44806 30784 33993
f 13052 12096 5
f 1 38401 57187
f 35574 47169 48655
f 44806 55360 33830
f 13259 11840 5
f 1 257 57253
f 37318 5185 48490
f 43532 24640 34207
f 12779 10048 5
f 1 257 57253
f 36538 61249 48505
f 43532 22592 34171
f 12825 9792 5
f 1 53249 57128
f 34561 43329 48714
f 44528 55360 33696
f 13430 8000 5
f 1 53249 57128
f 33023 18497 48751
f 44528 36928 33613
f 13536 7744 5
f 1 43009 57351
f 36654 53313 48100
f 49268 20544 44826
f 11652 5952 5
f 1 43009 57351
f 36654 5185 48490
f 49268 20544 44826
f 12779 5696 5
f 1 3329 57127
f 26764 18497 48751
f 44415 53312 51515
f 13536 14912 7
f 1 3329 57127
f 26764 61761 48721
f 44415 53312 51515
f 13451 15168 7
f 1 2561 57276
f 20901 5697 48706
f 52303 51264 48637
f 13405 52288 10
f 1 2561 57276
f 20901 7233 48159
f 52303 51264 48637
f 11821 52544 10
f 1 1 57345
f 32768 63040 33571
f 32769 66 10241
f 51390 10048 13
f 1 29185 57384
f 32768 1088 35147
f 32453 66 26625
f 38049 9793 13
f 1 48641 57697
f 32769 62528 37965
f 29947 66 59393
f 8808 9538 13
f 1 62465 57119
f 31139 18497 48751
f 43961 34880 50715
f 13536 12864 7
f 1 24833 59744
f 32769 32832 39101
f 13573 66 8193
f 17892 14402 13
f 1 3073 60340
f 32769 45888 39993
f 8808 66 18433
f 25030 14146 13
f 1 32513 59204
f 32769 40512 38561
f 17893 66 4097
f 13573 9282 13
f 1 62465 57119
f 31139 18497 48751
f 43961 34880 50715
f 13536 13120 7
f 1 54017 57431
f 26719 53825 48029
f 42332 25664 14823
f 28370 18752 10
f 1 10241 57571
f 26719 53825 48029
f 41605 25664 14823
f 28370 18496 10
f 1 23553 56478
f 32769 12864 46326
f 9961 65 8193
f 57101 12608 13
f 1 5121 42502
f 46218 12353 40511
f 38302 7746 38026
f 29170 65346 65536
f 1 49921 47485
f 46218 40257 42824
f 3965 6978 38026
f 10663 65346 65536
f 1 10241 46647
f 46218 2369 39890
f 60049 6977 38026
f 39907 65345 65536
f 1 51713 48827
f 3875 52546 39874
f 3484 16449 43828
f 39664 65345 65536
f 1 11009 48839
f 5610 13378 38223
f 42195 32832 27133
f 52951 65344 65536
f 1 21761 49210
f 8105 16194 38076
f 55889 57407 25283
f 43546 19520 8
f 1 6145 49281
f 6842 16194 38076
f 55646 32831 25564
f 43546 19776 8
f 1 26881 49059
f 8161 47682 38129
f 56406 63 38149
f 43666 23616 8
f 1 50945 49099
f 8161 47682 38129
f 56268 63 38149
f 43666 23872 8
f 1 18433 49160
f 8711 32578 38095
f 56060 8255 7317
f 43489 29760 8
f 1 58881 48698
f 2562 57410 38155
f 33218 8256 11798
f 43463 7744 11
f 1 21761 49210
f 8383 32578 38095
f 55889 41023 7515
f 43489 30016 8
f 1 50945 49099
f 8731 46914 38113
f 56268 16447 7077
f 43743 31808 8
f 1 26881 49059
f 7589 12098 38212
f 56406 63 6917
f 48208 42816 2
f 1 18433 49160
f 8711 46914 38113
f 56060 8255 7317
f 43743 32064 8
f 1 1537 49137
f 5148 17986 38063
f 13496 51264 31
f 42715 41536 9
f 1 1537 49137
f 3898 57410 38155
f 13496 49216 65034
f 43463 41792 9
f 1 58881 48698
f 2562 21570 38347
f 33218 8256 11798
f 45007 8000 2571
f 11 12545 49145
f 65358 34113 41415
f 52189 45120 48459
f 60047 65344 65536
f 1 28929 49137
f 125 38466 41170
f 51693 36928 41622
f 43880 46656 5
f 1 2817 49526
f 64436 33857 41415
f 22860 16448 33716
f 60047 35136 10
f 1 30721 48784
f 19 33858 41415
f 25437 12352 30620
f 60047 34880 10
f 1 28929 49137
f 125 38466 41630
f 51693 36928 41622
f 46283 46912 5
f 1 36097 48776
f 3664 46402 39859
f 1844 20545 22770
f 759 65345 65536
f 11 10497 49354
f 6119 15426 39596
f 31744 32832 32287
f 50192 65344 65536
f 1 37377 49362
f 6212 7746 39669
f 30668 24640 26341
f 45037 42048 2
f 1 37377 49362
f 6212 17474 39498
f 30668 24640 26341
f 43922 42304 2
f 1 8193 49155
f 5914 4930 39676
f 6267 32832 19189
f 45083 46144 2
f 1 8193 49155
f 6322 7746 39669
f 6267 41024 19261
f 45037 46400 2
f 1 48641 48746
f 3460 12866 39871
f 890 53313 19495
f 392 65345 65536
f 1 35329 49105
f 5790 65090 39694
f 10540 16448 27149
f 46293 65344 65536
f 1 35329 49105
f 5660 27202 39710
f 10539 49216 18833
f 45307 60480 2
f 1 35329 49105
f 5914 4930 39676
f 10539 32832 19189
f 45083 60736 2
f 1 48641 48746
f 3330 12866 39871
f 890 61505 17416
f 392 65345 65536
f 1 4353 48467
f 1491 16450 40154
f 49416 8256 30409
f 48204 15424 11
f 1 15617 49218
f 1146 60482 39763
f 37140 24640 28227
f 45656 9280 11
f 1 10241 48930
f 1513 57922 39770
f 6789 32832 31809
f 45701 19008 8
f 1 10241 48930
f 1513 60482 39763
f 6789 32832 31809
f 45656 19264 8
f 1 39425 49027
f 5660 27202 39710
f 10273 49216 18833
f 45307 52544 2
f 1 50433 48959
f 4689 45122 39767
f 9591 32832 18240
f 45681 56384 2
f 1 50433 48959
f 5262 53826 39741
f 9591 32832 18508
f 45512 56640 2
f 1 32001 48891
f 2809 49730 39783
f 5822 64 18074
f 45785 35648 8
f 1 23553 48776
f 1726 7746 39982
f 24399 24640 18207
f 59220 27200 8
f 1 32001 48906
f 2266 49730 39783
f 7742 16448 42790
f 45785 37440 8
f 1 39425 49027
f 5262 53826 39741
f 10273 32832 18508
f 45512 52288 2
f 1 32001 48906
f 2266 57922 39770
f 7742 16448 42790
f 45701 37696 8
f 1 4353 48467
f 1491 60482 39763
f 49416 8256 30409
f 45656 15680 11
f 1 15617 49218
f 1146 55874 39523
f 37140 24640 28227
f 44089 9536 11
f 1 32001 48891
f 3878 49730 39783
f 5822 8256 18074
f 45785 35392 8
f 1 14081 48910
f 3878 49730 39783
f 8219 8256 18074
f 45785 44096 2
f 1 14081 48910
f 4689 45122 39767
f 8219 32832 18240
f 45681 44352 2
f 1 10241 46647
f 32769 36416 40711
f 60049 65 6145
f 20758 65345 65536
f 1 10241 46647
f 32769 7488 40177
f 60049 65 55297
f 3656 7745 13
f 1 27649 46896
f 32769 40256 40419
f 56060 65 5121
f 11416 8001 13
f 1 51457 47066
f 32769 36416 40711
f 53334 65 5121
f 20758 62017 12
f 1 2817 48558
f 55252 25665 45687
f 56310 64577 41867
f 41056 65345 65536
f 1 20481 49390
f 58123 54337 46044
f 42388 20544 54474
f 35337 65345 65536
f 1 22017 49275
f 59207 577 44921
f 35030 4160 37122
f 1944 21057 6
f 1 59393 49416
f 56857 36417 47129
f 40686 36928 34213
f 3195 20289 2566
f 1 2817 48558
f 55252 25665 45687
f 56310 64577 41867
f 41056 65345 65536
f 1 9985 49730
f 47741 15937 46534
f 37556 45121 47303
f 15554 34113 10
f 1 37889 47506
f 55351 58433 45079
f 39486 4161 14092
f 10449 33345 10
f 1 49153 48555
f 52085 15937 46534
f 38664 12353 24898
f 15554 32577 10
f 1 49153 48555
f 52904 58433 45079
f 38664 47169 41934
f 10449 32321 10
f 1 44033 48904
f 57910 37185 47560
f 3967 51265 51073
f 44340 23104 6
f 1 33537 48719
f 59984 63297 46122
f 1990 59457 49542
f 47667 20544 6
f 1 33537 48719
f 59984 31809 45306
f 1990 59457 49542
f 44753 20800 6
f 1 31745 48798
f 62847 20801 43864
f 6 20545 45950
f 47547 18240 6
f 1 30721 47038
f 36956 20801 41877
f 60136 65089 24758
f 45415 65345 65536
f 13697 41272 49285
f 60621 47681 42841
f 15595 22593 8009
f 63652 65344 65536
f 1 61953 49532
f 62060 37185 43041
f 23744 41024 37838
f 44021 38720 10
f 1 31745 48798
f 62847 49217 43141
f 6 20545 45950
f 44450 17984 6
f 1 35841 49509
f 62355 37953 43049
f 23826 41024 37782
f 44534 49472 5
f 1 34305 49390
f 62372 43585 43137
f 24247 24640 38361
f 44712 25664 6
f 1 56833 49376
f 62372 43585 43137
f 24295 24640 38361
f 44712 25920 6
f 1 61953 49532
f 62060 37953 43049
f 23744 41024 37838
f 44534 49216 5
f 1 61953 49532
f 62060 52289 42792
f 23744 41024 37838
f 59942 47424 5
f 1 35841 49509
f 62355 22593 43097
f 23826 41024 37782
f 46694 43072 5
f 1 61953 49532
f 57889 37185 43041
f 23744 34880 37838
f 44021 38464 10
f 1 34305 49390
f 62426 22593 43097
f 24247 8256 37498
f 46694 43328 5
f 1 13313 49944
f 60470 37185 43041
f 54577 22592 49968
f 44021 35392 10
f 1 13313 49944
f 60470 42049 42498
f 54577 22592 49968
f 41694 35648 10
f 1 4609 46840
f 34223 20801 41877
f 56962 38977 19294
f 45415 65345 65536
f 1 37889 47506
f 57889 49217 43534
f 39486 34881 37838
f 5025 33601 10
f 1 4609 46840
f 32769 45632 41162
f 56962 65 9217
f 33981 62529 12
f 1 33793 47036
f 32769 51776 40982
f 53819 65 9217
f 29437 62273 12
f 1 12801 42007
f 32769 23872 40492
f 36322 66 47105
f 29019 65346 65536
f 1 2305 46381
f 32769 32320 40054
f 64306 65 1
f 64999 7488 13
f 1 12801 42007
f 32769 23872 40492
f 36322 66 47105
f 29019 65346 65536
f 1 22529 41079
f 32769 59968 34374
f 32453 66 20993
f 18622 61761 12
f 1 11777 43519
f 32769 20032 43627
f 22280 66 35841
f 3940 63810 12
f 1 59137 43862
f 32769 20032 43627
f 25030 66 35841
f 3940 64066 12
f 1 15361 42019
f 32769 13376 39123
f 29947 66 33537
f 50526 61249 12
f 1 14337 41433
f 32769 13376 39123
f 31509 66 33537
f 50526 60993 12
f 1 14337 41433
f 32769 20800 36768
f 31509 66 30209
f 38295 60737 12
f 1 22529 41079
f 32769 20800 36768
f 32453 66 30209
f 38295 60481 12
f 1 4353 42290
f 32769 2368 39903
f 32113 66 26625
f 38049 5953 13
f 1 4353 42290
f 32769 63552 40659
f 32113 66 20481
f 19107 7233 13
f 7 1 49153
f 47597 65 57345
f 1 8003 39405
f 32769 65346 65536
f 1 3073 40921
f 47597 65 57345
f 32449 7746 39405
f 32769 65346 65536
f 1 3073 40921
f 47597 31041 53219
f 32449 8258 39405
f 65064 65345 65536
f 1 1281 36662
f 41148 58945 51354
f 62289 47169 32956
f 35231 65345 65536
f 13697 27704 39850
f 2914 47426 49933
f 45096 41024 43843
f 33358 65344 65536
f 1 46849 39237
f 3845 3906 50353
f 14291 63 56174
f 19395 65343 65536
f 1 58369 39294
f 3845 3906 50353
f 35571 49214 56173
f 19395 3647 9
f 1 11265 39208
f 3845 3906 50353
f 63865 49214 56173
f 19395 3903 2569
f 1 27649 39850
f 2914 47426 49933
f 45096 41024 43843
f 33358 65344 65536
f 1 27649 39850
f 3689 25410 49840
f 45096 41024 5342
f 22001 4416 9
f 1 35329 39899
f 2914 51778 50002
f 40257 36928 43843
f 25108 2112 9
f 1 51713 39912
f 2914 51778 50002
f 41104 36928 43843
f 25108 2368 9
f 1 27649 39850
f 3689 32578 50022
f 45096 32832 5342
f 22585 4160 9
f 1 5633 39929
f 2475 18498 49903
f 38366 57408 26831
f 25071 2624 9
f 1 13313 39861
f 2475 18498 49903
f 38467 57408 26831
f 25071 2880 9
f 1 1537 39804
f 2914 25410 49840
f 42127 41024 43843
f 22001 3136 9
f 1 1537 39804
f 2914 55362 49859
f 42127 41024 43843
f 19511 3392 9
f 1 65025 36487
f 32769 58944 51354
f 59504 65 36865
f 35231 11841 13
f 1 48129 45004
f 3956 27714 53259
f 65094 6209 53358
f 64425 65345 65536
f 1 1537 42963
f 5693 27714 53259
f 32085 10305 39462
f 64425 65345 65536
f 1 38913 42297
f 2795 12610 50687
f 10792 32833 19962
f 13770 65345 65536
f 1 9217 41779
f 3357 6210 51118
f 53937 32832 33462
f 65498 45120 6
f 1 6913 42362
f 2671 25154 50205
f 8727 41025 12056
f 62240 61248 5
f 1 6913 42362
f 2671 56898 51021
f 8727 41025 12056
f 65154 60992 5
f 1 9217 41779
f 3357 50498 51031
f 53937 32832 33462
f 65189 45376 6
f 1 769 41837
f 3273 6210 51027
f 50234 64 12571
f 65489 3136 6
f 1 56833 41849
f 3193 6210 51027
f 50207 64 12832
f 65489 3392 6
f 1 56321 43004
f 7344 41282 55280
f 30747 53313 19740
f 31403 65345 65536
f 11 1537 43935
f 9483 53314 56310
