v 126.13546752929688 2.134937286376953 99.1981201171875
v 126.13732147216797 2.0245938301086426 99.16313171386719
v 127.13581848144531 2.0119705200195312 99.20182800292969
v 127.13495635986328 2.1223487854003906 99.23686218261719
v 124.86811065673828 2.172700881958008 99.10806274414062
v 123.20277404785156 2.248227596282959 98.91949462890625
v 123.2075424194336 2.1381945610046387 98.88478088378906
v 124.87123107910156 2.0624608993530273 0.3870045244693756
v 128.00296020507812 2.011965274810791 0.38754868507385254
v 128.00296020507812 2.1223435401916504 0.38768553733825684
v 128.00296020507812 3.0561466217041016 0.3811127543449402
v 128.00296020507812 2.5814208984375 97.41938018798828
v 127.17982482910156 2.581423759460449 97.40929412841797
v 127.17625427246094 3.056151866912842 97.55473327636719
v 126.23217010498047 2.5958056449890137 97.37256622314453
v 126.22447204589844 3.0703911781311035 97.5178451538086
v 125.03054809570312 2.6389503479003906 97.28717041015625
v 123.45158386230469 2.7252402305603027 24145662.0
v -4.4158684413091176e-13 nan 13671390208.0
v -2.672907164316385e-20 9.44053194851613e+30 8765829120.0
v -2.384312864429869e+24 6.475658487111054e+25 3.8962690869321963e+30
v -2.765968929452356e-06 -2704907698176.0 0.00021363567793741822
v 3.2063956040159696e-21 -3945280307200.0 3.2063588494086735e-21
v 3.7871701652418855e+19 -3934321639424.0 -2.2416096756572301e-13
v 3.7871701652418855e+19 -1.1271074027452744e-37 -5.009970891478588e-07
v 4.402968594220768e-26 -1.4618202983704762e-36 0.00046035839477553964
v 3.2063956040159696e-21 -7.923431411235644e-38 -3.3264241361408153e-10
v 3.2063956040159696e-21 -9.130350720899494e-38 -3.7373310002308813e-10
v 4.458504401948327e-26 -2.2515884358567727e-36 -2.636936350698671e-13
v 4.5139613235853644e-26 -3.158980714449028e-36 -1.180313347504125e-06
v 5.5766803765089036e-27 -8.855187758524393e-33 -6.839437673988868e-07
v 2.2111872862446025e-26 -6.462611375403545e-35 -4.729266978031887e-10
v 2.3221800156091988e-26 -1.2245493142444103e-34 -8.730617340191316e-10
v 6.270384935037631e-27 -2.293182738385332e-32 -6.876202081687599e-13
v 7.465633236335882e-27 -6.330931042631819e-32 -3.6308635134943423e-13
v 2.4331727449737952e-26 -2.313152706816223e-34 -3.8740016542064816e-19
v 1.023966260954557e-26 -4.462289873376823e-31 -5.104052192356147e-16
v 8.852647922940726e-27 -1.6839324505261076e-31 -2.6160617869904986e-16
v 2.5441260312931305e-26 -4.354413570287251e-34 -1.907553197296353e-19
v 2.72521922099672e-26 -8.165278552754276e-34 -1.375642976200254e-19
v 4.624954052949961e-26 -6.959707876050099e-36 -1.903224004871901e-16
v 4.5694182452224015e-26 -4.824050095289567e-36 -1.6817418298238466e-16
v 3.2063956040159696e-21 -1.3684997845727075e-37 1.7920484269017045e-21
v 3.7871701652418855e+19 -3.0410765560222233e-15 -6.630414563033461e-16
v 1.0309589119905649e-11 -8663872.0 -6.630414563033461e-16
v 8.318044468274763e-14 -4040976.0 -5.721165759552446e+37
v 8.321513237600359e-14 -3946704.0 -5.605766961871509e+37
v 1.0314029144642411e-11 -8336416.0 -2.982833202186333e+36
v 2.0759178338998485e-13 -3603472.0 -2.8273888149839466e+36
v 2.5391359154136595e-11 -7644832.0 -7.340743777418668e+34
v 3.4780099807119047e-12 -2805456.0 -5.617104184368366e+32
v 1.0097169766964953e-09 -1615880.0 -5.1286625624679265e+32
v 1.0076520595703187e-07 -3432336.0 -6.932560284145178e+34
v 4.020411226157705e-10 -6036768.0 -4.917612819097873e+36
v 135767072.0 -253.3447265625 -4.8709632770094743e+36
v 0.012280048802495003 -335.548828125 -7.122826296513923e+37
v 0.0034924899227917194 -373.666015625 -7.157355070623179e+37
v 40851720.0 -288.705078125 -1.6529722129970094e+35
v 5985305600.0 -209.1337890625 -2.0813340422550483e+33
v 10183436664832.0 -122.28759765625 -2.0227052019944926e+33
v 831.5977783203125 -158.6728515625 -1.6284812034006e+35
v 0.4806538224220276 3.9289703369140625 97.40929412841797
v 0.003491416107863188 6.002227783203125 97.40929412841797
v 40829176.0 -299.158203125 -3.0135002055070544e+36
v 3.837236280947957e-15 -3148112.0 -5.744011865729999e+37
v 1.519841593411995e-15 -3490832.0 -5.713168331416912e+32
v 2.0368710190732386e-11 -1389960.0 -7.421112825473138e+34
v 6.745343487327832e-14 -2351184.0 97.40929412841797
v 1.5192990688092786e-15 -3584912.0 -5.61416641176038e-07
v 6.304617030166752e-26 -1.4567923049558262e-36 -4.827926431971719e-07
v 8.020073954660364e-26 -7.908794568516078e-38 -1.300192025155411e-06
v 7.968532063414277e-27 -8.748734990113926e-33 -7.442178002747823e-07
v 3.163983656480647e-26 -6.408391698471867e-35 -4.690392074735428e-07
v 8.020073954660364e-26 -3945280045056.0 -0.011715412139892578
v 6.5634626436627576e-15 -3945280045056.0 -0.0010344982147216797
v 6.5634626436627576e-15 -3945280045056.0 -0.0010753870010375977
v 6.563571063880006e-15 -6.628837340814076e-38 -0.012034477666020393
v 6.563354223445509e-15 -6.23179231289351e-38 -0.0012244957033544779
v 5.075395161926403e-15 -1.015362033798402e-36 -0.013197483494877815
v 4.97911800900969e-15 -8.784582679008765e-37 -0.0015711861196905375
v 2.0816821472157982e-15 -3.238872932585191e-35 -0.002640977967530489
v 3.682713436808894e-16 -2.9426974766889822e-33 -0.027506474405527115
v 3.0828785848812886e-16 -2.221273083702328e-33 -0.016180161386728287
v 1.8896699424686154e-15 -2.503013468970439e-35 -0.0002623294130899012
v 5.254417721035108e-19 -3945280045056.0 -0.00021372735500335693
v 5.879419656061492e-21 -3945280045056.0 -0.00021892040967941284
v 5.879419656061492e-21 -6.89516027967225e-38 -0.00027269317070022225
v 5.254417721035108e-19 -6.857852109358066e-38 -0.0002378681965637952
v 4.521602680555697e-21 -1.1072434477044721e-36 -0.00031049741664901376
v 3.921117861897502e-19 -1.0943405604942744e-36 -0.0003197063342668116
v 1.9180383739511875e-21 -3.7327274967244047e-35 -0.000520099070854485
v 3.658287543243439e-22 -3.772044189695623e-33 -0.0006766655715182424
v 3.194179261123684e-20 -3.636345121836698e-33 -0.00039841426769271493
v 1.7329188263741578e-19 -3.663446798422816e-35 -0.0010878222528845072
v 5.2365959079425e-16 -1.0209410401899999e-36 -0.0009575673611834645
v 7.091936875608319e-16 -6.644908552641724e-38 -0.001434870297089219
v 2.1380554191686833e-16 -3.2688480385311595e-35 -0.002369836438447237
v 3.9386403390059425e-17 -2.9720848354595394e-33 -0.0009371080668643117
v 7.091936875608319e-16 -3945280045056.0 -4.987606780814775e+36
v 8623170.0 -189.7509765625 -7.209407846629991e+37
v 2554896.5 -208.6884765625 -2.1692376885646245e+33
v 722800345088.0 -90.74267578125 -1.7179331660761113e+35
v 391071808.0 2.2766265869140625 97.40929412841797
v 2553359.5 -213.8916015625 -0.0005994626553729177
v 1.4502307846803013e-16 -3945280045056.0 -0.0003895014524459839
v 1.3342729337306981e-17 -3945280045056.0 -0.0003998279571533203
v 1.3342729337306981e-17 -6.797728557967131e-38 -0.0006200113566592336
v 1.4502307846803013e-16 -6.724690639928979e-38 -0.00043750001350417733
v 1.0515968634082567e-17 -1.0736316561106473e-36 -0.0006950089009478688
v 1.0513077803277817e-16 -1.0484687301633578e-36 -0.0005618968280032277
v 4.486972576803057e-18 -3.5520687086824044e-35 -0.0009286442073062062
v 8.01812740924828e-19 -3.417891251679884e-33 -0.0014924483839422464
v 8.205898028683277e-18 -3.152699726134376e-33 -0.0008693971903994679
v 4.5984790049170425e-17 -2.5211632860745606e-15 -6.627297481787565e-16
v 1.5174507862447847e-23 4.997100830078125 97.41938018798828
v 1.7608161565103864e-13 4.997100830078125 -6.522657119835867e+37
v 1.761447162174773e-13 4.826568603515625 -6.522657119835867e+37
v 1.5181776426828554e-23 4.826568603515625 -4.0625441428132755e+36
v 5.240843566414743e-13 4.205718994140625 -4.0625441428132755e+36
v 4.63287849107841e-23 4.205718994140625 -1.204134273657372e+35
v 1.427352853966557e-11 -13848.5625 -1.1525768006789225e+33
v 1.177437702892803e-08 -7925.28125 -1.1525768006789225e+33
v 1.0217932564247567e-18 -7925.28125 -1.204122488468198e+35
v 1.3209107049675434e-21 -13848.5625 -6.404131105421988e-35
v 4.994693159227049e-26 -4.4649870088897634e-35 -5.730425905606964e-35
v 5.437742249576853e-27 -4.482839829342877e-35 -4.6294095681969564e-35
v 5.7636404110462834e-27 -3.6999519193392974e-37 -5.118434159210111e-35
v 3.786655593800086e+19 -3.693506619026666e-37 -9.394000986738476e-35
v 4.203938987833507e-26 -1.9626901506629443e-32 -2.40948469845485e-34
v 2.6227461894085107e-26 -5.421454876704289e-29 -2.1421185083603206e-34
v 2.8679165320686214e-27 -5.517751373923651e-29 -8.721912091655833e-35
v 4.459850549942256e-27 -1.97803740490728e-32 -4.453085415573613e-35
v 5.7636404110462834e-27 -3945280045056.0 -4.790433353188527e-35
v 3.786655593800086e+19 -3945327493120.0 -4.737104480569582e-37
v 6.554098626668226e-13 -3945327493120.0 -3.1548936761375906e-37
v 3.939741481837373e-17 -3945327493120.0 -3.2966647233314895e-37
v 3.939741481837373e-17 -4.300422212183248e-37 -5.020102198529959e-37
v 6.554237404546304e-13 -4.246698446930823e-37 -3.8665335724153915e-37
v 3.81598996824352e-17 -5.977573018895499e-35 -6.05233317534578e-37
v 6.330805020840491e-13 -5.829313793898038e-35 -6.272623571754761e-37
v 3.445074240640862e-17 -3.061871555166643e-32 -1.5146546763031757e-36
v 2.739188415262405e-17 -1.079453039320557e-28 -2.3820868552634817e-36
v 4.433901704993526e-13 -1.004615193356247e-28 -9.382432655828305e-37
v 5.660785425479209e-13 -2.9344291596278936e-32 -7.303981910012049e+34
v 1.430371378101779e-20 -1.0485560185901933e+37 -7.817760698284551e+34
v 8.57539233197465e-32 -2.1761911556753292e+36 -1.0176619156644411e+37
v 8.265137054996019e-32 -2.538434991196548e+36 -9.87157171620549e+36
v 1.369987193385408e-20 -1.3262506648201598e+37 -1.4261133083850856e+32
v 1.6116066503121475e-20 -7.084605743561621e+36 -3.8243315215783114e+28
v 1.9739531176410013e-20 -2.6496231606437665e+36 -4.947922762137541e+28
v 1.2874016481194394e-31 -5.572414963660077e+35 -1.594671224134183e+32
v 9.506007699633639e-32 -1.3339032496548826e+36 97.41938018798828
v 8.264506990023978e-32 -2.6378593630736485e+36 97.41938018798828
v 1.3697312843833995e-20 -1.4065365549952546e+37 97.41938018798828
v -8.530961992741365e+37 -1.4932094650862221e+32 97.41938018798828
v -2.0982198725878753e-13 -3.6898273222023184e+19 -1.8870188523069812e+37
v -4236801212416.0 -7.1803877519938135e+25 -1.3543644376072477e+35
v -1.1529042876642423e+38 -1.2274980150540081e+32 -1.341048837632044e+37
v -8.569693282120498e+37 -1.4359918764704518e+32 -1.6140338449695127e+37
v -1.902383432115449e+25 -1.0403108909238788e+29 -1.9665448017928717e+35
v -2.6183313149909356e+25 -8.458189050642772e+28 -2.8858957231023928e+35
v -5946685259776.0 -6.275228156389774e+25 -1.8603558753032907e+29
v 2.8581135712092547e-39 -3.37606389417278e+31 -3.966583488789954e+32
v -2.3801622663427034e+38 -7.7702091930835285e+31 -7.475228198247461e+32
v -5.856000994210225e+25 -5.929327798027401e+28 -5.063199694772235e+29
v -2.8378238654019445e+26 -2.5784120996468263e+28 -1.2946631409731536e+30
v -83140383080448.0 -1.8752886238356835e+25 -1.4034182697017454e+33
v -14325127315456.0 -4.170469414974773e+25 -9.474923470232527e+30
v -6.827234090567291e-12 -1.1192078392713282e+19 -3.663394008531285e+30
v -24.464969635009766 -1.488717098582995e+22 -2.6235817995079975e+33
v -3.4867100715637207 -3.1343468139429818e+22 -5.036554717042432e+33
v -8.450081996971837e-13 -2.288518224397153e+19 -6.12612514198058e+35
v -3.067217161679958e-13 -3.1935165695172542e+19 -4.287524711409556e+35
v -1.3505327701568604 -4.445232976199774e+22 -2.193242926033034e+37
v -0.9431496858596802 -5.2858280452086265e+22 -2.7392129407079713e+37
v -2.0985733224961056e-13 -3.5827401673127494e+19 -2.545858040893666e-32
v 8.020073954660364e-26 -3945280045056.0 -1.1874561813362551e-32
v 1.070523937949207e-25 -3945280045056.0 -1.2310905316387784e-32
v 1.070523937949207e-25 -3.327099804937853e-37 -2.7195678940807803e-32
v 8.020073954660364e-26 -3.2760737073850692e-37 -1.5480135064488614e-32
v 9.673210867641516e-26 -3.454208803976449e-35 -3.353394448044158e-32
v 7.125979004682869e-26 -3.3133698870685536e-35 -2.288405676280384e-32
v 7.125347915958692e-26 -1.1630294821945649e-32 -5.493152104570546e-32
v 3.600065964886822e-26 -2.516314289652698e-29 -1.1929408028783217e-31
v 2.3547205279495656e-26 -2.3263020413394533e-29 -4.827182245331109e-32
v 4.806707605512882e-26 -1.1024492053305875e-32 -1.1411537943439121e-36
v 3.3024837205186675e-12 -5.597741406786047e-35 -1.3905560430349767e-36
v 6.354211624373055e-15 -5.513252750320695e-35 -1.1851200381295504e-36
v 6.563354223445509e-15 -4.132052502266675e-37 -9.354422829500118e-37
v 3.404846283389107e-12 -4.162702599109405e-37 -1.7343711008611696e-36
v 2.9955070542098117e-12 -2.7352910126437915e-32 -4.465249170532702e-36
v 2.3814426992896376e-12 -9.421534333998802e-29 -5.454960312627373e-36
v 4.4720366529382195e-15 -9.193350154187802e-29 -2.231889901297087e-36
v 5.726892247372942e-15 -2.6626172498985544e-32 -1.1288019201106623e-36
v 6.5632458032282605e-15 -3945280045056.0 -8.790493692242919e-37
v 3.404846283389107e-12 -3945280045056.0 -1.2803296390060224e-32
v 6.904947975791418e+19 -3.4819583340702134e-35 -1.097107832468848e-32
v 3.7871701652418855e+19 -3.3371848939336602e-37 -4.6806310136253927e-32
v 1.8205828090244185e-26 -2.5829227272426074e-29 -2.021408591412013e-32
v 3.577346770816457e-26 -1.174934888979693e-32 -1.0534546742567115e-32
v 3.2063956040159696e-21 -3945280307200.0 -1.348780238642836e+35
v -3.2284797270901235e+38 -1.330296555916266e+32 -1.3377387483847282e+37
v -2.6400367241123715e+38 -1.5389142113366384e+32 -1.83303415178e+29
v 1.1817455432716405e-38 -3.631017645263604e+31 -3.93003949883025e+32
v nan -8.45271648524254e+31 97.41938018798828
v -2.6395596818384936e+38 -1.5961565587531943e+32 97.41938018798828
v 1.924785437407364e-19 -3.986893290292855e+36 97.41938018798828
v 1.577125052944442e-21 -3.520646408154674e+35 -1.0558252975746721e+37
v 1.5772849960706974e-21 -3.299048208658371e+35 -1.0109443816037117e+37
v 1.9248578157109624e-19 -3.787638898346581e+36 -8.613497661664847e+34
v 1.6500251911870793e-21 -2.851618252801815e+35 -7.70455949968417e+34
v 1.988683071775554e-19 -3.0616908938126807e+36 -1.9884415749584043e+32
v 2.0424773573521336e-21 -1.8111306401344845e+35 -6.5250873864067864e+28
v 2.915359698748716e-21 -7.389928125531508e+34 -4.670232501372061e+28
v 2.9579487566407566e-19 -7.89072013051028e+35 -1.5575330229556216e+32
v 2.191979509416653e-19 -2.0160006846256883e+36 97.41938018798828
v 7.996696862920996e-27 -8.927620490049371e+34 97.41938018798828
v 5.607702533829364e-29 -7.27330427031051e+34 -1.1084988420804155e+37
v 5.608501794756285e-29 -6.969068126255735e+34 -1.1000613596852964e+37
v 7.99791713213376e-27 -8.31864114169973e+34 -9.627871671967477e+34
v 6.13343326039847e-29 -5.860887971536217e+34 -9.48564127462187e+34
v 8.653657759598726e-27 -7.203583487297958e+34 -2.321249375119886e+32
v 7.708689880511678e-29 -3.7191128067001015e+34 -7.769676517700047e+28
v 1.1620678505856134e-28 -1.5494256840042144e+34 -7.595228521929656e+28
v 1.6184766451067952e-26 -1.8824058054191646e+34 -2.2745542768380414e+32
v 1.0620682426767319e-26 -4.6235342206534425e+34 -8.674851950715894e+34
v 1.5002748546465352e-22 -2.6190804266959488e+35 -1.0576588274028422e+37
v 1.4081863880146552e-22 -3.066307558456468e+35 -2.0086447563995417e+32
v 1.7765725662848532e-22 -1.6203934935359408e+35 -6.600524357550739e+28
v 2.5406889875018716e-22 -6.813273867487686e+34 97.41938018798828
v 1.4080187708495138e-22 16100417.0 -7.675466379091141e-37
v 3.3095891478762685e-12 -5.724400923087149e-35 -6.567874691902703e-37
v 3.404846283389107e-12 -4.2086203471884e-37 -2.995639805095021e-36
v 2.4524414617144163e-12 -9.763425417726424e-29 -1.246672779429444e-36
v 3.0239287636402157e-12 -2.844301656761647e-32 -6.2853657468466825e-37
v 3.404846283389107e-12 -3945280045056.0 97.41796875
v 1.0915526721250127e-23 -2.0400683385357027e+35 97.41796875
v 4.126693604734749e-25 -1.32551261091085e+35 -1.0864964841423742e+37
v 4.1270209820104155e-25 -1.2644879110158631e+35 -1.0699784897611603e+37
v 1.091657432853226e-23 -1.917663996577665e+35 -9.256703576220651e+34
v 4.5208997250253325e-25 -1.0421166427238271e+35 -8.978834564650623e+34
v 1.1528074058710621e-23 -1.5666451080862639e+35 -2.199485592855776e+32
v 5.7290559785894165e-25 -6.778793771161478e+34 -7.314274161451216e+28
v 8.145242267972749e-25 -2.7597548324473775e+34 -6.973357080319891e+28
v 2.0828253459783303e-23 -4.060681260931598e+34 -2.1083236883628006e+32
v 1.3490256697642968e-23 -1.0482013656049226e+35 -6.014601664918252e-35
v 1.8326920679734035e-23 -3945280045056.0 -6.014563782776087e-35
v 5.879419656061492e-21 -3945280045056.0 -6.366624340847362e-35
v 5.879419656061492e-21 -3.6814700257375017e-37 -6.366624340847362e-35
v 1.8326516782950562e-23 -3.6814700257375017e-37 -7.650998855914564e-35
v 5.527040715113902e-21 -4.4319262302728866e-35 -7.650998855914564e-35
v 1.695003654487404e-23 -4.4319262302728866e-35 -1.1645328660008697e-34
v 4.4699038922711325e-21 -1.9342902071470778e-32 -2.9042502707159507e-34
v 2.8720361141662513e-21 -5.243190801051806e-29 -2.9042502707159507e-34
v 8.898907946692099e-24 -5.243190801051806e-29 -1.1645404424293027e-34
v 1.3027742815746457e-23 -1.9342902071470778e-32 -0.0002948064939118922
v 4.2170340788601755e-26 -1.0969119543866981e-36 -0.00032897485652938485
v 4.458371435744967e-27 -1.0913329479951002e-36 -0.0004168470040895045
v 1.8871652116525984e-27 -3.6472837510990097e-35 -0.00038276059785857797
v 1.8391210402971122e-26 -3.677258857044978e-35 -0.0002569873468019068
v 3.786655593800086e+19 -6.86541519742972e-38 -0.00024661613861098886
v 3.786655593800086e+19 -3945327493120.0 -0.00028082728385925293
v 5.7636404110462834e-27 -3945280045056.0 -0.00029118359088897705
v 5.7636404110462834e-27 -6.849099038630508e-38 -0.0007133224280551076
v 3.5233275366236056e-28 -3.6045597545904635e-33 -0.0006455221446231008
v 3.2509212126910556e-27 -3.663334472131578e-33 -0.04717946797609329
v 2.7189019761756644e-17 -8.059082259360635e-37 -0.030135277658700943
v 4.514739818974045e-13 -8.290737298419168e-37 -0.03974080830812454
v 1.84020360798412e-13 -2.32245555648125e-35 -0.05785394459962845
v 1.0953461151339413e-17 -2.260227824284595e-35 -0.04258943349123001
v 3.939572075247922e-17 -6.021533083515429e-38 -0.04133058339357376
v 3.939572075247922e-17 -3945327493120.0 -0.027197837829589844
v 6.554098626668226e-13 -3945327493120.0 -0.027829647064208984
v 6.554098626668226e-13 -6.08868779008096e-38 -0.062185533344745636
v 2.6785543320037922e-14 -1.9610186344302735e-33 -0.09790469706058502
v 1.5763086693007048e-18 -1.83900232081492e-33 -2.9121598466019805e-09
v 7.459820972356716e-28 -2.2952945692348188e-29 -3.4641857382666785e-06
v 5.72592935458422e-28 -5.510591503660476e-30 -2.1887597540626302e-05
v 1.409713612669957e-29 -1.036686566014048e-26 -2.03255048347728e-08
v 2.4568032048344093e-29 -7.406655098462923e-26 -1.882416791887387e-11
v 4.4834306972904856e-29 -5.215980352795605e-25 -2.3840517233975067e-12
v 1.0309242991762381e-27 -9.545256073626238e-29 -0.0098229069262743
v 2.2403547664089685e-35 -1.3026855169261063e-19 -0.0003050659433938563
v 5.691914093362385e-32 -3.489769498948316e-23 -3.444893650339509e-07
v 1.646647768058421e-31 -4.1565989863857927e-22 -1.3744285752181895e-05
v 1.3942614259387482e-34 -2.9035365057542888e-18 -2.0052201676890036e-08
v 7.969442112262245e-34 -6.361768667040001e-17 -3.818901306296141e-10
v 4.675225973050877e-31 -5.446080008763491e-21 -4.075755168477316e-14
v 2.9770857925041205e-32 -3.0996259297319875e-14 -2.7501226990134242e-11
v 4.995310998277313e-33 -1.4373337022067297e-15 -4.1736237946579657e-13
v 1.3416330799946257e-30 -6.786562622895541e-20 -4.578078613429117e-16
v 3.8376328336266955e-30 -8.224194126459607e-19 -1.59975969461592e-17
v 1.4492317090135278e-28 -2.5385823186772608e-23 -1.7382041037636645e-14
v 8.106509969824305e-29 -3.605309301456697e-24 -1.5656148783416193e-18
v 1.833276151064688e-27 -1.6719539033539967e-27 -1.8790989712868817e-15
v 1.3776779708274491e-27 -3.963795177883501e-28 -1.2223683825141052e-06
v 8.762076522111248e-26 -1.4127801434221089e-36 -1.5852931483095745e-06
v 4.3254235672375426e-26 -5.935255222265897e-35 -1.066313643605099e-06
v 1.070523937949207e-25 -7.781085831671372e-38 -1.0235310128337005e-06
v 1.070523937949207e-25 -3945280045056.0 -2.78279185295105e-06
v 1.0535682664229755e-26 -7.821128887993043e-33 -0.015949849039316177
v 2.5889988937433106e-12 -8.652569153281653e-37 -0.021346215158700943
v 9.802508197515047e-13 -2.431969529142617e-35 -0.014627041295170784
v 3.404846283389107e-12 -6.193479691840098e-38 -0.0143089909106493
v 3.404901794540338e-12 -3945280045056.0 -0.03403949737548828
v 1.5765603341051648e-13 -2.1516838181336485e-33 -1.4294712400442222e-06
v 4.373544082456024e-26 -1.4041246479092182e-36 -1.7918430330610136e-06
v 2.152338262715115e-26 -5.842244231757083e-35 -1.2309249086683849e-06
v 3.2063956040159696e-21 -3945280307200.0 -1.2736127246171236e-06
v 3.2063956040159696e-21 -7.755975123710057e-38 -3.193752945662709e-06
v 5.208775371836454e-27 -7.638692164745424e-33 -2.3751639673719183e-05
v 2.0208882212218023e-29 -1.0145195745773376e-26 -3.7014401641499717e-06
v 7.734196655953899e-28 -5.431339486448941e-30 -0.010718883946537971
v 3.164743607072386e-35 -1.243856431761335e-19 -0.00033410085598006845
v 8.005738365611363e-32 -3.3728009904544893e-23 -0.03860688954591751
v 2.220434522488477e-19 -1.2686425062874352e-27 -0.3868733048439026
v 1.228073954920794e-19 -6.624860526504365e-28 -0.07405711710453033
v 1.3388469116458713e-17 -7.267045725512259e-31 -0.007081420160830021
v 2.0395392008303528e-17 -1.2021715838571369e-30 -0.4413776993751526
v 3.6858171480049693e-22 -2.3318604112740537e-24 -11.192934036254883
v 3.2147473817046275e-21 -4.7596239018178305e-21 -96.57862854003906
v 1.6929056715143977e-26 -1.638082670119149e-21 -3.9803624153137207
v 1.5291292408578576e-22 -1.0016199454103527e-24 -0.007913412526249886
v 3.122138406503682e-25 -1.9302072422007255e-27 -0.01034790463745594
v 2.5175798437088376e-23 -1.788803924939859e-27 -0.001823581987991929
v 1.9403205517018347e-21 -1.5123426014007012e-30 -0.0015137570444494486
v 2.2762515155836257e-23 -1.562922336565171e-30 -0.10010196268558502
v 6.051211218471447e-28 -4.016274278640635e-24 -2.6245274543762207
v 1.0707044367204944e-31 -9.431152260605197e-21 -3.2097325325012207
v 8.832364377841242e-30 -8.49354303627634e-21 -0.1190648227930069
v 4.788721576873843e-26 -3.643174624907305e-24 -0.034389741718769073
v 2.452683897156066e-20 -1.2992601701713257e-27 -0.0065448591485619545
v 2.1530125817229284e-18 -1.2240790369745417e-30 -0.40853315591812134
v 4.0839019829816935e-23 -2.4126397679686853e-24 -10.179506301879883
v 6.004045771912387e-27 -4.962592940726246e-21 -0.023712757974863052
v 2.581948977536941e-12 -8.454434070320787e-37 -0.02908957377076149
v 9.660677206119184e-13 -2.3664998604386225e-35 -0.020766858011484146
v 3.404901794540338e-12 -3945280045056.0 -0.02140045166015625
v 3.404846283389107e-12 -6.136082506741354e-38 -0.049442537128925323
v 1.5322208020591976e-13 -2.0473469395546622e-33 -0.014265837147831917
v 6.262049052452479e-22 -1.5884269957414028e-27 -0.022418145090341568
v 5.7536882029534315e-21 -1.4503023816178613e-27 -0.0039017354138195515
v 4.592673230992686e-19 -1.3321237068546656e-30 -0.0026912842877209187
v 4.810821050297321e-20 -1.4309479871260357e-30 -0.1741648018360138
v 1.1312204244149155e-24 -3.175701766145349e-24 -4.303009986877441
v 1.867143099506003e-28 -6.98435200867334e-21 -6.589264869689941
v 1.5468146792874917e-27 -5.964308662527963e-21 -0.2482462227344513
v 1.0010229946418494e-23 -2.811235406158758e-24 -0.0002378681965637952
v 1.3128717011614747e-23 -1.1072434477044721e-36 -0.0003197063342668116
v 5.894899587200614e-24 -3.7327274967244047e-35 -0.000213728315429762
v 1.8326516782950562e-23 -3945280045056.0 -0.00021892040967941284
v 1.8326516782950562e-23 -6.89516027967225e-38 -0.000520099070854485
v 1.1390459245947079e-24 -3.772044189695623e-33 -2.570985408136843e-32
v 5.3940590769502394e-27 -3.7114769489581213e-19 -2.3518259474959482e-32
v 5.877661819322824e-28 -3.793599440172386e-19 -1.285315094218852e-33
v 1.4269571255004742e-27 -1.9317501601459565e-24 -1.3911330956798744e-33
v 1.2892010188124917e-26 -1.885857388123819e-24 -1.9202608642716382e-30
v 1.8415591905695087e-27 -1.8977269029222393e-13 -5.33716883972999e-28
v 6.092379896962668e-28 -1.1326165605396454e-07 -4.8255185869843e-28
v 6.70643593745256e-29 -1.1683233225312506e-07 -1.7130308022555716e-30
v 1.9611284807921e-28 -1.9532380541534972e-13 -1.931856088954311e-34
v 1.352272383859852e-17 -1.4649237333391877e-18 -3.0105149600302855e-34
v 2.0690830234045e-13 -1.3284190799332369e-18 -1.454867400670438e-35
v 3.316670397525423e-13 -4.874554943521096e-24 -9.860057233176591e-36
v 2.1207273088246775e-17 -5.255934481315625e-24 -1.6798945686563155e-32
v 8.883947902960344e-18 -1.1068994028654022e-12 -5.3991768325358664e-30
v 5.437661180977602e-18 -9.791184538698872e-07 -7.807191868443917e-30
v 7.371578662155459e-14 -8.47769172196422e-07 -2.3522021056882113e-32
v 1.2311768900381825e-13 -9.224913584751637e-13 -2.0505607141331334e-36
v 5.5601142974992624e-27 -5.382038193410158e-35 -3.003996835245398e-36
v 4.950423425376573e-27 -2.549769792219615e-32 -1.5281544942384004e-36
v 5.763443195819978e-27 -3945280045056.0 -1.640549303366355e-36
v 5.763443195819978e-27 -4.0845276330049146e-37 -7.96328689552944e-36
v 3.7306472506785834e-27 -8.839441267607204e-29 -1.316892450392869e-31
v 1.6734208071554387e-26 -2.3045005143689898e-29 -1.714794337185195e-28
v 1.4439017267813853e-26 -8.849119216041027e-30 -7.58943629835522e-29
v 3.2760019050220306e-26 -5.6950589080928196e-33 -5.347052262695546e-32
v 3.45956983766696e-26 -1.0955090866833327e-32 -3.6657991164432676e-32
v 4.80852198559489e-26 -3.2972803081416736e-35 -4.8781692986920934e-29
v 4.7626891670015494e-26 -2.1863186169766437e-35 -7.12377019414825e-26
v 4.7167774623176865e-26 -1.5202908646404283e-35 -9.936374865623246e-26
v 3.092355086286579e-26 -2.956286191384488e-33 -2.1941855464741013e-25
v 1.2534656198059799e-26 -3.1216557755012998e-30 -5.913973109901307e-26
v 3.2063956040159696e-21 -2.3046265737965727e-37 -4.258559116983832e-29
v 3.2063956040159696e-21 -2.7873942976621128e-37 -3.032305815128348e-32
v 3.2063956040159696e-21 -3.2702194187127516e-37 -2.8586711935796865e-32
v 3.2063956040159696e-21 -3945280307200.0 -8.47504698697397e-23
v 3.2063956040159696e-21 -1.851296207030797e-37 -9.652851659437494e-23
v 4.6708657576338236e-26 -1.0289846637731176e-35 -1.4195278096945815e-22
v 2.9087871536416496e-26 -1.532521464361283e-33 -3.0149607465273927e-22
v 1.1387060796189532e-26 -1.2266308941508548e-30 -5.314243321988389e-30
v 2.608331990444332e-27 -8.486087909446992e-20 -1.103716897817575e-29
v 1.4895236560458157e-27 -6.864813908843058e-20 -6.584785512910821e-31
v 7.059172654920756e-27 -5.577467974004081e-25 -3.126702595927346e-31
v 1.1309357997025262e-26 -6.483585164177144e-25 -3.3456489436742167e-28
v 4.646792288145164e-28 -2.705615848822441e-14 -7.735610712237667e-26
v 7.684962423596827e-29 -1.1226178209255977e-08 -1.5469012613940716e-25
v 3.742332854690277e-29 -7.703023108263096e-09 -6.839332566593814e-28
v 2.523754488047075e-28 -2.1580070155434623e-14 -5.54048782944442e-34
v 9.231853562857717e-13 -1.1152050052415685e-18 -6.7715830630606016e-34
v 1.6916876377509474e-15 -1.037357383432978e-18 -3.430993077533634e-35
v 2.9665537502898427e-15 -4.061005847410287e-24 -2.6476730295044324e-35
v 1.5884587482167811e-12 -4.278605239506451e-24 -4.3399821547119004e-32
v 5.325081738408177e-13 -7.719554704667397e-13 -1.3365667933821297e-29
v 2.889234533044738e-13 -6.62406876017485e-07 -1.7153586948442112e-29
v 4.793834845753732e-16 -5.947404702055792e-07 -5.283707223118434e-32
v 9.07267365957685e-16 -7.193586546751229e-13 -4.6536493510635674e-30
v 1.3487119844638651e-27 -8.804883317524929e-20 -2.70630820025407e-31
v 5.761175220717468e-27 -6.661804619884675e-25 -6.71940009413196e-26
v 4.115192891923646e-29 -1.1918985798331505e-08 -2.933962158762001e-28
v 2.486406854565518e-28 -2.8132988085937012e-14 -1.5452702630883646e-35
v 6.258368152325337e-15 -4.725946754772311e-35 -2.2990560155531565e-35
v 5.342976258095825e-15 -2.1871061281671288e-32 -1.2211276958491188e-35
v 6.5634626436627576e-15 -3.81453127430042e-37 -1.1680053096035661e-35
v 6.5634626436627576e-15 -3945280045056.0 -5.87864724846226e-35
v 3.5326157045445245e-15 -6.829540777644685e-29 -6.09468221756802e-35
v 4.814357635156897e-19 -4.473142000948593e-35 -9.085286782853773e-35
v 3.9155592081811457e-19 -1.9697243088582648e-32 -4.635507445141847e-35
v 5.254417721035108e-19 -3945280045056.0 -4.811739188297181e-35
v 5.254417721035108e-19 -3.696450691048274e-37 -2.286704313511462e-34
v 2.5957098227915347e-19 -5.46567422822742e-29 -1.7137332972405837e-35
v 6.705689851660358e-16 -4.708093934319198e-35 -2.526670579766663e-35
v 5.546813254544915e-16 -2.171758873922793e-32 -1.389774400993654e-35
v 7.091936875608319e-16 -3.801559510468104e-37 -1.300987843308108e-35
v 7.091936875608319e-16 -3945280045056.0 -6.547062723698583e-35
v 3.835179367314668e-16 -6.733244280425323e-29 -3.7736458925841145e-34
v 1.0403971521105726e-12 -1.23191026350545e-18 -1.9404935043538956e-35
v 1.6595130217927911e-12 -4.604751892161026e-24 -1.0155285656640835e-29
v 3.45752994377474e-13 -7.638482770744304e-07 -3.1902922558788637e-32
v 6.177594243442219e-13 -8.507951830029337e-13 -4.202484713657687e-35
v 1.2667008803634863e-17 -4.539483963373126e-35 -2.6824970496475427e-35
v 1.3476042727909702e-16 -4.6200053264044526e-35 -4.1848522983953525e-35
v 1.0750247028509021e-16 -2.0960382298202246e-32 -6.587067413768706e-35
v 1.0640058960855322e-17 -2.026787506624582e-32 -3.558093404216294e-35
v 1.3342729337306981e-17 -3.720442714419549e-37 -3.3814753780052454e-35
v 1.3342729337306981e-17 -3945280045056.0 -2.1333385757501358e-35
v 1.4502307846803013e-16 -3945280045056.0 -2.2218679940464394e-35
v 1.4502307846803013e-16 -3.74965788163481e-37 -1.0061425786559995e-34
v 7.672976331134148e-17 -6.258078844546104e-29 -1.6093475047804563e-34
v 6.762844226956955e-18 -5.823589049092344e-29 -3.18645544231778e-32
v 5.519783699656848e-22 -3.5594080651463727e-19 -3.18645544231778e-32
v 1.6152654758585283e-24 -3.5594080651463727e-19 -1.6331499337699133e-33
v 4.317076802562722e-24 -1.8008876023006533e-24 -1.6331499337699133e-33
v 1.4021295013625938e-21 -1.8008876023006533e-24 -2.303713516199137e-30
v 1.8457520073581357e-22 -1.7950312731444124e-13 -6.283925185511645e-28
v 5.7134039921537e-23 -1.0665326755088245e-07 -6.283925185511645e-28
v 1.7873776197416448e-25 -1.0665326755088245e-07 -2.303713516199137e-30
v 5.75997932607408e-25 -1.7950312731444124e-13 -2.3215251028595885e+27
v 5.083744180399031e-17 -444.791015625 -2.3684087573015183e+27
v 3.1316157301430483e-21 -410.251953125 -2.78321864059938e+30
v 9.316610272481693e-29 -2167.640625 -2.712888172117479e+30
v 1.559704424582002e-24 -2448.890625 -1.134221261917312e+24
v 3.81542577088112e-06 -36.969970703125 -5.0735984178960846e+20
v 3822469632.0 -1.4533157348632812 -5.25040973926665e+20
v 253417.03125 -1.3266372680664062 -1.1637360524352473e+24
v 2.522018704986806e-10 -32.765869140625 -9.173821425941645e+27
v 4793.0322265625 -3.3948516845703125 -8.394668735200017e+27
v 6.29152980533649e+21 -5.030670166015625 -7.115873982869324e+30
v 28832253870080.0 -25.5777587890625 -7.700336423916934e+30
v 1.8908762285718694e-05 -16.4512939453125 -6.887166839817261e+24
v 4014472108703744.0 -0.32526588439941406 -4.357485404010041e+21
v 5.01517460279457e+31 -0.014398157596588135 -3.7700718974128525e+21
v -1.4760743174702929e-33 -0.02139103412628174 -5.90668549881145e+24
v 4.337920779991649e+33 -0.4616260528564453 -5.351315600760402e+26
v 45.14282989501953 -90352.5 -4.425826217447609e+26
v 2495.14111328125 -189193.0 -8.104688562886533e+29
v 0.0009587147505953908 -1110856.0 -9.493115688197542e+29
v 1.3003651474718936e-05 -517834.0 -1.6789884182318754e+23
v 253035053056.0 -6532.53125 -4.890375272477911e+19
v 1.5797572569638985e+25 -208.4072265625 -3.4175710907835875e+19
v 4.2231422480028436e+26 -416.751953125 -1.3039140496016678e+23
v 9920369917952.0 -13365.3125 -7.177431550575537e+27
v 4.395791966616558e+26 -9.06353759765625 -6.732849080412257e+27
v 2.967046300945613e+16 -11.62017822265625 -5.869113620804035e+30
v 195994656.0 -58.083251953125 -6.202738461391445e+30
v 2.531885557454209e+18 -47.671142578125 -4.605359361670858e+24
v 2.2641663545230353e+38 -0.8493385314941406 -2.8522743221517644e+21
v -2.9929708354139575e-31 -0.03721356391906738 -2.5171344522813616e+21
v -2.210905490424986e-36 -0.04659104347229004 -4.325706721513421e+24
v 1.387612847658368e+28 -1.0098342895507812 -5.533315605010198e+26
v 0.9416238069534302 -76632.5 -9.76623620936488e+29
v 2.59447972439375e-07 -461954.0 -1.7934965820694274e+23
v 6082036736.0 -5697.65625 -5.233436974092858e+19
v 3.9824913570791876e+23 -183.2470703125 -7.843549677183198e+27
v 3.746032431100207e+25 -6.615753173828125 -6.702402009748007e+30
v 2.0338439673085952e+17 -32.065673828125 -3.354515752596122e+21
v -1.0037181858422758e-31 -0.02720463275909424 -5.213235495592561e+24
v 2.2998148190544615e+37 -0.6161537170410156 -2.234709117438513e+27
v 23781.12890625 -508.697265625 -2.234709117438513e+27
v 2.0011943888675887e-06 -508.697265625 -2.582672354235148e+30
v 6.87267219046453e-14 -2969.453125 -2.582672354235148e+30
v 0.0007867851527407765 -2969.453125 -1.0796188994591317e+24
v 1686590975901696.0 -44.747314453125 -4.7463668689713444e+20
v 1.454666891050789e+30 -1.6877212524414062 -4.7463668689713444e+20
v 1.2877650828717143e+20 -1.6877212524414062 -1.0796188994591317e+24
v 143617.03125 -44.747314453125 -3.022848285581771e+18
v 4.015817763572606e-20 -2.0738844285836387e+34 -4.4807479274546135e+18
v 3.4566384695251845e-31 -4.5328217502917297e+33 -1.1330960105288157e+24
v 1.90785201676594e-31 -8.887816261202205e+34 -8.531113289780521e+23
v 2.577960400927222e-20 -4.525031331727505e+35 -3920517136384.0
v 6.234337492189994e-20 -2.6563347915255216e+32 -4138128.5
v 1.0099587058527781e-19 -8.169292803108102e+29 -8274977.0
v 1.3436312323119274e-30 -1.862144896621661e+29 -7025930010624.0
v 6.691674624824313e-31 -5.863163046134728e+31 -3.3822921527571725e+25
v -4.211010340934399e+27 -4.8363266308342555e+27 -8.106865557970936e+24
v 2.3305860762636985e-38 -6.116082054178559e+30 -6.522142007464926e+19
v 1.1698481269459528e-37 -3.57767126984046e+29 -4.711509007855497e+20
v -1.5676445223344393e+29 -3.275929240999087e+26 -3.3642435277912424e+21
v -1.0587254157423411e+17 -3.0043405027797522e+23 -1.4087352329303882e+26
v -1617184304398336.0 -4.111723913797638e+24 -547754112.0
v 4.924242980330342e-36 -2.687100546313424e+25 -214697932488704.0
v 6.9710325200362844e-37 -5.881311365925392e+27 -2634653735321600.0
v -1.5531585006988297e+31 -6.688088424852282e+24 -12820744192.0
v -3.1768320583451054e+33 -3.6520662155866864e+22 -270038761472.0
v -2.2188122974946473e+22 -5.4511851364669194e+19 -3.268752291607347e+16
v -2.502608531487929e+19 -7.45381767126836e+21 -134357868085248.0
v -1.0764849185943604 -110192217817088.0 -6320347414528.0
v -154695401472.0 -7.362384835169485e+16 -4.2053467904147456e+17
v -39654664.0 -8.179979482560463e+18 -5.089103862812377e+18
v -6.145659426692873e-05 -8868007954612224.0 -1.6347623493151567e+23
v -4.32312461384754e-08 -2.66219252875264e+17 -2.36742387943847e+22
v -64224.2578125 -2.8299831928461407e+20 -2.4325573836048196e+27
v -2.2204196814534782e-10 -2.755376139206656e+18 -5.858119971701972e+26
v -599.9727783203125 -3.418430275557811e+21 -6.395590857935815e+19
v 1.8650715314544957e-37 -3.964914388379418e+29 -7.985264621037043e+24
v 4.0785907237751403e-38 -6.74681250419446e+30 -527747136.0
v 8.093509629081472e-36 -2.9089927414272613e+25 -208478819844096.0
v 1.1868419536825127e-36 -6.470209355805169e+27 -7.99744405967523e+18
v 1.1493727925799738e-20 -6.263011392409644e+32 -4.1595146102835773e+18
v 7.451806474669975e-19 -6.448737292737308e+33 -1.071410098346331e+24
v 4.2345862268305974e-19 -1.3083232687717553e+35 -1.7577628608980488e+24
v 5.352402208288644e-21 -1.2490241830151298e+34 -14220169052160.0
v 2.689381629438115e-20 -8.638539626727432e+30 -20527236.0
v 7.36443164505994e-20 -3.032484873612405e+28 -7351073.0
v 2.677431855191747e-18 -2.60016993098e+29 -6236461334528.0
v 1.3890085088390976e-18 -7.822203158303842e+31 -1.2529086731112153e+19
v 6.231786410057194e-28 -1.3852116727730311e+32 -1.1721816497905992e+19
v 8.198672063602401e-26 -1.6535043245012207e+32 -2.233135455677544e+24
v 3.274581955392633e-26 -3.2640619557883006e+33 -2.3106486742752714e+24
v 2.4048706844399398e-28 -2.5182772037787112e+33 -24997921816576.0
v 1.781950888418746e-27 -1.9519317794655077e+30 -40619272.0
v 5.7095048314254915e-27 -7.150985707975657e+27 -35975432.0
v 7.159860334043079e-25 -8.599732187056338e+27 -23014183796736.0
v 2.2908683390179885e-25 -2.3365442754209843e+30 -8.172099282724192e+18
v 1.0167150347011674e-21 -5.825077724112048e+32 -1.7913359351122001e+24
v 4.530010397948866e-22 -1.106413490489454e+34 -14649665781760.0
v 2.5496941692119933e-21 -7.972527885591897e+30 -21532804.0
v 6.42649623368875e-21 -2.781511873460408e+28 -1.0422528005409604e+19
v 4.0002197759280296e-24 -2.467227071124287e+32 -9.034538611365642e+18
v 8.995307695943193e-23 -3.664723802754345e+32 -1.9569508034059645e+24
v 3.9645908731437226e-23 -7.205049332098476e+33 -2.1083616787629725e+24
v 1.6072885143849334e-24 -4.5897075709769715e+33 -19820875612160.0
v 1.1048446628336246e-23 -3.37572738967089e+30 -31028356.0
v 3.2492896696127597e-23 -1.1959979871902873e+28 -26493060.0
v 6.62316508862016e-22 -1.7620170559338567e+28 -16768695271424.0
v 2.298286293932621e-22 -4.8782771123535204e+30 -5.0726086374890845e+32
v 4.774506834337444e-08 -3696016.0 -1.8489009737301563e+32
v 5.447091242359849e+17 -4832526336.0 -3.589495780414773e+34
v 3210454230892544.0 -8523120640.0 -6.885783976996756e+34
v 1.935030191635434e-10 -6566944.0 -2.809540294532733e+36
v 1.2312874678177543e-11 -8176416.0 -1.9984768411844583e+36
v 238363202289664.0 -11981619200.0 -1.2961120499608786e+36
v -1.584028064332466e-38 -16187261976576.0 -1.8680180949005781e+34
v -5.146986075046625e-38 -12342192504832.0 -6.96022599251976e+31
v -5.976683685385635e-37 -6543953100800.0 -3.8311529700578456e+37
v -8.994948855485644e-39 -18089999597568.0 -4.500586575532371e+37
v 102010321895424.0 -13497860096.0 -5.5925266048822455e+37
v 4.980045022195956e-12 -9348160.0 -6.630414563033461e-16
v 4.9778250098275745e-12 -9728320.0 -3.2851829553829085e+37
v -4.667236997469807e-26 -2.6755653389254656e+16 -9.283716814370702e+35
v -6.970257861992242e-26 -2.316244938968269e+16 -9.706599954293877e+33
v -2.0435365328850118e-25 -1.6410004886126592e+16 -2.6209207119938618e+31
v -2.0393888501567794e-24 -8334744815140864.0 -4.3871872431431747e+36
v 2343184.5 -3576.140625 -1.3745454351628811e+35
v 76771856.0 -2849.015625 -6.763649161324776e+37
v 755844.125 -3888.828125 -6.630414563033461e-16
v 755652.1875 -3974.703125 -1.4149063532663138e+33
v 82288590848.0 -1687.3828125 -4.1081012869969277e+36
v 5.592854904534761e-06 -14157.5625 -1.2280050257764978e+35
v 0.00015940613229759037 2.7362213134765625 97.41938018798828
v 1.7664299321040744e-06 -15774.5625 -6.556476516669236e+37
v 1.7670174656814197e-06 -15426.0625 -1.1811583603059434e+33
v 0.12408877909183502 -6611.78125 -4.367472741008425e+36
v 633.5665283203125 -3862.765625 -1.3642014062650188e+35
v 20496.12890625 -3134.890625 -6.748980922699415e+37
v 200.47756958007812 -4255.53125 -6.630414563033461e-16
v 200.4072723388672 -4427.40625 -1.3901475524806062e+33
v 21441668.0 -1829.5703125 -4.181280220846903e+36
v 0.14255622029304504 -9896.0625 -4.270198304549312e+36
v 51.56275177001953 -6457.90625 -1.3131404400878257e+35
v 1597.133056640625 -4995.03125 -1.2664908979994269e+35
v 4.116974830627441 -7574.53125 -6.610865826262389e+37
v 0.04721284657716751 2.7246246337890625 97.41938018798828
v 0.04719359427690506 2.8094024658203125 0.38768553733825684
v 15.687685012817383 -7259.78125 -6.676807996365781e+37
v 15.694887161254883 -7087.03125 -1.2830259702586587e+33
v 1527304.25 -3014.140625 -1.2271701156861024e+33
v 3700.64111328125 -4498.03125 -9.514036648066982e+34
v 7.956276575533035e-34 -6.936616270889893e+34 -9.452175298775844e+34
v 1.0235692824069399e-34 -7.517960836154559e+34 -2.26366040449233e+32
v 1.3149155572582438e-34 -4.937024214089884e+34 -2.2838635859334675e+32
v 1.0312907650061557e-33 -4.3572008295454915e+34 -1.1017488561643202e+37
v 7.437265513931263e-34 -8.045810546089593e+34 97.41938018798828
v 7.436655726236774e-34 -8.392925466873104e+34 97.41938018798828
v 9.446429871495073e-35 -9.55713577812271e+34 -1.0981142483633459e+37
v 9.447192106113184e-35 -8.948156429773069e+34 -7.554366829226682e+28
v 1.8976668816783929e-34 -1.9603663173332007e+34 -7.629803800370635e+28
v 1.5025934700248437e-33 -1.8162027528222453e+34 -7.431887855575078e+34
v 1.061607700966394e-16 -7.395981295796882e+36 -1.4680547169160743e+32
v 1.1766391427171622e-16 -4.659944770580432e+36 97.41938018798828
v 1.034262301055473e-16 -9.255634867536496e+36 -9.947509057761562e+36
v 1.0343332400648055e-16 -8.855178972321998e+36 -4.001092060215364e+28
v 1.5038987922183337e-16 -1.8832725961793918e+36 -1.3001850509534932e+35
v 2.6956055488208914e-38 -2.830042537838046e+32 -3.611146144710336e+32
v 3.854239476520423e-38 -1.855338068506309e+32 -1.308889048964494e+37
v 2.3301914706161447e-38 -3.253133498492742e+32 97.41938018798828
v 2.3300053781800823e-38 -3.4832913105966796e+32 -1.5944889090536415e+29
v 7.640750274624327e-38 -7.650005698839246e+31 -7.631669590171047e+34
v 1.691093073561534e-16 -3.9429210262721384e+36 -1.5335665037950566e+32
v 1.8785245241299657e-16 -2.4555610655560273e+36 -1.0065958329846888e+37
v 1.628649804689947e-16 -4.6698425864670143e+36 97.41938018798828
v 1.628507926671282e-16 -4.869421496966947e+36 -4.491190587487134e+28
v 2.2862610386475643e-16 -1.0076758237591857e+36 -1.2906269654277723e+35
v 1.858099623178971e-38 -3.1824097906202368e+32 -3.548456861120924e+32
v 2.5117193170607887e-38 -2.2068140044602143e+32 97.41938018798828
v 1.6667809043640896e-38 -4.189016168192489e+32 -1.3032099742754716e+37
v 1.6670028700408386e-38 -3.9586602856822656e+32 -1.5660729187689403e+29
v 4.90763981318486e-38 -8.93501889168878e+31 -7.52227134337135e+34
v 3.3731737165642824e-16 -5.26379266930035e+36 -1.497715760257352e+32
v 3.721948002925713e-16 -3.570049208118606e+36 97.41938018798828
v 3.2565415148921016e-16 -7.067244000940895e+36 -1.0001054619115202e+37
v 3.256893033565212e-16 -6.667437142833714e+36 -4.22305084069661e+28
v 4.419564338284355e-16 -1.3412860467506118e+36 -9.627871671967477e+34
v 1.8383680754910941e-31 -5.860887971536217e+34 -2.321249375119886e+32
v 2.3199185051613806e-31 -3.7191128067001015e+34 97.41847229003906
v 1.7356562003026846e-31 -7.27330427031051e+34 -1.1084988420804155e+37
v 1.7358123059524738e-31 -6.969068126255735e+34 -7.769676517700047e+28
v 3.5505275543140623e-31 -1.5494256840042144e+34 -7638305.0
v -5.506012916564941 -5.621295713353902e-07 -46684.2578125
v -11991618.0 -9.614648297429085e-05 -53282056.0
v -4.4069493014831096e-05 -0.05940365791320801 -5679907840.0
v -8.140052217345262e-13 -0.00023159105330705643 -6758970949632.0
v -4.977681743584507e-25 -0.05525612831115723 -104027668480.0
v -5.414405064230123e-16 -21.1236572265625 -1600725248.0
v -5.888324494662811e-07 -7668.65625 -485850.0625
v -2248.82861328125 -15.23736572265625 -263.23638916015625
v -26080790446080.0 -0.015403807163238525 -3.3175348840606204e+19
v 1.6417901062855495e+26 -446.126953125 -1.250948953407488e+16
v -4.8661111112623336e-36 -6.935211181640625 -315742440390656.0
v -7.76874287025695e-26 -3627.140625 -1.5289459600911237e+18
v -4.013755766596433e-34 -314178.0 -6.679341583197798e+16
v -5.57737155547994e-23 -222036992.0 -8156982804480.0
v -1.2331514339525155e-15 -1896136.0 -3111085867532288.0
v -7.7494139577583e-12 -152573050880.0 -218201358336.0
v -1.944101313711144e-05 -990810112.0 -5671781376.0
v -304034.0625 -517528879104.0 -378738.0625
v -696174903296.0 -1060999168.0 -24625284.0
v -640.3165283203125 -2986896.0 -0.00965196080505848
v -1.2290019645923695e+26 -451.705078125 -44.29712677001953
v -6.484234584878744e+18 -1002500.0 -4582.7822265625
v -120398036992.0 -3908.390625 -1.6318438053131104
v -5.664994408385636e+19 -2.7361602783203125 -7080288190464.0
v -7.937109206739237e-25 -0.05201363563537598 -6030918656.0
v -1.3983052996741074e-12 -0.00021974090486764908 -1.3084808993308672e+16
v -7.828288716177193e-36 -6.496734619140625 -8014625.0
v -9.246400833129883 -5.193469405639917e-07 -562041634947072.0
v -2.3992034053899047e-11 -9.739818051457405e-05 -2226691703308288.0
v -5.723938304672688e-14 -1.3603887055069208e-05 -3871393447936.0
v -1.2757952213287354 -1.0016492524300702e-07 -849703206912.0
v -269.67388916015625 -6.260124791879207e-07 -5.983499672281416e+17
v -3.2931528602979446e-23 -0.008132517337799072 -9.41617254427739e+20
v -2.834129002118028e-33 -0.40021705627441406 -2.0409841270998958e+18
v -4.4930565095970076e-26 -0.0010436251759529114 -10193799168.0
v -108686848557056.0 -4.2218495366341813e-10 -1883447552.0
v -1.3132912627023872e+16 -2.3206467858472024e-09 -234682415316992.0
v -1.0361279297020213e-21 -0.0003621000796556473 -260911780593664.0
v -4.728165208533719e-18 -0.00029749609529972076 -348456550400.0
v -3.8722770113963634e-05 -1.7467318684794009e-06 -291170746368.0
v -7.808525381847176e-09 -2.0584702724590898e-06 -2.7029627635079578e+17
v -2.1547873068908116e-33 -0.03235745429992676 -5.1548433551738484e+20
v 2.342391653294447e+37 -1.3951492309570312 -2.9934210938149274e+17
v -9.193668835408288e-30 -0.027434468269348145 -725094528.0
v -1261543680.0 -6.14434725321189e-09 -602214528.0
v -245469.03125 -6.9969985361240106e-09 -539329847885824.0
v -3.4100679094720143e-13 -0.00010439055040478706 -800092979200.0
v -3.7384190559387207 -6.771479093004018e-07 -5.670687926984376e+17
v -4.675137809214145e-25 -0.009078562259674072 -9.062369757551164e+20
v -4.2392189121208833e-35 -0.4318866729736328 -1777017088.0
v -174320944939008.0 -2.505217366888246e-09 -324779051581440.0
v -1.3117289864034024e-15 -0.0002188282087445259 -427248381329408.0
v -4.704765900866506e-14 -0.00015572551637887955 -555330174976.0
v -0.46277815103530884 -9.294490155298263e-07 -440647352320.0
v -0.011826576665043831 -1.366606738884002e-06 -3.749445289073705e+17
v -2.3265114320541257e-27 -0.020402073860168457 -5.812188756784846e+20
v -2.6389077798116607e-37 -0.9621162414550781 -7.31713482995255e+20
v -7.606781499444119e-36 -0.6763343811035156 -4.6670537131504435e+17
v -7.546284094984624e-26 -0.01374584436416626 -1252008192.0
v -18416421306368.0 -3.415962623876112e-09 -922849408.0
v -426252500992.0 -4.772147121911985e-09 -0.0005237796576693654
v 6.782915555939658e-31 -3.970031439393126e+21 -0.0004863311187364161
v 8.111514049275756e-32 -4.240607705005545e+21 -5.409590109195506e-09
v 2.4830206973266747e-31 -6.05633063531053e+17 -5.745648401500603e-09
v 2.1316316756681373e-30 -5.6013743703719936e+17 -104.63917541503906
v 2.1460431423696705e-31 -9.44964037612365e+24 -36899080.0
v 7.182102387832009e-32 -8.311705610533153e+27 -34887944.0
v 8.735758267164817e-33 -8.939138110913145e+27 -100.12159729003906
v 2.542397385524845e-32 -1.0399021083081938e+25 -1.2127541267233088e-13
v 7.387416817234202e-31 -34008761106432.0 -1.3254070692532427e-13
v 6.255926768296528e-30 -32265541255168.0 -2.8413840482244268e-05
v 2.7953581354373335e-19 -2.508399968502056e+23 -3.653602470876649e-05
v 2.806904980391352e-15 -1.7894381182292262e+23 -2.814975474940695e-10
v 4.853675817653117e-15 -2.0168950917736956e+19 -2.1354742973933583e-10
v 4.345974885104871e-19 -2.83823907381539e+19 -7.811554908752441
v 1.7087651524876094e-19 -7.87261067779692e+26 -5125409.0
v 8.951514066801594e-16 -5.5868092679744044e+29 -9.967348098754883
v 1.5933776057608243e-15 -5.4751356810063625e+26 -4.9973326055074464e-15
v 8.188167551219545e-15 -896930972434432.0 -3.544108247572871e-15
v 7.438571584869127e-19 -1131268750180352.0 -0.012834610417485237
v 1.3498967538530285e-33 -4.398694343355086e+19 -0.019994381815195084
v 3.619244709603607e-34 -2.3761134570518348e+19 -3.253026648053492e-07
v 2.5367289313599893e-33 -4612073858269184.0 -1.96979300426392e-07
v 8.508558719037886e-33 -8423118599094272.0 -1670.695556640625
v 2.1646879998961085e-34 -8.287719490511015e+22 -400812096.0
v 3.600558137639749e-35 -5.817041009557949e+25 -2433.89111328125
v 5.354120776549979e-35 -4.311955700627186e+22 -1.1351199494247233e-11
v 1.742524907668127e-32 -395776655360.0 -6.468632053613366e-12
v 4.97450518907814e-32 -671730434048.0 -5.251100083114579e-05
v 6.63957363617124e-15 -1.088686573049669e+23 -5.834480543853715e-05
v 9.905257879112217e-18 -8.836048958102031e+22 -4.694166166885338e-10
v 1.9004563908911967e-17 -1.054862769546435e+19 -4.1777964421285674e-10
v 1.2570512732405954e-14 -1.289162540160385e+19 -13.629457473754883
v 3.4967828227438786e-15 -3.0695502042489173e+26 -6755873.0
v 1.8975304082191353e-15 -3.075664634350826e+29 -14.966859817504883
v 5.153693385410598e-18 -2.625742202188828e+26 -9.124918228247021e-15
v 3.640145928393527e-17 -482928303800320.0 -7.456981606095321e-15
v 2.372505742754584e-14 -549002080681984.0 -0.011856378987431526
v 7.890213793016822e-34 -5.054643629081598e+19 -1.8028825365945522e-07
v 5.0081003768142594e-33 -9337947170013184.0 -375851072.0
v 2.1934084607730034e-35 -6.577578131624105e+25 -1558.539306640625
v 1.370516440052138e-34 -9.707196446982965e+22 -5.909190671504749e-12
v 3.02290186032177e-32 -756254048256.0 -4.3768675823230296e-05
v 1.0613961491938613e-14 -1.3960554461778544e+23 -3.43193973240119e-10
v 1.8922041803435055e-14 -1.6403025736069284e+19 -5863585.0
v 3.229581197334826e-15 -4.40767138055508e+29 -11.625062942504883
v 5.883017360210855e-15 -4.3746353958384204e+26 -6.031336217406872e-15
v 3.323665805467571e-14 -733103739895808.0 -0.0005966761382296681
v 5.661537620230583e-26 -3.4694473336116405e+21 -0.0005966761382296681
v 1.7615713236744722e-28 -3.4694473336116405e+21 -6.367629090675564e-09
v 5.689074759168426e-28 -5.0295403629982515e+17 -6.367629090675564e-09
v 1.8188373926418588e-25 -5.0295403629982515e+17 -112.99659729003906
v 1.8495734472912906e-26 -8.366299990162835e+24 -40619272.0
v 1.7878506979509468e-29 -7.150985707975657e+27 -112.99659729003906
v 5.455197771183061e-29 -8.366299990162835e+24 -1.5338514421266158e-13
v 1.7328936008753143e-27 -29040020815872.0 -1.5338514421266158e-13
v 5.886070853164607e-25 -29040020815872.0 -14162.314453125
v -4.0831621435076494e+21 -1.6813048349384463e-14 -15101.064453125
v -3.752653416613439e+19 -1.5666396131763793e-14 -2571920.5
v -4580385.0 -1.2248924097235658e-11 -2347024.5
v -493750336.0 -1.2905509993998976e-11 -152.13381958007812
v -2.1016956800212142e+33 -1.3834853825300504e-17 -3.0932774543762207
v 9.4375339535231e-37 -8.680072264407047e-21 -3.3466954231262207
v 9.091894606883335e-38 -8.273926583643511e-21 -167.63381958007812
v -1.9696324784154137e+31 -1.3345268781787519e-17 -753864832.0
v -1.391245234572125e-07 -5.944826853010454e-09 -700649600.0
v -1.4873747204546817e-05 -6.3139680150925415e-09 -895140.125
v -9.82708256765253e+35 -8.759845333914523e-16 -645700.125
v 5.114801634858174e-36 -1.1614042493091688e-15 -85168656.0
v -1.8444457919426797e+31 -6.550211761879865e-13 -115051024.0
v -3.3091301644013425e+22 -4.846435752714484e-13 -12339.814453125
v 3.0866282192460286e-34 -1.1377307876826125e-18 -296.20513916015625
v 4.962910216245132e-29 -9.778632943311216e-22 -208.76663208007812
v 1.0589733872711543e-24 -1.1886134047731476e-21 -8221.064453125
v 6.279326817120833e-30 -1.391893611418106e-18 -18284154880.0
v -1.7844307496638874e+17 -2.2534241139737787e-10 -25353654272.0
v -275163200.0 -1.7744117286611072e-10 -158.68460083007812
v -6.55266810959557e+25 -3.9864118950294625e-13 -85.47315979003906
v -1.0774140004922539e+26 -6.321228263050926e-13 -19658.12890625
v -62421184020480.0 -7.430891457715916e-10 -34278.2578125
v -31623445741568.0 -4.3859138543211884e-10 -1.3313066959381104
v -8.453587895994995e+36 -2.2097480231264913e-16 -0.021433953195810318
v 2.992533684676921e-35 -9.076860302932364e-20 -0.6879006624221802
v -1.0748787199214025e+37 -3.4355825747223873e-16 -14200642.0
v -3.8029332160949707 -3.1164563552010804e-07 -390146.0625
v 4.3702865322375684e-35 -1.6263643509795774e-15 -319002.0625
v 9.790311850851767e-38 -1.81588977287274e-15 -44274952.0
v -8.97918436898369e+27 -1.1272718869470566e-12 -52797704.0
v -1.659562919110362e+33 -9.328718353351917e-13 -4989.2822265625
v 5.02715923918989e-29 -1.8431571349103115e-18 -115.78565979003906
v 7.725789739094312e-24 -1.517857137963395e-21 -3955.26611328125
v 1.159116658230021e-31 -2.1331600402265026e-18 -12209948672.0
v -1.776705457272075e+19 -3.675300064287512e-10 -181.43850708007812
v -1.3187874792043147e+25 -3.701709078152149e-13 -39730.2578125
v -6213510103040.0 -4.0599168471544544e-10 -0.02450573816895485
v 1.3632890439016892e-35 -8.57294187376506e-20 -1.5191729068756104
v -1.7471372213760068e+36 -2.088147973218664e-16 -15490626.0
v -0.7310525178909302 -2.7498208510223776e-07 -496786.0625
v 3.467727275996831e-35 -1.3719021010972295e-15 -65571080.0
v -9.110299402135591e+32 -7.755220077232394e-13 -161.14163208007812
v 6.3446386555979754e-24 -1.3376610113975463e-21 -6750.0322265625
v 4.238452408364429e-29 -1.5716498846932296e-18 -15231944704.0
v -8.884371711290507e+18 -2.8561863985032687e-10 -12425.564453125
v -6.175000625601043e+31 -1.8935048841373092e-14 -12425.564453125
v -5.636168747007099e+26 -1.8935048841373092e-14 -2014024.25
v -70240171982848.0 -1.4120316027543822e-11 -2014024.25
v -7.828136861183771e+18 -1.4120316027543822e-11 -125.73097229003906
v 1.2590016947886543e-36 -1.5604148487798353e-17 -2.6245274543762207
v 3.3420631416797117e-34 -9.431152260605197e-21 -125.73097229003906
v -2.8002710051667563e+38 -1.5604146833437128e-17 -602214528.0
v -2.3433384895324707 -6.9969985361240106e-09 -1.773521189194586e-23
v 1.979794344009424e-18 -149129.015625 -6.626533840229816e-23
v 8.802618088923628e-29 -58701.25390625 -5.422897868199909e-19
v 4.384514935346757e-29 -7130219008.0 -1.584357188359634e-19
v 1.2388454491586712e-18 -20023740416.0 -5.58368151704274e-27
v 3.2167271447967195e-18 -0.5235024094581604 -2.3031910324700834e-29
v 3.548102699428203e-28 -4.897047460872272e-07 -2.2595050166893894e-26
v 1.7673028911889686e-28 -0.2337045818567276 -1.1713342494838914e-14
v 2.183744857319187e-29 -380381664641024.0 -1.2004010632726825e-11
v 1.090261753369659e-32 -371114147840.0 -1.9487207403301454e-09
v 7.675841792554928e-36 -2097782912.0 -2.448059658634316e-13
v 2.6810238934947983e-34 -119228.5078125 -9.52966487527949e-16
v 7.652901981268545e-32 -13034305.0 -1.96849986482926e-19
v 5.266967948463855e-31 -210.84474182128906 -7.591830574787186e-17
v 8.5354540297847e-33 -3.2484285831451416 -2.7279939510691312e-14
v 1.381536699591097e-34 -0.05003667250275612 -6.288704279544532e-11
v 9.268097463111606e-37 -1110.7579345703125 -3.439509441705013e-07
v nan -13063744.0 -1.665514387103103e-25
v 2.4001808644694246e-29 -7.3747803419621505e-09 -1.0419609313182938e-22
v 3.529291449530299e-30 -0.0017066375585272908 -5.450666579857255e-20
v 2.2163395853398046e-31 -4.5182419853517786e-05 -1.129303736962109e-22
v 4.664145669260478e-30 -3.509672830137589e-10 -8.252989059064402e-20
v 8.319597943368485e-31 -1.5062730576720362e-11 -2.894164011746665e-17
v 1.39171977756353e-32 -1.1572630000955542e-06 -5.490658808259997e-17
v 1.6084300957244868e-31 -7.106989150830467e-13 -1.534721040031585e-14
v 8.739390912050843e-34 -2.9003901502733243e-08 -8.128666142970253e-12
v 5.487833258956014e-35 -7.820127323476811e-10 -3.813540594421738e-09
v 3.606498876337967e-38 -1.1864875887113158e-05 -1.0707936273779417e-11
v 2.233405186983694e-36 -0.0007705875323154032 -4.149770575168077e-06
v -2.366911954037714e+33 -0.10097742080688477 -1.6154562132442152e-08
v -1.9457747111576797e+38 -10.80133056640625 -5.6123601098079234e-05
v -2.5570026762013938e+32 -76080.5 -1.8560033015220483e-19
v 7.683889658048312e-31 -220.19630432128906 -8.774483122034262e-16
v 1.1644430582324669e-31 -13719617.0 -9.839290414688704e-23
v 5.4125620456493576e-30 -0.0017690436216071248 -3.4796036062349137e-22
v 2.2246158998054174e-17 -18139.626953125 -4.845328199185291e-23
v 1.3272416007389768e-16 -71308.5078125 -4.0250779212831666e-19
v 6.958588743419871e-17 -8554840576.0 -2.5822994673032485e-18
v 8.52777054863991e-18 -1907957888.0 -1.3186995787317373e-25
v 5.487524786355156e-17 -0.08729792386293411 -1.4833129653094044e-28
v 1.5000702032967443e-16 -2.1175675612994382e-07 -1.6842282015569666e-26
v 2.5257341934953e-16 -0.2822590172290802 -4.8795392910711693e-14
v 3.2176800568623805e-18 -90289347756032.0 -1.2964571781089445e-21
v 5.794228313919929e-24 -7282.28173828125 -1.072291232107074e-21
v 6.231676014335297e-22 -8045.65673828125 -6.989558716426101e-18
v 1.9567428434565595e-22 -804786240.0 -8.707976808168263e-18
v 1.7986663672067772e-24 -692899904.0 -5.251952903111749e-25
v 1.873041356642372e-23 -0.038573507219552994 -5.102236201393858e-28
v 5.8213102180296415e-21 -1.149023844959629e-07 -4.115661384975233e-25
v 1.8546556595143118e-21 -0.043667081743478775 -1.2736429207300948e-13
v 6.483392820166929e-23 -33066015784960.0 -3.7222001702602314e-22
v 2.1630710979715732e-18 -16817.626953125 -2.768276138784771e-18
v 8.04605302672807e-19 -1811062912.0 -1.4438760271722074e-25
v 5.6851006806942646e-18 -0.08288813382387161 -1.6111947136167168e-28
v 1.4298025337493447e-17 -2.046154037316228e-07 -5.161171647396004e-14
v 3.173611285945582e-19 -83316468350976.0 -7.792979420529137e-22
v 2.1348811058131928e-20 -10356.5634765625 -5.603664983648553e-22
v 3.111870525024624e-19 -13339.0634765625 -3.90283748055281e-18
v 1.0606814210145298e-19 -1333010560.0 -5.581339144655613e-18
v 6.89398333454549e-21 -984830016.0 -3.184994843431692e-25
v 6.14318218868665e-20 -0.05186295881867409 -3.619593218963857e-28
v 1.833537076085108e-19 -1.3714544877529988e-07 -2.465329477254144e-28
v 2.415010460220524e-18 -1.6937066504851828e-07 -2.0616487792688862e-25
v 8.299104119720292e-19 -0.061812642961740494 -7.417375361921247e-14
v 4.006222468466991e-20 -59639114760192.0 -9.958745254227269e-14
v 2.4723010831500006e-21 -43907723296768.0 -0.0012001174036413431
v 8.357122636075846e-39 -1.3345282757831149e-14 -0.6330910921096802
v -6.039656634606787e+36 -3.5774097714106473e-16 -78.83253479003906
v -5.994366332158306e+25 -6.653601281048083e-13 -0.20996955037117004
v -2.6606647678881752e+29 -4.3252734727161624e-11 -0.0005506464513018727
v -1.174008018639031e+33 -2.811034960359393e-09 -2.272965957672568e-06
v 1.7433894990451573e-37 -5.207952667209137e-13 -18067.62890625
v -34532749213696.0 -7.811458146989025e-10 -70.33839416503906
v -3.292923525735645e+18 -8.416327546001412e-08 -0.27382856607437134
v -2.860963544754815e+23 -8.747505489736795e-06 -0.0010660069528967142
v -2.6903591027797892e+28 -0.000918511301279068 -1.502725581303821e-06
v -5.153213289053891e+36 -1.8264563550474122e-07 -4.300575007221141e-09
v 3.004501930474267e-36 -2.0551673210467136e-11 -46013.2578125
v 6.1452018208355485e-37 -7.128033819930272e-15 -501.50982666015625
v 5.269616102137387e-31 -6.806889526623872e-18 -7076385.0
v -5.902967926109341e+29 -5.291017624031724e-12 -14593.564453125
v -3.3015330019052246e+35 -1.6286559774425502e-14 -159.25491333007812
v 9.372254341248263e-35 -1.36099674049851e-17 -2450320.5
v -4.083562400924532e+22 -1.2603973420510783e-11 -42258.2578125
v 7.000054195959591e-38 -7.701359928740607e-15 -470.51763916015625
v 5.785652714874358e-32 -7.164681951090315e-18 -6626593.0
v -7.962628870415239e+27 -5.619310572413383e-12 -19781.12890625
v -1.3820143865470916e+38 -1.3117382614141748e-14 -28250.12890625
v 2.0208565161745985e-38 -1.0530477077624282e-14 -317.56451416015625
v 1.6233579923591668e-32 -9.580843433133207e-18 -216.86038208007812
v 2.0503093689897267e-33 -1.1789905359572422e-17 -3286160.5
v -1.5353965268154417e+25 -1.0163925256989614e-11 -4407329.0
v -7.690894753405859e+26 -7.238903920736561e-12 -1.1168814370025106e-21
v 6.288278027927204e-29 -7893.78173828125 -1.0198169619982413e-21
v 6.946108590308384e-30 -8256.8134765625 -3.9802928536393073e-25
v 2.163984816089774e-29 -0.04485917463898659 -4.325388438275357e-25
v 1.8952462692545015e-28 -0.04265332594513893 -7.331336510643212e-18
v 2.0372971443479816e-29 -782520384.0 -6.7630559851937685e-18
v 2.345795085483998e-30 -830967872.0 -2.4031962746292393e-23
v 2.4507851396080374e-14 -118140.5078125 -7.954135351893994e-27
v 4.2937231732338016e-14 -0.4384937584400177 -2.067132881070083e-19
v 1.3774193984299361e-14 -15383725056.0 -9.799320496171032e-20
v 1.9966721348152018e-30 -347.4082336425781 -5.037421509405125e-23
v 1.1951985701759687e-29 -0.0026726278010755777 -5.016502866927943e-16
v 3.2288370682906318e-31 -22608002.0 -4.1268766007432375e-23
v 8.35655465181509e-14 -83834.5078125 -1.313503019148352e-26
v 1.557998792912213e-13 -0.3240528404712677 -3.4742418077718544e-19
v 4.4617311418821554e-14 -10355803136.0 -8.835489646424245e-20
v 1.1266752240767053e-30 -379.4707336425781 -4.540063010236278e-23
v 6.49544098332177e-30 -0.0028864892665296793 -4.3591878298040684e-16
v 1.8017754065477367e-31 -24957058.0 -3.050087776003798e-23
v 1.0487662442052598e-13 -102608.5078125 -1.0252087168802801e-26
v 1.9131660773837045e-13 -0.3866901695728302 -2.648715556443933e-19
v 5.725673028148665e-14 -13107266560.0 -1.2964571781089445e-21
v 1.8102487311660232e-26 -7282.28173828125 -5.251952903111749e-25
v 5.504080983548469e-26 -0.038573507219552994 -8.707976808168263e-18
v 5.611390256338628e-27 -692899904.0 -255697690296320.0
v -5.767296195091917e-32 -0.00031034834682941437 -267053583826944.0
v -5.072405978946985e-34 -0.0002823714166879654 -3.1033722565925274e+17
v 1.72497002631214e+25 -0.02641165256500244 -2.9000065859190784e+17
v 2.4715404126676627e+29 -0.02830326557159424 -337064820736.0
v -4.595452557850864e-19 -1.793705450836569e-06 -361869934592.0
v -4.20799783082153e-21 -1.6914345906116068e-06 -4627055241068544.0
v -8.52000296079652e-20 -4.930916475132108e-06 -3810787579658240.0
v -6.26987489704689e-11 -6.7458313424140215e-06 -3.217136388256301e+18
v -3.9613596988759373e-23 -0.00048741139471530914 -3.892817069850231e+18
v -4.548072866671865e-32 -0.0003646630793809891 -8506754203648.0
v -2.4765181478869636e-06 -3.831360118056182e-08 -6859097374720.0
v -1697.508056640625 -5.158312887942884e-08 -10966194454528.0
v -2.2935820205319487e-25 -0.0275040864944458 -1.8187163568963584e+16
v -1.825012735569107e-36 -3.3373565673828125 -9588246528.0
v -4.571517860443852e-13 -0.0001192544586956501 -2631973675728896.0
v -9.104555331873598e-09 -1.1533091310411692e-05 -2.2337241174025175e+18
v -6.335092776001641e-21 -0.0008700527250766754 -4341423931392.0
v -206329.03125 -8.502547643729486e-08 -12067316695040.0
v -4.0337816905773345e-26 -0.024726033210754395 -2.015968742919373e+16
v -3.027486722930161e-37 -2.9615631103515625 -10790701056.0
v -8.590742321071959e-14 -0.00010909931734204292 -3277112123326464.0
v -3.673463755404782e-09 -8.429691661149263e-06 -2.739262246545785e+18
v -2.5326852678663717e-21 -0.0006601698696613312 -5693550624768.0
v -94986.515625 -6.23335836280603e-08 -234682415316992.0
v -9.836357471751328e-27 -0.0003621000796556473 -2.7029627635079578e+17
v -1.9953147688056572e-38 -0.03235745429992676 -291170746368.0
v -7.656246784563253e-14 -2.0584702724590898e-06 -7.376122812274843e-05
v 5.416991684521448e-30 -6.6046554046883615e+22 -18.084110260009766
v 2.6978550793179847e-30 -1.9369378269974616e+26 -6.238886074427796e-10
v 1.0875968641830538e-29 -8.068093729073791e+18 -99572.515625
v -1.2755659690323795e+36 -7.3584595786583245e+19 -2564.70361328125
v 3.417474892499178e-35 -3.897826296172406e+22 -0.021136406809091568
v 2.3162679964346425e-34 -2.1847104728885887e+19 -1.3757402896881104
v 2.1783156601959995e-39 -5.881095711935693e+16 -89.52003479003906
v -8.466979452508645e+29 -152042916020224.0 -3746448.5
v -7.7347944994199135e+25 -1.410349062506414e+17 -3.4478040333851823e-07
v 1.5298179191898878e-33 -4339240087322624.0 -3.60312478733249e-05
v 2.19138192759675e-37 -16917407465472.0 -0.0037406240589916706
v -1.7538027758200147e+34 -65955692544.0 -0.4124317765235901
v -3.241834492862531e+26 -257139712.0 -5823.5322265625
v -7.680485247888801e+20 -420095197184.0 -141394976.0
v -4862075851505664.0 -270218941169664.0 -0.0002310509153176099
v 4.799534558579947e-19 -1.2814219246446745e+22 -51.30005645751953
v 1.8784695269589886e-19 -3.3358356418976414e+25 -2.2780146657908062e-09
v 1.2843205305143865e-18 -1.7424797768592916e+18 -0.0005056896479800344
v 6.544365615025452e-24 -4.0943307891085515e+21 -102.56495666503906
v 2.240832370914017e-24 -9.765633678567046e+24 -5.59137536271237e-09
v 2.119216446169262e-23 -5.743343311750431e+17 -0.0002409005828667432
v 4.5541469062221165e-20 -1.173220241437322e+22 -53.55884552001953
v 1.746188935974525e-20 -3.101665293928343e+25 -2.4461006553622155e-09
v 1.1620649420390624e-19 -1.618841893339136e+18 -0.00042375369230285287
v 2.844936356556532e-22 -5.477422544946027e+21 -0.0003348682657815516
v 5.1531550782399334e-21 -7.918589715762949e+21 -65.40089416503906
v 1.7658371412414304e-21 -1.946043185989105e+25 -85.77784729003906
v 9.452357296121419e-23 -1.4118179836246963e+25 -4.3419570161518095e-09
v 8.052636584688361e-22 -8.0197945197278e+17 -3.275332449703683e-09
v 1.3548651362534597e-20 -1.0808683773349069e+18 -9.794430721405168e+21
v 1.5545354597797305e+36 -13045312.0 -1.2705254428282535e+23
v 4151774281728.0 -14339.5625 -4.319572971583042e+26
v 1063.195556640625 -205205.0 -6.063076764484059e+25
v 2.485722080616871e+27 -219579392.0 -8.408211569159055e+24
v -1.830320229742342e-32 -234529751040.0 -8.220016483247787e+20
v -1.7422812093514896e-28 -11680153600.0 -7.94530378282854e+29
v 0.0004480351344682276 -1241288.0 -1.8720099202043758e+29
v 3.1402885255213624e+21 -1542496256.0 -4.394234736754041e+28
v -3.400430224412255e-35 -1857481080832.0 -1.0271111682492857e+28
v -8.787381631811211e-23 -2186696699412480.0 -1.1546971478391296e+24
v -2.666840957746045e-20 -250071249584128.0 -6.449071103510839e+19
v -1.0359595433235338e-16 -10242490368000.0 -3.539074258819843e+27
v 5.246093326128292e+23 -112.93408203125 -1.9226767529170122e+24
v 7.765913788735216e+34 -9.87603759765625 -3.742080572278362e+30
v 8796678211502080.0 -607.81640625 -2.343059094021474e+27
v 299710349312.0 -428.923828125 -1.1477796188114885e+24
v 2.435330956059813e+22 -35.039306640625 -2.74522935564381e+30
v 9159.064453125 -2319.703125 -3.445231392072257e+27
v 1.2655623367087777e+20 -121.56884765625 -1.8636471718811416e+24
v 1.8080813032886716e+31 -10.92681884765625 -3.6717501037964615e+30
v 2187824726016.0 -678.16015625 -2.559013208431008e+27
v 1.1601567807438848e+16 -300.541015625 -2.98228836102358e+27
v 6.429769176885232e+18 -200.3525390625 -1.5723730829572678e+24
v 7.202152902995036e+29 -16.2247314453125 -1.3060758855091967e+24
v 1.0722465140748856e+27 -25.7071533203125 -3.0068215601953017e+30
v 296110144.0 -1661.0078125 -3.3243531802720017e+30
v 134088245248.0 -1026.3828125 -1.1882257234631066e+19
v 7.985322673599869e-33 -1.587763422000905e+32 -1.153266531355643e+19
v 9.942156731812208e-34 -1.771851392256903e+32 -22549253586944.0
v 2.7788807676293805e-33 -2.4266044132789957e+30 -23408783917056.0
v 2.2497742299349605e-32 -2.2600241067426567e+30 -2.2485200402350177e+24
v 3.0353736349788037e-33 -3.100297343871316e+33 -2.2149838595090137e+24
v 3.81190823370338e-34 -3.45690330334802e+33 -3.3856695305618063e+18
v 3.2968052260398347e-16 -1.4920961856088928e+34 -4366321319936.0
v 5.425518136498099e-16 -1.7713066986396175e+32 -9.228031280885268e+23
v 2.0494218915679933e-16 -2.976355071864273e+35 -5.292321539220727e+19
v 1.0557008651689013e-36 -8.340089842903256e+29 -154246267797504.0
v 5.6192540152540195e-36 -1.330339868894963e+28 -6.925978789348345e+24
v 2.38429386671363e-37 -1.4345327755417262e+31 -3.95248976491289e+18
v 5.879121220411722e-16 -8.108250384761089e+33 -5727776145408.0
v 1.0373174165473212e-15 -1.0056097391265621e+32 -1.0316573648674869e+24
v 3.535736279801328e-16 -1.578637082764423e+35 -5.075360627172154e+19
v 6.705972319250282e-37 -9.667200250643412e+29 -143581864001536.0
v 3.6750047260931875e-36 -1.5322002576251157e+28 -6.717604368291722e+24
v 1.5698778084916527e-37 -1.6507390034029178e+31 -3.642304340577747e+18
v 1.0612240744506266e-15 -1.0806168007748095e+34 -4965285232640.0
v 1.7588268572821123e-15 -1.38394897393296e+32 -9.72074381509405e+23
v 6.72371471277793e-16 -2.3060214344635852e+35 -1.2529086731112153e+19
v 1.8812607828977967e-30 -1.3852116727730311e+32 -24997921816576.0
v 5.529754882765321e-30 -1.9519317794655077e+30 -2.3106486742752714e+24
v 7.258740622824829e-31 -2.5182772037787112e+33 -0.009863676503300667
v 2.7476403683803947e-30 -1.816956398494934e-27 -0.010917725041508675
v 2.8690492805547913e-31 -1.755721070727153e-27 -0.12350322306156158
v 5.377799411290615e-34 -3.555831945481235e-24 -0.11529399454593658
v 5.236616478614112e-33 -3.717390658870498e-24 -0.0017619805876165628
v 1.99733596374658e-28 -1.5224055853601245e-30 -0.0018961208406835794
v 2.152814422412328e-29 -1.5004981322427197e-30 -1.3025896549224854
v 5.219930727606375e-22 -4.633849557436396e-28 -0.8711739778518677
v 9.749827333291053e-18 -5.269375624205074e-28 -9.227846145629883
v 1.0641938690023258e-20 -7.355497345499824e-25 -13.591371536254883
v 5.49820372328554e-25 -6.517032866558515e-25 -0.2464762032032013
v 6.588205358240179e-20 -5.842700161016374e-31 -0.17517569661140442
v 1.1799171072834772e-15 -6.297339998513286e-31 -4.947954585077241e-05
v 2.2702961490199494e-29 -8.212486527981897e-27 -0.0006860980065539479
v 8.337961281018161e-32 -2.4998890068205323e-23 -7.817581717972644e-06
v 9.898049244915929e-28 -4.7400269329111426e-30 -0.4667683243751526
v 5.946214964861531e-17 -6.262354288652022e-28 -5.205353736877441
v 7.283533381152254e-20 -9.059468948251484e-25 -0.09439326822757721
v 6.756450630365177e-15 -7.007767406749127e-31 -5.586841871263459e-05
v 1.0988250357588314e-29 -7.832452786891675e-27 -0.0007856228621676564
v 3.9639744257256736e-32 -2.399601435484147e-23 -9.44367093325127e-06
v 4.806290102419538e-28 -4.604056278837404e-30 -0.6730386018753052
v 5.3908783270734405e-17 -5.71902634018105e-28 -7.070710182189941
v 6.267259280569604e-20 -7.948720746226025e-25 -0.12487269937992096
v 6.479003294426137e-15 -6.618970299225954e-31 -0.007913412526249886
v 9.364335538727338e-28 -1.9302072422007255e-27 -0.10010196268558502
v 1.8106754504360045e-30 -4.016274278640635e-24 -0.0015137570444494486
v 7.079278439093785e-26 -1.562922336565171e-30 -9.660508285355187e-34
v 1.3792803445411793e-27 -9.1649636977163e-19 -7.664638116867155e-32
v 7.123322492473378e-28 -6.377295067895583e-13 -4.6466746414746587e-35
v 2.464414179048074e-27 -3.723348136426727e-24 -6.687427315124319e-25
v 6.652201750218616e-29 -1.6252530437527797e-15 -7.319674902163546e-28
v 1.7011741606184885e-28 -2.095210025713102e-14 -1.1807926141919522e-29
v 1.045222403083369e-27 -6.678863707141137e-20 -1.2546489111638114e-26
v 6.378588494138167e-28 -9.510768394563425e-21 -1.3392513676042464e-23
v 3.765470856671524e-28 -1.334145493794196e-21 -6.020615711163564e-22
v 2.4618491412887038e-29 -1.316026752168432e-16 -7.075416166243469e-31
v 5.0254638189857216e-27 -5.473464552259743e-25 -8.454680307394359e-28
v 3.877868417115455e-27 -1.2938030053034457e-25 -1.07487682312041e-24
v 2.9807729453218024e-27 -3.048020795264367e-26 -1.3147843985558225e-21
v 2.4070245481932452e-27 -7.154032408401605e-27 -1.46680868408474e-20
v 2.322286808424615e-28 -1.8492738610922768e-22 -5.318077540977189e-19
v 9.992351983345675e-30 -1.0691938901694036e-17 -6.594853915899202e-33
v 9.001387366735928e-16 -5.489204149114277e-19 -5.1131342941559245e-31
v 3.8307747959889457e-16 -3.145140669170293e-13 -3.4613170435706328e-34
v 2.0070890377487955e-15 -2.5574367648438124e-24 -2.4417277554468367e-32
v 5.05103430018272e-20 -3.7491963848905394e-19 -1.825071776770299e-30
v 1.818112290236011e-20 -1.9232273380190984e-13 -1.3425616691038974e-33
v 1.2820392180837535e-19 -1.9069609950602914e-24 -7.426351599896855e-33
v 9.585237912855456e-17 -5.324826817787739e-19 -5.631209449196091e-31
v 3.946771855299584e-17 -3.0341183667077776e-13 -3.7258620472231886e-34
v 2.062161267094698e-16 -2.5114935057237407e-24 -1.8235493822816056e-32
v 1.4829232868659182e-18 -4.0546576414941214e-19 -1.1529297082006967e-32
v 1.7442635154175037e-17 -4.513925119689755e-19 -8.486913107287127e-31
v 6.490311376177884e-18 -2.486292692994302e-13 -1.316234878853019e-30
v 5.417074516687535e-19 -2.1295553482517798e-13 -9.491942395447271e-34
v 3.4270030739525995e-18 -2.077657873175635e-24 -6.210637158848206e-34
v 4.047229962843944e-17 -2.284856923097365e-24 -0.03004038706421852
v 1.683542332162934e-29 -4.693642207946339e-31 -0.018070820719003677
v 1.3894157498612008e-31 -6.052626524954583e-31 -8.286269803647883e-06
v 1.0267098267868028e-32 -2.6792696672755517e-30 -8.013159458641894e-06
v 4.6294932242728135e-29 -2.3912949923410503e-30 -9.161945854430087e-06
v 9.151977306903973e-33 -4.025506923543478e-30 -0.019728783518075943
v 1.210996396106952e-31 -8.426967597372593e-31 -0.034734971821308136
v 1.2748599979639626e-29 -8.987894693675376e-31 -9.582903658156283e-06
v 3.8121285558748707e-29 -4.888130945634521e-30 -7.404476797971754e-35
v 2.326067697794939e-27 -3.72082378153002e-24 -1.2159095455602367e-34
v 1.9977385432902678e-29 -2.615496927468079e-24 -2.6060996578351715e-31
v 1.0325469496973222e-31 -5.618741176565244e-25 -2.7508453302180247e-31
v 4.647038807178046e-28 -7.123004259513087e-25 -2.247455391003811e-31
v 1.0325469496973222e-31 -2.9865803020314703e-25 -1.032385490038107e-34
v 1.9977385432902678e-29 -1.3423573693678957e-24 -5.756727591706613e-35
v 2.326067697794939e-27 -1.1615883152146904e-24 -2.108968990940216e-31
v 4.647038807178046e-28 -2.2459345753375668e-25 -1.1866943460044601e-23
v 7.405779618858453e-29 -2399.015869140625 -1.660874376283922e-23
v 6.349701689074054e-31 -1425.1954345703125 -1.0987079800611009e-20
v 2.5503274035769617e-35 -17.704713821411133 -1.2389771324347805e-20
v 1.1465981135915039e-31 -22.631959915161133 -7.47755925670165e-21
v 2.5502539351800353e-35 -10.651185035705566 -1.1330164634808774e-23
v 6.349701689074054e-31 -808.7227172851562 -6.0178861577681906e-24
v 7.405779618858453e-29 -877.0664672851562 -6.4427296532101035e-21
v 1.1465680209361228e-31 -8.219300270080566 -0.005037457682192326
v 2.163216926756088e-30 -7.150373775287421e+23 -0.005538017489016056
v 1.8662057212842448e-32 -3.886752395048665e+23 -0.4164906144142151
v 3.664185289439748e-39 -5.592412743125445e+20 -0.4937611222267151
v 3.406821974944851e-35 -6.493515826411591e+20 -0.23635581135749817
v 3.664185289439748e-39 -4.063710885610804e+20 -0.0031356369145214558
v 1.8662057212842448e-32 -2.6342989968051237e+23 -0.0017882662359625101
v 2.163216926756088e-30 -3.6522942778718165e+23 -0.19849494099617004
v 3.406821974944851e-35 -3.462840623327032e+20 -3.86557113733881e+24
v 8.457880512711648e-32 -7.497678426550907e+34 -3.321982482974737e+24
v 7.158438253916216e-34 -4.0028763935611907e+34 -1.5016906360439596e+25
v -1.3967988882548078e+32 -1.8861022324794688e+31 -1.8538316017134455e+25
v 1.1334601613073217e-38 -1.9584908971692634e+31 -7.92269326513902e+24
v -1.3967988882548078e+32 -1.7016491666259471e+31 -1.71157221373748e+24
v 7.158438253916216e-34 -3.6069891111099146e+34 -1.1354756405143242e+24
v 8.457880512711648e-32 -6.076261808514993e+34 -6.192831392882833e+24
v 1.1334601613073217e-38 -1.628456082695781e+31 97.41847229003906
v -2.4282752954138624e+16 -520.0663452148438 -7.069086024028087e+37
v -2.431034382404813e+16 -505.5175476074219 -4.7985145099052306e+36
v -2.7155851569948262e+17 -467.2519226074219 -1.931672043265603e+33
v -1.0509958649019722e+27 -224.00096130371094 -1.5904516853937532e+35
v -4.3943655220960664e+20 -378.2831726074219 -1.2309249086683849e-06
v 6.873488806263736e-31 nan -1.27364933177887e-06
v 6.873488806263736e-31 -7.755974563190671e-38 -1.4294712400442222e-06
v 5.523598113553454e-31 -1.4041016890351787e-36 -3.193752945662709e-06
v 6.510584783003866e-32 -7.638504085649292e-33 -1.7918721368914703e-06
v 2.709257280481413e-31 -5.84209729496323e-35 -0.009178223088383675
v 4.3357035649830994e-27 -8.98960542418148e-37 -0.008010448887944221
v 5.763443195819978e-27 -6.291341892433458e-38 -0.01953137293457985
v 2.7568998633948163e-28 -2.3293245244299126e-33 -0.011893333867192268
v 1.6418294701288638e-27 -2.6132160643600286e-35 -0.007751495577394962
v 5.763541803433131e-27 -3945280045056.0 -6.1260989966869505e+35
v 2.656080921405244e+38 -3.1935165695172542e+19 -7.941832594993107e+35
v 2.5814061106935007e+22 -3.1612498614838886e+17 -3.0859285634366344e+37
v 1.0878465166111756e+22 -3.7483890707162726e+17 -2.739277844418703e+37
v 1.3227962408755019e+38 -3.5827401673127494e+19 -5.036554717042432e+33
v -9.283010978199968e-39 -2.288518224397153e+19 -9.474923470232527e+30
v -8.501995037030988e-38 -1.1192078392713282e+19 -1.797806400962603e+31
v 5.0262812031700285e+25 -1.1756473104413491e+17 -7.945991726901895e+33
v 3.054804597612334e+23 -2.3391999929771622e+17 97.41847229003906
v 1.0864576064860946e+22 -3.909533494883123e+17 97.41847229003906
v 1.3223240663799289e+38 -3.6898273222023184e+19 -3.0135002055070544e+36
v 9.214738098238077e-35 -3148048.0 -5.743752250887072e+37
v 3.719430003866653e-35 -3490832.0 -5.713168331416912e+32
v 4.865170813816068e-31 -1389960.0 -7.421112825473138e+34
v 1.572165286849253e-33 -2351184.0 97.40929412841797
v 3.7176656143967176e-35 -3584912.0 97.40870666503906
v 1.8524955387369406e-19 -3584912.0 -5.744011865729999e+37
v 1.8530916257658617e-19 -3490832.0 -3.0135002055070544e+36
v 4.675391292247989e-19 -3148048.0 -7.421112825473138e+34
v 8.220085830549786e-18 -2351184.0 -5.713198119349107e+32
v 2.482836951035435e-15 -1389960.0 97.40870666503906
v -7.941432197891225e+29 -4.189015781336227e+32 -1.3032099742754716e+37
v -7.942402360861465e+29 -3.958659898826003e+32 -1.2906269654277723e+35
v -1.0002992241878208e+30 -3.1824095971921056e+32 -1.5660729187689403e+29
v -7.62807167412365e+30 -8.935017924548125e+31 -3.548456861120924e+32
v -1.9694178336361412e+30 -2.206813811032083e+32 -1.3756583565897688e-19
v nan -6.959707158585285e-36 -1.3843968169809882e-21
v nan -9.074862306096139e-36 -1.1995219500753866e-21
v nan -1.7632487008815686e-37 1.7920484269017045e-21
v nan -3.041038016023123e-15 -1.9075719381071062e-19
v -1.7697039246847637e+38 -8.165277634399315e-34 -3.8740016542064816e-19
v -2.340379638261765e+37 -4.462289403179082e-31 -4.081542594677486e-21
v -4.865085815001516e+37 -8.169132785672271e-31 -1.934581986202248e-21
v -2.4799582119637428e+38 -1.2712795079990416e-33 -1.1488312881623713e-21
v nan -3934273929216.0 3.2063588494086735e-21
v nan -3934273929216.0 -1.2803296390060224e-32
v 6.232219962466433e-31 -3.4819798580146255e-35 -1.097107832468848e-32
v 6.873502912195946e-31 -3.337201709515232e-37 -4.6806310136253927e-32
v 2.202978446350618e-31 -2.5829227272426074e-29 -2.021408591412013e-32
v 4.308577059888157e-31 -1.174934888979693e-32 -1.0534358663470983e-32
v 6.873313892704334e-31 -3934341300224.0 -1.0534310174329012e-32
v 5.763443195819978e-27 -3945280045056.0 -1.0971029835546508e-32
v 5.763499432974354e-27 -3.3371443123301334e-37 -1.2803393368344167e-32
v 5.238160440555937e-27 -3.4819583340702134e-35 -2.021408591412013e-32
v 3.662312174763813e-27 -1.174934888979693e-32 -4.6806310136253927e-32
v 1.871042866902144e-27 -2.5829227272426074e-29 -5.586841871263459e-05
v 1.3959071180298994e-34 -7.832452786891675e-27 -9.44367093325127e-06
v 5.849942411099149e-33 -4.604056278837404e-30 -0.02450573816895485
v -5.589452583867957e+35 -8.572941227530206e-20 -0.0007856228621676564
v 4.951799548262453e-37 -2.399601435484147e-23 -0.26287275552749634
v 1.1857185655868696e-31 -7.18754021905654e-28 -0.05249715596437454
v 1.228497898914424e-29 -7.6696854545107156e-31 -66.77198791503906
v 1.7690622397945437e-38 -1.955261299567682e-21 -3.0144810676574707
v 1.5163071269128722e-34 -1.1501025004346725e-24 -1.3206357032799039e-17
v nan -5.431449708146114e-36 -1.910790192847699e-17
v -1.3807163123324579e+38 -5.660622433743496e-34 -1.140577674517321e-17
v 1.1686829192468974e-42 -3945280045056.0 -1.179302796638481e-17
v 8.099505123797443e-43 -1.4565756530028538e-37 -3.798286979645905e-17
v -1.1244327030650443e+37 -2.4200663920717766e-31 -1.4294712400442222e-06
v 4.657558814313272e-27 -1.4041246479092182e-36 -1.7918721368914703e-06
v 2.2857371840155147e-27 -5.84209729496323e-35 -1.27364933177887e-06
v 5.763389269781535e-27 -7.755974563190671e-38 -1.2309249086683849e-06
v 5.763389269781535e-27 -3945280045056.0 -3.1937379390001297e-06
v 5.49925510384962e-28 -7.638692164745424e-33 -1.59975969461592e-17
v -4.6784434224779573e+33 -2.5385821609050798e-23 -1.9044429981931536e-19
v -5.1688780040476425e+34 -9.077055142740712e-23 -1.7523100725074175e-20
v -3.4224747127550866e+36 -4.365383686170062e-27 -1.5656148783416193e-18
v -7.982194590104374e+35 -1.6719537107610023e-27 -4.578078613429117e-16
v -3.458050704514823e+30 -8.224193609471724e-19 -4.075755168477316e-14
v -2.084134174735949e+26 -3.0996255909188086e-14 -6.342482123877714e-16
v -2.0253894557007625e+28 -2.1954400103441074e-13 -6.257165557446138e-18
v -1.1121469556215275e+32 -4.202156921108186e-18 -4.6536493510635674e-30
v 1.6986272466310195e-32 -8.804883317524929e-20 -2.70630820025407e-31
v 7.353329596950187e-32 -6.661804619884675e-25 -6.71940009413196e-26
v 5.156336275595696e-34 -1.1918985798331505e-08 -2.933962158762001e-28
v 2.9885419400420437e-33 -2.8132988085937012e-14 -4.6536493510635674e-30
v 1.4329614528433445e-28 -8.804883317524929e-20 -2.70630820025407e-31
v 6.189754914950887e-28 -6.661804619884675e-25 -2.933962158762001e-28
v 2.500021072786459e-29 -2.8132988085937012e-14 -6.71940009413196e-26
v 4.353589465728036e-30 -1.1918985798331505e-08 -6.043005784594659e+27
v 1.9718590947614344e-31 -15.58819580078125 -5.351654684382746e+30
v -4.451000140533364e+37 -84.48485565185547 -2.1791029899752102e+21
v 0.00043697847286239266 -0.06114602088928223 -3.891617939970888e+24
v 8.191777693735478e-20 -1.4927444458007812 -1.6347623493151567e+23
v -5.32372667115279e-34 -2.66219252875264e+17 -5.67682480024941e+23
v 5.172047130548213e+34 -3267490859712512.0 -6.343726082223798e+27
v 2.2924259632335592e+29 -3.031697155162112e+16 -2.4325573836048196e+27
v -2.766785748669307e-36 -2.755376139206656e+18 -5.089103862812377e+18
v -7.64573217102514e-31 -8868007954612224.0 -134357868085248.0
v -1.3028928399731295e-26 -110192217817088.0 -985098128195584.0
v -1.221428115011813e-32 -1715310952448.0 -2.616324422079034e+19
v -2.3386057073750295e-37 -122557428662272.0 -5.533315605010198e+26
v 2.327035162109261e-20 -76632.5 -9.76623620936488e+29
v 6.210135683401376e-27 -461954.0 -5.233436974092858e+19
v 9432.564453125 -183.2431640625 -1.7934965820694274e+23
v 1.4549875193559103e-10 -5697.65625 -5.533315605010198e+26
v 0.00011482510308269411 -76632.5 -9.76623620936488e+29
v 3.1612275297465686e-11 -461954.0 -1.7934965820694274e+23
v 741380.125 -5697.65625 -5.233436974092858e+19
v 4.854008705486894e+19 -183.2431640625 -5.075360627172154e+19
v -1.2865516234905435e+33 -9.667199495064774e+29 -6.717604368291722e+24
v -7.121777167646502e+31 -1.6507388825103359e+31 -375851072.0
v -1.4106520460514256e+36 -6.577577670455503e+25 -143581864001536.0
v -3.8613434516337167e+34 -1.5322001395659536e+28 -4.958263997002317e+35
v -3.7036991702036096e-31 -3.224451232407709e+21 -3.503965141366503e+33
v -8.474635303891658e-31 -2.193586284901857e+21 97.40870666503906
v -2.917617885944326e-31 -3.8814723748455357e+21 -2.392497317979308e+37
v -2.9173178997859964e-31 -3.739951260155045e+21 -4.9802527253211085e+30
v -4.6289011512781914e-30 -1.0597915679124525e+21 -1.2906269654277723e+35
v -7.062595652954919e+37 -3.1824095971921056e+32 -3.548456861120924e+32
v -1.3915682127667957e+38 -2.206813811032083e+32 -1.3032250593176143e+37
v -5.679757192105631e+37 -3.958659898826003e+32 97.40870666503906
v -5.6785868970715e+37 -4.189015781336227e+32 -1.5660729187689403e+29
v nan -8.935017924548125e+31 -12067585130496.0
v -5.950412814399736e-36 -0.024726033210754395 -10790963200.0
v -1.275955535152028e-23 -0.00010909931734204292 -2.015968742919373e+16
v 3.978531251854848e+22 -2.9615631103515625 -15490626.0
v -1.0936897221203168e-10 -2.7498208510223776e-07 -1892680686632960.0
v -1.1037552683047485e-37 -1.8376042135059834e-05 -3141987205120.0
v -2.1723718661153167e-24 -1.2811597116524354e-07 -1.7419169643448238e+18
v 1.54011926597206e+17 -0.0014783218502998352 -7827129344.0
v -1.6908521804914756e-10 -5.483435927544633e-10 -378738.0625
v -8.51169347948922e-15 -1060999168.0 -26530.12890625
v -8.785187022297691e-10 -48381558784.0 -2.2136998176574707
v -0.0026512895710766315 -33481856.0 -44.29712677001953
v -7.972859350502404e-08 -1002500.0 -5671781376.0
v -3.697627392876312e-21 -517528879104.0 -18802431492096.0
v -1.401916365029955e-20 -7078690219360256.0 -530212928.0
v -1.28684654654486e-15 -28547708092416.0 -0.0003753994242288172
v -15327.564453125 -11979.0625 -0.00965196080505848
v -1.5200273990631104 -451.705078125 -0.011856378987431526
v 8.611822644951524e-39 -5.054643629081598e+19 -1.8028825365945522e-07
v 6.270679466317296e-38 -9337947170013184.0 -1558.539306640625
v -5.373281870030612e+37 -9.707195546263039e+22 -5.909190671504749e-12
v 3.63876674423179e-37 -756254048256.0 -0.011856378987431526
v 8.540151277659937e-35 -5.054643629081598e+19 -1.8028825365945522e-07
v 5.295279707862891e-34 -9337947170013184.0 -1558.539306640625
v 1.4116312490792558e-35 -9.707196446982965e+22 -375851072.0
v 2.3648676997338583e-36 -6.577578131624105e+25 -5.909190671504749e-12
v 3.0441663327229544e-33 -756254048256.0 -235361.03125
v -2.4949791439978496e+17 -2.3428660270510826e-15 -32300676.0
v -13040.064453125 -1.4289472383133273e-12 -3043.70361328125
v -2.964008434545878e+29 -2.5831460866601965e-18 -3.813540594421738e-09
v -281424544399360.0 -1.1864874977618456e-05 -1.7351069914184336e-07
v -273020911616.0 -8.247625373769552e-07 -0.00014299250324256718
v -8789.814453125 -0.0052273571491241455 -4.149770575168077e-06
v -29443716.0 -0.10097742080688477 -8.128666142970253e-12
v -7.149240635844177e+20 -7.820126768365299e-10 -2.6191414488618836e-12
v -2.02062896394841e+24 -4.440919203554938e-15 -4.324097191421572e-10
v -2.152377849133138e+18 -7.76485542530736e-11 -0.24166205525398254
v -0.00014272800763137639 -17.0665283203125 -181.44241333007812
v -2004727793451008.0 -3.701709078152149e-13 -39730.2578125
v -936.7852783203125 -4.0599168471544544e-10 -1.5191729068756104
v -2.6790106805830384e+26 -2.088147973218664e-16 -181.44241333007812
v -1.4073772254250862e+23 -3.701709078152149e-13 -39730.2578125
v -65688313856.0 -4.0599168471544544e-10 -1.5191729068756104
v -1.8831348283082998e+34 -2.088147973218664e-16 -0.02450573816895485
v 1.4159255988486218e-36 -8.57294187376506e-20 -15490626.0
v -0.007660300470888615 -2.7498208510223776e-07 -8.835655082546755e-20
v 1.3682481606942208e-35 -379.4707336425781 -4.3592555924398487e-16
v 2.3106388392525645e-36 -24957058.0 -4.540143789592973e-23
v 8.366618924119797e-35 -0.0028864892665296793 -9.266055978063292e-11
v -2.919709834288824e+17 -0.00016854051500558853 -1.56570096514555e-13
v -2.35095718797693e+23 -7.634810117451707e-09 -1.197195445001853e-07
v -98761719808.0 -1.8930740356445312 -8.835489646424245e-20
v 1.1613435147282186e-31 -379.4707336425781 -4.540063010236278e-23
v 7.0159530792105135e-31 -0.0028864892665296793 -4.3591878298040684e-16
v 1.943468613975092e-32 -24957058.0 -5327905.0
v -8.182513270874885e-20 -25911936.0 -57240985600.0
v -1.1205425572762394e-26 -9816309760.0 -850.8165283203125
v -2.3973743996930086e-12 -29959.125 -12067585130496.0
v -4.279232410118749e-28 -0.024726033210754395 -2.015968742919373e+16
v 2.071220603259881e+38 -2.9615631103515625 -10790963200.0
v -8.973198110251305e-16 -0.00010909931734204292 -4.855673932559737e+22
v -5.305509440339181e-27 -2.2938099539593134e+19 -1.0311353361068196e+18
v -2.7027893170114415e-24 -6.897236441038848e+17 -1.0206027142182232e+27
v -7.343687637451409e-29 -2.519144746565029e+20 -5.075360627172154e+19
v 7.204675160836616e-38 -9.667200250643412e+29 -143581864001536.0
v 3.7065528198334073e-37 -1.5322002576251157e+28 -6.717604368291722e+24
v 1.6678997010580065e-38 -1.6507390034029178e+31 -1.3757511246886714e-15
v -4.413529360573548e+32 -7.422057780200686e-24 -3.576328279743593e-14
v -1.0753941071037546e+29 -1.714753681628552e-19 -1.4622586525313123e-16
v -1.85250695379634e+35 -6.942130040340455e-28 -5.586841871263459e-05
v 1.1759308824044089e-30 -7.832452786891675e-27 -0.0007856228621676564
v 4.183091421633145e-33 -2.399601435484147e-23 -9.44367093325127e-06
v 4.8959648913782315e-29 -4.604056278837404e-30 -37611.2578125
v -1.8730743880961302e+21 -3.332109029885802e-16 -25216.62890625
v -1.073986637135872e+17 -4.719701463418852e-16 -37.39185333251953
v -9.887162599705936e+18 -3.814331663021253e-14 -36.08032989501953
v -2.4623012826841504e+26 -3.639037855773797e-14 -47.79322052001953
v -4.341769657703727e+18 -5.197773635112757e-14 -30136.12890625
v -4.689115585760461e+16 -6.717750542038076e-16 -55128.2578125
v -4.305734681429415e+20 -5.775849904691294e-16 -54.72193145751953
v -5.661439495115996e+25 -6.541338651300244e-14 -4.7478294829452783e+30
v 1.3309782245283762e-38 -121.02001953125 -4.874563594467119e+30
v -1.0642677856540886e+23 -222.14939880371094 -1.0776511338300433e+30
v 8.704736503211787e-27 -470370.0 -9.319417226435312e+29
v 3.2025636483024034e-12 -458210.0 -1.620202685678981e+30
v 8.704736503211787e-27 -500498.0 -7.38651862395809e+30
v -1.0642677856540886e+23 -235.74314880371094 -9.241881257837054e+30
v 1.3310499710097497e-38 -138.2275390625 -1.9071339754095955e+30
v 3.202674670604866e-12 -512130.0 -7480562793054208.0
v 1.776992928312582e+36 -7.884437218308449e-05 -5753779781632000.0
v 4.708483315705819e+27 -0.00012449268251657486 -80728758943744.0
v -1.8635882290040385e-38 -0.09314775466918945 -81132485869568.0
v -4.491299663361896e-31 -0.09338998794555664 -114686917869568.0
v nan -0.11329889297485352 -7760525941276672.0
v 4.1473954896176145e+26 -0.00016093719750642776 -1.3097178499121152e+16
v 2.038834013281332e+34 -0.00011121528223156929 -143195316944896.0
v -4.811834991086773e-32 -0.1337289810180664 -2.3008522056761344e+16
v 1.4441781973331565e-41 -32563502514176.0 -2.033725855707955e+16
v -4.1728837059496745e+30 -17702913572864.0 -1854507017306112.0
v -4.17296107720213e+30 -37385807069184.0 -2777109210595328.0
v 1.4441781973331565e-41 -62664915025920.0 -2.2759124472797594e+17
v 1.515924678706587e-41 -50128979230720.0 -2.7312422025743565e+17
v -4.172806334697219e+30 -29238658859008.0 -1.5216627950687355e+18
v 1.515924678706587e-41 -190547297828864.0 -2.3565266469634703e+18
v -4.173038448454585e+30 -130988441075712.0 -4.18414367074576e+18
v 1.515924678706587e-41 -1310489011290112.0 -8.010814121068986e+18
v -4.173038448454585e+30 -1205141919236096.0 -3.799367377582293e+18
v 1.5876711600800177e-41 -1.027115659034624e+16 -7.199040288235454e+18
v -4.173270562211951e+30 -1.3323399795310592e+16 -1.0362018856876114e+18
v 1.5876711600800177e-41 -5.342444535991501e+16 -1.6764036635154186e+18
v -4.173425304716862e+30 -8.43968546907095e+16 -1.2312827706055066e+17
v 1.5876711600800177e-41 -1.0960646588229222e+17 -1.3787932505879347e+17
v -4.173425304716862e+30 -1.973590214710395e+17 -1.1038068098203648e+16
v 1.5876711600800177e-41 -6.974009840448307e+16 -8599865630130176.0
v -4.1733479334644066e+30 -1.223805833838592e+17 -1518228257898496.0
v 1.515924678706587e-41 -1.6992746048847872e+16 -902875274280960.0
v -4.173270562211951e+30 -2.4169599893241856e+16 -534390635495424.0
v 1.4441781973331565e-41 -2216142995193856.0 -274088740257792.0
v -4.1731158197070405e+30 -2241500347891712.0 -701819265220608.0
v 1.4441781973331565e-41 -282507916345344.0 -383147657134080.0
v -4.17296107720213e+30 -224816825106432.0 -1.7396543841632256e+16
v -37.24634552001953 -8119131832320.0 -1041190401081344.0
v -37.24634552001953 -18864702226432.0 -3.8314248760406835e+17
v -37.24634552001953 -14196543586304.0 -4.570256970048602e+18
v -37.24927520751953 -83090965790720.0 -1.8470533107288113e+19
v -37.24927520751953 -1088864336740352.0 -1.6776544129675952e+19
v -37.25318145751953 -1.7449317178540032e+16 -3.14486768798584e+18
v -37.25415802001953 -1.6047700342892134e+17 -1.7308185626935296e+17
v -37.25415802001953 -4.425599928898683e+17 -6644659078037504.0
v -37.25318145751953 -2.516924880692183e+17 -443612206727168.0
v -37.25122833251953 -3.535932972911821e+16 -115256001036288.0
v -37.25025177001953 -2282877928603648.0 -161552007168000.0
v -37.24829864501953 -145222491176960.0 -1.6942720417267712e+16
v -5.763400247582218e-28 -6788228841472.0 -924865506836480.0
v -5.763400247582218e-28 -15951037726720.0 -4.1579358490250445e+17
v -5.763400247582218e-28 -11791093465088.0 -5.679919838928044e+18
v -5.763770026131541e-28 -70538923868160.0 -2.4542511304890384e+19
v -5.763770026131541e-28 -1068042335289344.0 -2.1170441083896726e+19
v -5.764263064197304e-28 -1.901179084734464e+16 -3.695643848664416e+18
v -5.764386323713745e-28 -1.9580651105261978e+17 -1.8406817645409075e+17
v -5.764386323713745e-28 -5.3026583641430426e+17 -6134623121702912.0
v -5.764263064197304e-28 -2.9396759346570854e+17 -367883343364096.0
v -5.764016545164422e-28 -4.049968188044083e+16 -91171971923968.0
v -5.7638932856479815e-28 -2292910972207104.0 -128909702070272.0
v -5.7636467666151e-28 -132500269563904.0 -1.6942995295174656e+16
v -3.417206435102499e-41 -6788363059200.0 -924865506836480.0
v -3.453079675789214e-41 -15951037726720.0 -4.1579358490250445e+17
v -3.7041923605962214e-41 -11791093465088.0 -5.679919838928044e+18
v -3.524826157162645e-41 -70538923868160.0 -2.4542511304890384e+19
v -3.740065601282937e-41 -1068042335289344.0 -2.1170441083896726e+19
v -3.7041923605962214e-41 -1.901179084734464e+16 -3.695643848664416e+18
v -3.740065601282937e-41 -1.9580651105261978e+17 -1.8406817645409075e+17
v -3.740065601282937e-41 -5.3026583641430426e+17 -6134623121702912.0
v -3.9553050454032287e-41 -2.9396759346570854e+17 -367883343364096.0
v -3.8118120826563674e-41 -4.050078139206861e+16 -91174119407616.0
v -3.5965726385360755e-41 -2292910972207104.0 -128911849553920.0
v -3.7041923605962214e-41 -132500269563904.0 -1.5216627950687355e+18
v 79582002675712.0 -190551592796160.0 -2.2759124472797594e+17
v 497428146946048.0 -50128979230720.0 -4.18414367074576e+18
v 3662628387815424.0 -1310489011290112.0 -3.7992970088381153e+18
v 4.456791218352816e+19 -1.027115659034624e+16 -1.0362018856876114e+18
v 7.354238399763586e+24 -5.342444535991501e+16 -1.2312827706055066e+17
v 1.0782713505544374e+29 -1.0960646588229222e+17 -2777109210595328.0
v 1.6490585759722816e+23 -62664915025920.0 -701819265220608.0
v 2.602232306482231e+27 -282499326410752.0 -2.3008522056761344e+16
v 4.178693941362688e+19 -32563502514176.0 -2.0336708801265664e+16
v -4.2203638495722244e-32 -17702915670016.0 -1.907117091769549e+16
v 1.864367457261623e+37 -14059910987776.0 -1537675869814784.0
v -1.8173457720448896e-37 -30169058246656.0 -1854472657567744.0
v -1.237857918444146e-29 -37385811263488.0 -2.7311982221092454e+17
v -1.0979193000964496e-34 -29239197827072.0 -3.0198973338117734e+17
v 1.0008561460897718e+32 -22758092177408.0 -2.3564562782192927e+18
v -5.831371482983828e-35 -130988449464320.0 -3.136071594963632e+18
v 3.5525324885580747e+31 -114190832369664.0 -8.010814121068986e+18
v -1.893686501686165e-33 -1205142053453824.0 -1.0900753990841008e+19
v 1.4541301739260612e+34 -1152365495320576.0 -7.199040288235454e+18
v -1.68914927094517e-30 -1.3323125991145472e+16 -9.249058827502879e+18
v -1.345255774321689e-38 -1.4782452799111168e+16 -1.6763684791433298e+18
v -6.481726472298975e-27 -8.43968632806441e+16 -2.04386924561118e+18
v -2.3524675401186442e-35 -1.0829804704523878e+17 -1.3787932505879347e+17
v -4.5254875428348716e-24 -1.9735903865090867e+17 -1.460866467841966e+17
v -8.942457193813409e-33 -2.564160072020132e+17 -8599590752223232.0
v -1.8275928079731825e-22 -1.223805919737938e+17 -7912395984863232.0
v -3.299915920300673e-31 -1.537348153072681e+17 -902875274280960.0
v -4.186972276938464e-22 -2.4169602040725504e+16 -699843580264448.0
v -8.365338779547682e-31 -2.811300049374413e+16 -274088740257792.0
v -6.270826518418256e-24 -2241500482109440.0 -209354993172480.0
v -2.2761053033933797e-32 -2251816993554432.0 -383147657134080.0
v -1.2874063602531139e-26 -224816841883648.0 -272224724451328.0
v -1.0264492435664545e-34 -196976863870976.0 -1.9883160254808064e+16
v 2.1862277633987038e+23 -16366039990272.0 -1741222959906816.0
v 4.699718603513613e+27 -34101637677056.0 -2.809703352332452e+17
v 1.3475705219731948e+18 -26924210454528.0 -2.6350461364186644e+18
v 4.165148645303255e+17 -124992675119104.0 -8.743634222935179e+18
v 1.057766249901903e+20 -1186450355781632.0 -7.92637162805579e+18
v 1.3737440191487102e+25 -1.3845394014339072e+16 -1.8074654495463178e+18
v 2.3091455130998387e+31 -9.293567058195251e+16 -1.4044998324453376e+17
v 1.9558837810167898e+36 -2.1844767167165235e+17 -8354262220275712.0
v -9.840481138471524e-39 -1.3186058122847846e+17 -830410586062848.0
v -3.1624599031178046e-38 -2.5579175947534336e+16 -250977521238016.0
v 2.0447348693849766e+37 -2245348772806656.0 -340215164043264.0
v 8.199769744440408e+32 -214886877495296.0 -1.1038068098203648e+16
v 6.698030292199116e+31 -6.974009840448307e+16 -1518228257898496.0
v 1.0252967575997568e+33 -1.6992746048847872e+16 -534390635495424.0
v 6.61806734457169e+30 -2216142995193856.0 -2.33915568392893e-14
v 3.6798097673169696e-42 -2.9145477272734415e-18 -3.235802061409346e-14
v -4.168164059549899e+30 -1.7155923393721041e-18 -3.4276107241393034e-15
v -4.1682414308023544e+30 -5.476762318725713e-19 -3.2614025310972756e-15
v 4.397274581051276e-42 -1.0281193269544092e-18 -8.9541668892891e-14
v 5.114739394785582e-42 -1.97156447594095e-17 -1.5210838773434265e-13
v -4.1684735445597204e+30 -1.5331400570060018e-17 -1.3062210276089392e-13
v 4.397274581051276e-42 -1.9125749839117925e-16 -2.2665639439096996e-13
v -4.168628287064631e+30 -2.0772041751912403e-16 -6.928877231086178e-14
v 5.114739394785582e-42 -1.5691183703932243e-15 -1.1012763238230777e-13
v -4.1687056583170864e+30 -2.4030390358657913e-15 -1.4184672926802373e-14
v 5.114739394785582e-42 -6.228768585983535e-15 -1.9931650866453557e-14
v -4.168860400821997e+30 -1.1643517333832006e-14 -1.8325866980872536e-15
v 5.114739394785582e-42 -7.825825491108995e-15 -1.792525427813914e-15
v -4.168860400821997e+30 -1.4955157812547408e-14 -2.4722694738646086e-16
v 4.397274581051276e-42 -2.9335935807298097e-15 -1.8410517865434354e-16
v -4.1687830295695417e+30 -4.959926360007276e-15 -5.907929075645637e-17
v 5.114739394785582e-42 -3.9400753981070485e-16 -3.6126173576077623e-17
v -4.168628287064631e+30 -4.842215779514122e-16 -4.104743499962511e-17
v 4.397274581051276e-42 -3.583648169067175e-17 -2.2628170857265863e-17
v -4.168396173307265e+30 -3.0154581371767455e-17 -8.4219228630964e-17
v 4.397274581051276e-42 -4.171663735007031e-18 -5.075782070694841e-17
v -4.168396173307265e+30 -2.681666399542559e-18 -4.129269206601361e-16
v 4.397274581051276e-42 -1.1728825515960894e-18 -3.376832898896421e-16
v -4.1682414308023544e+30 -6.240018413540643e-19 -5.170539154166279e-14
v -37.18775177001953 -8.828795428823218e-19 -3.7863871990583865e-15
v -37.18872833251953 -2.1669566496520704e-19 -3.151385944734353e-13
v -37.19068145751953 -1.1592333270264132e-17 -5.247227348806338e-13
v -37.19361114501953 -2.3725898425383345e-16 -2.1914504173999039e-13
v -37.19654083251953 -4.087035190939196e-15 -2.796819104978511e-14
v -37.19654083251953 -2.6318897622802477e-14 -1.7640581327643548e-15
v -37.19751739501953 -3.8711435180463147e-14 -1.1514314422068743e-16
v -37.19556427001953 -1.011739435584141e-14 -1.739604834207605e-17
v -37.19361114501953 -6.770062767464909e-16 -1.0162332378603897e-17
v -37.19068145751953 -2.4964706279183176e-17 -2.6179780005103145e-17
v -37.18872833251953 -1.4190513984942939e-18 -2.359715735833457e-16
v -37.18775177001953 -2.5609674615824833e-19 -5.677425353846702e-14
v -5.756004676595771e-28 -7.6687247675422325e-19 -3.91779250236363e-15
v -5.756004676595771e-28 -1.8100116717231879e-19 -3.7732496164025187e-13
v -5.756374455145094e-28 -1.0806286695212141e-17 -6.62334878782922e-13
v -5.756744233694416e-28 -2.4844659542116825e-16 -2.6978598391749764e-13
v -5.757114012243738e-28 -4.8210400617118825e-15 -3.174826531228761e-14
v -5.757114012243738e-28 -3.319588188859489e-14 -1.7601007948347827e-15
v -5.757237271760179e-28 -4.8438029710265104e-14 -1.041312791550181e-16
v -5.756990752727298e-28 -1.2029059626367852e-14 -1.3739352514858807e-17
v -5.756744233694416e-28 -7.273132575498183e-16 -8.051102757572553e-18
v -5.756374455145094e-28 -2.3906762128062554e-17 -2.2777672172456247e-17
v -5.756004676595771e-28 -1.2118724335518124e-18 -2.1589940736248096e-16
v -5.756004676595771e-28 -2.0082372337153954e-19 -5.677425353846702e-14
v -1.26481199389958e-41 -7.6687247675422325e-19 -3.91779250236363e-15
v -1.3006852345862952e-41 -1.81004475894769e-19 -3.7732496164025187e-13
v -1.6594176414534484e-41 -1.0806286695212141e-17 -6.62334878782922e-13
v -1.4800514380198718e-41 -2.4844659542116825e-16 -2.6979292281140155e-13
v -1.8029106042003096e-41 -4.8210400617118825e-15 -3.174826531228761e-14
v -1.623544400766733e-41 -3.319588188859489e-14 -1.7601007948347827e-15
v -1.6594176414534484e-41 -4.8438029710265104e-14 -1.041312791550181e-16
v -1.5876711600800177e-41 -1.2029059626367852e-14 -1.3739352514858807e-17
v -1.7670373635135943e-41 -7.273132575498183e-16 -8.05089099933574e-18
v -1.5876711600800177e-41 -2.3907185644536182e-17 -2.2777672172456247e-17
v -1.3006852345862952e-41 -1.2118724335518124e-18 -2.1589940736248096e-16
v -1.4800514380198718e-41 -2.0082703209398975e-19 -4.129201443965581e-16
v -7291278458880.0 -1.1728560818164877e-18 -8.4219228630964e-17
v -13159580565504.0 -4.171663735007031e-18 -1.3062210276089392e-13
v -43865350144.0 -1.9125749839117925e-16 -8.9541668892891e-14
v -112758112256.0 -1.97156447594095e-17 -6.928877231086178e-14
v -33897975808.0 -1.5691183703932243e-15 -1.4184672926802373e-14
v -62237450240.0 -6.228768585983535e-15 -1.8325866980872536e-15
v -215353425920.0 -7.825825491108995e-15 -2.4722694738646086e-16
v -972680200192.0 -2.9335935807298097e-15 -5.907929075645637e-17
v -4020576452608.0 -3.9400753981070485e-16 -4.104743499962511e-17
v -10489184649216.0 -3.583648169067175e-17 -3.2614025310972756e-15
v -2091624169472.0 -1.0281457967340109e-18 -2.33915568392893e-14
v -467281182720.0 -2.9145477272734415e-18 -3.235802061409346e-14
v -7.064026516790988e+28 -1.715565972990079e-18 -3.914252412863875e-14
v -3.837517805432353e+21 -1.4223337545624809e-18 -3.51087745098619e-15
