TMNF Physics Reconstruction - Full Race Simulation (Real Raycast)
===================================================================
World mesh populated from 0x0900F004 (CPlugSurfaceGeom). Vertices: 1536, Triangles: 1606
World mesh populated with giant floor.
Scanning for Solid Chunk...
Found chunk 0x09015000 (CPlugVisualIndexedTriangles)!
Dumped solid_decompressed.bin (524263 bytes)
Found chunk 0x03092019 via scan!
DEBUG: eventsDuration=3605940, numNames=7, numEvents=6517
First Event Time: 97695
Loaded 6517 input events from replay.
Starting simulation with 1:1 Physics Loop...
Control Mappings: Accel=3, Brake=4, SteerR=2, SteerL=1
Ev[0] t=97695 ctrl=3 val=1
Ev[1] t=97700 ctrl=3 val=0
Ev[2] t=100000 ctrl=6 val=1
Ev[3] t=100010 ctrl=3 val=1
Ev[4] t=106787 ctrl=2 val=1
Ev[5] t=106993 ctrl=2 val=0
Ev[6] t=107086 ctrl=2 val=1
Ev[7] t=108506 ctrl=2 val=0
Ev[8] t=108724 ctrl=2 val=1
Ev[9] t=108802 ctrl=2 val=0
Simulating for 360924 steps (3609.24s)...
t=97695 Gas changed to 1
t=97695 SteerR changed to 1
t=97695 SteerR changed to 0
t=97695 SteerR changed to 1
t=97695 SteerR changed to 0
t=97695 SteerR changed to 1
t=97695 SteerR changed to 0
t=97695 SteerR changed to 1
t=97695 SteerR changed to 0
t=97695 SteerR changed to 1
t=97695 SteerR changed to 0
t=97695 SteerR changed to 1
t=97695 SteerR changed to 0
t=97695 SteerL changed to -1
t=97695 SteerL changed to 0
t=97695 Gas changed to 0
t=97695 SteerR changed to 1
t=97695 Gas changed to 1
t=97695 SteerR changed to 0
t=97695 SteerR changed to 1
t=97695 SteerR changed to 0
t=97695 SteerR changed to 1
t=97695 SteerR changed to 0
t=97695 SteerL changed to -1
t=97695 SteerL changed to 0
t=97695 SteerR changed to 1
t=97695 Gas changed to 0
t=97695 Gas changed to 1
t=97695 SteerR changed to 0
t=97695 SteerL changed to -1
t=97695 Gas changed to 0
t=97695 Gas changed to 1
t=97695 SteerL changed to 0
t=97695 SteerL changed to -1
t=97695 SteerL changed to 0
t=97695 SteerL changed to -1
t=97695 SteerL changed to 0
t=97695 Gas changed to 0
t=97695 SteerR changed to 1
t=97695 Gas changed to 1
t=97695 SteerR changed to 0
t=97695 SteerL changed to -1
t=97695 SteerL changed to 0
t=97695 SteerL changed to -1
t=97695 SteerL changed to 0
t=97695 SteerL changed to -1
t=97695 SteerL changed to 0
t=97695 SteerL changed to -1
t=97695 SteerL changed to 0
t=97695 SteerR changed to 1
t=97695 Gas changed to 0
t=97695 Gas changed to 1
t=97695 Gas changed to 0
t=97695 Gas changed to 1
t=97695 SteerR changed to 0
t=97695 SteerR changed to 1
t=97695 SteerR changed to 0
t=97695 SteerL changed to -1
t=97695 SteerL changed to 0
t=97695 SteerL changed to -1
t=97695 SteerL changed to 0
t=97695 SteerL changed to -1
t=97695 SteerL changed to 0
t=97695 SteerR changed to 1
t=97695 SteerR changed to 0
t=97695 SteerR changed to 1
t=97695 SteerR changed to 0
t=97695 SteerR changed to 1
t=97695 SteerR changed to 0
t=97695 SteerR changed to 1
t=97695 SteerR changed to 0
t=97695 SteerR changed to 1
t=97695 SteerR changed to 0
t=97695 SteerR changed to 1
t=97695 SteerR changed to 0
t=97695 SteerR changed to 1
t=97695 SteerR changed to 0
t=97695 SteerR changed to 1
t=97695 SteerR changed to 0
t=97695 SteerL changed to -1
t=97695 SteerL changed to 0
t=97695 SteerR changed to 1
t=97695 SteerR changed to 0
t=97695 SteerR changed to 1
t=97695 SteerR changed to 0
t=97695 SteerR changed to 1
t=97695 SteerR changed to 0
t=97695 SteerR changed to 1
t=97695 Gas changed to 0
t=97695 Gas changed to 1
t=97695 SteerR changed to 0
t=97695 SteerL changed to -1
t=97695 SteerL changed to 0
t=97695 SteerL changed to -1
t=97695 SteerL changed to 0
t=97695 SteerR changed to 1
t=97695 SteerR changed to 0
t=97695 Gas changed to 0
t=97695 SteerR changed to 1
t=97695 Gas changed to 1
t=97695 SteerR changed to 0
t=97695 SteerR changed to 1
t=97695 SteerR changed to 0
t=97695 SteerR changed to 1
t=97695 SteerR changed to 0
t=97695 SteerR changed to 1
t=97695 SteerR changed to 0
t=97695 SteerR changed to 1
t=97695 SteerR changed to 0
t=97695 SteerR changed to 1
t=97695 Gas changed to 0
t=97695 SteerR changed to 0
t=97695 SteerL changed to -1
t=97695 Gas changed to 1
t=97695 SteerL changed to 0
t=97695 SteerR changed to 1
t=97695 SteerR changed to 0
t=97695 SteerL changed to -1
t=97695 SteerL changed to 0
t=97695 SteerL changed to -1
t=97695 SteerL changed to 0
t=97695 Gas changed to 0
t=97695 SteerR changed to 1
t=97695 Gas changed to 1
t=97695 SteerR changed to 0
t=97695 SteerL changed to -1
t=97695 SteerL changed to 0
t=97695 SteerL changed to -1
t=97695 SteerL changed to 0
t=97695 SteerL changed to -1
t=97695 SteerL changed to 0
t=97695 SteerL changed to -1
t=97695 SteerL changed to 0
t=97695 SteerR changed to 1
t=97695 Gas changed to 0
t=97695 Gas changed to 1
t=97695 Gas changed to 0
t=97695 Gas changed to 1
T: 0s | Pos: (483, 73.57, 79) | Spd: 0 km/h | Yaw: 1.57 | Steer: 1.00
t=98975 SteerR changed to 0.00
t=99045 SteerR changed to 1.00
t=100565 SteerR changed to 0.00
t=101145 SteerL changed to -1.00
t=101455 SteerL changed to 0.00
t=101535 SteerL changed to -1.00
t=101655 SteerL changed to 0.00
[Step 400] Mesh Raycast HIT at T=1.00 | Z=80.00
t=101735 SteerL changed to -1.00
t=101995 SteerL changed to 0.00
t=102335 SteerR changed to 1.00
T: 5.00s | Pos: (483, 4.33, -37) | Spd: 156 km/h | Yaw: 1.57 | Steer: 1.00
t=102945 SteerR changed to 0.00
t=106825 SteerR changed to 1.00
t=107025 Gas changed to 0.00
t=107195 Gas changed to 1.00
t=107305 Gas changed to 0.00
t=107525 Gas changed to 1.00
T: 10.00s | Pos: (483, -166.33, -377) | Spd: 322 km/h | Yaw: 1.57 | Steer: 1.00
t=108665 SteerR changed to 0.00
t=112035 SteerR changed to 1.00
t=112345 SteerR changed to 0.00
T: 15.00s | Pos: (483, -583.29, -950) | Spd: 502 km/h | Yaw: 1.57 | Steer: 0.00
t=112845 SteerL changed to -1.00
t=113095 SteerL changed to 0.00
t=113915 SteerR changed to 1.00
t=114715 SteerR changed to 0.00
t=115935 SteerR changed to 1.00
t=117195 SteerR changed to 0.00
t=117305 SteerR changed to 1.00
t=117695 SteerR changed to 0.00
T: 20.00s | Pos: (483, -1248.15, -1772) | Spd: 682 km/h | Yaw: 1.57 | Steer: 0.00
t=117825 SteerR changed to 1.00
t=117945 SteerR changed to 0.00
t=121115 SteerL changed to -1.00
t=121295 SteerL changed to 0.00
t=121605 SteerL changed to -1.00
t=121715 SteerL changed to 0.00
t=121825 SteerL changed to -1.00
t=121915 SteerL changed to 0.00
T: 25.00s | Pos: (483, -2163.41, -2845) | Spd: 862 km/h | Yaw: 1.57 | Steer: 0.00
t=122915 SteerR changed to 1.00
t=123015 SteerR changed to 0.00
t=124265 SteerL changed to -1.00
t=124345 SteerL changed to 0.00
t=124905 SteerR changed to 1.00
t=124995 SteerR changed to 0.00
t=126095 SteerR changed to 1.00
t=126635 SteerR changed to 0.00
t=126755 SteerR changed to 1.00
T: 30.00s | Pos: (483, -3332.39, -4168) | Spd: 1042 km/h | Yaw: 1.57 | Steer: 1.00
t=128055 SteerR changed to 0.00
t=128975 SteerR changed to 1.00
t=129785 Gas changed to 0.00
t=130305 Gas changed to 1.00
t=130945 SteerR changed to 0.00
t=131375 SteerR changed to 1.00
t=131445 SteerR changed to 0.00
T: 35.00s | Pos: (483, -4759.23, -5727) | Spd: 1203 km/h | Yaw: 1.57 | Steer: 0.00
t=132715 SteerR changed to 1.00
t=132735 SteerR changed to 0.00
t=135915 Gas changed to 0.00
t=136275 SteerR changed to 1.00
t=136565 SteerR changed to 0.00
t=136605 SteerR changed to 1.00
t=136935 SteerR changed to 0.00
t=136975 SteerR changed to 1.00
t=137025 SteerR changed to 0.00
t=137245 SteerR changed to 1.00
T: 40.00s | Pos: (483, -6448.81, -7507) | Spd: 1318 km/h | Yaw: 1.57 | Steer: 1.00
t=138945 Gas changed to 1.00
t=138955 SteerR changed to 0.00
t=141595 SteerR changed to 1.00
T: 45.00s | Pos: (483, -8406.03, -9410) | Spd: 1454 km/h | Yaw: 1.57 | Steer: 1.00
t=142795 SteerR changed to 0.00
t=143155 SteerL changed to -1.00
t=143275 SteerL changed to 0.00
t=143595 SteerR changed to 1.00
t=143625 Gas changed to 0.00
t=143875 SteerR changed to 0.00
t=143935 Gas changed to 1.00
t=143975 Gas changed to 0.00
t=144015 Gas changed to 1.00
t=144085 SteerR changed to 1.00
t=144635 SteerR changed to 0.00
t=144725 SteerL changed to -1.00
t=145275 SteerL changed to 0.00
t=145375 SteerL changed to -1.00
t=146615 SteerL changed to 0.00
t=147055 SteerL changed to -1.00
t=147175 SteerL changed to 0.00
T: 50.00s | Pos: (483, -10636.71, -11541) | Spd: 1621 km/h | Yaw: 1.57 | Steer: 0.00
t=149305 SteerL changed to -1.00
t=149565 SteerL changed to 0.00
t=149715 Gas changed to 0.00
t=149855 SteerR changed to 1.00
t=151025 Gas changed to 1.00
t=152205 SteerR changed to 0.00
T: 55.00s | Pos: (483, -13148.24, -13889) | Spd: 1754 km/h | Yaw: 1.57 | Steer: 0.00
t=153015 SteerL changed to -1.00
t=153345 SteerL changed to 0.00
t=154835 SteerL changed to -1.00
t=155595 SteerL changed to 0.00
t=155695 SteerL changed to -1.00
t=155855 SteerL changed to 0.00
t=156055 SteerR changed to 1.00
t=156225 SteerR changed to 0.00
t=156335 SteerR changed to 1.00
t=156775 Gas changed to 0.00
t=157465 Gas changed to 1.00
T: 60.00s | Pos: (483, -15948.54, -16447) | Spd: 1909 km/h | Yaw: 1.57 | Steer: 1.00
t=157845 SteerR changed to 0.00
t=157975 SteerR changed to 1.00
t=159065 SteerR changed to 0.00
t=159315 SteerR changed to 1.00
t=159375 SteerR changed to 0.00
t=160425 SteerR changed to 1.00
t=160455 SteerR changed to 0.00
t=160595 SteerL changed to -1.00
t=161115 SteerL changed to 0.00
t=161505 SteerR changed to 1.00
t=161975 SteerR changed to 0.00
t=162145 SteerR changed to 1.00
t=162265 SteerR changed to 0.00
T: 65.00s | Pos: (483, -19046.83, -19224) | Spd: 2089 km/h | Yaw: 1.57 | Steer: 0.00
t=165145 SteerL changed to -1.00
t=165405 SteerL changed to 0.00
t=165775 SteerR changed to 1.00
t=167255 Gas changed to 0.00
t=167545 Gas changed to 1.00
T: 70.00s | Pos: (483, -22453.78, -22251) | Spd: 2259 km/h | Yaw: 1.57 | Steer: 1.00
t=167955 SteerR changed to 0.00
t=168295 SteerL changed to -1.00
t=168345 SteerL changed to 0.00
t=168925 SteerR changed to 1.00
t=170075 SteerR changed to 0.00
t=171205 SteerR changed to 1.00
t=171605 SteerR changed to 0.00
t=171855 SteerL changed to -1.00
t=172245 SteerL changed to 0.00
T: 75.00s | Pos: (483, -26181.38, -25514) | Spd: 2439 km/h | Yaw: 1.57 | Steer: 0.00
t=175015 SteerR changed to 1.00
t=175335 Gas changed to 0.00
t=175405 Gas changed to 1.00
t=175475 Gas changed to 0.00
t=175675 Gas changed to 1.00
t=176565 SteerR changed to 0.00
t=176675 SteerR changed to 1.00
t=176975 SteerR changed to 0.00
T: 80.00s | Pos: (483, -30243.10, -29021) | Spd: 2609 km/h | Yaw: 1.57 | Steer: 0.00
t=181435 SteerR changed to 1.00
t=181485 SteerR changed to 0.00
T: 85.00s | Pos: (483, -34653.77, -32771) | Spd: 2789 km/h | Yaw: 1.57 | Steer: 0.00
t=183355 SteerL changed to -1.00
t=183415 SteerL changed to 0.00
t=184225 SteerL changed to -1.00
t=184325 SteerL changed to 0.00
t=185105 SteerR changed to 1.00
t=185195 SteerR changed to 0.00
t=185475 SteerR changed to 1.00
t=185555 SteerR changed to 0.00
t=185625 SteerR changed to 1.00
t=185725 SteerR changed to 0.00
t=185825 SteerR changed to 1.00
t=185915 SteerR changed to 0.00
t=186005 SteerR changed to 1.00
t=186325 SteerR changed to 0.00
t=186395 SteerR changed to 1.00
t=186755 SteerR changed to 0.00
t=186835 SteerR changed to 1.00
T: 90.00s | Pos: (483, -39430.11, -36770) | Spd: 2969 km/h | Yaw: 1.57 | Steer: 1.00
t=187785 SteerR changed to 0.00
t=188145 SteerL changed to -1.00
t=188275 SteerL changed to 0.00
t=188505 SteerR changed to 1.00
t=189015 Gas changed to 0.00
t=189275 Gas changed to 1.00
t=190625 SteerR changed to 0.00
t=191015 SteerR changed to 1.00
t=191065 SteerR changed to 0.00
T: 95.00s | Pos: (483, -44590.62, -41010) | Spd: 3139 km/h | Yaw: 1.57 | Steer: 0.00
t=194715 Gas changed to 0.00
t=194995 SteerR changed to 1.00
t=196985 Gas changed to 1.00
T: 100.00s | Pos: (483, -50155.45, -45454) | Spd: 3238 km/h | Yaw: 1.57 | Steer: 1.00
t=197755 SteerR changed to 0.00
t=198105 SteerL changed to -1.00
t=198195 SteerL changed to 0.00
t=200595 SteerR changed to 1.00
t=200785 SteerR changed to 0.00
t=200875 SteerR changed to 1.00
t=200955 SteerR changed to 0.00
t=201145 SteerR changed to 1.00
t=202255 SteerR changed to 0.00
t=202575 SteerL changed to -1.00
T: 105.00s | Pos: (483, -56144.95, -50077) | Spd: 3418 km/h | Yaw: 1.57 | Steer: -1.00
t=202715 SteerL changed to 0.00
t=203075 SteerR changed to 1.00
t=203465 SteerR changed to 0.00
t=203555 SteerR changed to 1.00
t=203955 SteerR changed to 0.00
t=203975 Gas changed to 0.00
t=204105 SteerL changed to -1.00
t=205135 Gas changed to 1.00
t=206725 SteerL changed to 0.00
t=207005 SteerL changed to -1.00
t=207065 SteerL changed to 0.00
t=207315 SteerR changed to 1.00
t=207425 SteerR changed to 0.00
t=207555 SteerR changed to 1.00
T: 110.00s | Pos: (483, -62583.18, -54913) | Spd: 3556 km/h | Yaw: 1.57 | Steer: 1.00
t=207775 SteerR changed to 0.00
t=208845 SteerL changed to -1.00
t=209075 SteerL changed to 0.00
t=209095 Gas changed to 0.00
t=209205 SteerR changed to 1.00
t=210555 Gas changed to 1.00
t=211705 SteerR changed to 0.00
t=212205 SteerL changed to -1.00
t=212555 SteerL changed to 0.00
T: 115.00s | Pos: (483, -69496.28, -59935) | Spd: 3683 km/h | Yaw: 1.57 | Steer: 0.00
t=213715 SteerL changed to -1.00
t=213905 SteerL changed to 0.00
t=214055 SteerL changed to -1.00
t=214155 SteerL changed to 0.00
t=214405 SteerL changed to -1.00
t=215125 SteerL changed to 0.00
t=215555 SteerR changed to 1.00
t=215585 Gas changed to 0.00
t=215975 Gas changed to 1.00
t=216025 SteerR changed to 0.00
t=216165 SteerR changed to 1.00
t=216305 SteerR changed to 0.00
t=216385 SteerR changed to 1.00
t=217445 Gas changed to 0.00
T: 120.00s | Pos: (483, -76913.23, -65169) | Spd: 3840 km/h | Yaw: 1.57 | Steer: 1.00
t=217735 Gas changed to 1.00
t=218735 SteerR changed to 0.00
t=219675 SteerL changed to -1.00
t=219825 SteerL changed to 0.00
t=220015 SteerL changed to -1.00
t=220145 SteerL changed to 0.00
t=220205 SteerL changed to -1.00
t=220575 SteerL changed to 0.00
t=220985 SteerR changed to 1.00
t=221125 SteerR changed to 0.00
t=221245 SteerR changed to 1.00
t=221735 SteerR changed to 0.00
T: 125.00s | Pos: (483, -84867.48, -70626) | Spd: 4019 km/h | Yaw: 1.57 | Steer: 0.00
t=225415 SteerR changed to 1.00
t=225595 SteerR changed to 0.00
t=225695 SteerR changed to 1.00
t=226895 Gas changed to 0.00
t=227145 Gas changed to 1.00
t=227345 SteerR changed to 0.00
t=227695 SteerR changed to 1.00
T: 130.00s | Pos: (483, -93397.30, -76332) | Spd: 4190 km/h | Yaw: 1.57 | Steer: 1.00
t=227765 SteerR changed to 0.00
t=228375 SteerL changed to -1.00
t=228515 SteerL changed to 0.00
t=230605 SteerR changed to 1.00
t=230825 SteerR changed to 0.00
t=231425 SteerL changed to -1.00
t=231665 SteerL changed to 0.00
t=232275 SteerR changed to 1.00
T: 135.00s | Pos: (483, -102545.83, -82277) | Spd: 4370 km/h | Yaw: 1.57 | Steer: 1.00
t=232995 SteerR changed to 0.00
t=234375 SteerR changed to 1.00
t=234605 Gas changed to 0.00
t=234835 Gas changed to 1.00
t=236205 SteerR changed to 0.00
T: 140.00s | Pos: (483, -112362.02, -88465) | Spd: 4541 km/h | Yaw: 1.57 | Steer: 0.00
t=240645 SteerR changed to 1.00
t=240705 SteerR changed to 0.00
T: 145.00s | Pos: (483, -122901.34, -94898) | Spd: 4721 km/h | Yaw: 1.57 | Steer: 0.00
t=243245 SteerL changed to -1.00
t=243325 SteerL changed to 0.00
t=244645 SteerR changed to 1.00
t=244785 SteerR changed to 0.00
t=244935 SteerR changed to 1.00
t=245615 SteerR changed to 0.00
t=245705 SteerR changed to 1.00
t=246775 SteerR changed to 0.00
t=247595 SteerR changed to 1.00
T: 150.00s | Pos: (483, -134227.62, -101582) | Spd: 4901 km/h | Yaw: 1.57 | Steer: 1.00
t=248135 SteerR changed to 0.00
t=248235 SteerR changed to 1.00
t=248605 Gas changed to 0.00
t=248935 Gas changed to 1.00
t=249815 SteerR changed to 0.00
T: 155.00s | Pos: (483, -146414.02, -108502) | Spd: 5069 km/h | Yaw: 1.57 | Steer: 0.00
t=253775 Gas changed to 0.00
t=254415 SteerR changed to 1.00
t=254785 SteerR changed to 0.00
t=254845 SteerR changed to 1.00
t=255855 Gas changed to 1.00
t=256175 Gas changed to 0.00
t=256615 Gas changed to 1.00
t=256945 SteerR changed to 0.00
t=257565 SteerL changed to -1.00
T: 160.00s | Pos: (483, -159543.88, -115602) | Spd: 5159 km/h | Yaw: 1.57 | Steer: -1.00
t=258425 SteerL changed to 0.00
t=259515 SteerR changed to 1.00
t=260285 SteerR changed to 0.00
t=260415 SteerR changed to 1.00
t=260555 SteerR changed to 0.00
t=260655 SteerR changed to 1.00
t=260955 SteerR changed to 0.00
t=261185 SteerL changed to -1.00
t=261295 SteerL changed to 0.00
t=261775 SteerR changed to 1.00
t=262265 Gas changed to 0.00
t=262615 SteerR changed to 0.00
T: 165.00s | Pos: (483, -173711.66, -122891) | Spd: 5323 km/h | Yaw: 1.57 | Steer: 0.00
t=262715 SteerL changed to -1.00
t=263855 Gas changed to 1.00
t=265305 SteerL changed to 0.00
t=266115 SteerR changed to 1.00
t=266315 SteerR changed to 0.00
t=267595 SteerL changed to -1.00
T: 170.00s | Pos: (483, -189030.48, -130359) | Spd: 5461 km/h | Yaw: 1.57 | Steer: -1.00
t=267735 Gas changed to 0.00
t=267795 SteerL changed to 0.00
t=267985 SteerR changed to 1.00
t=269175 Gas changed to 1.00
t=270135 SteerR changed to 0.00
t=271165 SteerL changed to -1.00
t=271385 SteerL changed to 0.00
t=272635 SteerL changed to -1.00
T: 175.00s | Pos: (483, -205633.78, -138009) | Spd: 5589 km/h | Yaw: 1.57 | Steer: -1.00
t=272805 SteerL changed to 0.00
t=273095 SteerL changed to -1.00
t=273385 SteerL changed to 0.00
t=273495 SteerL changed to -1.00
t=274145 SteerL changed to 0.00
t=274385 SteerR changed to 1.00
t=274515 Gas changed to 0.00
t=275025 Gas changed to 1.00
t=275225 SteerR changed to 0.00
t=275355 SteerR changed to 1.00
t=275975 SteerR changed to 0.00
t=276035 SteerR changed to 1.00
t=277595 SteerR changed to 0.00
T: 180.00s | Pos: (483, -223682.95, -145882) | Spd: 5751 km/h | Yaw: 1.57 | Steer: 0.00
t=278815 SteerL changed to -1.00
t=279315 SteerL changed to 0.00
t=279885 SteerR changed to 1.00
t=280485 SteerR changed to 0.00
T: 185.00s | Pos: (483, -243376.31, -153996) | Spd: 5931 km/h | Yaw: 1.57 | Steer: 0.00
t=283685 SteerL changed to -1.00
t=283885 SteerL changed to 0.00
t=284175 SteerR changed to 1.00
t=284475 Gas changed to 0.00
t=284955 Gas changed to 1.00
t=286125 SteerR changed to 0.00
T: 190.00s | Pos: (483, -264959.59, -162345) | Spd: 6094 km/h | Yaw: 1.57 | Steer: 0.00
t=289425 SteerR changed to 1.00
t=289735 SteerR changed to 0.00
t=289765 SteerR changed to 1.00
t=289805 SteerR changed to 0.00
t=290345 SteerL changed to -1.00
t=290605 SteerL changed to 0.00
T: 195.00s | Pos: (483, -288739.66, -170934) | Spd: 6274 km/h | Yaw: 1.57 | Steer: 0.00
t=293615 SteerR changed to 1.00
t=293785 SteerR changed to 0.00
t=293885 SteerR changed to 1.00
t=295385 SteerR changed to 0.00
T: 200.00s | Pos: (483, -315111.34, -179773) | Spd: 6454 km/h | Yaw: 1.57 | Steer: 0.00
t=299535 SteerL changed to -1.00
t=299615 SteerL changed to 0.00
t=301215 SteerL changed to -1.00
t=301305 SteerL changed to 0.00
T: 205.00s | Pos: (483, -344591.03, -188862) | Spd: 6633 km/h | Yaw: 1.57 | Steer: 0.00
t=302965 SteerR changed to 1.00
t=303055 SteerR changed to 0.00
t=303835 SteerR changed to 1.00
t=305135 SteerR changed to 0.00
t=305255 SteerR changed to 1.00
t=305835 SteerR changed to 0.00
t=306635 SteerR changed to 1.00
t=307555 Gas changed to 0.00
T: 210.00s | Pos: (483, -377874.91, -198201) | Spd: 6808 km/h | Yaw: 1.57 | Steer: 1.00
t=307805 Gas changed to 1.00
t=308655 SteerR changed to 0.00
t=309425 SteerR changed to 1.00
t=309465 SteerR changed to 0.00
t=310025 SteerL changed to -1.00
t=310095 SteerL changed to 0.00
t=310435 SteerR changed to 1.00
t=311085 SteerR changed to 0.00
t=312405 Gas changed to 0.00
T: 215.00s | Pos: (483, -415932.16, -207777) | Spd: 6974 km/h | Yaw: 1.57 | Steer: 0.00
t=313545 SteerR changed to 1.00
t=315035 Gas changed to 1.00
t=315955 SteerR changed to 0.00
t=316145 SteerR changed to 1.00
t=316235 SteerR changed to 0.00
T: 220.00s | Pos: (483, -460170.34, -217500) | Spd: 7070 km/h | Yaw: 1.57 | Steer: 0.00
t=318045 SteerL changed to -1.00
t=318185 SteerL changed to 0.00
t=318825 SteerR changed to 1.00
t=319455 SteerR changed to 0.00
t=319545 SteerR changed to 1.00
t=320135 SteerR changed to 0.00
t=321185 SteerR changed to 1.00
t=321195 Gas changed to 0.00
t=321825 Gas changed to 1.00
t=321885 Gas changed to 0.00
t=321945 Gas changed to 1.00
t=321985 SteerR changed to 0.00
t=322135 SteerL changed to -1.00
t=322155 Gas changed to 0.00
T: 225.00s | Pos: (483, -512750.09, -227435) | Spd: 7205 km/h | Yaw: 1.57 | Steer: -1.00
t=323115 Gas changed to 1.00
t=324735 SteerL changed to 0.00
t=325335 SteerR changed to 1.00
t=325535 SteerR changed to 0.00
t=326175 SteerR changed to 1.00
t=326235 SteerR changed to 0.00
t=326985 SteerL changed to -1.00
t=327185 Gas changed to 0.00
t=327185 SteerL changed to 0.00
t=327315 SteerR changed to 1.00
T: 230.00s | Pos: (483, -577257.50, -237547) | Spd: 7351 km/h | Yaw: 1.57 | Steer: 1.00
t=328255 Gas changed to 1.00
t=329545 SteerR changed to 0.00
t=330235 SteerL changed to -1.00
t=330495 SteerL changed to 0.00
t=331415 SteerL changed to -1.00
t=331555 SteerL changed to 0.00
t=332215 SteerL changed to -1.00
T: 235.00s | Pos: (483, -660315.56, -247857) | Spd: 7512 km/h | Yaw: 1.57 | Steer: -1.00
t=332865 SteerL changed to 0.00
t=332995 SteerL changed to -1.00
t=333255 SteerL changed to 0.00
t=333555 SteerR changed to 1.00
t=333975 Gas changed to 0.00
t=334305 Gas changed to 1.00
t=336785 SteerR changed to 0.00
t=337545 SteerL changed to -1.00
T: 240.00s | Pos: (483, -776425.75, -258405) | Spd: 7680 km/h | Yaw: 1.57 | Steer: -1.00
t=338075 SteerL changed to 0.00
t=338845 SteerR changed to 1.00
t=339325 SteerR changed to 0.00
T: 245.00s | Pos: (483, -969413.88, -269198) | Spd: 7860 km/h | Yaw: 1.57 | Steer: 0.00
t=343115 Gas changed to 0.00
t=343135 SteerR changed to 1.00
t=343735 Gas changed to 1.00
t=344905 SteerR changed to 0.00
T: 250.00s | Pos: (483, -1665788.00, -280214) | Spd: 8018 km/h | Yaw: 1.57 | Steer: 0.00
t=348455 SteerR changed to 1.00
t=348745 SteerR changed to 0.00
t=349715 SteerL changed to -1.00
t=349915 SteerL changed to 0.00
T: 255.00s | Pos: (483, -inf, -291476) | Spd: 8198 km/h | Yaw: 1.57 | Steer: 0.00
t=352865 SteerR changed to 1.00
t=354615 SteerR changed to 0.00
T: 260.00s | Pos: (483, -inf, -302989) | Spd: 8378 km/h | Yaw: 1.57 | Steer: 0.00
t=358075 SteerL changed to -1.00
t=358195 SteerL changed to 0.00
t=362635 SteerR changed to 1.00
t=362695 SteerR changed to 0.00
T: 265.00s | Pos: (483, -inf, -314752) | Spd: 8559 km/h | Yaw: 1.57 | Steer: 0.00
t=363055 SteerR changed to 1.00
t=363675 SteerR changed to 0.00
t=363775 SteerR changed to 1.00
t=364925 SteerR changed to 0.00
t=365595 SteerR changed to 1.00
t=365695 SteerR changed to 0.00
t=365875 SteerR changed to 1.00
t=367065 Gas changed to 0.00
t=367105 Gas changed to 1.00
T: 270.00s | Pos: (483, -inf, -326765) | Spd: 8737 km/h | Yaw: 1.57 | Steer: 1.00
t=367955 SteerR changed to 0.00
t=368425 SteerL changed to -1.00
t=368435 SteerL changed to 0.00
t=369105 SteerL changed to -1.00
t=369145 SteerL changed to 0.00
t=370995 Gas changed to 0.00
t=372615 SteerR changed to 1.00
T: 275.00s | Pos: (483, -inf, -339010) | Spd: 8856 km/h | Yaw: 1.57 | Steer: 1.00
t=375235 Gas changed to 1.00
t=375345 SteerR changed to 0.00
t=376645 SteerL changed to -1.00
t=376785 SteerL changed to 0.00
T: 280.00s | Pos: (483, -inf, -351339) | Spd: 8945 km/h | Yaw: 1.57 | Steer: 0.00
t=378325 SteerR changed to 1.00
t=378715 SteerR changed to 0.00
t=378805 SteerR changed to 1.00
t=379545 SteerR changed to 0.00
t=380355 SteerR changed to 1.00
t=381005 SteerR changed to 0.00
t=381185 Gas changed to 0.00
t=381335 SteerL changed to -1.00
t=382625 Gas changed to 1.00
T: 285.00s | Pos: (483, -inf, -363876) | Spd: 9073 km/h | Yaw: 1.57 | Steer: -1.00
t=383645 SteerL changed to 0.00
t=385145 SteerR changed to 1.00
t=385285 SteerR changed to 0.00
t=386155 SteerL changed to -1.00
t=386485 SteerL changed to 0.00
t=386565 Gas changed to 0.00
t=386625 SteerR changed to 1.00
t=387605 Gas changed to 1.00
T: 290.00s | Pos: (483, -inf, -376597) | Spd: 9216 km/h | Yaw: 1.57 | Steer: 1.00
t=388805 SteerR changed to 0.00
t=389655 SteerL changed to -1.00
t=389855 SteerL changed to 0.00
t=391295 SteerL changed to -1.00
t=391535 SteerL changed to 0.00
t=391695 SteerL changed to -1.00
t=391825 SteerL changed to 0.00
t=391995 SteerL changed to -1.00
t=392695 SteerL changed to 0.00
T: 295.00s | Pos: (483, -inf, -389523) | Spd: 9396 km/h | Yaw: 1.57 | Steer: 0.00
t=392815 SteerR changed to 1.00
t=393005 Gas changed to 0.00
t=393165 Gas changed to 1.00
t=393855 SteerR changed to 0.00
t=393955 SteerR changed to 1.00
t=394455 Gas changed to 0.00
t=394925 Gas changed to 1.00
t=396015 SteerR changed to 0.00
t=397315 SteerL changed to -1.00
T: 300.00s | Pos: (483, -inf, -402677) | Spd: 9554 km/h | Yaw: 1.57 | Steer: -1.00
t=397855 SteerL changed to 0.00
t=398425 SteerR changed to 1.00
t=398935 SteerR changed to 0.00
t=399275 SteerR changed to 1.00
t=399325 SteerR changed to 0.00
t=402385 SteerR changed to 1.00
t=402445 SteerR changed to 0.00
T: 305.00s | Pos: (483, -inf, -416072) | Spd: 9734 km/h | Yaw: 1.57 | Steer: 0.00
t=402865 SteerR changed to 1.00
t=403715 Gas changed to 0.00
t=403815 Gas changed to 1.00
t=403835 Gas changed to 0.00
t=403895 Gas changed to 1.00
t=404635 SteerR changed to 0.00
t=404795 Gas changed to 0.00
t=405045 Gas changed to 1.00
t=405065 Gas changed to 0.00
t=405145 Gas changed to 1.00
t=407185 SteerR changed to 1.00
t=407325 SteerR changed to 0.00
T: 310.00s | Pos: (483, -inf, -429702) | Spd: 9896 km/h | Yaw: 1.57 | Steer: 0.00
t=407795 SteerR changed to 1.00
t=408045 SteerR changed to 0.00
t=408475 SteerL changed to -1.00
t=408805 SteerL changed to 0.00
t=411365 Gas changed to 0.00
t=411445 SteerR changed to 1.00
t=411605 Gas changed to 1.00
t=411815 Gas changed to 0.00
t=411855 Gas changed to 1.00
t=412565 Gas changed to 0.00
T: 315.00s | Pos: (483, -inf, -443569) | Spd: 10061 km/h | Yaw: 1.57 | Steer: 1.00
t=412775 Gas changed to 1.00
t=413645 SteerR changed to 0.00
t=414125 SteerL changed to -1.00
t=414235 SteerL changed to 0.00
t=417275 SteerL changed to -1.00
t=417415 SteerL changed to 0.00
T: 320.00s | Pos: (483, -inf, -457666) | Spd: 10239 km/h | Yaw: 1.57 | Steer: 0.00
t=420435 SteerL changed to -1.00
t=420505 SteerL changed to 0.00
t=422115 SteerR changed to 1.00
t=422205 SteerR changed to 0.00
t=422505 SteerR changed to 1.00
T: 325.00s | Pos: (483, -inf, -472013) | Spd: 10419 km/h | Yaw: 1.57 | Steer: 1.00
t=422785 SteerR changed to 0.00
t=422875 SteerR changed to 1.00
t=424355 SteerR changed to 0.00
t=425225 SteerR changed to 1.00
t=426095 SteerR changed to 0.00
t=426105 Gas changed to 0.00
t=426175 Gas changed to 1.00
t=426205 SteerR changed to 1.00
t=426295 Gas changed to 0.00
t=426785 Gas changed to 1.00
t=427485 SteerR changed to 0.00
T: 330.00s | Pos: (483, -inf, -486602) | Spd: 10579 km/h | Yaw: 1.57 | Steer: 0.00
t=432025 Gas changed to 0.00
t=432475 SteerR changed to 1.00
T: 335.00s | Pos: (483, -inf, -501419) | Spd: 10735 km/h | Yaw: 1.57 | Steer: 1.00
t=432875 SteerR changed to 0.00
t=433105 SteerR changed to 1.00
t=434565 Gas changed to 1.00
t=434955 SteerR changed to 0.00
t=437685 SteerR changed to 1.00
T: 340.00s | Pos: (483, -inf, -516377) | Spd: 10848 km/h | Yaw: 1.57 | Steer: 1.00
t=438075 SteerR changed to 0.00
t=438165 SteerR changed to 1.00
t=438335 SteerR changed to 0.00
t=438475 SteerR changed to 1.00
t=438885 SteerR changed to 0.00
t=438965 SteerR changed to 1.00
t=439245 SteerR changed to 0.00
t=439405 SteerL changed to -1.00
t=439615 SteerL changed to 0.00
t=439855 SteerR changed to 1.00
t=439935 SteerR changed to 0.00
t=440035 SteerR changed to 1.00
t=440445 Gas changed to 0.00
t=440895 SteerR changed to 0.00
t=441025 SteerL changed to -1.00
t=442135 Gas changed to 1.00
T: 345.00s | Pos: (483, -inf, -531550) | Spd: 10967 km/h | Yaw: 1.57 | Steer: -1.00
t=443375 SteerL changed to 0.00
t=445045 SteerR changed to 1.00
t=445155 SteerR changed to 0.00
t=445825 SteerL changed to -1.00
t=445965 SteerL changed to 0.00
t=446105 SteerL changed to -1.00
t=446185 SteerL changed to 0.00
t=446245 Gas changed to 0.00
t=446325 SteerR changed to 1.00
t=447405 Gas changed to 1.00
T: 350.00s | Pos: (483, -inf, -546897) | Spd: 11106 km/h | Yaw: 1.57 | Steer: 1.00
t=448305 SteerR changed to 0.00
t=449275 SteerL changed to -1.00
t=449585 SteerL changed to 0.00
t=450505 SteerR changed to 1.00
t=450605 SteerR changed to 0.00
t=451245 SteerL changed to -1.00
t=451325 SteerL changed to 0.00
t=451475 SteerL changed to -1.00
t=451925 SteerL changed to 0.00
t=452115 SteerL changed to -1.00
t=452485 SteerL changed to 0.00
T: 355.00s | Pos: (483, -inf, -562448) | Spd: 11286 km/h | Yaw: 1.57 | Steer: 0.00
t=452815 SteerR changed to 1.00
t=453425 Gas changed to 0.00
t=453635 Gas changed to 1.00
t=454095 Gas changed to 0.00
t=454455 Gas changed to 1.00
t=455715 SteerR changed to 0.00
t=457105 SteerL changed to -1.00
t=457385 SteerL changed to 0.00
t=457525 SteerL changed to -1.00
T: 360.00s | Pos: (483, -inf, -578229) | Spd: 11445 km/h | Yaw: 1.57 | Steer: -1.00
t=457745 SteerL changed to 0.00
t=458155 SteerR changed to 1.00
t=458725 SteerR changed to 0.00
T: 365.00s | Pos: (483, -inf, -594251) | Spd: 11626 km/h | Yaw: 1.57 | Steer: 0.00
t=462705 SteerR changed to 1.00
t=462825 Gas changed to 0.00
t=463275 Gas changed to 1.00
t=464495 SteerR changed to 0.00
t=465145 SteerR changed to 1.00
t=465185 SteerR changed to 0.00
T: 370.00s | Pos: (483, -inf, -610504) | Spd: 11790 km/h | Yaw: 1.57 | Steer: 0.00
t=467965 SteerR changed to 1.00
t=468275 SteerR changed to 0.00
t=468755 SteerL changed to -1.00
t=469045 SteerL changed to 0.00
t=471615 SteerR changed to 1.00
t=471695 Gas changed to 0.00
t=471915 Gas changed to 1.00
t=472375 SteerR changed to 0.00
t=472455 SteerR changed to 1.00
T: 375.00s | Pos: (483, -inf, -627001) | Spd: 11962 km/h | Yaw: 1.57 | Steer: 1.00
t=472705 SteerR changed to 0.00
t=472895 SteerR changed to 1.00
t=473025 SteerR changed to 0.00
t=473225 SteerR changed to 1.00
t=474065 SteerR changed to 0.00
t=477525 SteerL changed to -1.00
t=477635 SteerL changed to 0.00
T: 380.00s | Pos: (483, -inf, -643741) | Spd: 12142 km/h | Yaw: 1.57 | Steer: 0.00
t=480215 SteerL changed to -1.00
t=480305 SteerL changed to 0.00
t=481385 SteerR changed to 1.00
t=481545 SteerR changed to 0.00
T: 385.00s | Pos: (483, -inf, -660731) | Spd: 12322 km/h | Yaw: 1.57 | Steer: 0.00
t=482735 SteerR changed to 1.00
t=484275 SteerR changed to 0.00
t=484385 SteerR changed to 1.00
t=484505 SteerR changed to 0.00
t=484795 SteerR changed to 1.00
t=484935 SteerR changed to 0.00
t=485425 SteerR changed to 1.00
t=485565 SteerR changed to 0.00
t=485625 SteerR changed to 1.00
t=486485 Gas changed to 0.00
t=486715 Gas changed to 1.00
t=487585 SteerR changed to 0.00
T: 390.00s | Pos: (483, -inf, -677969) | Spd: 12494 km/h | Yaw: 1.57 | Steer: 0.00
t=491595 Gas changed to 0.00
t=492395 SteerR changed to 1.00
T: 395.00s | Pos: (483, -inf, -695445) | Spd: 12634 km/h | Yaw: 1.57 | Steer: 1.00
t=493965 Gas changed to 1.00
t=495015 SteerR changed to 0.00
T: 400.00s | Pos: (483, -inf, -713067) | Spd: 12769 km/h | Yaw: 1.57 | Steer: 0.00
t=497935 SteerR changed to 1.00
t=499165 SteerR changed to 0.00
t=499505 SteerL changed to -1.00
t=499575 Gas changed to 0.00
t=499835 SteerL changed to 0.00
t=500065 SteerR changed to 1.00
t=500395 Gas changed to 1.00
t=500895 SteerR changed to 0.00
t=501175 SteerL changed to -1.00
t=501355 Gas changed to 0.00
t=501575 Gas changed to 1.00
t=502055 Gas changed to 0.00
t=502375 Gas changed to 1.00
T: 405.00s | Pos: (483, -inf, -730904) | Spd: 12900 km/h | Yaw: 1.57 | Steer: -1.00
t=504115 SteerL changed to 0.00
t=504265 SteerR changed to 1.00
t=504745 SteerR changed to 0.00
t=505695 SteerL changed to -1.00
t=505855 Gas changed to 0.00
t=505925 SteerL changed to 0.00
t=506155 SteerR changed to 1.00
t=507265 Gas changed to 1.00
T: 410.00s | Pos: (483, -inf, -748927) | Spd: 13030 km/h | Yaw: 1.57 | Steer: 1.00
t=508435 SteerR changed to 0.00
t=509335 SteerL changed to -1.00
t=509605 SteerL changed to 0.00
t=511005 SteerL changed to -1.00
t=511335 SteerL changed to 0.00
t=511385 SteerL changed to -1.00
t=511545 SteerL changed to 0.00
t=511615 SteerL changed to -1.00
t=511705 SteerL changed to 0.00
t=511795 SteerL changed to -1.00
t=512235 SteerL changed to 0.00
t=512455 SteerR changed to 1.00
T: 415.00s | Pos: (483, -inf, -767150) | Spd: 13210 km/h | Yaw: 1.57 | Steer: 1.00
t=513205 Gas changed to 0.00
t=513715 Gas changed to 1.00
t=515555 SteerR changed to 0.00
t=516135 SteerL changed to -1.00
t=516275 SteerL changed to 0.00
t=516555 SteerL changed to -1.00
t=516825 SteerL changed to 0.00
t=516915 SteerL changed to -1.00
t=517025 SteerL changed to 0.00
t=517145 SteerL changed to -1.00
t=517195 SteerL changed to 0.00
T: 420.00s | Pos: (483, -inf, -785601) | Spd: 13372 km/h | Yaw: 1.57 | Steer: 0.00
t=517795 SteerR changed to 1.00
t=518295 SteerR changed to 0.00
t=522145 SteerR changed to 1.00
t=522255 Gas changed to 0.00
t=522415 Gas changed to 1.00
T: 425.00s | Pos: (483, -inf, -804298) | Spd: 13546 km/h | Yaw: 1.57 | Steer: 1.00
t=522755 Gas changed to 0.00
t=522785 Gas changed to 1.00
t=523315 Gas changed to 0.00
t=523425 Gas changed to 1.00
t=523585 Gas changed to 0.00
t=523685 Gas changed to 1.00
t=524035 SteerR changed to 0.00
t=524355 SteerL changed to -1.00
t=524405 SteerL changed to 0.00
t=527365 SteerR changed to 1.00
t=527695 SteerR changed to 0.00
T: 430.00s | Pos: (483, -inf, -823228) | Spd: 13717 km/h | Yaw: 1.57 | Steer: 0.00
t=528315 SteerL changed to -1.00
t=528525 SteerL changed to 0.00
t=531195 Gas changed to 0.00
t=531315 SteerL changed to -1.00
t=531435 Gas changed to 1.00
t=531505 SteerL changed to 0.00
t=531675 SteerR changed to 1.00
t=531705 Gas changed to 0.00
t=531875 Gas changed to 1.00
t=532005 Gas changed to 0.00
t=532115 Gas changed to 1.00
T: 435.00s | Pos: (483, -inf, -842400) | Spd: 13879 km/h | Yaw: 1.57 | Steer: 1.00
t=533325 SteerR changed to 0.00
t=537655 SteerR changed to 1.00
t=537685 SteerR changed to 0.00
T: 440.00s | Pos: (483, -inf, -861802) | Spd: 14059 km/h | Yaw: 1.57 | Steer: 0.00
t=541335 SteerL changed to -1.00
t=541425 SteerL changed to 0.00
t=542445 SteerR changed to 1.00
t=542535 SteerR changed to 0.00
T: 445.00s | Pos: (483, -inf, -881455) | Spd: 14239 km/h | Yaw: 1.57 | Steer: 0.00
t=542755 SteerR changed to 1.00
t=543035 SteerR changed to 0.00
t=543125 SteerR changed to 1.00
t=544505 SteerR changed to 0.00
t=544915 SteerR changed to 1.00
t=545135 SteerR changed to 0.00
t=545685 SteerR changed to 1.00
t=545995 Gas changed to 0.00
t=546195 Gas changed to 1.00
T: 450.00s | Pos: (483, -inf, -901354) | Spd: 14412 km/h | Yaw: 1.57 | Steer: 1.00
t=547725 SteerR changed to 0.00
t=551375 Gas changed to 0.00
t=552435 SteerR changed to 1.00
T: 455.00s | Pos: (483, -inf, -921484) | Spd: 14544 km/h | Yaw: 1.57 | Steer: 1.00
t=554335 Gas changed to 1.00
t=554775 SteerR changed to 0.00
t=557525 SteerR changed to 1.00
T: 460.00s | Pos: (483, -inf, -941738) | Spd: 14666 km/h | Yaw: 1.57 | Steer: 1.00
t=557835 SteerR changed to 0.00
t=557935 SteerR changed to 1.00
t=558055 SteerR changed to 0.00
t=558195 SteerR changed to 1.00
t=558905 SteerR changed to 0.00
t=559525 SteerR changed to 1.00
t=559595 SteerR changed to 0.00
t=560005 SteerR changed to 1.00
t=560785 SteerR changed to 0.00
t=560785 Gas changed to 0.00
t=560945 SteerL changed to -1.00
t=562155 Gas changed to 1.00
T: 465.00s | Pos: (483, -inf, -962219) | Spd: 14797 km/h | Yaw: 1.57 | Steer: -1.00
t=563245 SteerL changed to 0.00
t=565525 SteerR changed to 1.00
t=565575 SteerR changed to 0.00
t=566015 SteerL changed to -1.00
t=566045 Gas changed to 0.00
t=566195 SteerL changed to 0.00
t=566295 SteerR changed to 1.00
t=567225 Gas changed to 1.00
t=567245 SteerR changed to 0.00
t=567305 SteerR changed to 1.00
T: 470.00s | Pos: (483, -inf, -982883) | Spd: 14934 km/h | Yaw: 1.57 | Steer: 1.00
t=568195 SteerR changed to 0.00
t=570005 SteerL changed to -1.00
t=570175 SteerL changed to 0.00
t=570875 SteerR changed to 1.00
t=570975 SteerR changed to 0.00
t=571585 SteerL changed to -1.00
t=571715 SteerL changed to 0.00
t=571825 SteerL changed to -1.00
t=571945 SteerL changed to 0.00
t=572225 SteerL changed to -1.00
t=572425 SteerL changed to 0.00
t=572505 SteerL changed to -1.00
T: 475.00s | Pos: (483, -inf, -1003751) | Spd: 15115 km/h | Yaw: 1.57 | Steer: -1.00
t=573105 SteerL changed to 0.00
t=573285 SteerR changed to 1.00
t=575545 Gas changed to 0.00
t=575885 Gas changed to 1.00
t=576555 SteerR changed to 0.00
t=577555 SteerL changed to -1.00
T: 480.00s | Pos: (483, -inf, -1024862) | Spd: 15282 km/h | Yaw: 1.57 | Steer: -1.00
t=578195 SteerL changed to 0.00
t=578785 SteerR changed to 1.00
t=579405 SteerR changed to 0.00
t=582425 SteerL changed to -1.00
T: 485.00s | Pos: (483, -inf, -1046214) | Spd: 15463 km/h | Yaw: 1.57 | Steer: -1.00
t=582705 SteerL changed to 0.00
t=582965 SteerR changed to 1.00
t=583875 Gas changed to 0.00
t=584075 Gas changed to 1.00
t=584515 Gas changed to 0.00
t=584665 Gas changed to 1.00
t=585105 SteerR changed to 0.00
T: 490.00s | Pos: (483, -inf, -1067804) | Spd: 15630 km/h | Yaw: 1.57 | Steer: 0.00
t=588675 SteerR changed to 1.00
t=588935 SteerR changed to 0.00
t=589315 SteerL changed to -1.00
t=589625 SteerL changed to 0.00
t=590255 SteerR changed to 1.00
t=590965 Gas changed to 0.00
t=591535 Gas changed to 1.00
T: 495.00s | Pos: (483, -inf, -1089632) | Spd: 15790 km/h | Yaw: 1.57 | Steer: 1.00
t=592965 SteerR changed to 0.00
t=593155 SteerR changed to 1.00
t=593265 SteerR changed to 0.00
t=593405 SteerR changed to 1.00
t=593625 SteerR changed to 0.00
t=593745 SteerR changed to 1.00
t=593915 SteerR changed to 0.00
t=594025 SteerR changed to 1.00
t=594215 SteerR changed to 0.00
t=594315 SteerR changed to 1.00
t=594655 SteerR changed to 0.00
T: 500.00s | Pos: (483, -inf, -1111688) | Spd: 15970 km/h | Yaw: 1.57 | Steer: 0.00
t=598075 SteerR changed to 1.00
t=598205 SteerR changed to 0.00
t=598755 SteerL changed to -1.00
t=598845 SteerL changed to 0.00
t=599275 SteerR changed to 1.00
t=599315 SteerR changed to 0.00
t=600815 SteerL changed to -1.00
t=600905 SteerL changed to 0.00
t=602375 SteerL changed to -1.00
t=602425 SteerL changed to 0.00
T: 505.00s | Pos: (483, -inf, -1133995) | Spd: 16150 km/h | Yaw: 1.57 | Steer: 0.00
t=603355 SteerR changed to 1.00
t=605265 SteerR changed to 0.00
t=606255 SteerR changed to 1.00
t=606555 Gas changed to 0.00
t=606835 Gas changed to 1.00
T: 510.00s | Pos: (483, -inf, -1156548) | Spd: 16320 km/h | Yaw: 1.57 | Steer: 1.00
t=608335 SteerR changed to 0.00
t=609725 SteerR changed to 1.00
t=609765 SteerR changed to 0.00
t=611955 Gas changed to 0.00
t=612105 SteerL changed to -1.00
T: 515.00s | Pos: (483, -inf, -1179338) | Spd: 16473 km/h | Yaw: 1.57 | Steer: -1.00
t=613235 SteerL changed to 0.00
t=613435 SteerR changed to 1.00
t=614885 Gas changed to 1.00
t=615755 SteerR changed to 0.00
T: 520.00s | Pos: (483, -inf, -1202255) | Spd: 16575 km/h | Yaw: 1.57 | Steer: 0.00
t=618775 SteerR changed to 1.00
t=619905 SteerR changed to 0.00
t=620125 SteerR changed to 1.00
t=620185 SteerR changed to 0.00
t=620485 SteerL changed to -1.00
t=620545 SteerL changed to 0.00
t=620835 SteerR changed to 1.00
t=620855 Gas changed to 0.00
t=621155 SteerR changed to 0.00
t=621305 SteerR changed to 1.00
t=621375 Gas changed to 1.00
t=621705 SteerR changed to 0.00
t=621895 SteerL changed to -1.00
t=621915 Gas changed to 0.00
t=622065 Gas changed to 1.00
t=622075 SteerL changed to 0.00
t=622105 Gas changed to 0.00
t=622145 SteerL changed to -1.00
T: 525.00s | Pos: (483, -inf, -1225389) | Spd: 16709 km/h | Yaw: 1.57 | Steer: -1.00
t=622995 Gas changed to 1.00
t=624605 SteerL changed to 0.00
t=625115 SteerR changed to 1.00
t=625425 SteerR changed to 0.00
t=626725 SteerL changed to -1.00
t=626885 Gas changed to 0.00
t=626885 SteerL changed to 0.00
t=627035 SteerR changed to 1.00
T: 530.00s | Pos: (483, -inf, -1248698) | Spd: 16850 km/h | Yaw: 1.57 | Steer: 1.00
t=627915 Gas changed to 1.00
t=629205 SteerR changed to 0.00
t=629925 SteerL changed to -1.00
t=630125 SteerL changed to 0.00
t=631355 SteerL changed to -1.00
t=631515 SteerL changed to 0.00
t=631655 SteerL changed to -1.00
t=631785 SteerL changed to 0.00
t=631995 SteerL changed to -1.00
t=632265 SteerL changed to 0.00
t=632355 SteerL changed to -1.00
t=632495 SteerL changed to 0.00
t=632585 SteerL changed to -1.00
T: 535.00s | Pos: (483, -inf, -1272216) | Spd: 17022 km/h | Yaw: 1.57 | Steer: -1.00
t=633005 SteerL changed to 0.00
t=633295 SteerR changed to 1.00
t=633535 Gas changed to 0.00
t=634015 Gas changed to 1.00
t=634385 SteerR changed to 0.00
t=634505 SteerR changed to 1.00
t=636505 SteerR changed to 0.00
t=637385 SteerL changed to -1.00
T: 540.00s | Pos: (483, -inf, -1295966) | Spd: 17185 km/h | Yaw: 1.57 | Steer: -1.00
t=637815 SteerL changed to 0.00
t=637945 SteerL changed to -1.00
t=638085 SteerL changed to 0.00
t=638595 SteerR changed to 1.00
t=639135 SteerR changed to 0.00
T: 545.00s | Pos: (483, -inf, -1319960) | Spd: 17365 km/h | Yaw: 1.57 | Steer: 0.00
t=643065 SteerR changed to 1.00
t=643095 Gas changed to 0.00
t=643655 Gas changed to 1.00
t=644215 SteerR changed to 0.00
t=644325 SteerR changed to 1.00
t=644975 SteerR changed to 0.00
T: 550.00s | Pos: (483, -inf, -1344177) | Spd: 17525 km/h | Yaw: 1.57 | Steer: 0.00
t=647985 SteerR changed to 1.00
t=648165 SteerR changed to 0.00
t=648595 SteerR changed to 1.00
t=648875 SteerR changed to 0.00
t=649285 SteerL changed to -1.00
t=649565 SteerL changed to 0.00
t=649785 SteerL changed to -1.00
t=649845 SteerL changed to 0.00
t=652455 SteerR changed to 1.00
t=652625 SteerR changed to 0.00
T: 555.00s | Pos: (483, -inf, -1368644) | Spd: 17705 km/h | Yaw: 1.57 | Steer: 0.00
t=652735 SteerR changed to 1.00
t=654275 SteerR changed to 0.00
t=654655 SteerR changed to 1.00
t=654795 SteerR changed to 0.00
T: 560.00s | Pos: (483, -inf, -1393361) | Spd: 17886 km/h | Yaw: 1.57 | Steer: 0.00
t=658465 SteerL changed to -1.00
t=658555 SteerL changed to 0.00
t=659165 SteerL changed to -1.00
t=659205 SteerL changed to 0.00
t=660855 SteerL changed to -1.00
t=660895 SteerL changed to 0.00
t=662355 SteerR changed to 1.00
t=662435 SteerR changed to 0.00
T: 565.00s | Pos: (483, -inf, -1418328) | Spd: 18066 km/h | Yaw: 1.57 | Steer: 0.00
t=662885 SteerR changed to 1.00
t=663555 SteerR changed to 0.00
t=663665 SteerR changed to 1.00
t=664725 SteerR changed to 0.00
t=664965 SteerR changed to 1.00
t=665005 SteerR changed to 0.00
t=665145 SteerR changed to 1.00
t=665255 SteerR changed to 0.00
t=665785 SteerR changed to 1.00
t=666235 Gas changed to 0.00
t=666445 Gas changed to 1.00
t=666625 Gas changed to 0.00
t=666845 Gas changed to 1.00
t=667615 SteerR changed to 0.00
T: 570.00s | Pos: (483, -inf, -1443540) | Spd: 18230 km/h | Yaw: 1.57 | Steer: 0.00
t=667755 SteerR changed to 1.00
t=667955 SteerR changed to 0.00
t=672295 Gas changed to 0.00
t=672295 SteerL changed to -1.00
t=672385 SteerL changed to 0.00
t=672595 SteerR changed to 1.00
T: 575.00s | Pos: (483, -inf, -1468987) | Spd: 18396 km/h | Yaw: 1.57 | Steer: 1.00
t=674335 Gas changed to 1.00
t=675305 SteerR changed to 0.00
T: 580.00s | Pos: (483, -inf, -1494596) | Spd: 18517 km/h | Yaw: 1.57 | Steer: 0.00
t=678055 SteerR changed to 1.00
t=678565 SteerR changed to 0.00
t=678675 SteerR changed to 1.00
t=679185 SteerR changed to 0.00
t=679695 SteerL changed to -1.00
t=679825 SteerL changed to 0.00
t=680155 SteerR changed to 1.00
t=680255 Gas changed to 0.00
t=680825 Gas changed to 1.00
t=680985 SteerR changed to 0.00
t=681175 SteerL changed to -1.00
t=681185 Gas changed to 0.00
t=682385 Gas changed to 1.00
T: 585.00s | Pos: (483, -inf, -1520425) | Spd: 18634 km/h | Yaw: 1.57 | Steer: -1.00
t=683465 SteerL changed to 0.00
t=686105 SteerL changed to -1.00
t=686285 Gas changed to 0.00
t=686285 SteerL changed to 0.00
t=686465 SteerR changed to 1.00
t=687375 Gas changed to 1.00
T: 590.00s | Pos: (483, -inf, -1546422) | Spd: 18775 km/h | Yaw: 1.57 | Steer: 1.00
t=688485 SteerR changed to 0.00
t=689295 SteerL changed to -1.00
t=689585 SteerL changed to 0.00
t=690485 SteerR changed to 1.00
t=690565 SteerR changed to 0.00
t=691325 SteerL changed to -1.00
t=691815 SteerL changed to 0.00
t=691935 SteerL changed to -1.00
t=692105 SteerL changed to 0.00
t=692155 SteerL changed to -1.00
t=692515 SteerL changed to 0.00
T: 595.00s | Pos: (483, -inf, -1572624) | Spd: 18955 km/h | Yaw: 1.57 | Steer: 0.00
t=692765 SteerR changed to 1.00
t=693435 Gas changed to 0.00
t=693705 Gas changed to 1.00
t=694135 Gas changed to 0.00
t=694325 Gas changed to 1.00
t=695865 SteerR changed to 0.00
t=696755 SteerL changed to -1.00
t=697135 SteerL changed to 0.00
t=697365 SteerL changed to -1.00
t=697585 SteerL changed to 0.00
T: 600.00s | Pos: (483, -inf, -1599059) | Spd: 19118 km/h | Yaw: 1.57 | Steer: 0.00
t=697985 SteerR changed to 1.00
t=698175 SteerR changed to 0.00
t=698265 SteerR changed to 1.00
t=698715 SteerR changed to 0.00
t=701955 SteerL changed to -1.00
t=702085 SteerL changed to 0.00
t=702455 SteerR changed to 1.00
T: 605.00s | Pos: (483, -inf, -1625738) | Spd: 19299 km/h | Yaw: 1.57 | Steer: 1.00
t=702895 Gas changed to 0.00
t=703275 Gas changed to 1.00
t=704435 SteerR changed to 0.00
T: 610.00s | Pos: (483, -inf, -1652649) | Spd: 19465 km/h | Yaw: 1.57 | Steer: 0.00
t=707725 SteerR changed to 1.00
t=708015 SteerR changed to 0.00
t=708485 SteerL changed to -1.00
t=708795 SteerL changed to 0.00
t=710535 SteerR changed to 1.00
t=710605 SteerR changed to 0.00
t=710755 SteerR changed to 1.00
t=710905 SteerR changed to 0.00
t=711605 SteerR changed to 1.00
t=711685 Gas changed to 0.00
t=711825 Gas changed to 1.00
T: 615.00s | Pos: (483, -inf, -1679808) | Spd: 19640 km/h | Yaw: 1.57 | Steer: 1.00
t=713015 SteerR changed to 0.00
t=713165 SteerR changed to 1.00
t=713295 SteerR changed to 0.00
t=713465 SteerR changed to 1.00
t=713725 SteerR changed to 0.00
t=716985 SteerR changed to 1.00
t=717125 SteerR changed to 0.00
t=717595 SteerL changed to -1.00
T: 620.00s | Pos: (483, -inf, -1707212) | Spd: 19820 km/h | Yaw: 1.57 | Steer: -1.00
t=717735 SteerL changed to 0.00
t=717855 SteerL changed to -1.00
t=717975 SteerL changed to 0.00
t=720735 SteerL changed to -1.00
t=720815 SteerL changed to 0.00
t=721405 SteerR changed to 1.00
t=721525 SteerR changed to 0.00
t=721965 SteerR changed to 1.00
t=722275 SteerR changed to 0.00
t=722385 SteerR changed to 1.00
t=722605 SteerR changed to 0.00
T: 625.00s | Pos: (483, -inf, -1734867) | Spd: 20001 km/h | Yaw: 1.57 | Steer: 0.00
t=722725 SteerR changed to 1.00
t=724065 SteerR changed to 0.00
t=724325 SteerL changed to -1.00
t=724355 SteerL changed to 0.00
t=724865 SteerR changed to 1.00
t=725805 Gas changed to 0.00
t=726065 Gas changed to 1.00
t=726895 SteerR changed to 0.00
T: 630.00s | Pos: (483, -inf, -1762768) | Spd: 20171 km/h | Yaw: 1.57 | Steer: 0.00
t=728265 SteerR changed to 1.00
t=728285 SteerR changed to 0.00
t=730635 Gas changed to 0.00
t=730875 SteerR changed to 1.00
t=730965 SteerR changed to 0.00
t=731555 SteerR changed to 1.00
t=732165 SteerR changed to 0.00
t=732275 SteerR changed to 1.00
t=732355 SteerR changed to 0.00
t=732435 SteerR changed to 1.00
T: 635.00s | Pos: (483, -inf, -1790898) | Spd: 20277 km/h | Yaw: 1.57 | Steer: 1.00
t=734475 SteerR changed to 0.00
t=734525 Gas changed to 1.00
t=735255 SteerL changed to -1.00
t=735495 SteerL changed to 0.00
t=737055 SteerR changed to 1.00
t=737515 SteerR changed to 0.00
t=737615 SteerR changed to 1.00
T: 640.00s | Pos: (483, -inf, -1819121) | Spd: 20392 km/h | Yaw: 1.57 | Steer: 1.00
t=738325 SteerR changed to 0.00
t=739345 SteerR changed to 1.00
t=739355 Gas changed to 0.00
t=739985 Gas changed to 1.00
t=740125 SteerR changed to 0.00
t=740275 SteerL changed to -1.00
t=740295 Gas changed to 0.00
t=741435 Gas changed to 1.00
t=742655 SteerL changed to 0.00
T: 645.00s | Pos: (483, -inf, -1847529) | Spd: 20508 km/h | Yaw: 1.57 | Steer: 0.00
t=742965 SteerL changed to -1.00
t=743085 SteerL changed to 0.00
t=743905 SteerR changed to 1.00
t=744105 SteerR changed to 0.00
t=744975 SteerL changed to -1.00
t=745145 SteerL changed to 0.00
t=745245 SteerL changed to -1.00
t=745395 SteerL changed to 0.00
t=745445 Gas changed to 0.00
t=745645 SteerR changed to 1.00
t=746785 Gas changed to 1.00
t=747655 SteerR changed to 0.00
T: 650.00s | Pos: (483, -inf, -1876117) | Spd: 20640 km/h | Yaw: 1.57 | Steer: 0.00
t=748855 SteerL changed to -1.00
t=749115 SteerL changed to 0.00
t=749825 SteerR changed to 1.00
t=749905 SteerR changed to 0.00
t=750015 SteerR changed to 1.00
t=750075 SteerR changed to 0.00
t=750485 SteerL changed to -1.00
t=750665 SteerL changed to 0.00
t=750905 SteerL changed to -1.00
t=751015 SteerL changed to 0.00
t=751105 SteerL changed to -1.00
t=751805 SteerL changed to 0.00
t=752165 SteerR changed to 1.00
T: 655.00s | Pos: (483, -inf, -1904910) | Spd: 20820 km/h | Yaw: 1.57 | Steer: 1.00
t=753025 Gas changed to 0.00
t=753345 Gas changed to 1.00
t=753925 Gas changed to 0.00
t=754105 Gas changed to 1.00
t=755245 SteerR changed to 0.00
t=756205 SteerL changed to -1.00
t=756335 SteerL changed to 0.00
t=756415 SteerL changed to -1.00
t=756925 SteerL changed to 0.00
t=757455 SteerR changed to 1.00
T: 660.00s | Pos: (483, -inf, -1933931) | Spd: 20982 km/h | Yaw: 1.57 | Steer: 1.00
t=758075 SteerR changed to 0.00
t=758595 SteerR changed to 1.00
t=758625 SteerR changed to 0.00
t=761325 SteerL changed to -1.00
t=761395 SteerL changed to 0.00
t=761885 SteerR changed to 1.00
t=762225 Gas changed to 0.00
T: 665.00s | Pos: (483, -inf, -1963199) | Spd: 21145 km/h | Yaw: 1.57 | Steer: 1.00
t=762725 Gas changed to 1.00
t=762935 SteerR changed to 0.00
t=763035 SteerR changed to 1.00
t=763895 SteerR changed to 0.00
t=767275 SteerR changed to 1.00
t=767615 SteerR changed to 0.00
T: 670.00s | Pos: (483, -inf, -1992692) | Spd: 21324 km/h | Yaw: 1.57 | Steer: 0.00
t=768185 SteerL changed to -1.00
t=768485 SteerL changed to 0.00
t=771245 SteerR changed to 1.00
t=772545 SteerR changed to 0.00
t=772635 SteerR changed to 1.00
T: 675.00s | Pos: (483, -inf, -2022435) | Spd: 21505 km/h | Yaw: 1.57 | Steer: 1.00
t=772935 SteerR changed to 0.00
t=773145 SteerR changed to 1.00
t=773325 SteerR changed to 0.00
t=777425 SteerL changed to -1.00
t=777475 SteerL changed to 0.00
T: 680.00s | Pos: (483, -inf, -2052429) | Spd: 21685 km/h | Yaw: 1.57 | Steer: 0.00
t=780055 SteerL changed to -1.00
t=780125 SteerL changed to 0.00
t=781005 SteerR changed to 1.00
t=781105 SteerR changed to 0.00
t=781385 SteerR changed to 1.00
t=781485 SteerR changed to 0.00
t=781585 SteerR changed to 1.00
t=781775 SteerR changed to 0.00
t=781825 SteerR changed to 1.00
t=782115 SteerR changed to 0.00
t=782205 SteerR changed to 1.00
T: 685.00s | Pos: (483, -inf, -2082673) | Spd: 21865 km/h | Yaw: 1.57 | Steer: 1.00
t=783415 SteerR changed to 0.00
t=783915 SteerL changed to -1.00
t=783975 SteerL changed to 0.00
t=784135 SteerR changed to 1.00
t=784695 SteerR changed to 0.00
t=784785 SteerR changed to 1.00
t=785235 Gas changed to 0.00
t=785535 Gas changed to 1.00
t=786455 SteerR changed to 0.00
t=786935 SteerL changed to -1.00
t=786975 SteerL changed to 0.00
T: 690.00s | Pos: (483, -inf, -2113159) | Spd: 22034 km/h | Yaw: 1.57 | Steer: 0.00
t=787705 SteerL changed to -1.00
t=787755 SteerL changed to 0.00
t=790555 Gas changed to 0.00
t=791055 SteerR changed to 1.00
t=792495 Gas changed to 1.00
T: 695.00s | Pos: (483, -inf, -2143868) | Spd: 22145 km/h | Yaw: 1.57 | Steer: 1.00
t=793025 Gas changed to 0.00
t=793475 Gas changed to 1.00
t=793915 SteerR changed to 0.00
t=796595 SteerR changed to 1.00
t=797235 SteerR changed to 0.00
t=797365 SteerR changed to 1.00
T: 700.00s | Pos: (483, -inf, -2174728) | Spd: 22309 km/h | Yaw: 1.57 | Steer: 1.00
t=797855 SteerR changed to 0.00
t=798075 SteerL changed to -1.00
t=798265 SteerL changed to 0.00
t=798295 SteerL changed to -1.00
t=798325 SteerL changed to 0.00
t=798855 Gas changed to 0.00
t=798875 SteerR changed to 1.00
t=799775 SteerR changed to 0.00
t=799835 SteerL changed to -1.00
t=799955 Gas changed to 1.00
t=799995 Gas changed to 0.00
t=800025 Gas changed to 1.00
t=800295 SteerL changed to 0.00
t=800375 SteerL changed to -1.00
t=800665 SteerL changed to 0.00
t=800715 SteerL changed to -1.00
t=802245 SteerL changed to 0.00
t=802355 SteerL changed to -1.00
t=802415 SteerL changed to 0.00
T: 705.00s | Pos: (483, -inf, -2205786) | Spd: 22448 km/h | Yaw: 1.57 | Steer: 0.00
t=804805 SteerL changed to -1.00
t=804905 Gas changed to 0.00
t=805025 SteerL changed to 0.00
t=805115 SteerR changed to 1.00
t=806265 Gas changed to 1.00
t=807105 SteerR changed to 0.00
T: 710.00s | Pos: (483, -inf, -2237056) | Spd: 22579 km/h | Yaw: 1.57 | Steer: 0.00
t=808125 SteerL changed to -1.00
t=808345 SteerL changed to 0.00
t=809385 SteerR changed to 1.00
t=809435 SteerR changed to 0.00
t=809995 SteerL changed to -1.00
t=810325 SteerL changed to 0.00
t=810485 SteerL changed to -1.00
t=810555 SteerL changed to 0.00
t=810685 SteerL changed to -1.00
t=811305 SteerL changed to 0.00
t=811545 SteerR changed to 1.00
t=812335 Gas changed to 0.00
t=812555 Gas changed to 1.00
T: 715.00s | Pos: (483, -inf, -2268542) | Spd: 22751 km/h | Yaw: 1.57 | Steer: 1.00
t=812865 Gas changed to 0.00
t=813145 Gas changed to 1.00
t=814615 SteerR changed to 0.00
t=815735 SteerL changed to -1.00
t=815905 SteerL changed to 0.00
t=815945 SteerL changed to -1.00
t=816365 SteerL changed to 0.00
t=816845 SteerR changed to 1.00
t=817495 SteerR changed to 0.00
T: 720.00s | Pos: (483, -inf, -2300253) | Spd: 22922 km/h | Yaw: 1.57 | Steer: 0.00
t=820775 SteerL changed to -1.00
t=820865 SteerL changed to 0.00
t=821255 SteerR changed to 1.00
t=822335 Gas changed to 0.00
t=822535 Gas changed to 1.00
T: 725.00s | Pos: (483, -inf, -2332215) | Spd: 23095 km/h | Yaw: 1.57 | Steer: 1.00
t=823245 SteerR changed to 0.00
t=826155 SteerR changed to 1.00
t=826355 SteerR changed to 0.00
t=826515 SteerR changed to 1.00
t=826615 SteerR changed to 0.00
t=827215 SteerL changed to -1.00
t=827505 SteerL changed to 0.00
T: 730.00s | Pos: (483, -inf, -2364417) | Spd: 23275 km/h | Yaw: 1.57 | Steer: 0.00
t=827785 SteerR changed to 1.00
t=827845 SteerR changed to 0.00
t=828205 SteerL changed to -1.00
t=828985 SteerL changed to 0.00
t=830265 Gas changed to 0.00
t=830275 SteerR changed to 1.00
t=830415 Gas changed to 1.00
t=830605 SteerR changed to 0.00
t=830725 SteerR changed to 1.00
t=831075 SteerR changed to 0.00
t=831195 SteerR changed to 1.00
t=831295 SteerR changed to 0.00
t=831405 SteerR changed to 1.00
t=831545 SteerR changed to 0.00
t=831635 SteerR changed to 1.00
t=832115 SteerR changed to 0.00
t=832255 SteerR changed to 1.00
t=832365 SteerR changed to 0.00
t=832535 SteerL changed to -1.00
t=832615 SteerL changed to 0.00
T: 735.00s | Pos: (483, -inf, -2396865) | Spd: 23449 km/h | Yaw: 1.57 | Steer: 0.00
t=836145 SteerL changed to -1.00
t=836255 SteerL changed to 0.00
t=836705 SteerL changed to -1.00
t=836765 SteerL changed to 0.00
T: 740.00s | Pos: (483, -inf, -2429560) | Spd: 23630 km/h | Yaw: 1.57 | Steer: 0.00
t=839495 SteerR changed to 1.00
t=839575 SteerR changed to 0.00
t=840745 SteerR changed to 1.00
t=840995 SteerR changed to 0.00
t=841085 SteerR changed to 1.00
t=842165 SteerR changed to 0.00
t=842315 SteerR changed to 1.00
T: 745.00s | Pos: (483, -inf, -2462505) | Spd: 23810 km/h | Yaw: 1.57 | Steer: 1.00
t=842885 SteerR changed to 0.00
t=843255 SteerL changed to -1.00
t=843315 SteerL changed to 0.00
t=843595 SteerR changed to 1.00
t=844385 Gas changed to 0.00
t=844625 Gas changed to 1.00
t=845705 SteerR changed to 0.00
t=847065 SteerL changed to -1.00
t=847085 SteerL changed to 0.00
T: 750.00s | Pos: (483, -inf, -2495690) | Spd: 23981 km/h | Yaw: 1.57 | Steer: 0.00
t=849745 Gas changed to 0.00
t=850335 SteerR changed to 1.00
t=852235 Gas changed to 1.00
T: 755.00s | Pos: (483, -inf, -2529063) | Spd: 24072 km/h | Yaw: 1.57 | Steer: 1.00
t=852915 SteerR changed to 0.00
t=855295 SteerL changed to -1.00
t=855375 SteerL changed to 0.00
t=855755 SteerR changed to 1.00
t=856125 SteerR changed to 0.00
t=856235 SteerR changed to 1.00
t=856365 SteerR changed to 0.00
t=856425 SteerR changed to 1.00
t=857145 SteerR changed to 0.00
T: 760.00s | Pos: (483, -inf, -2562622) | Spd: 24252 km/h | Yaw: 1.57 | Steer: 0.00
t=858065 SteerR changed to 1.00
t=858105 Gas changed to 0.00
t=858835 SteerR changed to 0.00
t=858995 SteerL changed to -1.00
t=859295 SteerL changed to 0.00
t=859445 SteerL changed to -1.00
t=859765 Gas changed to 1.00
t=860045 Gas changed to 0.00
t=860115 Gas changed to 1.00
t=861495 SteerL changed to 0.00
T: 765.00s | Pos: (483, -inf, -2596388) | Spd: 24370 km/h | Yaw: 1.57 | Steer: 0.00
t=863445 SteerR changed to 1.00
t=863515 SteerR changed to 0.00
t=863915 SteerL changed to -1.00
t=864155 SteerL changed to 0.00
t=864205 Gas changed to 0.00
t=864255 SteerR changed to 1.00
t=865485 Gas changed to 1.00
t=866375 SteerR changed to 0.00
t=867515 SteerL changed to -1.00
t=867695 SteerL changed to 0.00
T: 770.00s | Pos: (483, -inf, -2630311) | Spd: 24504 km/h | Yaw: 1.57 | Steer: 0.00
t=869125 SteerL changed to -1.00
t=869335 SteerL changed to 0.00
t=869435 SteerL changed to -1.00
t=869685 SteerL changed to 0.00
t=869745 SteerL changed to -1.00
t=870045 SteerL changed to 0.00
t=870115 SteerL changed to -1.00
t=870365 SteerL changed to 0.00
t=870705 SteerR changed to 1.00
t=871215 Gas changed to 0.00
t=871675 Gas changed to 1.00
T: 775.00s | Pos: (483, -inf, -2664470) | Spd: 24667 km/h | Yaw: 1.57 | Steer: 1.00
t=873705 SteerR changed to 0.00
t=874795 SteerL changed to -1.00
t=874975 SteerL changed to 0.00
t=875035 SteerL changed to -1.00
t=875325 SteerL changed to 0.00
t=876065 SteerR changed to 1.00
t=876625 SteerR changed to 0.00
T: 780.00s | Pos: (483, -inf, -2698857) | Spd: 24848 km/h | Yaw: 1.57 | Steer: 0.00
t=878305 SteerL changed to -1.00
t=878325 Gas changed to 0.00
t=878555 Gas changed to 1.00
t=880045 SteerL changed to 0.00
t=880255 SteerR changed to 1.00
t=880545 Gas changed to 0.00
t=880775 Gas changed to 1.00
t=882015 SteerR changed to 0.00
t=882065 SteerR changed to 1.00
t=882425 SteerR changed to 0.00
T: 785.00s | Pos: (483, -inf, -2733476) | Spd: 25011 km/h | Yaw: 1.57 | Steer: 0.00
t=885765 SteerR changed to 1.00
t=886155 SteerR changed to 0.00
t=886495 SteerL changed to -1.00
t=886825 SteerL changed to 0.00
T: 790.00s | Pos: (483, -inf, -2768340) | Spd: 25191 km/h | Yaw: 1.57 | Steer: 0.00
t=887965 Gas changed to 0.00
t=888045 SteerR changed to 1.00
t=888355 Gas changed to 1.00
t=891325 SteerR changed to 0.00
t=891785 SteerL changed to -1.00
t=891855 SteerL changed to 0.00
T: 795.00s | Pos: (483, -inf, -2803434) | Spd: 25358 km/h | Yaw: 1.57 | Steer: 0.00
t=895145 SteerL changed to -1.00
t=895345 SteerL changed to 0.00
T: 800.00s | Pos: (483, -inf, -2838779) | Spd: 25538 km/h | Yaw: 1.57 | Steer: 0.00
t=898245 SteerL changed to -1.00
t=898305 SteerL changed to 0.00
t=898675 SteerR changed to 1.00
t=898835 SteerR changed to 0.00
t=899195 SteerL changed to -1.00
t=899285 SteerL changed to 0.00
t=899935 SteerR changed to 1.00
t=901655 SteerR changed to 0.00
t=902085 SteerR changed to 1.00
t=902285 SteerR changed to 0.00
T: 805.00s | Pos: (483, -inf, -2874374) | Spd: 25718 km/h | Yaw: 1.57 | Steer: 0.00
t=902825 SteerR changed to 1.00
t=903765 Gas changed to 0.00
t=904015 Gas changed to 1.00
t=904825 SteerR changed to 0.00
t=905265 SteerR changed to 1.00
t=905325 SteerR changed to 0.00
t=906235 SteerL changed to -1.00
t=906285 SteerL changed to 0.00
T: 810.00s | Pos: (483, -inf, -2910207) | Spd: 25889 km/h | Yaw: 1.57 | Steer: 0.00
t=908715 Gas changed to 0.00
t=909555 SteerR changed to 1.00
t=912095 Gas changed to 1.00
t=912415 SteerR changed to 0.00
T: 815.00s | Pos: (483, -inf, -2946207) | Spd: 25947 km/h | Yaw: 1.57 | Steer: 0.00
t=914185 SteerL changed to -1.00
t=914365 SteerL changed to 0.00
t=915435 SteerR changed to 1.00
t=916385 SteerR changed to 0.00
t=916595 SteerR changed to 1.00
t=916785 SteerR changed to 0.00
T: 820.00s | Pos: (483, -inf, -2982371) | Spd: 26128 km/h | Yaw: 1.57 | Steer: 0.00
t=917715 SteerR changed to 1.00
t=917905 Gas changed to 0.00
t=918435 Gas changed to 1.00
t=918495 SteerR changed to 0.00
t=918635 SteerL changed to -1.00
t=918885 Gas changed to 0.00
t=919735 Gas changed to 1.00
t=921555 SteerL changed to 0.00
t=921865 SteerR changed to 1.00
t=922375 SteerR changed to 0.00
T: 825.00s | Pos: (483, -inf, -3018738) | Spd: 26258 km/h | Yaw: 1.57 | Steer: 0.00
t=923085 SteerL changed to -1.00
t=923455 SteerL changed to 0.00
t=923485 Gas changed to 0.00
t=923675 SteerR changed to 1.00
t=924795 Gas changed to 1.00
t=925885 SteerR changed to 0.00
t=926625 SteerL changed to -1.00
t=926825 SteerL changed to 0.00
t=927025 SteerL changed to -1.00
t=927135 SteerL changed to 0.00
T: 830.00s | Pos: (483, -inf, -3055284) | Spd: 26391 km/h | Yaw: 1.57 | Steer: 0.00
t=927935 SteerR changed to 1.00
t=928015 SteerR changed to 0.00
t=928545 SteerL changed to -1.00
t=928695 SteerL changed to 0.00
t=928775 SteerL changed to -1.00
t=929005 SteerL changed to 0.00
t=929105 SteerL changed to -1.00
t=929185 SteerL changed to 0.00
t=929275 SteerL changed to -1.00
t=929385 SteerL changed to 0.00
t=929445 SteerL changed to -1.00
t=929895 SteerL changed to 0.00
t=930075 SteerR changed to 1.00
t=930245 Gas changed to 0.00
t=930495 Gas changed to 1.00
t=932445 Gas changed to 0.00
t=932685 Gas changed to 1.00
T: 835.00s | Pos: (483, -inf, -3092058) | Spd: 26554 km/h | Yaw: 1.57 | Steer: 1.00
t=932725 Gas changed to 0.00
t=932965 Gas changed to 1.00
t=933295 SteerR changed to 0.00
t=934075 SteerL changed to -1.00
t=934285 SteerL changed to 0.00
t=934395 SteerL changed to -1.00
t=934645 SteerL changed to 0.00
t=934725 SteerL changed to -1.00
t=934935 SteerL changed to 0.00
t=935565 SteerR changed to 1.00
t=936105 SteerR changed to 0.00
T: 840.00s | Pos: (483, -inf, -3129052) | Spd: 26725 km/h | Yaw: 1.57 | Steer: 0.00
t=940175 SteerR changed to 1.00
t=940425 Gas changed to 0.00
t=940755 Gas changed to 1.00
t=941175 SteerR changed to 0.00
t=941285 SteerR changed to 1.00
t=942125 SteerR changed to 0.00
T: 845.00s | Pos: (483, -inf, -3166288) | Spd: 26893 km/h | Yaw: 1.57 | Steer: 0.00
t=944745 SteerR changed to 1.00
t=944815 SteerR changed to 0.00
t=945255 SteerR changed to 1.00
t=945405 SteerR changed to 0.00
t=945495 SteerR changed to 1.00
t=945715 SteerR changed to 0.00
t=946105 SteerL changed to -1.00
t=946465 SteerL changed to 0.00
T: 850.00s | Pos: (483, -inf, -3203766) | Spd: 27074 km/h | Yaw: 1.57 | Steer: 0.00
t=948045 Gas changed to 0.00
t=948055 SteerR changed to 1.00
t=948555 Gas changed to 1.00
t=949855 SteerR changed to 0.00
t=949915 SteerR changed to 1.00
t=950015 SteerR changed to 0.00
t=950115 SteerR changed to 1.00
t=950365 SteerR changed to 0.00
t=950475 SteerR changed to 1.00
t=950635 SteerR changed to 0.00
t=950805 SteerR changed to 1.00
t=951455 SteerR changed to 0.00
T: 855.00s | Pos: (483, -inf, -3241469) | Spd: 27235 km/h | Yaw: 1.57 | Steer: 0.00
t=954985 SteerR changed to 1.00
t=955155 SteerR changed to 0.00
t=957435 SteerL changed to -1.00
t=957585 SteerL changed to 0.00
T: 860.00s | Pos: (483, -inf, -3279422) | Spd: 27415 km/h | Yaw: 1.57 | Steer: 0.00
t=958745 SteerR changed to 1.00
t=958865 SteerR changed to 0.00
t=959365 SteerL changed to -1.00
t=959435 SteerL changed to 0.00
t=959745 SteerR changed to 1.00
t=959835 SteerR changed to 0.00
t=960245 SteerR changed to 1.00
t=961065 SteerR changed to 0.00
t=961155 SteerR changed to 1.00
t=962085 SteerR changed to 0.00
T: 865.00s | Pos: (483, -inf, -3317625) | Spd: 27596 km/h | Yaw: 1.57 | Steer: 0.00
t=962875 SteerR changed to 1.00
t=962925 SteerR changed to 0.00
t=963045 SteerR changed to 1.00
t=963505 Gas changed to 0.00
t=963735 Gas changed to 1.00
t=965155 SteerR changed to 0.00
t=966415 SteerL changed to -1.00
t=966485 SteerL changed to 0.00
t=966945 SteerR changed to 1.00
t=967465 SteerR changed to 0.00
T: 870.00s | Pos: (483, -inf, -3356067) | Spd: 27768 km/h | Yaw: 1.57 | Steer: 0.00
t=968855 Gas changed to 0.00
t=969695 SteerR changed to 1.00
t=972255 Gas changed to 1.00
t=972435 SteerR changed to 0.00
T: 875.00s | Pos: (483, -inf, -3394692) | Spd: 27825 km/h | Yaw: 1.57 | Steer: 0.00
t=974995 SteerR changed to 1.00
t=975215 SteerR changed to 0.00
t=975435 SteerR changed to 1.00
t=975545 SteerR changed to 0.00
t=975655 SteerR changed to 1.00
t=976075 SteerR changed to 0.00
t=976285 SteerR changed to 1.00
t=976745 SteerR changed to 0.00
t=976945 SteerL changed to -1.00
t=977155 SteerL changed to 0.00
t=977525 SteerR changed to 1.00
t=977635 Gas changed to 0.00
T: 880.00s | Pos: (483, -inf, -3433464) | Spd: 28003 km/h | Yaw: 1.57 | Steer: 1.00
t=978135 Gas changed to 1.00
t=978445 SteerR changed to 0.00
t=978645 SteerL changed to -1.00
t=979135 SteerL changed to 0.00
t=979225 SteerL changed to -1.00
t=979785 Gas changed to 0.00
t=980115 Gas changed to 1.00
t=981085 SteerL changed to 0.00
t=981335 SteerL changed to -1.00
t=981435 SteerL changed to 0.00
t=982395 SteerR changed to 1.00
t=982465 SteerR changed to 0.00
T: 885.00s | Pos: (483, -inf, -3472453) | Spd: 28156 km/h | Yaw: 1.57 | Steer: 0.00
t=983845 Gas changed to 0.00
t=983985 SteerR changed to 1.00
t=985075 Gas changed to 1.00
t=985705 SteerR changed to 0.00
t=986075 SteerR changed to 1.00
t=986155 SteerR changed to 0.00
t=987155 SteerL changed to -1.00
t=987325 SteerL changed to 0.00
T: 890.00s | Pos: (483, -inf, -3511632) | Spd: 28291 km/h | Yaw: 1.57 | Steer: 0.00
t=988895 SteerL changed to -1.00
t=989135 SteerL changed to 0.00
t=989225 SteerL changed to -1.00
t=990005 SteerL changed to 0.00
t=990255 SteerR changed to 1.00
t=991375 Gas changed to 0.00
t=991875 Gas changed to 1.00
t=992395 SteerR changed to 0.00
t=992455 SteerR changed to 1.00
T: 895.00s | Pos: (483, -inf, -3551051) | Spd: 28454 km/h | Yaw: 1.57 | Steer: 1.00
t=993385 SteerR changed to 0.00
t=994355 SteerL changed to -1.00
t=994515 SteerL changed to 0.00
t=994635 SteerL changed to -1.00
t=995045 SteerL changed to 0.00
t=995675 SteerR changed to 1.00
t=996305 SteerR changed to 0.00
t=996685 SteerL changed to -1.00
t=996745 SteerL changed to 0.00
T: 900.00s | Pos: (483, -inf, -3590696) | Spd: 28634 km/h | Yaw: 1.57 | Steer: 0.00
t=1000115 SteerR changed to 1.00
t=1000335 Gas changed to 0.00
t=1000565 Gas changed to 1.00
t=1001975 SteerR changed to 0.00
t=1002415 SteerR changed to 1.00
t=1002455 SteerR changed to 0.00
T: 905.00s | Pos: (483, -inf, -3630586) | Spd: 28806 km/h | Yaw: 1.57 | Steer: 0.00
t=1004755 SteerR changed to 1.00
t=1004855 SteerR changed to 0.00
t=1005025 SteerR changed to 1.00
t=1005165 SteerR changed to 0.00
t=1005235 SteerR changed to 1.00
t=1005325 SteerR changed to 0.00
t=1006125 SteerL changed to -1.00
t=1006335 SteerL changed to 0.00
t=1007265 Gas changed to 0.00
t=1007275 SteerR changed to 1.00
T: 910.00s | Pos: (483, -inf, -3670720) | Spd: 28970 km/h | Yaw: 1.57 | Steer: 1.00
t=1007865 Gas changed to 1.00
t=1007945 Gas changed to 0.00
t=1007975 Gas changed to 1.00
t=1008275 Gas changed to 0.00
t=1008445 Gas changed to 1.00
t=1010095 SteerR changed to 0.00
t=1010205 SteerR changed to 1.00
t=1011065 SteerR changed to 0.00
t=1011255 SteerL changed to -1.00
t=1011315 SteerL changed to 0.00
t=1012355 SteerR changed to 1.00
T: 915.00s | Pos: (483, -inf, -3711064) | Spd: 29137 km/h | Yaw: 1.57 | Steer: 1.00
t=1013075 SteerR changed to 0.00
t=1014735 SteerL changed to -1.00
t=1014905 SteerL changed to 0.00
t=1016275 SteerL changed to -1.00
t=1016355 SteerL changed to 0.00
t=1017495 SteerR changed to 1.00
T: 920.00s | Pos: (483, -inf, -3751659) | Spd: 29317 km/h | Yaw: 1.57 | Steer: 1.00
t=1017715 SteerR changed to 0.00
t=1019255 SteerR changed to 1.00
t=1019615 SteerR changed to 0.00
t=1019705 SteerR changed to 1.00
t=1019875 SteerR changed to 0.00
t=1019955 SteerR changed to 1.00
t=1020255 SteerR changed to 0.00
t=1020335 SteerR changed to 1.00
t=1021235 SteerR changed to 0.00
t=1021425 SteerR changed to 1.00
t=1021535 SteerR changed to 0.00
t=1022145 SteerR changed to 1.00
T: 925.00s | Pos: (483, -inf, -3792503) | Spd: 29498 km/h | Yaw: 1.57 | Steer: 1.00
t=1023265 Gas changed to 0.00
t=1023515 Gas changed to 1.00
t=1024215 SteerR changed to 0.00
T: 930.00s | Pos: (483, -inf, -3833585) | Spd: 29668 km/h | Yaw: 1.57 | Steer: 0.00
t=1028355 Gas changed to 0.00
t=1028985 SteerR changed to 1.00
t=1030845 Gas changed to 1.00
t=1031385 SteerR changed to 0.00
t=1032095 SteerR changed to 1.00
t=1032155 SteerR changed to 0.00
T: 935.00s | Pos: (483, -inf, -3874845) | Spd: 29758 km/h | Yaw: 1.57 | Steer: 0.00
t=1034745 SteerR changed to 1.00
t=1035215 SteerR changed to 0.00
t=1035325 SteerR changed to 1.00
t=1036015 SteerR changed to 0.00
t=1036615 SteerL changed to -1.00
t=1036695 SteerL changed to 0.00
t=1037025 Gas changed to 0.00
t=1037025 SteerR changed to 1.00
t=1037385 Gas changed to 1.00
T: 940.00s | Pos: (483, -inf, -3916291) | Spd: 29924 km/h | Yaw: 1.57 | Steer: 1.00
t=1037865 SteerR changed to 0.00
t=1037995 Gas changed to 0.00
t=1038075 SteerL changed to -1.00
t=1039115 Gas changed to 1.00
t=1040875 SteerL changed to 0.00
t=1041335 SteerR changed to 1.00
t=1041765 SteerR changed to 0.00
t=1042685 SteerL changed to -1.00
T: 945.00s | Pos: (483, -inf, -3957951) | Spd: 30063 km/h | Yaw: 1.57 | Steer: -1.00
t=1042995 SteerL changed to 0.00
t=1043095 Gas changed to 0.00
t=1043155 SteerR changed to 1.00
t=1044275 Gas changed to 1.00
t=1045295 SteerR changed to 0.00
t=1046315 SteerL changed to -1.00
t=1046525 SteerL changed to 0.00
T: 950.00s | Pos: (483, -inf, -3999772) | Spd: 30200 km/h | Yaw: 1.57 | Steer: 0.00
t=1048055 SteerL changed to -1.00
t=1048245 SteerL changed to 0.00
t=1048315 SteerL changed to -1.00
t=1048605 SteerL changed to 0.00
t=1048695 SteerL changed to -1.00
t=1049175 SteerL changed to 0.00
t=1049565 SteerR changed to 1.00
t=1050375 Gas changed to 0.00
t=1050585 Gas changed to 1.00
t=1051005 Gas changed to 0.00
t=1051345 Gas changed to 1.00
t=1052625 SteerR changed to 0.00
T: 955.00s | Pos: (483, -inf, -4041838) | Spd: 30360 km/h | Yaw: 1.57 | Steer: 0.00
t=1053785 SteerL changed to -1.00
t=1054345 SteerL changed to 0.00
t=1055015 SteerR changed to 1.00
t=1055585 SteerR changed to 0.00
T: 960.00s | Pos: (483, -inf, -4084131) | Spd: 30539 km/h | Yaw: 1.57 | Steer: 0.00
t=1058785 SteerL changed to -1.00
t=1058925 SteerL changed to 0.00
t=1059265 SteerR changed to 1.00
t=1059605 Gas changed to 0.00
t=1059865 Gas changed to 1.00
t=1060335 SteerR changed to 0.00
t=1060455 SteerR changed to 1.00
t=1060785 Gas changed to 0.00
t=1061085 Gas changed to 1.00
t=1061425 SteerR changed to 0.00
T: 965.00s | Pos: (483, -inf, -4126658) | Spd: 30698 km/h | Yaw: 1.57 | Steer: 0.00
t=1063715 SteerL changed to -1.00
t=1063775 SteerL changed to 0.00
t=1064835 SteerR changed to 1.00
t=1065125 SteerR changed to 0.00
t=1065455 SteerR changed to 1.00
t=1065525 SteerR changed to 0.00
t=1065725 SteerL changed to -1.00
t=1065965 SteerL changed to 0.00
T: 970.00s | Pos: (483, -inf, -4169420) | Spd: 30878 km/h | Yaw: 1.57 | Steer: 0.00
t=1069025 SteerR changed to 1.00
t=1069305 Gas changed to 0.00
t=1069485 Gas changed to 1.00
t=1070645 SteerR changed to 0.00
t=1071255 SteerR changed to 1.00
t=1071305 SteerR changed to 0.00
T: 975.00s | Pos: (483, -inf, -4212397) | Spd: 31051 km/h | Yaw: 1.57 | Steer: 0.00
t=1074385 SteerR changed to 1.00
t=1074525 SteerR changed to 0.00
t=1076985 SteerL changed to -1.00
t=1077075 SteerL changed to 0.00
T: 980.00s | Pos: (483, -inf, -4255648) | Spd: 31230 km/h | Yaw: 1.57 | Steer: 0.00
t=1078815 SteerR changed to 1.00
t=1078895 SteerR changed to 0.00
t=1079315 SteerR changed to 1.00
t=1079505 SteerR changed to 0.00
t=1079645 SteerR changed to 1.00
t=1079795 SteerR changed to 0.00
t=1079925 SteerR changed to 1.00
t=1080395 SteerR changed to 0.00
t=1080445 SteerR changed to 1.00
t=1081465 SteerR changed to 0.00
t=1082355 SteerR changed to 1.00
T: 985.00s | Pos: (483, -inf, -4299148) | Spd: 31409 km/h | Yaw: 1.57 | Steer: 1.00
t=1082825 Gas changed to 0.00
t=1083095 Gas changed to 1.00
t=1084485 SteerR changed to 0.00
t=1085795 SteerL changed to -1.00
t=1085835 SteerL changed to 0.00
t=1086445 SteerR changed to 1.00
t=1086885 SteerR changed to 0.00
T: 990.00s | Pos: (483, -inf, -4342898) | Spd: 31579 km/h | Yaw: 1.57 | Steer: 0.00
t=1088255 Gas changed to 0.00
t=1089225 SteerR changed to 1.00
t=1090655 Gas changed to 1.00
t=1091125 Gas changed to 0.00
t=1091255 Gas changed to 1.00
t=1091845 SteerR changed to 0.00
t=1092155 SteerL changed to -1.00
T: 995.00s | Pos: (483, -inf, -4386883) | Spd: 31667 km/h | Yaw: 1.57 | Steer: -1.00
t=1093885 SteerL changed to 0.00
t=1094375 SteerR changed to 1.00
t=1094935 SteerR changed to 0.00
t=1095035 SteerR changed to 1.00
t=1095775 SteerR changed to 0.00
t=1096185 SteerL changed to -1.00
t=1096335 SteerL changed to 0.00
t=1096595 SteerR changed to 1.00
t=1096615 Gas changed to 0.00
t=1096975 Gas changed to 1.00
t=1097415 SteerR changed to 0.00
t=1097555 Gas changed to 0.00
t=1097565 SteerL changed to -1.00
T: 1000.00s | Pos: (483, -inf, -4430991) | Spd: 31828 km/h | Yaw: 1.57 | Steer: -1.00
t=1098735 Gas changed to 1.00
t=1100115 SteerL changed to 0.00
t=1101075 SteerR changed to 1.00
t=1101285 SteerR changed to 0.00
t=1102105 SteerL changed to -1.00
t=1102435 SteerL changed to 0.00
t=1102595 Gas changed to 0.00
t=1102655 SteerR changed to 1.00
T: 1005.00s | Pos: (483, -inf, -4475271) | Spd: 31967 km/h | Yaw: 1.57 | Steer: 1.00
t=1103915 Gas changed to 1.00
t=1104795 SteerR changed to 0.00
t=1106125 SteerL changed to -1.00
t=1106255 SteerL changed to 0.00
t=1107175 SteerL changed to -1.00
t=1107375 SteerL changed to 0.00
t=1107555 SteerL changed to -1.00
t=1107625 SteerL changed to 0.00
T: 1010.00s | Pos: (483, -inf, -4519771) | Spd: 32103 km/h | Yaw: 1.57 | Steer: 0.00
t=1107995 SteerL changed to -1.00
t=1108115 SteerL changed to 0.00
t=1108205 SteerL changed to -1.00
t=1108345 SteerL changed to 0.00
t=1108445 SteerL changed to -1.00
t=1108945 SteerL changed to 0.00
t=1109205 SteerR changed to 1.00
t=1109485 SteerR changed to 0.00
t=1109565 SteerR changed to 1.00
t=1109805 Gas changed to 0.00
t=1110095 Gas changed to 1.00
t=1110345 Gas changed to 0.00
t=1110565 Gas changed to 1.00
t=1112275 SteerR changed to 0.00
T: 1015.00s | Pos: (483, -inf, -4564484) | Spd: 32264 km/h | Yaw: 1.57 | Steer: 0.00
t=1113525 SteerL changed to -1.00
t=1113735 SteerL changed to 0.00
t=1113795 SteerL changed to -1.00
t=1114145 SteerL changed to 0.00
t=1114535 SteerR changed to 1.00
t=1115135 SteerR changed to 0.00
t=1116725 Gas changed to 0.00
t=1116745 SteerR changed to 1.00
t=1117095 Gas changed to 1.00
t=1117635 SteerR changed to 0.00
T: 1020.00s | Pos: (483, -inf, -4609421) | Spd: 32430 km/h | Yaw: 1.57 | Steer: 0.00
t=1118345 SteerR changed to 1.00
t=1118375 SteerR changed to 0.00
t=1118785 SteerR changed to 1.00
t=1118845 SteerR changed to 0.00
t=1119275 SteerR changed to 1.00
t=1119485 Gas changed to 0.00
t=1119765 Gas changed to 1.00
t=1120405 SteerR changed to 0.00
t=1120515 SteerR changed to 1.00
t=1121215 SteerR changed to 0.00
T: 1025.00s | Pos: (483, -inf, -4654588) | Spd: 32599 km/h | Yaw: 1.57 | Steer: 0.00
t=1123605 SteerL changed to -1.00
t=1123665 SteerL changed to 0.00
t=1124525 SteerR changed to 1.00
t=1124915 SteerR changed to 0.00
t=1125345 SteerL changed to -1.00
t=1125685 SteerL changed to 0.00
t=1126395 SteerR changed to 1.00
t=1126635 SteerR changed to 0.00
t=1126955 Gas changed to 0.00
t=1126975 SteerR changed to 1.00
t=1127675 Gas changed to 1.00
T: 1030.00s | Pos: (483, -inf, -4699990) | Spd: 32753 km/h | Yaw: 1.57 | Steer: 1.00
t=1128195 SteerR changed to 0.00
t=1128425 SteerR changed to 1.00
t=1128615 SteerR changed to 0.00
t=1128705 SteerR changed to 1.00
t=1128885 SteerR changed to 0.00
t=1128995 SteerR changed to 1.00
t=1129155 SteerR changed to 0.00
t=1129345 SteerR changed to 1.00
t=1130425 SteerR changed to 0.00
T: 1035.00s | Pos: (483, -inf, -4745605) | Spd: 32932 km/h | Yaw: 1.57 | Steer: 0.00
t=1134255 SteerR changed to 1.00
t=1134355 SteerR changed to 0.00
t=1137365 SteerL changed to -1.00
t=1137425 SteerL changed to 0.00
T: 1040.00s | Pos: (483, -inf, -4791469) | Spd: 33111 km/h | Yaw: 1.57 | Steer: 0.00
t=1138735 SteerR changed to 1.00
t=1138835 SteerR changed to 0.00
t=1139425 SteerR changed to 1.00
t=1140015 SteerR changed to 0.00
t=1140105 SteerR changed to 1.00
t=1141305 SteerR changed to 0.00
t=1141935 SteerR changed to 1.00
t=1142035 SteerR changed to 0.00
t=1142265 SteerR changed to 1.00
t=1142545 Gas changed to 0.00
T: 1045.00s | Pos: (483, -inf, -4837582) | Spd: 33285 km/h | Yaw: 1.57 | Steer: 1.00
t=1142725 Gas changed to 1.00
t=1142915 SteerR changed to 0.00
t=1143075 SteerR changed to 1.00
t=1143235 Gas changed to 0.00
t=1143515 Gas changed to 1.00
t=1144475 SteerR changed to 0.00
t=1145075 SteerL changed to -1.00
t=1145115 SteerL changed to 0.00
T: 1050.00s | Pos: (483, -inf, -4883921) | Spd: 33453 km/h | Yaw: 1.57 | Steer: 0.00
t=1149145 Gas changed to 0.00
t=1149195 SteerR changed to 1.00
t=1151155 Gas changed to 1.00
t=1151875 SteerR changed to 0.00
t=1152055 SteerR changed to 1.00
t=1152155 SteerR changed to 0.00
T: 1055.00s | Pos: (483, -inf, -4930421) | Spd: 33560 km/h | Yaw: 1.57 | Steer: 0.00
t=1152915 SteerL changed to -1.00
t=1154165 SteerL changed to 0.00
t=1155025 SteerR changed to 1.00
t=1155975 SteerR changed to 0.00
t=1156255 SteerL changed to -1.00
t=1156375 SteerL changed to 0.00
t=1156985 Gas changed to 0.00
t=1157005 SteerR changed to 1.00
T: 1060.00s | Pos: (483, -inf, -4977158) | Spd: 33714 km/h | Yaw: 1.57 | Steer: 1.00
t=1157845 SteerR changed to 0.00
t=1157985 SteerL changed to -1.00
t=1158535 Gas changed to 1.00
t=1158865 SteerL changed to 0.00
t=1158955 SteerL changed to -1.00
t=1160005 SteerL changed to 0.00
t=1160155 SteerL changed to -1.00
t=1160355 SteerL changed to 0.00
t=1161075 SteerL changed to -1.00
t=1161185 SteerL changed to 0.00
T: 1065.00s | Pos: (483, -inf, -5024067) | Spd: 33863 km/h | Yaw: 1.57 | Steer: 0.00
t=1163195 SteerL changed to -1.00
t=1163465 SteerL changed to 0.00
t=1163685 Gas changed to 0.00
t=1163855 SteerR changed to 1.00
t=1164785 Gas changed to 1.00
t=1165955 SteerR changed to 0.00
t=1167065 SteerL changed to -1.00
t=1167255 SteerL changed to 0.00
T: 1070.00s | Pos: (483, -inf, -5071170) | Spd: 34003 km/h | Yaw: 1.57 | Steer: 0.00
t=1168095 SteerL changed to -1.00
t=1168195 SteerL changed to 0.00
t=1168685 SteerL changed to -1.00
t=1168835 SteerL changed to 0.00
t=1168955 SteerL changed to -1.00
t=1169125 SteerL changed to 0.00
t=1169205 SteerL changed to -1.00
t=1169855 SteerL changed to 0.00
t=1170175 SteerR changed to 1.00
t=1171015 Gas changed to 0.00
t=1171455 Gas changed to 1.00
T: 1075.00s | Pos: (483, -inf, -5118522) | Spd: 34167 km/h | Yaw: 1.57 | Steer: 1.00
t=1173355 SteerR changed to 0.00
t=1173995 SteerL changed to -1.00
t=1174125 SteerL changed to 0.00
t=1174305 SteerL changed to -1.00
t=1174445 SteerL changed to 0.00
t=1174495 SteerL changed to -1.00
t=1174895 SteerL changed to 0.00
t=1175335 SteerR changed to 1.00
t=1175955 SteerR changed to 0.00
T: 1080.00s | Pos: (483, -inf, -5166101) | Spd: 34346 km/h | Yaw: 1.57 | Steer: 0.00
t=1179905 SteerR changed to 1.00
t=1179995 Gas changed to 0.00
t=1180355 Gas changed to 1.00
t=1181795 SteerR changed to 0.00
t=1182175 SteerL changed to -1.00
t=1182245 SteerL changed to 0.00
t=1182605 SteerR changed to 1.00
t=1182655 SteerR changed to 0.00
T: 1085.00s | Pos: (483, -inf, -5213911) | Spd: 34512 km/h | Yaw: 1.57 | Steer: 0.00
t=1184675 SteerR changed to 1.00
t=1184835 SteerR changed to 0.00
t=1185095 SteerR changed to 1.00
t=1185365 SteerR changed to 0.00
t=1185865 SteerL changed to -1.00
t=1186175 SteerL changed to 0.00
T: 1090.00s | Pos: (483, -inf, -5261970) | Spd: 34692 km/h | Yaw: 1.57 | Steer: 0.00
t=1189095 SteerR changed to 1.00
t=1189545 Gas changed to 0.00
t=1189685 Gas changed to 1.00
t=1190525 SteerR changed to 0.00
t=1190935 SteerR changed to 1.00
t=1191515 SteerR changed to 0.00
t=1191615 SteerL changed to -1.00
t=1191795 SteerL changed to 0.00
t=1192405 SteerR changed to 1.00
T: 1095.00s | Pos: (483, -inf, -5310271) | Spd: 34866 km/h | Yaw: 1.57 | Steer: 1.00
t=1193615 SteerR changed to 0.00
T: 1100.00s | Pos: (483, -inf, -5358822) | Spd: 35045 km/h | Yaw: 1.57 | Steer: 0.00
t=1198685 SteerL changed to -1.00
t=1198755 SteerL changed to 0.00
t=1199355 SteerR changed to 1.00
t=1199455 SteerR changed to 0.00
t=1199995 SteerR changed to 1.00
t=1200355 SteerR changed to 0.00
t=1200425 SteerR changed to 1.00
t=1201735 SteerR changed to 0.00
t=1202185 SteerR changed to 1.00
t=1202375 SteerR changed to 0.00
t=1202655 SteerR changed to 1.00
T: 1105.00s | Pos: (483, -inf, -5407621) | Spd: 35225 km/h | Yaw: 1.57 | Steer: 1.00
t=1202775 SteerR changed to 0.00
t=1202935 SteerR changed to 1.00
t=1203805 Gas changed to 0.00
t=1204025 Gas changed to 1.00
t=1204835 SteerR changed to 0.00
t=1205355 SteerR changed to 1.00
t=1205375 SteerR changed to 0.00
t=1206185 SteerR changed to 1.00
t=1206205 SteerR changed to 0.00
T: 1110.00s | Pos: (483, -inf, -5456659) | Spd: 35396 km/h | Yaw: 1.57 | Steer: 0.00
t=1208845 Gas changed to 0.00
t=1209455 SteerR changed to 1.00
t=1210795 Gas changed to 1.00
t=1211015 Gas changed to 0.00
t=1211215 Gas changed to 1.00
t=1211625 Gas changed to 0.00
t=1212155 Gas changed to 1.00
t=1212175 SteerR changed to 0.00
T: 1115.00s | Pos: (483, -inf, -5505909) | Spd: 35479 km/h | Yaw: 1.57 | Steer: 0.00
t=1214105 SteerL changed to -1.00
t=1214145 SteerL changed to 0.00
t=1215005 SteerR changed to 1.00
t=1215495 SteerR changed to 0.00
t=1215595 SteerR changed to 1.00
t=1216225 SteerR changed to 0.00
t=1217255 Gas changed to 0.00
t=1217255 SteerR changed to 1.00
T: 1120.00s | Pos: (483, -inf, -5555311) | Spd: 35642 km/h | Yaw: 1.57 | Steer: 1.00
t=1218065 SteerR changed to 0.00
t=1218255 SteerL changed to -1.00
t=1218855 Gas changed to 1.00
t=1220435 SteerL changed to 0.00
t=1220605 SteerL changed to -1.00
t=1220685 SteerL changed to 0.00
T: 1125.00s | Pos: (483, -inf, -5604883) | Spd: 35780 km/h | Yaw: 1.57 | Steer: 0.00
t=1223055 SteerL changed to -1.00
t=1223195 Gas changed to 0.00
t=1223215 SteerL changed to 0.00
t=1223305 SteerR changed to 1.00
t=1224205 Gas changed to 1.00
t=1225285 SteerR changed to 0.00
t=1226425 SteerL changed to -1.00
t=1226585 SteerL changed to 0.00
T: 1130.00s | Pos: (483, -inf, -5654653) | Spd: 35924 km/h | Yaw: 1.57 | Steer: 0.00
t=1227795 SteerL changed to -1.00
t=1227925 SteerL changed to 0.00
t=1228575 SteerL changed to -1.00
t=1228715 SteerL changed to 0.00
t=1228995 SteerL changed to -1.00
t=1229205 SteerL changed to 0.00
t=1229315 SteerL changed to -1.00
t=1229515 SteerL changed to 0.00
t=1229625 SteerL changed to -1.00
t=1230065 SteerL changed to 0.00
t=1230265 SteerR changed to 1.00
t=1230965 Gas changed to 0.00
t=1231115 Gas changed to 1.00
T: 1135.00s | Pos: (483, -inf, -5704664) | Spd: 36097 km/h | Yaw: 1.57 | Steer: 1.00
t=1233575 SteerR changed to 0.00
t=1234235 SteerL changed to -1.00
t=1234345 SteerL changed to 0.00
t=1234445 SteerL changed to -1.00
t=1234985 SteerL changed to 0.00
t=1235485 SteerR changed to 1.00
t=1236065 SteerR changed to 0.00
t=1237515 Gas changed to 0.00
t=1237545 SteerR changed to 1.00
T: 1140.00s | Pos: (483, -inf, -5754925) | Spd: 36270 km/h | Yaw: 1.57 | Steer: 1.00
t=1237965 Gas changed to 1.00
t=1238235 SteerR changed to 0.00
t=1240025 SteerR changed to 1.00
t=1240735 Gas changed to 0.00
t=1240945 Gas changed to 1.00
t=1241665 SteerR changed to 0.00
t=1241825 SteerR changed to 1.00
t=1242035 SteerR changed to 0.00
T: 1145.00s | Pos: (483, -inf, -5805425) | Spd: 36432 km/h | Yaw: 1.57 | Steer: 0.00
t=1245335 SteerR changed to 1.00
t=1245705 SteerR changed to 0.00
t=1245955 SteerL changed to -1.00
t=1246285 SteerL changed to 0.00
T: 1150.00s | Pos: (483, -inf, -5856151) | Spd: 36612 km/h | Yaw: 1.57 | Steer: 0.00
t=1247795 Gas changed to 0.00
t=1247825 SteerR changed to 1.00
t=1248315 Gas changed to 1.00
t=1248385 SteerR changed to 0.00
t=1249215 SteerR changed to 1.00
t=1249355 SteerR changed to 0.00
t=1249525 SteerR changed to 1.00
t=1250215 SteerR changed to 0.00
t=1250385 SteerR changed to 1.00
t=1250885 SteerR changed to 0.00
t=1250995 SteerR changed to 1.00
t=1251155 SteerR changed to 0.00
t=1251305 SteerR changed to 1.00
t=1251435 SteerR changed to 0.00
t=1251715 SteerL changed to -1.00
t=1251785 SteerL changed to 0.00
t=1252685 SteerR changed to 1.00
T: 1155.00s | Pos: (483, -inf, -5907101) | Spd: 36772 km/h | Yaw: 1.57 | Steer: 1.00
t=1253195 SteerR changed to 0.00
t=1255975 SteerL changed to -1.00
t=1256005 SteerL changed to 0.00
t=1257535 SteerL changed to -1.00
t=1257675 SteerL changed to 0.00
T: 1160.00s | Pos: (483, -inf, -5958299) | Spd: 36952 km/h | Yaw: 1.57 | Steer: 0.00
t=1258515 SteerR changed to 1.00
t=1258665 SteerR changed to 0.00
t=1260275 SteerR changed to 1.00
t=1262045 SteerR changed to 0.00
t=1262585 SteerR changed to 1.00
t=1262685 SteerR changed to 0.00
T: 1165.00s | Pos: (483, -inf, -6009747) | Spd: 37131 km/h | Yaw: 1.57 | Steer: 0.00
t=1263075 SteerR changed to 1.00
t=1263445 Gas changed to 0.00
t=1263595 Gas changed to 1.00
t=1265125 SteerR changed to 0.00
T: 1170.00s | Pos: (483, -inf, -6061436) | Spd: 37305 km/h | Yaw: 1.57 | Steer: 0.00
t=1268765 Gas changed to 0.00
t=1269795 SteerR changed to 1.00
t=1271785 Gas changed to 1.00
t=1272145 SteerR changed to 0.00
t=1272335 SteerR changed to 1.00
t=1272395 SteerR changed to 0.00
T: 1175.00s | Pos: (483, -inf, -6113223) | Spd: 37376 km/h | Yaw: 1.57 | Steer: 0.00
t=1275115 SteerR changed to 1.00
t=1275475 SteerR changed to 0.00
t=1275585 SteerR changed to 1.00
t=1276475 SteerR changed to 0.00
t=1276975 SteerL changed to -1.00
t=1277105 SteerL changed to 0.00
t=1277395 Gas changed to 0.00
t=1277405 SteerR changed to 1.00
T: 1180.00s | Pos: (483, -inf, -6165259) | Spd: 37544 km/h | Yaw: 1.57 | Steer: 1.00
t=1278005 Gas changed to 1.00
t=1278275 SteerR changed to 0.00
t=1278385 SteerL changed to -1.00
t=1278515 Gas changed to 0.00
t=1279525 Gas changed to 1.00
t=1280845 SteerL changed to 0.00
t=1281495 SteerL changed to -1.00
t=1281585 SteerL changed to 0.00
t=1281965 SteerR changed to 1.00
t=1282115 SteerR changed to 0.00
T: 1185.00s | Pos: (483, -inf, -6217509) | Spd: 37676 km/h | Yaw: 1.57 | Steer: 0.00
t=1283235 SteerL changed to -1.00
t=1283395 SteerL changed to 0.00
t=1283425 Gas changed to 0.00
t=1283525 SteerR changed to 1.00
t=1284035 SteerR changed to 0.00
t=1284115 SteerR changed to 1.00
t=1284555 Gas changed to 1.00
t=1285785 SteerR changed to 0.00
t=1286605 SteerL changed to -1.00
t=1286815 SteerL changed to 0.00
T: 1190.00s | Pos: (483, -inf, -6269906) | Spd: 37815 km/h | Yaw: 1.57 | Steer: 0.00
t=1287895 SteerL changed to -1.00
t=1288035 SteerL changed to 0.00
t=1288345 SteerL changed to -1.00
t=1288455 SteerL changed to 0.00
t=1288565 SteerL changed to -1.00
t=1288745 SteerL changed to 0.00
t=1288845 SteerL changed to -1.00
t=1289105 SteerL changed to 0.00
t=1289195 SteerL changed to -1.00
t=1289595 SteerL changed to 0.00
t=1289855 SteerR changed to 1.00
t=1290055 Gas changed to 0.00
t=1290395 Gas changed to 1.00
t=1290525 Gas changed to 0.00
t=1290685 Gas changed to 1.00
t=1291025 SteerR changed to 0.00
t=1291165 SteerR changed to 1.00
T: 1195.00s | Pos: (483, -inf, -6322553) | Spd: 37977 km/h | Yaw: 1.57 | Steer: 1.00
t=1293085 SteerR changed to 0.00
t=1294065 SteerL changed to -1.00
t=1294675 SteerL changed to 0.00
t=1295175 SteerR changed to 1.00
t=1295765 SteerR changed to 0.00
t=1296015 SteerR changed to 1.00
t=1296065 SteerR changed to 0.00
T: 1200.00s | Pos: (483, -inf, -6375423) | Spd: 38156 km/h | Yaw: 1.57 | Steer: 0.00
t=1299125 SteerL changed to -1.00
t=1299265 SteerL changed to 0.00
t=1299635 SteerR changed to 1.00
t=1299695 Gas changed to 0.00
t=1299965 Gas changed to 1.00
t=1300735 Gas changed to 0.00
t=1300915 Gas changed to 1.00
t=1301525 SteerR changed to 0.00
T: 1205.00s | Pos: (483, -inf, -6428529) | Spd: 38319 km/h | Yaw: 1.57 | Steer: 0.00
t=1305065 SteerR changed to 1.00
t=1305445 SteerR changed to 0.00
t=1305735 SteerL changed to -1.00
t=1306065 SteerL changed to 0.00
t=1307515 Gas changed to 0.00
t=1307535 SteerR changed to 1.00
T: 1210.00s | Pos: (483, -inf, -6481875) | Spd: 38491 km/h | Yaw: 1.57 | Steer: 1.00
t=1307795 Gas changed to 1.00
t=1308345 SteerR changed to 0.00
t=1308805 SteerR changed to 1.00
t=1308955 SteerR changed to 0.00
t=1309095 SteerR changed to 1.00
t=1309475 SteerR changed to 0.00
t=1309575 SteerR changed to 1.00
t=1309855 SteerR changed to 0.00
t=1309945 SteerR changed to 1.00
t=1310855 SteerR changed to 0.00
T: 1215.00s | Pos: (483, -inf, -6535456) | Spd: 38668 km/h | Yaw: 1.57 | Steer: 0.00
t=1314745 SteerR changed to 1.00
t=1314835 SteerR changed to 0.00
t=1315265 SteerR changed to 1.00
t=1315335 SteerR changed to 0.00
t=1317045 SteerL changed to -1.00
t=1317215 SteerL changed to 0.00
T: 1220.00s | Pos: (483, -inf, -6589286) | Spd: 38847 km/h | Yaw: 1.57 | Steer: 0.00
t=1317985 SteerR changed to 1.00
t=1318125 SteerR changed to 0.00
t=1318565 SteerL changed to -1.00
t=1318625 SteerL changed to 0.00
t=1319775 SteerR changed to 1.00
t=1320415 Gas changed to 0.00
t=1320605 Gas changed to 1.00
t=1321575 SteerR changed to 0.00
t=1321775 SteerR changed to 1.00
t=1321865 SteerR changed to 0.00
t=1322245 SteerR changed to 1.00
t=1322315 SteerR changed to 0.00
T: 1225.00s | Pos: (483, -inf, -6643356) | Spd: 39019 km/h | Yaw: 1.57 | Steer: 0.00
t=1322895 SteerR changed to 1.00
t=1323255 Gas changed to 0.00
t=1323425 Gas changed to 1.00
t=1323565 Gas changed to 0.00
t=1323675 Gas changed to 1.00
t=1324895 SteerR changed to 0.00
t=1326305 SteerL changed to -1.00
t=1326325 SteerL changed to 0.00
T: 1230.00s | Pos: (483, -inf, -6697660) | Spd: 39189 km/h | Yaw: 1.57 | Steer: 0.00
t=1329355 Gas changed to 0.00
t=1329375 SteerL changed to -1.00
t=1329485 SteerL changed to 0.00
t=1329745 SteerR changed to 1.00
t=1331725 Gas changed to 1.00
t=1332425 SteerR changed to 0.00
T: 1235.00s | Pos: (483, -inf, -6752160) | Spd: 39283 km/h | Yaw: 1.57 | Steer: 0.00
t=1334825 SteerR changed to 1.00
t=1334925 SteerR changed to 0.00
t=1335285 SteerR changed to 1.00
t=1335825 SteerR changed to 0.00
t=1335935 SteerR changed to 1.00
t=1336115 SteerR changed to 0.00
t=1336205 SteerR changed to 1.00
t=1336535 SteerR changed to 0.00
t=1337405 SteerL changed to -1.00
t=1337455 SteerL changed to 0.00
t=1337685 SteerR changed to 1.00
T: 1240.00s | Pos: (483, -inf, -6806845) | Spd: 39462 km/h | Yaw: 1.57 | Steer: 1.00
t=1337705 Gas changed to 0.00
t=1338405 SteerR changed to 0.00
t=1338525 SteerL changed to -1.00
t=1338655 Gas changed to 1.00
t=1338915 SteerL changed to 0.00
t=1339245 SteerL changed to -1.00
t=1341465 SteerL changed to 0.00
t=1342085 SteerR changed to 1.00
t=1342415 SteerR changed to 0.00
T: 1245.00s | Pos: (483, -inf, -6861732) | Spd: 39607 km/h | Yaw: 1.57 | Steer: 0.00
t=1343165 SteerL changed to -1.00
t=1343465 SteerL changed to 0.00
t=1343735 SteerL changed to -1.00
t=1343755 SteerL changed to 0.00
t=1343805 Gas changed to 0.00
t=1343985 SteerR changed to 1.00
t=1344975 Gas changed to 1.00
t=1346095 SteerR changed to 0.00
T: 1250.00s | Pos: (483, -inf, -6916809) | Spd: 39745 km/h | Yaw: 1.57 | Steer: 0.00
t=1347845 SteerL changed to -1.00
t=1348135 SteerL changed to 0.00
t=1348935 SteerL changed to -1.00
t=1349225 SteerL changed to 0.00
t=1349275 SteerL changed to -1.00
t=1349935 SteerL changed to 0.00
t=1350195 SteerR changed to 1.00
t=1350235 Gas changed to 0.00
t=1350365 Gas changed to 1.00
t=1351695 Gas changed to 0.00
t=1352135 Gas changed to 1.00
T: 1255.00s | Pos: (483, -inf, -6972129) | Spd: 39904 km/h | Yaw: 1.57 | Steer: 1.00
t=1353355 SteerR changed to 0.00
t=1353865 SteerL changed to -1.00
t=1354035 SteerL changed to 0.00
t=1354535 SteerL changed to -1.00
t=1355045 SteerL changed to 0.00
t=1355435 SteerR changed to 1.00
t=1355645 SteerR changed to 0.00
t=1355715 SteerR changed to 1.00
t=1356255 SteerR changed to 0.00
t=1356535 SteerL changed to -1.00
t=1356615 SteerL changed to 0.00
T: 1260.00s | Pos: (483, -inf, -7027676) | Spd: 40083 km/h | Yaw: 1.57 | Steer: 0.00
t=1359335 SteerL changed to -1.00
t=1359445 SteerL changed to 0.00
t=1360005 SteerR changed to 1.00
t=1360525 Gas changed to 0.00
t=1360675 Gas changed to 1.00
t=1360925 Gas changed to 0.00
t=1360975 Gas changed to 1.00
t=1361175 Gas changed to 0.00
t=1361355 Gas changed to 1.00
t=1361955 SteerR changed to 0.00
t=1362175 SteerR changed to 1.00
t=1362255 SteerR changed to 0.00
T: 1265.00s | Pos: (483, -inf, -7083453) | Spd: 40249 km/h | Yaw: 1.57 | Steer: 0.00
t=1364485 SteerL changed to -1.00
t=1364595 SteerL changed to 0.00
t=1364795 SteerL changed to -1.00
t=1364935 SteerL changed to 0.00
t=1365075 SteerR changed to 1.00
t=1365235 SteerR changed to 0.00
t=1365335 SteerR changed to 1.00
t=1365735 SteerR changed to 0.00
t=1366045 SteerL changed to -1.00
t=1366355 SteerL changed to 0.00
T: 1270.00s | Pos: (483, -inf, -7139479) | Spd: 40428 km/h | Yaw: 1.57 | Steer: 0.00
t=1368135 Gas changed to 0.00
t=1368215 SteerR changed to 1.00
t=1368375 Gas changed to 1.00
t=1368685 SteerR changed to 0.00
t=1369195 SteerR changed to 1.00
t=1369495 SteerR changed to 0.00
t=1369575 SteerR changed to 1.00
t=1369725 SteerR changed to 0.00
t=1369825 SteerR changed to 1.00
t=1371195 SteerR changed to 0.00
t=1371605 SteerL changed to -1.00
t=1371665 SteerL changed to 0.00
t=1372115 SteerR changed to 1.00
T: 1275.00s | Pos: (483, -inf, -7195742) | Spd: 40599 km/h | Yaw: 1.57 | Steer: 1.00
t=1373515 SteerR changed to 0.00
t=1374895 SteerR changed to 1.00
t=1375045 SteerR changed to 0.00
t=1375705 SteerL changed to -1.00
t=1375795 SteerL changed to 0.00
t=1377685 SteerL changed to -1.00
T: 1280.00s | Pos: (483, -inf, -7252254) | Spd: 40778 km/h | Yaw: 1.57 | Steer: -1.00
t=1377745 SteerL changed to 0.00
t=1378395 SteerR changed to 1.00
t=1378515 SteerR changed to 0.00
t=1378835 SteerL changed to -1.00
t=1378915 SteerL changed to 0.00
t=1379635 SteerR changed to 1.00
t=1380555 SteerR changed to 0.00
t=1380665 SteerR changed to 1.00
t=1381535 SteerR changed to 0.00
t=1381815 SteerR changed to 1.00
t=1381895 SteerR changed to 0.00
t=1382495 SteerR changed to 1.00
T: 1285.00s | Pos: (483, -inf, -7309015) | Spd: 40957 km/h | Yaw: 1.57 | Steer: 1.00
t=1383015 SteerR changed to 0.00
t=1383125 SteerR changed to 1.00
t=1383205 Gas changed to 0.00
t=1383505 Gas changed to 1.00
t=1384085 Gas changed to 0.00
t=1384295 Gas changed to 1.00
t=1384735 SteerR changed to 0.00
t=1385485 SteerL changed to -1.00
t=1385515 SteerL changed to 0.00
t=1386405 SteerL changed to -1.00
t=1386465 SteerL changed to 0.00
t=1386775 SteerR changed to 1.00
T: 1290.00s | Pos: (483, -inf, -7366015) | Spd: 41118 km/h | Yaw: 1.57 | Steer: 1.00
t=1388335 Gas changed to 0.00
t=1388555 Gas changed to 1.00
t=1389015 Gas changed to 0.00
t=1389255 Gas changed to 1.00
t=1389645 SteerR changed to 0.00
t=1389725 SteerR changed to 1.00
t=1390035 Gas changed to 0.00
t=1392165 Gas changed to 1.00
t=1392595 SteerR changed to 0.00
T: 1295.00s | Pos: (483, -inf, -7423250) | Spd: 41205 km/h | Yaw: 1.57 | Steer: 0.00
t=1395745 SteerR changed to 1.00
t=1396825 SteerR changed to 0.00
t=1397265 SteerL changed to -1.00
t=1397385 SteerL changed to 0.00
t=1397545 Gas changed to 0.00
t=1397665 SteerR changed to 1.00
T: 1300.00s | Pos: (483, -inf, -7480604) | Spd: 41378 km/h | Yaw: 1.57 | Steer: 1.00
t=1397985 SteerR changed to 0.00
t=1398105 SteerR changed to 1.00
t=1398415 Gas changed to 1.00
t=1398605 SteerR changed to 0.00
t=1398775 SteerL changed to -1.00
t=1399225 Gas changed to 0.00
t=1399885 Gas changed to 1.00
t=1401365 SteerL changed to 0.00
t=1401765 SteerL changed to -1.00
t=1401865 SteerL changed to 0.00
t=1402155 SteerR changed to 1.00
t=1402515 SteerR changed to 0.00
T: 1305.00s | Pos: (483, -inf, -7538130) | Spd: 41508 km/h | Yaw: 1.57 | Steer: 0.00
t=1403175 SteerL changed to -1.00
t=1403585 SteerL changed to 0.00
t=1403715 Gas changed to 0.00
t=1403865 SteerR changed to 1.00
t=1405125 Gas changed to 1.00
t=1405955 SteerR changed to 0.00
t=1407095 SteerL changed to -1.00
t=1407335 SteerL changed to 0.00
T: 1310.00s | Pos: (483, -inf, -7595880) | Spd: 41637 km/h | Yaw: 1.57 | Steer: 0.00
t=1409025 SteerL changed to -1.00
t=1409435 SteerL changed to 0.00
t=1409555 SteerL changed to -1.00
t=1409775 SteerL changed to 0.00
t=1409865 SteerL changed to -1.00
t=1410165 SteerL changed to 0.00
t=1410505 SteerR changed to 1.00
t=1410705 Gas changed to 0.00
t=1410995 Gas changed to 1.00
T: 1315.00s | Pos: (483, -inf, -7653835) | Spd: 41806 km/h | Yaw: 1.57 | Steer: 1.00
t=1413685 SteerR changed to 0.00
t=1414075 SteerL changed to -1.00
t=1414215 SteerL changed to 0.00
t=1414325 SteerL changed to -1.00
t=1414515 SteerL changed to 0.00
t=1414605 SteerL changed to -1.00
t=1414745 SteerL changed to 0.00
t=1414845 SteerL changed to -1.00
t=1415045 SteerL changed to 0.00
t=1415445 SteerR changed to 1.00
t=1415705 SteerR changed to 0.00
t=1415795 SteerR changed to 1.00
t=1416155 SteerR changed to 0.00
T: 1320.00s | Pos: (483, -inf, -7712025) | Spd: 41985 km/h | Yaw: 1.57 | Steer: 0.00
t=1419635 SteerL changed to -1.00
t=1419675 SteerL changed to 0.00
t=1419965 SteerR changed to 1.00
t=1420055 Gas changed to 0.00
t=1420665 Gas changed to 1.00
t=1421755 SteerR changed to 0.00
t=1422345 SteerR changed to 1.00
t=1422375 SteerR changed to 0.00
T: 1325.00s | Pos: (483, -inf, -7770463) | Spd: 42143 km/h | Yaw: 1.57 | Steer: 0.00
t=1424785 SteerR changed to 1.00
t=1424895 SteerR changed to 0.00
t=1425575 SteerR changed to 1.00
t=1425875 SteerR changed to 0.00
t=1426385 SteerL changed to -1.00
t=1426715 SteerL changed to 0.00
T: 1330.00s | Pos: (483, -inf, -7829120) | Spd: 42322 km/h | Yaw: 1.57 | Steer: 0.00
t=1429475 SteerR changed to 1.00
t=1429635 SteerR changed to 0.00
t=1429725 SteerR changed to 1.00
t=1430065 Gas changed to 0.00
t=1430165 Gas changed to 1.00
t=1430695 SteerR changed to 0.00
t=1430775 SteerR changed to 1.00
t=1431135 SteerR changed to 0.00
t=1431275 SteerR changed to 1.00
t=1431445 SteerR changed to 0.00
t=1431695 SteerR changed to 1.00
t=1431815 SteerR changed to 0.00
T: 1335.00s | Pos: (483, -inf, -7888026) | Spd: 42498 km/h | Yaw: 1.57 | Steer: 0.00
t=1435325 SteerL changed to -1.00
t=1435425 SteerL changed to 0.00
T: 1340.00s | Pos: (483, -inf, -7947176) | Spd: 42677 km/h | Yaw: 1.57 | Steer: 0.00
t=1437765 SteerL changed to -1.00
t=1437835 SteerL changed to 0.00
t=1438865 SteerR changed to 1.00
t=1438975 SteerR changed to 0.00
t=1439675 SteerR changed to 1.00
t=1439745 SteerR changed to 0.00
t=1440195 SteerR changed to 1.00
t=1440635 SteerR changed to 0.00
t=1440725 SteerR changed to 1.00
t=1441955 SteerR changed to 0.00
t=1442195 SteerR changed to 1.00
t=1442295 SteerR changed to 0.00
T: 1345.00s | Pos: (483, -inf, -8006575) | Spd: 42856 km/h | Yaw: 1.57 | Steer: 0.00
t=1443045 SteerR changed to 1.00
t=1443155 Gas changed to 0.00
t=1443595 Gas changed to 1.00
t=1443765 Gas changed to 0.00
t=1443875 Gas changed to 1.00
t=1444465 SteerR changed to 0.00
t=1444565 SteerR changed to 1.00
t=1444795 SteerR changed to 0.00
t=1444925 SteerR changed to 1.00
t=1445105 SteerR changed to 0.00
t=1445235 SteerR changed to 1.00
t=1445465 SteerR changed to 0.00
t=1446075 SteerL changed to -1.00
t=1446125 SteerL changed to 0.00
t=1446905 SteerR changed to 1.00
t=1446945 SteerR changed to 0.00
t=1447375 SteerL changed to -1.00
T: 1350.00s | Pos: (483, -inf, -8066196) | Spd: 43016 km/h | Yaw: 1.57 | Steer: -1.00
t=1448125 SteerL changed to 0.00
t=1449775 SteerL changed to -1.00
t=1450095 SteerL changed to 0.00
t=1450245 Gas changed to 0.00
t=1450345 SteerR changed to 1.00
t=1452675 Gas changed to 1.00
T: 1355.00s | Pos: (483, -inf, -8125946) | Spd: 43108 km/h | Yaw: 1.57 | Steer: 1.00
t=1453045 SteerR changed to 0.00
t=1454905 SteerL changed to -1.00
t=1454995 SteerL changed to 0.00
t=1455935 SteerR changed to 1.00
t=1457045 SteerR changed to 0.00
T: 1360.00s | Pos: (483, -inf, -8185944) | Spd: 43287 km/h | Yaw: 1.57 | Steer: 0.00
t=1458115 Gas changed to 0.00
t=1458115 SteerR changed to 1.00
t=1458495 Gas changed to 1.00
t=1458855 SteerR changed to 0.00
t=1459105 Gas changed to 0.00
t=1459105 SteerL changed to -1.00
t=1460165 Gas changed to 1.00
t=1461805 SteerL changed to 0.00
t=1462475 SteerR changed to 1.00
T: 1365.00s | Pos: (483, -inf, -8246191) | Spd: 43415 km/h | Yaw: 1.57 | Steer: 1.00
t=1462825 SteerR changed to 0.00
t=1463645 SteerL changed to -1.00
t=1463935 SteerL changed to 0.00
t=1463955 Gas changed to 0.00
t=1464075 SteerR changed to 1.00
t=1465225 Gas changed to 1.00
t=1466015 SteerR changed to 0.00
t=1466585 SteerR changed to 1.00
t=1466665 SteerR changed to 0.00
t=1467445 SteerL changed to -1.00
t=1467615 SteerL changed to 0.00
T: 1370.00s | Pos: (483, -inf, -8306551) | Spd: 43549 km/h | Yaw: 1.57 | Steer: 0.00
t=1468225 SteerR changed to 1.00
t=1468285 SteerR changed to 0.00
t=1469115 SteerL changed to -1.00
t=1469445 SteerL changed to 0.00
t=1469545 SteerL changed to -1.00
t=1469805 SteerL changed to 0.00
t=1469895 SteerL changed to -1.00
t=1470345 SteerL changed to 0.00
t=1470525 SteerR changed to 1.00
t=1470845 Gas changed to 0.00
t=1471055 Gas changed to 1.00
t=1471485 Gas changed to 0.00
t=1471655 Gas changed to 1.00
T: 1375.00s | Pos: (483, -inf, -8367161) | Spd: 43714 km/h | Yaw: 1.57 | Steer: 1.00
t=1473675 SteerR changed to 0.00
t=1474575 SteerL changed to -1.00
t=1475155 SteerL changed to 0.00
t=1475765 SteerR changed to 1.00
t=1476355 SteerR changed to 0.00
t=1476865 SteerL changed to -1.00
t=1476915 SteerL changed to 0.00
t=1477355 SteerR changed to 1.00
T: 1380.00s | Pos: (483, -inf, -8428073) | Spd: 43894 km/h | Yaw: 1.57 | Steer: 1.00
t=1478115 SteerR changed to 0.00
t=1480085 SteerR changed to 1.00
t=1480235 Gas changed to 0.00
t=1480715 Gas changed to 1.00
t=1481975 SteerR changed to 0.00
t=1482465 SteerR changed to 1.00
t=1482515 SteerR changed to 0.00
T: 1385.00s | Pos: (483, -inf, -8489073) | Spd: 44056 km/h | Yaw: 1.57 | Steer: 0.00
t=1485325 SteerR changed to 1.00
t=1485445 SteerR changed to 0.00
t=1485575 SteerR changed to 1.00
t=1485805 SteerR changed to 0.00
t=1486385 SteerL changed to -1.00
t=1486735 SteerL changed to 0.00
t=1487345 SteerR changed to 1.00
T: 1390.00s | Pos: (483, -inf, -8550451) | Spd: 44235 km/h | Yaw: 1.57 | Steer: 1.00
t=1488305 SteerR changed to 0.00
t=1489415 SteerR changed to 1.00
t=1491235 SteerR changed to 0.00
t=1491835 SteerR changed to 1.00
t=1491875 SteerR changed to 0.00
T: 1395.00s | Pos: (483, -inf, -8611951) | Spd: 44414 km/h | Yaw: 1.57 | Steer: 0.00
t=1495355 SteerR changed to 1.00
t=1495515 SteerR changed to 0.00
t=1497055 SteerL changed to -1.00
t=1497295 SteerL changed to 0.00
T: 1400.00s | Pos: (483, -inf, -8673826) | Spd: 44594 km/h | Yaw: 1.57 | Steer: 0.00
t=1497875 SteerR changed to 1.00
t=1498055 SteerR changed to 0.00
t=1499555 SteerR changed to 1.00
t=1499635 SteerR changed to 0.00
t=1499835 SteerR changed to 1.00
t=1500295 SteerR changed to 0.00
t=1500395 SteerR changed to 1.00
t=1501625 SteerR changed to 0.00
t=1502295 SteerR changed to 1.00
t=1502395 SteerR changed to 0.00
t=1502575 SteerR changed to 1.00
T: 1405.00s | Pos: (483, -inf, -8735826) | Spd: 44773 km/h | Yaw: 1.57 | Steer: 1.00
t=1502875 SteerR changed to 0.00
t=1502925 SteerR changed to 1.00
t=1503485 Gas changed to 0.00
t=1503705 Gas changed to 1.00
t=1504655 SteerR changed to 0.00
t=1505135 SteerR changed to 1.00
t=1505195 SteerR changed to 0.00
T: 1410.00s | Pos: (483, -inf, -8798175) | Spd: 44944 km/h | Yaw: 1.57 | Steer: 0.00
t=1508745 Gas changed to 0.00
t=1509275 SteerR changed to 1.00
t=1511255 Gas changed to 1.00
t=1511805 SteerR changed to 0.00
T: 1415.00s | Pos: (483, -inf, -8860675) | Spd: 45034 km/h | Yaw: 1.57 | Steer: 0.00
t=1514855 SteerR changed to 1.00
t=1515385 SteerR changed to 0.00
t=1515495 SteerR changed to 1.00
t=1516155 SteerR changed to 0.00
t=1517185 Gas changed to 0.00
t=1517185 SteerR changed to 1.00
t=1517655 Gas changed to 1.00
T: 1420.00s | Pos: (483, -inf, -8923269) | Spd: 45196 km/h | Yaw: 1.57 | Steer: 1.00
t=1517945 SteerR changed to 0.00
t=1518065 Gas changed to 0.00
t=1518085 SteerL changed to -1.00
t=1518925 Gas changed to 1.00
t=1519595 Gas changed to 0.00
t=1519755 Gas changed to 1.00
t=1520845 SteerL changed to 0.00
t=1521225 SteerR changed to 1.00
t=1521715 SteerR changed to 0.00
t=1522395 SteerL changed to -1.00
T: 1425.00s | Pos: (483, -inf, -8986269) | Spd: 45339 km/h | Yaw: 1.57 | Steer: -1.00
t=1522815 SteerL changed to 0.00
t=1523075 Gas changed to 0.00
t=1523125 SteerR changed to 1.00
t=1524105 Gas changed to 1.00
t=1525495 SteerR changed to 0.00
t=1526055 SteerL changed to -1.00
t=1526365 SteerL changed to 0.00
t=1527135 SteerL changed to -1.00
t=1527305 SteerL changed to 0.00
T: 1430.00s | Pos: (483, -inf, -9049269) | Spd: 45481 km/h | Yaw: 1.57 | Steer: 0.00
t=1527945 SteerL changed to -1.00
t=1528105 SteerL changed to 0.00
t=1528225 SteerL changed to -1.00
t=1528335 SteerL changed to 0.00
t=1528425 SteerL changed to -1.00
t=1529175 SteerL changed to 0.00
t=1529335 SteerR changed to 1.00
t=1530145 Gas changed to 0.00
t=1530285 Gas changed to 1.00
t=1530875 Gas changed to 0.00
t=1530895 Gas changed to 1.00
t=1531115 Gas changed to 0.00
t=1531315 Gas changed to 1.00
t=1531615 Gas changed to 0.00
t=1531815 Gas changed to 1.00
t=1532635 SteerR changed to 0.00
T: 1435.00s | Pos: (483, -inf, -9112607) | Spd: 45640 km/h | Yaw: 1.57 | Steer: 0.00
t=1533125 SteerL changed to -1.00
t=1533265 SteerL changed to 0.00
t=1533405 SteerL changed to -1.00
t=1533465 SteerL changed to 0.00
t=1533885 SteerL changed to -1.00
t=1534375 SteerL changed to 0.00
t=1534795 SteerR changed to 1.00
t=1535355 SteerR changed to 0.00
t=1535975 SteerR changed to 1.00
t=1536045 SteerR changed to 0.00
t=1536505 SteerL changed to -1.00
T: 1440.00s | Pos: (483, -inf, -9176107) | Spd: 45820 km/h | Yaw: 1.57 | Steer: -1.00
t=1537865 SteerL changed to 0.00
t=1538585 SteerL changed to -1.00
t=1538735 SteerL changed to 0.00
t=1539275 SteerR changed to 1.00
t=1540395 Gas changed to 0.00
t=1540615 Gas changed to 1.00
t=1541205 SteerR changed to 0.00
T: 1445.00s | Pos: (483, -inf, -9239885) | Spd: 45991 km/h | Yaw: 1.57 | Steer: 0.00
t=1544525 SteerR changed to 1.00
t=1544855 SteerR changed to 0.00
t=1545155 SteerL changed to -1.00
t=1545475 SteerL changed to 0.00
t=1546415 Gas changed to 0.00
t=1546445 SteerR changed to 1.00
t=1547445 Gas changed to 1.00
T: 1450.00s | Pos: (483, -inf, -9303885) | Spd: 46133 km/h | Yaw: 1.57 | Steer: 1.00
t=1547775 SteerR changed to 0.00
t=1548065 SteerR changed to 1.00
t=1548515 SteerR changed to 0.00
t=1548595 SteerR changed to 1.00
t=1549065 SteerR changed to 0.00
t=1549165 SteerR changed to 1.00
t=1549315 SteerR changed to 0.00
t=1549405 SteerR changed to 1.00
t=1549925 SteerR changed to 0.00
t=1550055 SteerR changed to 1.00
t=1550295 SteerR changed to 0.00
T: 1455.00s | Pos: (483, -inf, -9368034) | Spd: 46313 km/h | Yaw: 1.57 | Steer: 0.00
t=1554095 SteerR changed to 1.00
t=1554165 SteerR changed to 0.00
t=1556895 SteerL changed to -1.00
t=1556965 SteerL changed to 0.00
T: 1460.00s | Pos: (483, -inf, -9432534) | Spd: 46492 km/h | Yaw: 1.57 | Steer: 0.00
t=1558245 SteerR changed to 1.00
t=1558315 SteerR changed to 0.00
t=1559025 SteerR changed to 1.00
t=1559485 SteerR changed to 0.00
t=1559595 SteerR changed to 1.00
t=1560075 SteerR changed to 0.00
t=1560175 SteerR changed to 1.00
t=1561035 SteerR changed to 0.00
t=1561185 SteerR changed to 1.00
t=1561285 SteerR changed to 0.00
t=1561465 SteerL changed to -1.00
t=1561565 SteerL changed to 0.00
t=1561855 SteerR changed to 1.00
t=1562455 Gas changed to 0.00
t=1562605 Gas changed to 1.00
T: 1465.00s | Pos: (483, -inf, -9497179) | Spd: 46666 km/h | Yaw: 1.57 | Steer: 1.00
t=1563985 SteerR changed to 0.00
t=1567055 Gas changed to 0.00
t=1567165 Gas changed to 1.00
t=1567225 Gas changed to 0.00
T: 1470.00s | Pos: (483, -inf, -9562179) | Spd: 46824 km/h | Yaw: 1.57 | Steer: 0.00
t=1567925 Gas changed to 1.00
t=1568395 Gas changed to 0.00
t=1568875 SteerR changed to 1.00
t=1570705 Gas changed to 1.00
t=1571295 SteerR changed to 0.00
t=1571935 SteerL changed to -1.00
t=1572075 SteerL changed to 0.00
t=1572275 SteerL changed to -1.00
T: 1475.00s | Pos: (483, -inf, -9627179) | Spd: 46913 km/h | Yaw: 1.57 | Steer: -1.00
t=1572985 SteerL changed to 0.00
t=1573875 SteerR changed to 1.00
t=1574035 SteerR changed to 0.00
t=1574165 SteerR changed to 1.00
t=1574335 SteerR changed to 0.00
t=1574445 SteerR changed to 1.00
t=1575275 SteerR changed to 0.00
t=1576295 SteerR changed to 1.00
t=1576495 Gas changed to 0.00
t=1577075 SteerR changed to 0.00
t=1577225 SteerL changed to -1.00
t=1577445 SteerL changed to 0.00
t=1577555 SteerL changed to -1.00
t=1577695 SteerL changed to 0.00
T: 1480.00s | Pos: (483, -inf, -9692493) | Spd: 47049 km/h | Yaw: 1.57 | Steer: 0.00
t=1577755 SteerL changed to -1.00
t=1578065 Gas changed to 1.00
t=1579425 SteerL changed to 0.00
t=1579925 SteerL changed to -1.00
t=1579985 SteerL changed to 0.00
t=1581855 SteerL changed to -1.00
t=1582235 SteerL changed to 0.00
t=1582275 Gas changed to 0.00
t=1582425 SteerR changed to 1.00
T: 1485.00s | Pos: (483, -inf, -9757993) | Spd: 47200 km/h | Yaw: 1.57 | Steer: 1.00
t=1583215 Gas changed to 1.00
t=1584775 SteerR changed to 0.00
t=1585255 SteerL changed to -1.00
t=1585475 SteerL changed to 0.00
t=1585635 SteerL changed to -1.00
t=1585745 SteerL changed to 0.00
t=1587265 SteerL changed to -1.00
T: 1490.00s | Pos: (483, -inf, -9823552) | Spd: 47361 km/h | Yaw: 1.57 | Steer: -1.00
t=1588395 SteerL changed to 0.00
t=1588555 SteerR changed to 1.00
t=1588865 Gas changed to 0.00
t=1589315 Gas changed to 1.00
t=1590285 SteerR changed to 0.00
t=1590395 SteerR changed to 1.00
t=1591915 SteerR changed to 0.00
t=1592625 SteerL changed to -1.00
T: 1495.00s | Pos: (483, -inf, -9889552) | Spd: 47524 km/h | Yaw: 1.57 | Steer: -1.00
t=1592805 SteerL changed to 0.00
t=1592935 SteerL changed to -1.00
t=1593415 SteerL changed to 0.00
t=1593765 SteerR changed to 1.00
t=1593945 SteerR changed to 0.00
t=1594045 SteerR changed to 1.00
t=1594445 SteerR changed to 0.00
t=1594835 SteerR changed to 1.00
t=1594865 SteerR changed to 0.00
T: 1500.00s | Pos: (483, -inf, -9955562) | Spd: 47703 km/h | Yaw: 1.57 | Steer: 0.00
t=1598305 SteerR changed to 1.00
t=1598975 Gas changed to 0.00
t=1599195 Gas changed to 1.00
t=1600205 SteerR changed to 0.00
t=1600575 SteerL changed to -1.00
t=1600615 SteerL changed to 0.00
t=1600985 SteerR changed to 1.00
t=1601245 SteerR changed to 0.00
T: 1505.00s | Pos: (483, -inf, -10022062) | Spd: 47874 km/h | Yaw: 1.57 | Steer: 0.00
t=1603365 SteerR changed to 1.00
t=1603775 SteerR changed to 0.00
t=1604045 SteerL changed to -1.00
t=1604365 SteerL changed to 0.00
t=1605625 Gas changed to 0.00
t=1605635 SteerR changed to 1.00
t=1606555 Gas changed to 1.00
t=1606845 SteerR changed to 0.00
t=1607345 SteerR changed to 1.00
t=1607475 SteerR changed to 0.00
t=1607595 SteerR changed to 1.00
T: 1510.00s | Pos: (483, -inf, -10088562) | Spd: 48020 km/h | Yaw: 1.57 | Steer: 1.00
t=1607945 SteerR changed to 0.00
t=1608015 SteerR changed to 1.00
t=1608625 SteerR changed to 0.00
t=1608655 SteerR changed to 1.00
t=1608845 SteerR changed to 0.00
t=1608935 SteerR changed to 1.00
t=1609345 SteerR changed to 0.00
T: 1515.00s | Pos: (483, -inf, -10155453) | Spd: 48200 km/h | Yaw: 1.57 | Steer: 0.00
t=1613735 SteerR changed to 1.00
t=1613835 SteerR changed to 0.00
t=1616785 SteerL changed to -1.00
t=1616845 SteerL changed to 0.00
T: 1520.00s | Pos: (483, -inf, -10222453) | Spd: 48379 km/h | Yaw: 1.57 | Steer: 0.00
t=1618325 SteerR changed to 1.00
t=1620315 SteerR changed to 0.00
t=1620495 SteerL changed to -1.00
t=1620605 SteerL changed to 0.00
t=1620875 SteerR changed to 1.00
t=1621025 SteerR changed to 0.00
t=1621235 SteerR changed to 1.00
t=1621435 SteerR changed to 0.00
t=1621495 SteerR changed to 1.00
t=1621635 Gas changed to 0.00
t=1621795 Gas changed to 1.00
T: 1525.00s | Pos: (483, -inf, -10289840) | Spd: 48553 km/h | Yaw: 1.57 | Steer: 1.00
t=1623195 SteerR changed to 0.00
t=1623635 SteerR changed to 1.00
t=1623685 SteerR changed to 0.00
t=1626985 Gas changed to 0.00
t=1627665 SteerR changed to 1.00
T: 1530.00s | Pos: (483, -inf, -10357340) | Spd: 48706 km/h | Yaw: 1.57 | Steer: 1.00
t=1629565 Gas changed to 1.00
t=1629955 Gas changed to 0.00
t=1630175 Gas changed to 1.00
t=1630455 SteerR changed to 0.00
T: 1535.00s | Pos: (483, -inf, -10424928) | Spd: 48811 km/h | Yaw: 1.57 | Steer: 0.00
t=1632915 SteerR changed to 1.00
t=1633395 SteerR changed to 0.00
t=1633525 SteerR changed to 1.00
t=1634255 SteerR changed to 0.00
t=1634685 SteerL changed to -1.00
t=1634855 SteerL changed to 0.00
t=1635375 SteerR changed to 1.00
t=1635425 Gas changed to 0.00
t=1636105 Gas changed to 1.00
t=1636145 SteerR changed to 0.00
t=1636305 SteerL changed to -1.00
t=1636725 SteerL changed to 0.00
t=1636885 SteerR changed to 1.00
t=1637225 SteerR changed to 0.00
t=1637255 SteerL changed to -1.00
T: 1540.00s | Pos: (483, -inf, -10492928) | Spd: 48966 km/h | Yaw: 1.57 | Steer: -1.00
t=1638285 SteerL changed to 0.00
t=1638505 SteerL changed to -1.00
t=1638685 SteerL changed to 0.00
t=1638795 SteerL changed to -1.00
t=1639015 SteerL changed to 0.00
t=1639145 SteerL changed to -1.00
t=1639255 SteerL changed to 0.00
t=1640905 SteerL changed to -1.00
t=1641095 SteerL changed to 0.00
t=1641455 SteerR changed to 1.00
t=1641525 SteerR changed to 0.00
t=1642355 SteerL changed to -1.00
t=1642685 SteerL changed to 0.00
T: 1545.00s | Pos: (483, -inf, -10560944) | Spd: 49145 km/h | Yaw: 1.57 | Steer: 0.00
t=1642975 SteerR changed to 1.00
t=1643025 Gas changed to 0.00
t=1643835 Gas changed to 1.00
t=1644085 Gas changed to 0.00
t=1644135 Gas changed to 1.00
t=1644475 Gas changed to 0.00
t=1644615 Gas changed to 1.00
t=1645305 SteerR changed to 0.00
t=1646255 SteerL changed to -1.00
t=1646365 SteerL changed to 0.00
t=1646945 SteerL changed to -1.00
t=1647145 SteerL changed to 0.00
T: 1550.00s | Pos: (483, -inf, -10629444) | Spd: 49288 km/h | Yaw: 1.57 | Steer: 0.00
t=1647735 SteerL changed to -1.00
t=1647885 SteerL changed to 0.00
t=1648075 SteerL changed to -1.00
t=1648945 SteerL changed to 0.00
t=1649155 SteerR changed to 1.00
t=1649845 Gas changed to 0.00
t=1650155 Gas changed to 1.00
t=1650775 Gas changed to 0.00
t=1650915 Gas changed to 1.00
t=1652335 SteerR changed to 0.00
T: 1555.00s | Pos: (483, -inf, -10697944) | Spd: 49452 km/h | Yaw: 1.57 | Steer: 0.00
t=1653265 SteerL changed to -1.00
t=1653855 SteerL changed to 0.00
t=1654445 SteerR changed to 1.00
t=1655105 SteerR changed to 0.00
t=1655515 SteerL changed to -1.00
t=1655585 SteerL changed to 0.00
T: 1560.00s | Pos: (483, -inf, -10766811) | Spd: 49631 km/h | Yaw: 1.57 | Steer: 0.00
t=1658885 SteerR changed to 1.00
t=1658905 Gas changed to 0.00
t=1659265 Gas changed to 1.00
t=1659335 Gas changed to 0.00
t=1659545 Gas changed to 1.00
t=1660245 SteerR changed to 0.00
t=1660325 SteerR changed to 1.00
t=1660875 SteerR changed to 0.00
t=1661025 SteerR changed to 1.00
t=1661105 SteerR changed to 0.00
t=1661415 SteerL changed to -1.00
t=1661495 SteerL changed to 0.00
t=1661775 SteerR changed to 1.00
t=1661915 SteerR changed to 0.00
t=1662135 SteerR changed to 1.00
T: 1565.00s | Pos: (483, -inf, -10835811) | Spd: 49790 km/h | Yaw: 1.57 | Steer: 1.00
t=1662715 SteerR changed to 0.00
t=1663145 SteerR changed to 1.00
t=1663275 SteerR changed to 0.00
t=1663965 SteerR changed to 1.00
t=1664075 SteerR changed to 0.00
t=1664225 SteerR changed to 1.00
t=1664385 SteerR changed to 0.00
t=1664895 SteerR changed to 1.00
t=1664985 SteerR changed to 0.00
t=1665335 SteerL changed to -1.00
t=1665585 SteerL changed to 0.00
T: 1570.00s | Pos: (483, -inf, -10905117) | Spd: 49969 km/h | Yaw: 1.57 | Steer: 0.00
t=1668295 SteerR changed to 1.00
t=1668475 SteerR changed to 0.00
t=1668615 SteerR changed to 1.00
t=1669405 SteerR changed to 0.00
t=1669595 SteerR changed to 1.00
t=1669765 SteerR changed to 0.00
t=1669845 SteerR changed to 1.00
t=1670405 SteerR changed to 0.00
t=1670785 SteerR changed to 1.00
t=1670875 SteerR changed to 0.00
T: 1575.00s | Pos: (483, -inf, -10974617) | Spd: 50148 km/h | Yaw: 1.57 | Steer: 0.00
t=1674275 SteerR changed to 1.00
t=1674425 SteerR changed to 0.00
t=1674925 SteerL changed to -1.00
t=1674975 SteerL changed to 0.00
t=1677225 SteerL changed to -1.00
t=1677285 SteerL changed to 0.00
T: 1580.00s | Pos: (483, -inf, -11044419) | Spd: 50328 km/h | Yaw: 1.57 | Steer: 0.00
t=1678205 SteerR changed to 1.00
t=1678315 SteerR changed to 0.00
t=1679025 SteerR changed to 1.00
t=1679905 SteerR changed to 0.00
t=1679995 SteerR changed to 1.00
t=1680895 SteerR changed to 0.00
t=1681215 SteerR changed to 1.00
t=1681275 SteerR changed to 0.00
t=1681835 SteerR changed to 1.00
t=1682295 Gas changed to 0.00
t=1682435 Gas changed to 1.00
T: 1585.00s | Pos: (483, -inf, -11114419) | Spd: 50502 km/h | Yaw: 1.57 | Steer: 1.00
t=1683215 Gas changed to 0.00
t=1683325 Gas changed to 1.00
t=1683935 SteerR changed to 0.00
t=1685225 SteerL changed to -1.00
t=1685275 SteerL changed to 0.00
T: 1590.00s | Pos: (483, -inf, -11184692) | Spd: 50677 km/h | Yaw: 1.57 | Steer: 0.00
t=1688045 Gas changed to 0.00
t=1688315 SteerR changed to 1.00
t=1690415 Gas changed to 1.00
t=1691045 SteerR changed to 0.00
T: 1595.00s | Pos: (483, -inf, -11255192) | Spd: 50771 km/h | Yaw: 1.57 | Steer: 0.00
t=1693745 SteerR changed to 1.00
t=1694005 SteerR changed to 0.00
t=1694115 SteerR changed to 1.00
t=1694255 SteerR changed to 0.00
t=1694475 SteerR changed to 1.00
t=1694675 SteerR changed to 0.00
t=1694755 SteerR changed to 1.00
t=1695445 SteerR changed to 0.00
t=1696055 SteerL changed to -1.00
t=1696165 SteerL changed to 0.00
t=1696365 Gas changed to 0.00
t=1696395 SteerR changed to 1.00
t=1696845 Gas changed to 1.00
t=1697205 SteerR changed to 0.00
t=1697375 SteerL changed to -1.00
T: 1600.00s | Pos: (483, -inf, -11325692) | Spd: 50934 km/h | Yaw: 1.57 | Steer: -1.00
t=1697735 Gas changed to 0.00
t=1698995 Gas changed to 1.00
t=1700045 SteerL changed to 0.00
t=1700705 SteerR changed to 1.00
t=1700845 SteerR changed to 0.00
t=1701105 SteerR changed to 1.00
t=1701215 SteerR changed to 0.00
t=1702055 SteerR changed to 1.00
t=1702085 SteerR changed to 0.00
t=1702555 SteerL changed to -1.00
T: 1605.00s | Pos: (483, -inf, -11396550) | Spd: 51068 km/h | Yaw: 1.57 | Steer: -1.00
t=1702725 SteerL changed to 0.00
t=1702745 Gas changed to 0.00
t=1702885 SteerR changed to 1.00
t=1703355 SteerR changed to 0.00
t=1703695 SteerR changed to 1.00
t=1704285 Gas changed to 1.00
t=1705155 SteerR changed to 0.00
t=1705775 SteerL changed to -1.00
t=1705915 SteerL changed to 0.00
t=1706315 SteerL changed to -1.00
t=1706455 SteerL changed to 0.00
T: 1610.00s | Pos: (483, -inf, -11467550) | Spd: 51192 km/h | Yaw: 1.57 | Steer: 0.00
t=1708235 SteerL changed to -1.00
t=1708405 SteerL changed to 0.00
t=1708565 SteerL changed to -1.00
t=1708685 SteerL changed to 0.00
t=1708785 SteerL changed to -1.00
t=1709045 SteerL changed to 0.00
t=1709135 SteerL changed to -1.00
t=1709605 SteerL changed to 0.00
t=1709855 SteerR changed to 1.00
t=1710325 Gas changed to 0.00
t=1710545 Gas changed to 1.00
t=1711575 SteerR changed to 0.00
t=1711665 SteerR changed to 1.00
t=1712085 Gas changed to 0.00
t=1712235 Gas changed to 1.00
T: 1615.00s | Pos: (483, -inf, -11538728) | Spd: 51358 km/h | Yaw: 1.57 | Steer: 1.00
t=1713165 SteerR changed to 0.00
t=1713995 SteerL changed to -1.00
t=1714195 SteerL changed to 0.00
t=1714255 SteerL changed to -1.00
t=1714355 SteerL changed to 0.00
t=1714445 SteerL changed to -1.00
t=1714725 SteerL changed to 0.00
t=1715325 SteerR changed to 1.00
t=1715815 SteerR changed to 0.00
t=1716085 SteerR changed to 1.00
t=1716155 SteerR changed to 0.00
T: 1620.00s | Pos: (483, -inf, -11610228) | Spd: 51537 km/h | Yaw: 1.57 | Steer: 0.00
t=1718765 SteerL changed to -1.00
t=1719355 SteerL changed to 0.00
t=1719575 SteerR changed to 1.00
t=1719715 Gas changed to 0.00
t=1720305 Gas changed to 1.00
t=1721595 SteerR changed to 0.00
t=1722185 SteerR changed to 1.00
t=1722225 SteerR changed to 0.00
T: 1625.00s | Pos: (483, -inf, -11681828) | Spd: 51695 km/h | Yaw: 1.57 | Steer: 0.00
t=1724725 SteerL changed to -1.00
t=1724795 SteerL changed to 0.00
t=1725305 SteerR changed to 1.00
t=1725475 SteerR changed to 0.00
t=1725665 SteerR changed to 1.00
t=1725835 SteerR changed to 0.00
t=1726185 SteerL changed to -1.00
t=1726445 SteerL changed to 0.00
T: 1630.00s | Pos: (483, -inf, -11753828) | Spd: 51875 km/h | Yaw: 1.57 | Steer: 0.00
t=1729185 SteerR changed to 1.00
t=1729295 SteerR changed to 0.00
t=1729405 SteerR changed to 1.00
t=1729555 SteerR changed to 0.00
t=1729655 SteerR changed to 1.00
t=1731115 SteerR changed to 0.00
T: 1635.00s | Pos: (483, -inf, -11825924) | Spd: 52054 km/h | Yaw: 1.57 | Steer: 0.00
t=1736975 SteerL changed to -1.00
t=1737045 SteerL changed to 0.00
T: 1640.00s | Pos: (483, -inf, -11898424) | Spd: 52233 km/h | Yaw: 1.57 | Steer: 0.00
t=1738885 SteerR changed to 1.00
t=1738975 SteerR changed to 0.00
t=1739525 SteerR changed to 1.00
t=1739825 SteerR changed to 0.00
t=1739895 SteerR changed to 1.00
t=1741435 SteerR changed to 0.00
t=1741715 SteerL changed to -1.00
t=1741775 SteerL changed to 0.00
t=1742005 SteerR changed to 1.00
t=1742085 SteerR changed to 0.00
t=1742395 SteerR changed to 1.00
t=1742555 Gas changed to 0.00
T: 1645.00s | Pos: (483, -inf, -11971016) | Spd: 52407 km/h | Yaw: 1.57 | Steer: 1.00
t=1742925 Gas changed to 1.00
t=1744205 SteerR changed to 0.00
t=1744345 SteerR changed to 1.00
t=1744555 SteerR changed to 0.00
t=1744755 SteerR changed to 1.00
t=1744815 SteerR changed to 0.00
t=1745895 SteerL changed to -1.00
t=1745945 SteerL changed to 0.00
T: 1650.00s | Pos: (483, -inf, -12044016) | Spd: 52578 km/h | Yaw: 1.57 | Steer: 0.00
t=1748705 Gas changed to 0.00
t=1748975 SteerR changed to 1.00
t=1751215 Gas changed to 1.00
t=1751815 SteerR changed to 0.00
T: 1655.00s | Pos: (483, -inf, -12117016) | Spd: 52668 km/h | Yaw: 1.57 | Steer: 0.00
t=1753735 SteerR changed to 1.00
t=1754055 SteerR changed to 0.00
t=1754265 SteerL changed to -1.00
t=1754865 SteerL changed to 0.00
t=1755115 SteerL changed to -1.00
t=1755175 SteerL changed to 0.00
t=1755675 SteerR changed to 1.00
t=1755895 SteerR changed to 0.00
t=1756005 SteerR changed to 1.00
t=1756425 SteerR changed to 0.00
t=1756595 SteerR changed to 1.00
t=1756895 SteerR changed to 0.00
t=1757235 SteerL changed to -1.00
t=1757505 SteerL changed to 0.00
T: 1660.00s | Pos: (483, -inf, -12190316) | Spd: 52847 km/h | Yaw: 1.57 | Steer: 0.00
t=1757765 SteerR changed to 1.00
t=1757795 Gas changed to 0.00
t=1758345 Gas changed to 1.00
t=1758575 SteerR changed to 0.00
t=1758815 SteerL changed to -1.00
t=1759165 SteerL changed to 0.00
t=1759345 SteerL changed to -1.00
t=1759805 Gas changed to 0.00
t=1759915 Gas changed to 1.00
t=1760135 Gas changed to 0.00
t=1760265 Gas changed to 1.00
t=1760835 Gas changed to 0.00
t=1761075 Gas changed to 1.00
t=1761935 SteerL changed to 0.00
t=1762135 SteerR changed to 1.00
t=1762595 SteerR changed to 0.00
T: 1665.00s | Pos: (483, -inf, -12263816) | Spd: 52989 km/h | Yaw: 1.57 | Steer: 0.00
t=1763225 SteerR changed to 1.00
t=1763275 SteerR changed to 0.00
t=1763665 SteerL changed to -1.00
t=1763845 SteerL changed to 0.00
t=1763925 SteerL changed to -1.00
t=1763985 Gas changed to 0.00
t=1764035 SteerL changed to 0.00
t=1764095 SteerR changed to 1.00
t=1765145 Gas changed to 1.00
t=1766575 SteerR changed to 0.00
t=1767185 SteerL changed to -1.00
t=1767595 SteerL changed to 0.00
T: 1670.00s | Pos: (483, -inf, -12337393) | Spd: 53127 km/h | Yaw: 1.57 | Steer: 0.00
t=1768965 SteerL changed to -1.00
t=1769195 SteerL changed to 0.00
t=1769275 SteerL changed to -1.00
t=1769515 SteerL changed to 0.00
t=1769625 SteerL changed to -1.00
t=1770325 SteerL changed to 0.00
t=1770385 SteerR changed to 1.00
t=1770435 Gas changed to 0.00
t=1770775 Gas changed to 1.00
t=1771785 SteerR changed to 0.00
t=1771885 SteerR changed to 1.00
t=1772395 Gas changed to 0.00
T: 1675.00s | Pos: (483, -inf, -12411393) | Spd: 53283 km/h | Yaw: 1.57 | Steer: 1.00
t=1772745 Gas changed to 1.00
t=1773705 SteerR changed to 0.00
t=1774285 SteerL changed to -1.00
t=1774425 SteerL changed to 0.00
t=1774815 SteerL changed to -1.00
t=1775365 SteerL changed to 0.00
t=1775895 SteerR changed to 1.00
t=1776555 SteerR changed to 0.00
T: 1680.00s | Pos: (483, -inf, -12485398) | Spd: 53461 km/h | Yaw: 1.57 | Steer: 0.00
t=1778135 Gas changed to 0.00
t=1778195 SteerL changed to -1.00
t=1778685 Gas changed to 1.00
t=1779305 SteerL changed to 0.00
t=1779755 SteerR changed to 1.00
t=1779995 SteerR changed to 0.00
t=1780085 SteerR changed to 1.00
t=1780145 SteerR changed to 0.00
t=1780775 SteerR changed to 1.00
t=1780965 SteerR changed to 0.00
t=1780995 SteerR changed to 1.00
t=1781195 SteerR changed to 0.00
t=1781325 SteerR changed to 1.00
t=1781965 Gas changed to 0.00
t=1782135 Gas changed to 1.00
T: 1685.00s | Pos: (483, -inf, -12559898) | Spd: 53614 km/h | Yaw: 1.57 | Steer: 1.00
t=1782815 SteerR changed to 0.00
t=1783315 SteerL changed to -1.00
t=1783335 SteerL changed to 0.00
t=1785235 SteerL changed to -1.00
t=1785295 SteerL changed to 0.00
t=1786145 SteerR changed to 1.00
t=1786535 SteerR changed to 0.00
t=1786875 SteerL changed to -1.00
t=1787155 SteerL changed to 0.00
t=1787375 SteerL changed to -1.00
t=1787415 SteerL changed to 0.00
T: 1690.00s | Pos: (483, -inf, -12634398) | Spd: 53794 km/h | Yaw: 1.57 | Steer: 0.00
t=1787855 SteerR changed to 1.00
t=1788205 SteerR changed to 0.00
t=1788805 SteerR changed to 1.00
t=1788845 Gas changed to 0.00
t=1789235 Gas changed to 1.00
t=1790945 SteerR changed to 0.00
t=1791055 SteerR changed to 1.00
t=1791305 SteerR changed to 0.00
t=1791415 SteerR changed to 1.00
t=1791575 SteerR changed to 0.00
t=1791685 SteerR changed to 1.00
t=1791975 SteerR changed to 0.00
t=1792085 SteerR changed to 1.00
t=1792235 SteerR changed to 0.00
t=1792645 SteerR changed to 1.00
T: 1695.00s | Pos: (483, -inf, -12709327) | Spd: 53959 km/h | Yaw: 1.57 | Steer: 1.00
t=1792725 SteerR changed to 0.00
t=1796045 SteerR changed to 1.00
t=1796125 SteerR changed to 0.00
t=1796845 SteerR changed to 1.00
t=1796925 SteerR changed to 0.00
T: 1700.00s | Pos: (483, -inf, -12784327) | Spd: 54138 km/h | Yaw: 1.57 | Steer: 0.00
t=1798525 SteerL changed to -1.00
t=1798635 SteerL changed to 0.00
t=1800975 SteerR changed to 1.00
t=1801055 SteerR changed to 0.00
t=1801185 SteerR changed to 1.00
t=1801915 SteerR changed to 0.00
t=1802005 SteerR changed to 1.00
T: 1705.00s | Pos: (483, -inf, -12859713) | Spd: 54318 km/h | Yaw: 1.57 | Steer: 1.00
t=1803025 SteerR changed to 0.00
t=1803485 SteerR changed to 1.00
t=1803565 SteerR changed to 0.00
t=1803665 SteerR changed to 1.00
t=1803735 SteerR changed to 0.00
t=1804055 SteerR changed to 1.00
t=1804705 Gas changed to 0.00
t=1805065 Gas changed to 1.00
t=1805795 SteerR changed to 0.00
t=1805985 SteerR changed to 1.00
t=1806105 SteerR changed to 0.00
t=1806215 SteerR changed to 1.00
t=1806375 SteerR changed to 0.00
t=1806665 SteerL changed to -1.00
t=1806715 SteerL changed to 0.00
T: 1710.00s | Pos: (483, -inf, -12935213) | Spd: 54484 km/h | Yaw: 1.57 | Steer: 0.00
t=1810605 Gas changed to 0.00
t=1810715 SteerR changed to 1.00
t=1812585 Gas changed to 1.00
T: 1715.00s | Pos: (483, -inf, -13011059) | Spd: 54592 km/h | Yaw: 1.57 | Steer: 1.00
t=1813375 SteerR changed to 0.00
t=1816065 SteerR changed to 1.00
t=1816655 SteerR changed to 0.00
t=1816745 SteerR changed to 1.00
t=1816955 SteerR changed to 0.00
t=1817055 SteerR changed to 1.00
t=1817515 SteerR changed to 0.00
T: 1720.00s | Pos: (483, -inf, -13087059) | Spd: 54772 km/h | Yaw: 1.57 | Steer: 0.00
t=1817965 SteerL changed to -1.00
t=1818145 SteerL changed to 0.00
t=1818405 Gas changed to 0.00
t=1818415 SteerR changed to 1.00
t=1819305 SteerR changed to 0.00
t=1819325 Gas changed to 1.00
t=1819545 SteerL changed to -1.00
t=1819655 Gas changed to 0.00
t=1820525 Gas changed to 1.00
t=1821915 SteerL changed to 0.00
T: 1725.00s | Pos: (483, -inf, -13163059) | Spd: 54887 km/h | Yaw: 1.57 | Steer: 0.00
t=1823345 SteerR changed to 1.00
t=1823455 SteerR changed to 0.00
t=1824375 SteerL changed to -1.00
t=1824705 Gas changed to 0.00
t=1824705 SteerL changed to 0.00
t=1824765 SteerR changed to 1.00
t=1826175 Gas changed to 1.00
t=1826855 SteerR changed to 0.00
T: 1730.00s | Pos: (483, -inf, -13239524) | Spd: 55013 km/h | Yaw: 1.57 | Steer: 0.00
t=1828245 SteerL changed to -1.00
t=1828405 SteerL changed to 0.00
t=1829445 SteerL changed to -1.00
t=1829575 SteerL changed to 0.00
t=1829995 SteerL changed to -1.00
t=1830245 SteerL changed to 0.00
t=1830335 SteerL changed to -1.00
t=1830535 SteerL changed to 0.00
t=1830635 SteerL changed to -1.00
t=1831115 SteerL changed to 0.00
t=1831305 SteerR changed to 1.00
t=1832005 Gas changed to 0.00
t=1832305 Gas changed to 1.00
T: 1735.00s | Pos: (483, -inf, -13316024) | Spd: 55182 km/h | Yaw: 1.57 | Steer: 1.00
t=1834565 SteerR changed to 0.00
t=1835315 SteerL changed to -1.00
t=1836015 SteerL changed to 0.00
t=1836415 SteerR changed to 1.00
t=1837065 SteerR changed to 0.00
T: 1740.00s | Pos: (483, -inf, -13392808) | Spd: 55361 km/h | Yaw: 1.57 | Steer: 0.00
t=1840865 SteerR changed to 1.00
t=1841435 Gas changed to 0.00
t=1841625 Gas changed to 1.00
T: 1745.00s | Pos: (483, -inf, -13469808) | Spd: 55534 km/h | Yaw: 1.57 | Steer: 1.00
t=1842795 SteerR changed to 0.00
t=1845245 SteerL changed to -1.00
t=1845295 SteerL changed to 0.00
t=1846095 SteerR changed to 1.00
t=1846455 SteerR changed to 0.00
t=1846775 SteerL changed to -1.00
t=1847075 SteerL changed to 0.00
T: 1750.00s | Pos: (483, -inf, -13547069) | Spd: 55713 km/h | Yaw: 1.57 | Steer: 0.00
t=1847885 Gas changed to 0.00
t=1847905 SteerR changed to 1.00
t=1848935 Gas changed to 1.00
t=1849395 SteerR changed to 0.00
t=1849675 SteerR changed to 1.00
t=1850055 SteerR changed to 0.00
t=1850145 SteerR changed to 1.00
t=1850425 SteerR changed to 0.00
t=1850505 SteerR changed to 1.00
t=1851605 SteerR changed to 0.00
T: 1755.00s | Pos: (483, -inf, -13624569) | Spd: 55855 km/h | Yaw: 1.57 | Steer: 0.00
t=1855345 SteerR changed to 1.00
t=1855495 SteerR changed to 0.00
T: 1760.00s | Pos: (483, -inf, -13702221) | Spd: 56034 km/h | Yaw: 1.57 | Steer: 0.00
t=1857865 SteerL changed to -1.00
t=1857935 SteerL changed to 0.00
t=1858795 SteerL changed to -1.00
t=1858855 SteerL changed to 0.00
t=1859775 SteerR changed to 1.00
t=1859875 SteerR changed to 0.00
t=1860335 SteerR changed to 1.00
t=1860915 SteerR changed to 0.00
t=1861005 SteerR changed to 1.00
t=1861335 SteerR changed to 0.00
t=1861425 SteerR changed to 1.00
t=1862425 SteerR changed to 0.00
t=1862685 SteerL changed to -1.00
T: 1765.00s | Pos: (483, -inf, -13780221) | Spd: 56213 km/h | Yaw: 1.57 | Steer: -1.00
t=1862775 SteerL changed to 0.00
t=1863155 SteerR changed to 1.00
t=1863705 Gas changed to 0.00
t=1863955 Gas changed to 1.00
t=1865265 SteerR changed to 0.00
T: 1770.00s | Pos: (483, -inf, -13858344) | Spd: 56383 km/h | Yaw: 1.57 | Steer: 0.00
t=1869495 Gas changed to 0.00
t=1869725 SteerR changed to 1.00
t=1871915 Gas changed to 1.00
t=1872585 SteerR changed to 0.00
T: 1775.00s | Pos: (483, -inf, -13936844) | Spd: 56476 km/h | Yaw: 1.57 | Steer: 0.00
t=1874585 SteerL changed to -1.00
t=1874735 SteerL changed to 0.00
t=1875585 SteerR changed to 1.00
t=1876605 SteerR changed to 0.00
t=1876775 SteerR changed to 1.00
t=1876935 SteerR changed to 0.00
t=1877045 SteerL changed to -1.00
t=1877215 SteerL changed to 0.00
t=1877385 SteerR changed to 1.00
t=1877445 Gas changed to 0.00
T: 1780.00s | Pos: (483, -inf, -14015344) | Spd: 56646 km/h | Yaw: 1.57 | Steer: 1.00
t=1877715 SteerR changed to 0.00
t=1877875 SteerR changed to 1.00
t=1877885 SteerR changed to 0.00
t=1877925 SteerR changed to 1.00
t=1878305 Gas changed to 1.00
t=1878415 SteerR changed to 0.00
t=1878525 SteerL changed to -1.00
t=1878635 Gas changed to 0.00
t=1879385 Gas changed to 1.00
t=1880885 SteerL changed to 0.00
t=1881275 SteerL changed to -1.00
t=1881385 SteerL changed to 0.00
t=1882085 SteerR changed to 1.00
t=1882205 SteerR changed to 0.00
T: 1785.00s | Pos: (483, -inf, -14094060) | Spd: 56777 km/h | Yaw: 1.57 | Steer: 0.00
t=1883015 SteerL changed to -1.00
t=1883325 SteerL changed to 0.00
t=1883365 Gas changed to 0.00
t=1883475 SteerR changed to 1.00
t=1884085 SteerR changed to 0.00
t=1884185 SteerR changed to 1.00
t=1884485 Gas changed to 1.00
t=1885765 SteerR changed to 0.00
t=1886465 SteerL changed to -1.00
t=1886715 SteerL changed to 0.00
T: 1790.00s | Pos: (483, -inf, -14173060) | Spd: 56916 km/h | Yaw: 1.57 | Steer: 0.00
t=1888185 SteerL changed to -1.00
t=1888435 SteerL changed to 0.00
t=1888545 SteerL changed to -1.00
t=1888645 SteerL changed to 0.00
t=1888775 SteerL changed to -1.00
t=1888855 SteerL changed to 0.00
t=1888935 SteerL changed to -1.00
t=1889555 SteerL changed to 0.00
t=1889785 SteerR changed to 1.00
t=1890515 Gas changed to 0.00
t=1890755 Gas changed to 1.00
t=1891165 Gas changed to 0.00
t=1891385 Gas changed to 1.00
T: 1795.00s | Pos: (483, -inf, -14252114) | Spd: 57079 km/h | Yaw: 1.57 | Steer: 1.00
t=1892895 SteerR changed to 0.00
t=1894125 SteerL changed to -1.00
t=1894705 SteerL changed to 0.00
t=1895065 SteerR changed to 1.00
t=1895715 SteerR changed to 0.00
t=1895955 SteerL changed to -1.00
t=1896015 SteerL changed to 0.00
T: 1800.00s | Pos: (483, -inf, -14331614) | Spd: 57258 km/h | Yaw: 1.57 | Steer: 0.00
t=1899465 SteerR changed to 1.00
t=1899785 Gas changed to 0.00
t=1899995 Gas changed to 1.00
t=1901345 SteerR changed to 0.00
t=1901675 SteerR changed to 1.00
t=1901735 SteerR changed to 0.00
T: 1805.00s | Pos: (483, -inf, -14411143) | Spd: 57430 km/h | Yaw: 1.57 | Steer: 0.00
t=1904665 SteerR changed to 1.00
t=1904965 SteerR changed to 0.00
t=1905345 SteerL changed to -1.00
t=1905635 SteerL changed to 0.00
t=1906575 SteerR changed to 1.00
t=1906625 Gas changed to 0.00
t=1907615 Gas changed to 1.00
T: 1810.00s | Pos: (483, -inf, -14491143) | Spd: 57574 km/h | Yaw: 1.57 | Steer: 1.00
t=1908675 SteerR changed to 0.00
t=1908805 SteerR changed to 1.00
t=1908945 SteerR changed to 0.00
t=1909055 SteerR changed to 1.00
t=1909465 SteerR changed to 0.00
t=1909555 SteerR changed to 1.00
t=1910465 SteerR changed to 0.00
T: 1815.00s | Pos: (483, -inf, -14571143) | Spd: 57753 km/h | Yaw: 1.57 | Steer: 0.00
t=1915245 SteerR changed to 1.00
t=1915295 SteerR changed to 0.00
t=1917475 SteerL changed to -1.00
t=1917555 SteerL changed to 0.00
T: 1820.00s | Pos: (483, -inf, -14651569) | Spd: 57932 km/h | Yaw: 1.57 | Steer: 0.00
t=1918675 SteerR changed to 1.00
t=1918765 SteerR changed to 0.00
t=1919365 SteerR changed to 1.00
t=1919605 SteerR changed to 0.00
t=1919705 SteerR changed to 1.00
t=1919995 SteerR changed to 0.00
t=1920065 SteerR changed to 1.00
t=1921315 SteerR changed to 0.00
t=1922015 SteerR changed to 1.00
t=1922095 SteerR changed to 0.00
t=1922265 SteerR changed to 1.00
T: 1825.00s | Pos: (483, -inf, -14732069) | Spd: 58112 km/h | Yaw: 1.57 | Steer: 1.00
t=1923755 Gas changed to 0.00
t=1923845 Gas changed to 1.00
t=1924325 SteerR changed to 0.00
t=1924545 SteerR changed to 1.00
t=1924605 SteerR changed to 0.00
t=1925655 SteerL changed to -1.00
t=1925705 SteerL changed to 0.00
t=1927505 Gas changed to 0.00
T: 1830.00s | Pos: (483, -inf, -14812992) | Spd: 58280 km/h | Yaw: 1.57 | Steer: 0.00
t=1927775 SteerR changed to 1.00
t=1927865 SteerR changed to 0.00
t=1928755 SteerR changed to 1.00
t=1930315 Gas changed to 1.00
t=1930725 Gas changed to 0.00
t=1931855 Gas changed to 1.00
t=1931925 SteerR changed to 0.00
T: 1835.00s | Pos: (483, -inf, -14893992) | Spd: 58326 km/h | Yaw: 1.57 | Steer: 0.00
t=1934855 SteerR changed to 1.00
t=1935095 SteerR changed to 0.00
t=1935215 SteerR changed to 1.00
t=1935325 SteerR changed to 0.00
t=1935455 SteerR changed to 1.00
t=1936275 SteerR changed to 0.00
t=1936615 SteerL changed to -1.00
t=1936745 SteerL changed to 0.00
t=1937105 Gas changed to 0.00
t=1937115 SteerR changed to 1.00
t=1937545 Gas changed to 1.00
T: 1840.00s | Pos: (483, -inf, -14974992) | Spd: 58489 km/h | Yaw: 1.57 | Steer: 1.00
t=1937905 SteerR changed to 0.00
t=1937965 Gas changed to 0.00
t=1938005 SteerL changed to -1.00
t=1938385 SteerL changed to 0.00
t=1938465 SteerL changed to -1.00
t=1939085 Gas changed to 1.00
t=1940645 SteerL changed to 0.00
t=1941195 SteerR changed to 1.00
t=1941365 SteerR changed to 0.00
t=1942225 SteerR changed to 1.00
t=1942315 SteerR changed to 0.00
t=1942655 SteerL changed to -1.00
T: 1845.00s | Pos: (483, -inf, -15056352) | Spd: 58628 km/h | Yaw: 1.57 | Steer: -1.00
t=1942845 SteerL changed to 0.00
t=1942905 SteerL changed to -1.00
t=1943095 Gas changed to 0.00
t=1943095 SteerL changed to 0.00
t=1943145 SteerR changed to 1.00
t=1944415 Gas changed to 1.00
t=1945325 SteerR changed to 0.00
t=1946515 SteerL changed to -1.00
t=1946695 SteerL changed to 0.00
t=1947405 SteerL changed to -1.00
t=1947525 SteerL changed to 0.00
T: 1850.00s | Pos: (483, -inf, -15137852) | Spd: 58760 km/h | Yaw: 1.57 | Steer: 0.00
t=1948165 SteerL changed to -1.00
t=1948285 SteerL changed to 0.00
t=1948455 SteerL changed to -1.00
t=1948565 SteerL changed to 0.00
t=1948675 SteerL changed to -1.00
t=1949415 SteerL changed to 0.00
t=1949725 SteerR changed to 1.00
t=1949985 Gas changed to 0.00
t=1950235 Gas changed to 1.00
t=1951515 Gas changed to 0.00
t=1951875 Gas changed to 1.00
T: 1855.00s | Pos: (483, -inf, -15219551) | Spd: 58918 km/h | Yaw: 1.57 | Steer: 1.00
t=1952815 SteerR changed to 0.00
t=1953515 SteerL changed to -1.00
t=1953645 SteerL changed to 0.00
t=1954035 SteerL changed to -1.00
t=1954565 SteerL changed to 0.00
t=1954985 SteerR changed to 1.00
t=1955605 SteerR changed to 0.00
t=1956155 SteerR changed to 1.00
t=1956195 SteerR changed to 0.00
T: 1860.00s | Pos: (483, -inf, -15301551) | Spd: 59097 km/h | Yaw: 1.57 | Steer: 0.00
t=1958605 SteerL changed to -1.00
t=1959025 SteerL changed to 0.00
t=1959425 SteerR changed to 1.00
t=1960115 Gas changed to 0.00
t=1960285 Gas changed to 1.00
t=1961215 Gas changed to 0.00
t=1961385 Gas changed to 1.00
t=1961625 SteerR changed to 0.00
t=1961875 SteerL changed to -1.00
t=1961955 SteerL changed to 0.00
T: 1865.00s | Pos: (483, -inf, -15383676) | Spd: 59264 km/h | Yaw: 1.57 | Steer: 0.00
t=1962925 SteerL changed to -1.00
t=1962965 Gas changed to 0.00
t=1963155 Gas changed to 1.00
t=1964195 SteerL changed to 0.00
t=1964445 SteerR changed to 1.00
t=1964655 SteerR changed to 0.00
t=1964825 SteerR changed to 1.00
t=1964885 SteerR changed to 0.00
t=1964965 SteerR changed to 1.00
t=1965325 SteerR changed to 0.00
t=1965655 SteerL changed to -1.00
t=1965965 SteerL changed to 0.00
t=1966165 SteerL changed to -1.00
t=1966185 SteerL changed to 0.00
T: 1870.00s | Pos: (483, -inf, -15466176) | Spd: 59437 km/h | Yaw: 1.57 | Steer: 0.00
t=1968625 Gas changed to 0.00
t=1968635 SteerR changed to 1.00
t=1968815 Gas changed to 1.00
t=1969815 SteerR changed to 0.00
t=1970085 SteerR changed to 1.00
t=1970645 SteerR changed to 0.00
t=1971005 SteerR changed to 1.00
t=1971085 SteerR changed to 0.00
T: 1875.00s | Pos: (483, -inf, -15548759) | Spd: 59609 km/h | Yaw: 1.57 | Steer: 0.00
t=1974205 SteerR changed to 1.00
t=1974435 SteerR changed to 0.00
t=1975395 SteerL changed to -1.00
t=1975445 SteerL changed to 0.00
t=1977285 SteerL changed to -1.00
t=1977345 SteerL changed to 0.00
T: 1880.00s | Pos: (483, -inf, -15631759) | Spd: 59788 km/h | Yaw: 1.57 | Steer: 0.00
t=1978865 SteerR changed to 1.00
t=1978935 SteerR changed to 0.00
t=1979355 SteerR changed to 1.00
t=1979695 SteerR changed to 0.00
t=1979715 SteerR changed to 1.00
t=1979805 SteerR changed to 0.00
t=1979895 SteerR changed to 1.00
t=1980055 SteerR changed to 0.00
t=1980115 SteerR changed to 1.00
t=1981295 SteerR changed to 0.00
t=1981575 SteerR changed to 1.00
t=1981625 SteerR changed to 0.00
t=1982045 SteerR changed to 1.00
t=1982145 SteerR changed to 0.00
t=1982295 SteerR changed to 1.00
t=1982565 SteerR changed to 0.00
t=1982655 SteerR changed to 1.00
T: 1885.00s | Pos: (483, -inf, -15714838) | Spd: 59968 km/h | Yaw: 1.57 | Steer: 1.00
t=1982815 Gas changed to 0.00
t=1983035 Gas changed to 1.00
t=1983435 Gas changed to 0.00
t=1983635 Gas changed to 1.00
t=1984395 SteerR changed to 0.00
t=1984945 SteerR changed to 1.00
t=1985015 SteerR changed to 0.00
t=1985885 SteerL changed to -1.00
t=1985925 SteerL changed to 0.00
T: 1890.00s | Pos: (483, -inf, -15798338) | Spd: 60132 km/h | Yaw: 1.57 | Steer: 0.00
t=1988945 Gas changed to 0.00
t=1989165 SteerR changed to 1.00
t=1991875 Gas changed to 1.00
t=1992185 SteerR changed to 0.00
t=1992435 SteerL changed to -1.00
t=1992495 SteerL changed to 0.00
T: 1895.00s | Pos: (483, -inf, -15881838) | Spd: 60206 km/h | Yaw: 1.57 | Steer: 0.00
t=1994945 SteerR changed to 1.00
t=1995165 SteerR changed to 0.00
t=1995325 SteerR changed to 1.00
t=1995405 SteerR changed to 0.00
t=1995485 SteerR changed to 1.00
t=1996305 SteerR changed to 0.00
t=1997055 SteerL changed to -1.00
t=1997105 SteerL changed to 0.00
t=1997195 Gas changed to 0.00
t=1997335 SteerR changed to 1.00
T: 1900.00s | Pos: (483, -inf, -15965578) | Spd: 60367 km/h | Yaw: 1.57 | Steer: 1.00
t=1997945 Gas changed to 1.00
t=1998115 SteerR changed to 0.00
t=1998315 SteerL changed to -1.00
t=1998615 Gas changed to 0.00
t=1999415 Gas changed to 1.00
t=2000755 SteerL changed to 0.00
t=2001175 SteerL changed to -1.00
t=2001245 SteerL changed to 0.00
t=2001355 SteerL changed to -1.00
t=2001425 SteerL changed to 0.00
t=2001675 SteerR changed to 1.00
t=2001895 SteerR changed to 0.00
T: 1905.00s | Pos: (483, -inf, -16049578) | Spd: 60509 km/h | Yaw: 1.57 | Steer: 0.00
t=2002795 SteerL changed to -1.00
t=2003065 SteerL changed to 0.00
t=2003105 Gas changed to 0.00
t=2003255 SteerR changed to 1.00
t=2004105 Gas changed to 1.00
t=2005425 SteerR changed to 0.00
t=2006135 SteerL changed to -1.00
t=2006325 SteerL changed to 0.00
T: 1910.00s | Pos: (483, -inf, -16133578) | Spd: 60653 km/h | Yaw: 1.57 | Steer: 0.00
t=2007755 SteerL changed to -1.00
t=2007915 SteerL changed to 0.00
t=2008035 SteerL changed to -1.00
t=2008365 SteerL changed to 0.00
t=2008565 SteerL changed to -1.00
t=2009235 SteerL changed to 0.00
t=2009425 SteerR changed to 1.00
t=2009595 Gas changed to 0.00
t=2009905 Gas changed to 1.00
T: 1915.00s | Pos: (483, -inf, -16218059) | Spd: 60821 km/h | Yaw: 1.57 | Steer: 1.00
t=2012735 SteerR changed to 0.00
t=2013165 SteerL changed to -1.00
t=2013315 SteerL changed to 0.00
t=2013545 SteerL changed to -1.00
t=2014135 SteerL changed to 0.00
t=2014495 SteerR changed to 1.00
t=2015145 SteerR changed to 0.00
t=2015395 SteerR changed to 1.00
t=2015445 SteerR changed to 0.00
t=2016605 Gas changed to 0.00
t=2016615 SteerL changed to -1.00
t=2017395 Gas changed to 1.00
T: 1920.00s | Pos: (483, -inf, -16302559) | Spd: 60972 km/h | Yaw: 1.57 | Steer: -1.00
t=2018585 SteerL changed to 0.00
t=2019035 SteerR changed to 1.00
t=2019395 Gas changed to 0.00
t=2019505 Gas changed to 1.00
t=2020125 SteerR changed to 0.00
t=2020255 SteerR changed to 1.00
t=2020395 SteerR changed to 0.00
t=2020505 SteerR changed to 1.00
t=2021375 SteerR changed to 0.00
T: 1925.00s | Pos: (483, -inf, -16387426) | Spd: 61147 km/h | Yaw: 1.57 | Steer: 0.00
t=2024475 SteerR changed to 1.00
t=2024665 SteerR changed to 0.00
t=2024775 SteerR changed to 1.00
t=2024965 SteerR changed to 0.00
t=2025415 SteerL changed to -1.00
t=2025725 SteerL changed to 0.00
t=2026835 Gas changed to 0.00
t=2026865 SteerR changed to 1.00
T: 1930.00s | Pos: (483, -inf, -16472426) | Spd: 61295 km/h | Yaw: 1.57 | Steer: 1.00
t=2027875 Gas changed to 1.00
t=2028335 SteerR changed to 0.00
t=2028745 SteerR changed to 1.00
t=2028875 SteerR changed to 0.00
t=2028975 SteerR changed to 1.00
t=2029365 SteerR changed to 0.00
t=2029505 SteerR changed to 1.00
t=2029725 SteerR changed to 0.00
t=2029835 SteerR changed to 1.00
t=2030425 SteerR changed to 0.00
t=2030595 SteerR changed to 1.00
t=2030755 SteerR changed to 0.00
t=2031155 SteerR changed to 1.00
t=2031215 SteerR changed to 0.00
T: 1935.00s | Pos: (483, -inf, -16557674) | Spd: 61468 km/h | Yaw: 1.57 | Steer: 0.00
t=2034935 SteerL changed to -1.00
t=2035005 SteerL changed to 0.00
T: 1940.00s | Pos: (483, -inf, -16643174) | Spd: 61648 km/h | Yaw: 1.57 | Steer: 0.00
t=2040085 SteerR changed to 1.00
t=2040865 Gas changed to 0.00
t=2041005 Gas changed to 1.00
t=2041985 SteerR changed to 0.00
t=2042565 SteerR changed to 1.00
t=2042655 SteerR changed to 0.00
T: 1945.00s | Pos: (483, -inf, -16728918) | Spd: 61822 km/h | Yaw: 1.57 | Steer: 0.00
t=2043105 SteerR changed to 1.00
t=2045125 SteerR changed to 0.00
t=2045755 SteerL changed to -1.00
t=2045805 SteerL changed to 0.00
T: 1950.00s | Pos: (483, -inf, -16814918) | Spd: 62001 km/h | Yaw: 1.57 | Steer: 0.00
t=2047945 Gas changed to 0.00
t=2048275 Gas changed to 1.00
t=2048875 Gas changed to 0.00
t=2048955 SteerR changed to 1.00
t=2052385 Gas changed to 1.00
t=2052465 SteerR changed to 0.00
T: 1955.00s | Pos: (483, -inf, -16900918) | Spd: 62043 km/h | Yaw: 1.57 | Steer: 0.00
t=2054125 SteerL changed to -1.00
t=2054235 SteerL changed to 0.00
t=2055665 SteerR changed to 1.00
t=2056805 SteerR changed to 0.00
t=2057205 SteerL changed to -1.00
t=2057335 SteerL changed to 0.00
t=2057645 Gas changed to 0.00
t=2057675 SteerR changed to 1.00
T: 1960.00s | Pos: (483, -inf, -16986918) | Spd: 62220 km/h | Yaw: 1.57 | Steer: 1.00
t=2058175 Gas changed to 1.00
t=2058485 SteerR changed to 0.00
t=2058675 SteerL changed to -1.00
t=2058785 Gas changed to 0.00
t=2060065 Gas changed to 1.00
t=2061045 SteerL changed to 0.00
t=2062685 SteerR changed to 1.00
T: 1965.00s | Pos: (483, -inf, -17073236) | Spd: 62337 km/h | Yaw: 1.57 | Steer: 1.00
t=2062775 SteerR changed to 0.00
t=2063465 SteerL changed to -1.00
t=2063765 SteerL changed to 0.00
t=2063825 Gas changed to 0.00
t=2064035 SteerR changed to 1.00
t=2064935 Gas changed to 1.00
t=2066115 SteerR changed to 0.00
t=2067225 SteerL changed to -1.00
t=2067345 SteerL changed to 0.00
T: 1970.00s | Pos: (483, -inf, -17160236) | Spd: 62476 km/h | Yaw: 1.57 | Steer: 0.00
t=2068695 SteerL changed to -1.00
t=2068985 SteerL changed to 0.00
t=2069125 SteerL changed to -1.00
t=2069285 SteerL changed to 0.00
t=2069385 SteerL changed to -1.00
t=2069555 SteerL changed to 0.00
t=2069645 SteerL changed to -1.00
t=2070095 SteerL changed to 0.00
t=2070315 SteerR changed to 1.00
t=2070535 Gas changed to 0.00
t=2070955 Gas changed to 1.00
t=2071455 SteerR changed to 0.00
t=2071515 SteerR changed to 1.00
T: 1975.00s | Pos: (483, -inf, -17247236) | Spd: 62640 km/h | Yaw: 1.57 | Steer: 1.00
t=2073465 SteerR changed to 0.00
t=2074435 SteerL changed to -1.00
t=2074975 SteerL changed to 0.00
t=2075535 SteerR changed to 1.00
t=2076115 SteerR changed to 0.00
t=2077695 Gas changed to 0.00
T: 1980.00s | Pos: (483, -inf, -17334236) | Spd: 62819 km/h | Yaw: 1.57 | Steer: 0.00
t=2077725 SteerL changed to -1.00
t=2078175 Gas changed to 1.00
t=2078785 SteerL changed to 0.00
t=2079205 SteerL changed to -1.00
t=2079395 SteerL changed to 0.00
t=2080035 SteerR changed to 1.00
t=2082015 SteerR changed to 0.00
t=2082435 SteerR changed to 1.00
t=2082495 SteerR changed to 0.00
T: 1985.00s | Pos: (483, -inf, -17421236) | Spd: 62982 km/h | Yaw: 1.57 | Steer: 0.00
t=2082985 SteerL changed to -1.00
t=2083405 SteerL changed to 0.00
t=2084525 SteerL changed to -1.00
t=2084605 SteerL changed to 0.00
t=2085215 SteerR changed to 1.00
t=2085615 SteerR changed to 0.00
t=2085875 SteerL changed to -1.00
t=2086275 SteerL changed to 0.00
t=2086535 SteerR changed to 1.00
t=2086575 SteerR changed to 0.00
t=2087205 Gas changed to 0.00
t=2087445 SteerR changed to 1.00
t=2087625 Gas changed to 1.00
T: 1990.00s | Pos: (483, -inf, -17509138) | Spd: 63146 km/h | Yaw: 1.57 | Steer: 1.00
t=2088545 Gas changed to 0.00
t=2088685 Gas changed to 1.00
t=2088845 SteerR changed to 0.00
t=2089105 SteerR changed to 1.00
t=2089265 SteerR changed to 0.00
t=2089375 SteerR changed to 1.00
t=2089565 SteerR changed to 0.00
t=2089665 SteerR changed to 1.00
t=2090575 Gas changed to 0.00
t=2090885 Gas changed to 1.00
t=2091845 SteerR changed to 0.00
T: 1995.00s | Pos: (483, -inf, -17597138) | Spd: 63309 km/h | Yaw: 1.57 | Steer: 0.00
t=2096105 SteerL changed to -1.00
t=2096425 SteerL changed to 0.00
T: 2000.00s | Pos: (483, -inf, -17685138) | Spd: 63488 km/h | Yaw: 1.57 | Steer: 0.00
t=2098145 SteerR changed to 1.00
t=2098535 SteerR changed to 0.00
T: 2005.00s | Pos: (483, -inf, -17773138) | Spd: 63668 km/h | Yaw: 1.57 | Steer: 0.00
t=2103375 SteerR changed to 1.00
t=2104215 SteerR changed to 0.00
t=2104305 SteerR changed to 1.00
t=2105315 SteerR changed to 0.00
t=2105725 SteerR changed to 1.00
t=2105785 SteerR changed to 0.00
T: 2010.00s | Pos: (483, -inf, -17861850) | Spd: 63847 km/h | Yaw: 1.57 | Steer: 0.00
t=2108155 SteerL changed to -1.00
t=2108225 SteerL changed to 0.00
t=2108595 SteerR changed to 1.00
t=2108745 SteerR changed to 0.00
t=2108845 SteerR changed to 1.00
t=2109035 SteerR changed to 0.00
t=2109315 SteerL changed to -1.00
t=2109595 SteerL changed to 0.00
t=2110445 Gas changed to 0.00
t=2110465 SteerR changed to 1.00
t=2110915 Gas changed to 1.00
T: 2015.00s | Pos: (483, -inf, -17950850) | Spd: 64009 km/h | Yaw: 1.57 | Steer: 1.00
t=2112775 Gas changed to 0.00
t=2113135 Gas changed to 1.00
t=2114115 SteerR changed to 0.00
T: 2020.00s | Pos: (483, -inf, -18039850) | Spd: 64176 km/h | Yaw: 1.57 | Steer: 0.00
t=2118015 SteerR changed to 1.00
t=2118105 SteerR changed to 0.00
t=2121075 SteerL changed to -1.00
t=2121205 SteerL changed to 0.00
t=2121985 SteerR changed to 1.00
t=2122125 SteerR changed to 0.00
T: 2025.00s | Pos: (483, -inf, -18128850) | Spd: 64355 km/h | Yaw: 1.57 | Steer: 0.00
t=2122995 SteerR changed to 1.00
t=2123445 SteerR changed to 0.00
t=2123555 SteerR changed to 1.00
t=2124865 SteerR changed to 0.00
t=2125195 SteerR changed to 1.00
t=2125255 SteerR changed to 0.00
t=2125815 SteerR changed to 1.00
t=2126595 Gas changed to 0.00
t=2126945 Gas changed to 1.00
T: 2030.00s | Pos: (483, -inf, -18218380) | Spd: 64522 km/h | Yaw: 1.57 | Steer: 1.00
t=2127925 SteerR changed to 0.00
t=2128225 SteerL changed to -1.00
t=2128285 SteerL changed to 0.00
t=2132175 Gas changed to 0.00
t=2132435 SteerR changed to 1.00
T: 2035.00s | Pos: (483, -inf, -18308380) | Spd: 64682 km/h | Yaw: 1.57 | Steer: 1.00
t=2134415 Gas changed to 1.00
t=2135005 SteerR changed to 0.00
t=2136715 SteerR changed to 1.00
t=2137155 SteerR changed to 0.00
T: 2040.00s | Pos: (483, -inf, -18398380) | Spd: 64800 km/h | Yaw: 1.57 | Steer: 0.00
t=2137985 SteerR changed to 1.00
t=2138935 SteerR changed to 0.00
t=2139405 SteerL changed to -1.00
t=2139545 SteerL changed to 0.00
t=2139925 Gas changed to 0.00
t=2139925 SteerR changed to 1.00
t=2140745 Gas changed to 1.00
t=2140795 SteerR changed to 0.00
t=2140915 SteerL changed to -1.00
t=2141045 Gas changed to 0.00
t=2141425 Gas changed to 1.00
t=2142015 Gas changed to 0.00
t=2142265 Gas changed to 1.00
T: 2045.00s | Pos: (483, -inf, -18488380) | Spd: 64927 km/h | Yaw: 1.57 | Steer: -1.00
t=2143675 SteerL changed to 0.00
t=2144115 SteerR changed to 1.00
t=2144355 SteerR changed to 0.00
t=2144475 SteerR changed to 1.00
t=2144645 SteerR changed to 0.00
t=2145255 SteerL changed to -1.00
t=2145735 SteerL changed to 0.00
t=2145755 Gas changed to 0.00
t=2145815 SteerR changed to 1.00
t=2147015 Gas changed to 1.00
T: 2050.00s | Pos: (483, -inf, -18578380) | Spd: 65061 km/h | Yaw: 1.57 | Steer: 1.00
t=2147955 SteerR changed to 0.00
t=2148265 SteerR changed to 1.00
t=2148375 SteerR changed to 0.00
t=2149015 SteerL changed to -1.00
t=2149285 SteerL changed to 0.00
t=2150875 SteerL changed to -1.00
t=2151165 SteerL changed to 0.00
t=2151245 SteerL changed to -1.00
t=2151495 SteerL changed to 0.00
t=2151575 SteerL changed to -1.00
t=2152105 SteerL changed to 0.00
t=2152275 SteerR changed to 1.00
t=2152545 Gas changed to 0.00
T: 2055.00s | Pos: (483, -inf, -18668834) | Spd: 65235 km/h | Yaw: 1.57 | Steer: 1.00
t=2152885 Gas changed to 1.00
t=2154335 SteerR changed to 0.00
t=2154415 SteerR changed to 1.00
t=2155595 SteerR changed to 0.00
t=2156365 SteerL changed to -1.00
t=2157065 SteerL changed to 0.00
t=2157475 SteerR changed to 1.00
T: 2060.00s | Pos: (483, -inf, -18759834) | Spd: 65408 km/h | Yaw: 1.57 | Steer: 1.00
t=2158115 SteerR changed to 0.00
t=2161935 SteerR changed to 1.00
t=2162145 Gas changed to 0.00
t=2162475 Gas changed to 1.00
T: 2065.00s | Pos: (483, -inf, -18850834) | Spd: 65575 km/h | Yaw: 1.57 | Steer: 1.00
t=2163335 Gas changed to 0.00
t=2163505 Gas changed to 1.00
t=2163835 SteerR changed to 0.00
t=2164065 SteerL changed to -1.00
t=2164145 SteerL changed to 0.00
t=2164955 SteerR changed to 1.00
t=2165585 SteerR changed to 0.00
t=2166765 SteerR changed to 1.00
t=2166895 SteerR changed to 0.00
t=2167285 SteerR changed to 1.00
t=2167555 SteerR changed to 0.00
T: 2070.00s | Pos: (483, -inf, -18941834) | Spd: 65749 km/h | Yaw: 1.57 | Steer: 0.00
t=2168035 SteerL changed to -1.00
t=2168285 SteerL changed to 0.00
t=2168685 SteerL changed to -1.00
t=2168735 SteerL changed to 0.00
t=2169955 SteerR changed to 1.00
t=2169985 Gas changed to 0.00
t=2170165 Gas changed to 1.00
t=2171655 SteerR changed to 0.00
t=2171885 SteerR changed to 1.00
t=2172015 SteerR changed to 0.00
t=2172115 SteerR changed to 1.00
T: 2075.00s | Pos: (483, -inf, -19033068) | Spd: 65921 km/h | Yaw: 1.57 | Steer: 1.00
t=2173185 SteerR changed to 0.00
t=2173505 SteerR changed to 1.00
t=2173625 SteerR changed to 0.00
T: 2080.00s | Pos: (483, -inf, -19125068) | Spd: 66101 km/h | Yaw: 1.57 | Steer: 0.00
t=2179315 SteerR changed to 1.00
t=2179385 SteerR changed to 0.00
t=2180045 SteerL changed to -1.00
t=2180125 SteerL changed to 0.00
t=2180575 SteerR changed to 1.00
t=2180655 SteerR changed to 0.00
t=2181545 SteerR changed to 1.00
t=2182005 SteerR changed to 0.00
t=2182105 SteerR changed to 1.00
t=2182525 SteerR changed to 0.00
t=2182625 SteerR changed to 1.00
T: 2085.00s | Pos: (483, -inf, -19217068) | Spd: 66280 km/h | Yaw: 1.57 | Steer: 1.00
t=2183615 SteerR changed to 0.00
t=2184535 SteerR changed to 1.00
t=2184845 Gas changed to 0.00
t=2185165 Gas changed to 1.00
t=2185975 Gas changed to 0.00
t=2186085 Gas changed to 1.00
t=2186585 SteerR changed to 0.00
T: 2090.00s | Pos: (483, -inf, -19309068) | Spd: 66444 km/h | Yaw: 1.57 | Steer: 0.00
t=2191055 SteerL changed to -1.00
t=2191155 Gas changed to 0.00
t=2191185 SteerL changed to 0.00
t=2191335 SteerR changed to 1.00
T: 2095.00s | Pos: (483, -inf, -19401068) | Spd: 66568 km/h | Yaw: 1.57 | Steer: 1.00
t=2193355 Gas changed to 1.00
t=2193945 SteerR changed to 0.00
t=2196925 SteerR changed to 1.00
T: 2100.00s | Pos: (483, -inf, -19493760) | Spd: 66724 km/h | Yaw: 1.57 | Steer: 1.00
t=2198215 SteerR changed to 0.00
t=2198745 SteerL changed to -1.00
t=2198965 SteerL changed to 0.00
t=2199185 Gas changed to 0.00
t=2199215 SteerR changed to 1.00
t=2200025 Gas changed to 1.00
t=2200135 SteerR changed to 0.00
t=2200275 SteerL changed to -1.00
t=2200435 Gas changed to 0.00
t=2201355 Gas changed to 1.00
t=2202685 SteerL changed to 0.00
T: 2105.00s | Pos: (483, -inf, -19586760) | Spd: 66840 km/h | Yaw: 1.57 | Steer: 0.00
t=2203875 SteerR changed to 1.00
t=2203975 SteerR changed to 0.00
t=2205205 SteerL changed to -1.00
t=2205365 SteerL changed to 0.00
t=2205395 Gas changed to 0.00
t=2205535 SteerR changed to 1.00
t=2206025 SteerR changed to 0.00
t=2206095 SteerR changed to 1.00
t=2206675 Gas changed to 1.00
t=2207545 SteerR changed to 0.00
T: 2110.00s | Pos: (483, -inf, -19679760) | Spd: 66973 km/h | Yaw: 1.57 | Steer: 0.00
t=2208635 SteerL changed to -1.00
t=2208815 SteerL changed to 0.00
t=2210215 SteerL changed to -1.00
t=2210415 SteerL changed to 0.00
t=2210665 SteerL changed to -1.00
t=2210815 SteerL changed to 0.00
t=2210885 SteerL changed to -1.00
t=2211265 SteerL changed to 0.00
t=2211365 SteerL changed to -1.00
t=2211615 SteerL changed to 0.00
t=2212005 SteerR changed to 1.00
t=2212185 Gas changed to 0.00
t=2212505 Gas changed to 1.00
T: 2115.00s | Pos: (483, -inf, -19772760) | Spd: 67141 km/h | Yaw: 1.57 | Steer: 1.00
t=2215055 SteerR changed to 0.00
t=2216055 SteerL changed to -1.00
t=2216735 SteerL changed to 0.00
t=2217015 SteerR changed to 1.00
T: 2120.00s | Pos: (483, -inf, -19865766) | Spd: 67320 km/h | Yaw: 1.57 | Steer: 1.00
t=2217765 SteerR changed to 0.00
t=2218955 Gas changed to 0.00
t=2218965 SteerL changed to -1.00
t=2219605 Gas changed to 1.00
t=2220685 SteerL changed to 0.00
t=2221195 SteerR changed to 1.00
t=2221435 SteerR changed to 0.00
t=2221865 SteerR changed to 1.00
t=2222145 Gas changed to 0.00
t=2222345 Gas changed to 1.00
t=2222585 Gas changed to 0.00
T: 2125.00s | Pos: (483, -inf, -19959766) | Spd: 67465 km/h | Yaw: 1.57 | Steer: 1.00
t=2222725 Gas changed to 1.00
t=2223125 SteerR changed to 0.00
t=2223225 SteerR changed to 1.00
t=2223795 SteerR changed to 0.00
t=2227265 SteerR changed to 1.00
t=2227595 SteerR changed to 0.00
T: 2130.00s | Pos: (483, -inf, -20053766) | Spd: 67643 km/h | Yaw: 1.57 | Steer: 0.00
t=2228045 SteerL changed to -1.00
t=2228325 SteerL changed to 0.00
t=2229525 SteerR changed to 1.00
t=2229625 SteerR changed to 0.00
t=2229705 SteerR changed to 1.00
t=2229795 SteerR changed to 0.00
t=2229895 SteerR changed to 1.00
t=2230055 Gas changed to 0.00
t=2230335 Gas changed to 1.00
t=2230595 SteerR changed to 0.00
t=2230835 SteerR changed to 1.00
t=2231095 SteerR changed to 0.00
t=2231245 SteerR changed to 1.00
t=2231385 SteerR changed to 0.00
t=2231465 SteerR changed to 1.00
t=2231785 SteerR changed to 0.00
t=2231835 SteerR changed to 1.00
t=2231965 SteerR changed to 0.00
t=2232075 SteerR changed to 1.00
t=2232325 SteerR changed to 0.00
t=2232385 SteerR changed to 1.00
T: 2135.00s | Pos: (483, -inf, -20147766) | Spd: 67813 km/h | Yaw: 1.57 | Steer: 1.00
t=2233165 SteerR changed to 0.00
t=2237555 SteerR changed to 1.00
t=2237595 SteerR changed to 0.00
T: 2140.00s | Pos: (483, -inf, -20241766) | Spd: 67992 km/h | Yaw: 1.57 | Steer: 0.00
t=2242155 SteerR changed to 1.00
t=2242555 SteerR changed to 0.00
t=2242665 SteerR changed to 1.00
T: 2145.00s | Pos: (483, -inf, -20336502) | Spd: 68171 km/h | Yaw: 1.57 | Steer: 1.00
t=2244035 SteerR changed to 0.00
t=2244235 SteerR changed to 1.00
t=2244335 SteerR changed to 0.00
t=2244925 SteerR changed to 1.00
t=2245395 SteerR changed to 0.00
t=2245495 SteerR changed to 1.00
t=2245895 Gas changed to 0.00
t=2246235 Gas changed to 1.00
t=2247065 SteerR changed to 0.00
t=2247635 SteerR changed to 1.00
t=2247685 SteerR changed to 0.00
T: 2150.00s | Pos: (483, -inf, -20431502) | Spd: 68338 km/h | Yaw: 1.57 | Steer: 0.00
t=2249805 SteerL changed to -1.00
t=2250025 Gas changed to 0.00
t=2250995 Gas changed to 1.00
t=2251925 SteerL changed to 0.00
t=2252065 Gas changed to 0.00
t=2252195 SteerR changed to 1.00
T: 2155.00s | Pos: (483, -inf, -20526502) | Spd: 68460 km/h | Yaw: 1.57 | Steer: 1.00
t=2254305 Gas changed to 1.00
t=2254745 SteerR changed to 0.00
t=2255545 SteerL changed to -1.00
t=2255755 SteerL changed to 0.00
t=2256205 SteerL changed to -1.00
t=2256295 SteerL changed to 0.00
t=2257425 SteerR changed to 1.00
t=2257665 SteerR changed to 0.00
T: 2160.00s | Pos: (483, -inf, -20621502) | Spd: 68582 km/h | Yaw: 1.57 | Steer: 0.00
t=2257765 SteerR changed to 1.00
t=2257945 SteerR changed to 0.00
t=2257995 SteerR changed to 1.00
t=2258215 SteerR changed to 0.00
t=2258345 SteerR changed to 1.00
t=2258885 SteerR changed to 0.00
t=2259105 SteerL changed to -1.00
t=2259245 SteerL changed to 0.00
t=2259575 Gas changed to 0.00
t=2259585 SteerR changed to 1.00
t=2259835 SteerR changed to 0.00
t=2259945 SteerR changed to 1.00
t=2260305 Gas changed to 1.00
t=2260525 SteerR changed to 0.00
t=2260605 SteerL changed to -1.00
t=2260745 Gas changed to 0.00
t=2261465 Gas changed to 1.00
T: 2165.00s | Pos: (483, -inf, -20716502) | Spd: 68709 km/h | Yaw: 1.57 | Steer: -1.00
t=2263255 SteerL changed to 0.00
t=2263585 SteerR changed to 1.00
t=2263695 SteerR changed to 0.00
t=2263815 SteerR changed to 1.00
t=2263885 SteerR changed to 0.00
t=2264175 SteerR changed to 1.00
t=2264275 SteerR changed to 0.00
t=2264975 SteerL changed to -1.00
t=2265335 SteerL changed to 0.00
t=2265435 SteerL changed to -1.00
t=2265535 SteerL changed to 0.00
t=2265645 Gas changed to 0.00
t=2265675 SteerR changed to 1.00
t=2266735 Gas changed to 1.00
T: 2170.00s | Pos: (483, -inf, -20812222) | Spd: 68849 km/h | Yaw: 1.57 | Steer: 1.00
t=2267955 SteerR changed to 0.00
t=2269215 SteerL changed to -1.00
t=2269335 SteerL changed to 0.00
t=2270045 SteerL changed to -1.00
t=2270195 SteerL changed to 0.00
t=2270835 SteerL changed to -1.00
t=2271025 SteerL changed to 0.00
t=2271115 SteerL changed to -1.00
t=2271595 SteerL changed to 0.00
t=2271695 SteerL changed to -1.00
t=2272085 SteerL changed to 0.00
t=2272275 SteerR changed to 1.00
t=2272415 Gas changed to 0.00
T: 2175.00s | Pos: (483, -inf, -20908222) | Spd: 69018 km/h | Yaw: 1.57 | Steer: 1.00
t=2272775 Gas changed to 1.00
t=2275515 SteerR changed to 0.00
t=2276015 SteerL changed to -1.00
t=2276135 SteerL changed to 0.00
t=2276275 SteerL changed to -1.00
t=2276405 SteerL changed to 0.00
t=2276595 SteerL changed to -1.00
t=2277045 SteerL changed to 0.00
t=2277345 SteerR changed to 1.00
T: 2180.00s | Pos: (483, -inf, -21004222) | Spd: 69195 km/h | Yaw: 1.57 | Steer: 1.00
t=2277965 SteerR changed to 0.00
t=2279495 Gas changed to 0.00
t=2279575 SteerR changed to 1.00
t=2280155 Gas changed to 1.00
t=2280295 SteerR changed to 0.00
t=2281985 SteerR changed to 1.00
t=2282145 SteerR changed to 0.00
t=2282275 SteerR changed to 1.00
t=2282585 Gas changed to 0.00
T: 2185.00s | Pos: (483, -inf, -21100222) | Spd: 69346 km/h | Yaw: 1.57 | Steer: 1.00
t=2282725 Gas changed to 1.00
t=2283195 SteerR changed to 0.00
t=2283305 SteerR changed to 1.00
t=2284035 SteerR changed to 0.00
t=2284515 SteerR changed to 1.00
t=2284575 SteerR changed to 0.00
t=2285015 SteerL changed to -1.00
t=2285285 SteerL changed to 0.00
t=2286925 SteerL changed to -1.00
t=2287005 SteerL changed to 0.00
t=2287415 SteerR changed to 1.00
T: 2190.00s | Pos: (483, -inf, -21196476) | Spd: 69525 km/h | Yaw: 1.57 | Steer: 1.00
t=2287765 SteerR changed to 0.00
t=2288245 SteerL changed to -1.00
t=2288555 SteerL changed to 0.00
t=2289245 SteerR changed to 1.00
t=2289365 Gas changed to 0.00
t=2290015 Gas changed to 1.00
t=2290525 SteerR changed to 0.00
t=2291145 SteerR changed to 1.00
t=2291295 Gas changed to 0.00
t=2291465 Gas changed to 1.00
T: 2195.00s | Pos: (483, -inf, -21293476) | Spd: 69675 km/h | Yaw: 1.57 | Steer: 1.00
t=2293015 SteerR changed to 0.00
T: 2200.00s | Pos: (483, -inf, -21390476) | Spd: 69854 km/h | Yaw: 1.57 | Steer: 0.00
t=2298985 SteerL changed to -1.00
t=2299075 SteerL changed to 0.00
t=2300245 SteerR changed to 1.00
t=2300365 SteerR changed to 0.00
t=2301655 SteerR changed to 1.00
T: 2205.00s | Pos: (483, -inf, -21487476) | Spd: 70033 km/h | Yaw: 1.57 | Steer: 1.00
t=2303415 SteerR changed to 0.00
t=2303955 SteerR changed to 1.00
t=2304055 SteerR changed to 0.00
t=2304375 SteerR changed to 1.00
t=2305405 Gas changed to 0.00
t=2305555 Gas changed to 1.00
t=2306435 SteerR changed to 0.00
t=2306925 SteerR changed to 1.00
t=2306965 SteerR changed to 0.00
T: 2210.00s | Pos: (482, -inf, -21584520) | Spd: 70207 km/h | Yaw: 1.57 | Steer: 0.00
t=2307705 SteerL changed to -1.00
t=2307765 SteerL changed to 0.00
t=2309405 Gas changed to 0.00
t=2309695 Gas changed to 1.00
t=2310165 Gas changed to 0.00
t=2311315 SteerR changed to 1.00
T: 2215.00s | Pos: (482, -inf, -21682520) | Spd: 70285 km/h | Yaw: 1.57 | Steer: 1.00
t=2312755 Gas changed to 1.00
t=2313085 Gas changed to 0.00
t=2313235 Gas changed to 1.00
t=2313815 SteerR changed to 0.00
t=2316365 SteerR changed to 1.00
t=2316705 SteerR changed to 0.00
t=2316785 SteerR changed to 1.00
t=2317605 SteerR changed to 0.00
T: 2220.00s | Pos: (482, -inf, -21780520) | Spd: 70457 km/h | Yaw: 1.57 | Steer: 0.00
t=2318185 SteerL changed to -1.00
t=2318295 SteerL changed to 0.00
t=2318515 Gas changed to 0.00
t=2318645 SteerR changed to 1.00
t=2318935 SteerR changed to 0.00
t=2319015 SteerR changed to 1.00
t=2319305 Gas changed to 1.00
t=2319575 SteerR changed to 0.00
t=2319645 SteerL changed to -1.00
t=2319795 Gas changed to 0.00
t=2319905 SteerL changed to 0.00
t=2319995 SteerL changed to -1.00
t=2320555 Gas changed to 1.00
t=2322115 SteerL changed to 0.00
t=2322525 SteerL changed to -1.00
t=2322675 SteerL changed to 0.00
T: 2225.00s | Pos: (482, -inf, -21878520) | Spd: 70581 km/h | Yaw: 1.57 | Steer: 0.00
t=2323205 SteerR changed to 1.00
t=2323475 SteerR changed to 0.00
t=2324035 SteerL changed to -1.00
t=2324545 SteerL changed to 0.00
t=2324575 Gas changed to 0.00
t=2324735 SteerR changed to 1.00
t=2325875 Gas changed to 1.00
t=2326855 SteerR changed to 0.00
t=2327385 SteerL changed to -1.00
t=2327495 SteerL changed to 0.00
T: 2230.00s | Pos: (482, -inf, -21976520) | Spd: 70714 km/h | Yaw: 1.57 | Steer: 0.00
t=2328165 SteerL changed to -1.00
t=2328305 SteerL changed to 0.00
t=2329995 SteerL changed to -1.00
t=2330195 SteerL changed to 0.00
t=2330295 SteerL changed to -1.00
t=2331065 SteerL changed to 0.00
t=2331335 SteerR changed to 1.00
t=2331365 Gas changed to 0.00
t=2331645 Gas changed to 1.00
t=2331845 SteerR changed to 0.00
t=2331955 SteerR changed to 1.00
t=2332455 SteerR changed to 0.00
t=2332535 SteerR changed to 1.00
T: 2235.00s | Pos: (482, -inf, -22074520) | Spd: 70883 km/h | Yaw: 1.57 | Steer: 1.00
t=2332735 Gas changed to 0.00
t=2332985 Gas changed to 1.00
t=2334335 SteerR changed to 0.00
t=2334655 SteerR changed to 1.00
t=2334765 SteerR changed to 0.00
t=2335265 SteerR changed to 1.00
t=2335335 SteerR changed to 0.00
t=2335685 SteerL changed to -1.00
t=2335835 SteerL changed to 0.00
t=2335915 SteerL changed to -1.00
t=2336425 SteerL changed to 0.00
t=2336685 SteerR changed to 1.00
t=2337415 SteerR changed to 0.00
T: 2240.00s | Pos: (482, -inf, -22173266) | Spd: 71053 km/h | Yaw: 1.57 | Steer: 0.00
t=2337855 SteerL changed to -1.00
t=2337935 SteerL changed to 0.00
t=2338305 SteerR changed to 1.00
t=2340115 SteerR changed to 0.00
t=2340675 SteerR changed to 1.00
t=2340775 SteerR changed to 0.00
t=2341035 SteerR changed to 1.00
t=2341195 SteerR changed to 0.00
t=2341285 SteerR changed to 1.00
t=2342225 Gas changed to 0.00
t=2342585 Gas changed to 1.00
T: 2245.00s | Pos: (482, -inf, -22272266) | Spd: 71220 km/h | Yaw: 1.57 | Steer: 1.00
t=2343065 SteerR changed to 0.00
t=2343485 SteerR changed to 1.00
t=2343535 SteerR changed to 0.00
t=2346505 SteerR changed to 1.00
t=2346855 SteerR changed to 0.00
t=2347205 SteerL changed to -1.00
t=2347575 SteerL changed to 0.00
T: 2250.00s | Pos: (482, -inf, -22371266) | Spd: 71399 km/h | Yaw: 1.57 | Steer: 0.00
t=2348755 Gas changed to 0.00
t=2348795 SteerR changed to 1.00
t=2349575 Gas changed to 1.00
t=2350555 SteerR changed to 0.00
t=2350695 SteerR changed to 1.00
t=2351085 SteerR changed to 0.00
t=2351165 SteerR changed to 1.00
t=2351645 SteerR changed to 0.00
t=2351795 SteerR changed to 1.00
t=2351925 SteerR changed to 0.00
t=2352085 SteerR changed to 1.00
t=2352425 SteerR changed to 0.00
t=2352585 SteerR changed to 1.00
T: 2255.00s | Pos: (482, -inf, -22470266) | Spd: 71549 km/h | Yaw: 1.57 | Steer: 1.00
t=2352735 SteerR changed to 0.00
t=2353095 SteerL changed to -1.00
t=2353155 SteerL changed to 0.00
t=2353515 SteerR changed to 1.00
t=2354545 SteerR changed to 0.00
T: 2260.00s | Pos: (482, -inf, -22569760) | Spd: 71728 km/h | Yaw: 1.57 | Steer: 0.00
t=2358765 SteerL changed to -1.00
t=2358825 SteerL changed to 0.00
t=2360175 SteerR changed to 1.00
t=2360315 SteerR changed to 0.00
t=2361345 SteerR changed to 1.00
t=2361845 SteerR changed to 0.00
t=2361955 SteerR changed to 1.00
T: 2265.00s | Pos: (482, -inf, -22669760) | Spd: 71907 km/h | Yaw: 1.57 | Steer: 1.00
t=2363265 SteerR changed to 0.00
t=2364065 SteerR changed to 1.00
t=2364255 SteerR changed to 0.00
t=2364345 SteerR changed to 1.00
t=2364645 Gas changed to 0.00
t=2364815 Gas changed to 1.00
t=2366045 SteerR changed to 0.00
t=2366155 SteerR changed to 1.00
t=2366435 SteerR changed to 0.00
t=2366775 SteerL changed to -1.00
t=2366845 SteerL changed to 0.00
t=2367575 SteerL changed to -1.00
t=2367625 SteerL changed to 0.00
T: 2270.00s | Pos: (482, -inf, -22769760) | Spd: 72081 km/h | Yaw: 1.57 | Steer: 0.00
t=2368135 SteerR changed to 1.00
t=2368585 Gas changed to 0.00
t=2369775 Gas changed to 1.00
t=2370355 SteerR changed to 0.00
t=2370885 SteerR changed to 1.00
t=2371075 SteerR changed to 0.00
t=2371175 SteerR changed to 1.00
t=2371675 Gas changed to 0.00
T: 2275.00s | Pos: (482, -inf, -22869760) | Spd: 72180 km/h | Yaw: 1.57 | Steer: 1.00
t=2373475 Gas changed to 1.00
t=2373955 SteerR changed to 0.00
t=2376485 SteerR changed to 1.00
t=2376665 SteerR changed to 0.00
t=2376885 SteerR changed to 1.00
t=2377525 SteerR changed to 0.00
t=2377685 SteerR changed to 1.00
T: 2280.00s | Pos: (482, -inf, -22969760) | Spd: 72332 km/h | Yaw: 1.57 | Steer: 1.00
t=2377875 SteerR changed to 0.00
t=2378505 SteerR changed to 1.00
t=2378575 SteerR changed to 0.00
t=2378975 Gas changed to 0.00
t=2378975 SteerR changed to 1.00
t=2379365 Gas changed to 1.00
t=2379735 SteerR changed to 0.00
t=2379785 Gas changed to 0.00
t=2379885 SteerL changed to -1.00
t=2380845 Gas changed to 1.00
t=2382625 SteerL changed to 0.00
T: 2285.00s | Pos: (482, -inf, -23070608) | Spd: 72459 km/h | Yaw: 1.57 | Steer: 0.00
t=2383155 SteerR changed to 1.00
t=2383555 SteerR changed to 0.00
t=2384305 SteerL changed to -1.00
t=2384735 SteerL changed to 0.00
t=2384765 Gas changed to 0.00
t=2384835 SteerR changed to 1.00
t=2385915 Gas changed to 1.00
t=2387055 SteerR changed to 0.00
t=2387545 SteerL changed to -1.00
t=2387655 SteerL changed to 0.00
T: 2290.00s | Pos: (482, -inf, -23171608) | Spd: 72597 km/h | Yaw: 1.57 | Steer: 0.00
t=2387985 SteerL changed to -1.00
t=2388175 SteerL changed to 0.00
t=2389895 SteerL changed to -1.00
t=2390115 SteerL changed to 0.00
t=2390205 SteerL changed to -1.00
t=2391115 SteerL changed to 0.00
t=2391225 SteerR changed to 1.00
t=2391305 Gas changed to 0.00
t=2391725 Gas changed to 1.00
t=2392625 SteerR changed to 0.00
T: 2295.00s | Pos: (482, -inf, -23272608) | Spd: 72762 km/h | Yaw: 1.57 | Steer: 0.00
t=2392725 SteerR changed to 1.00
t=2394515 SteerR changed to 0.00
t=2395315 SteerL changed to -1.00
t=2395485 SteerL changed to 0.00
t=2395575 SteerL changed to -1.00
t=2396045 SteerL changed to 0.00
t=2396325 SteerR changed to 1.00
t=2396525 SteerR changed to 0.00
t=2396635 SteerR changed to 1.00
t=2397125 SteerR changed to 0.00
t=2397365 SteerL changed to -1.00
t=2397445 SteerL changed to 0.00
T: 2300.00s | Pos: (482, -inf, -23373608) | Spd: 72941 km/h | Yaw: 1.57 | Steer: 0.00
t=2400665 SteerR changed to 1.00
t=2400935 SteerR changed to 0.00
t=2401035 SteerR changed to 1.00
t=2401805 SteerR changed to 0.00
t=2401925 SteerR changed to 1.00
t=2402155 Gas changed to 0.00
t=2402545 Gas changed to 1.00
T: 2305.00s | Pos: (482, -inf, -23474836) | Spd: 73106 km/h | Yaw: 1.57 | Steer: 1.00
t=2402905 SteerR changed to 0.00
t=2405245 SteerL changed to -1.00
t=2405295 SteerL changed to 0.00
t=2406325 SteerR changed to 1.00
t=2406675 SteerR changed to 0.00
t=2406975 SteerL changed to -1.00
t=2407295 SteerL changed to 0.00
T: 2310.00s | Pos: (482, -inf, -23576836) | Spd: 73285 km/h | Yaw: 1.57 | Steer: 0.00
t=2408305 SteerR changed to 1.00
t=2408325 Gas changed to 0.00
t=2408575 Gas changed to 1.00
t=2409795 SteerR changed to 0.00
t=2409975 SteerR changed to 1.00
t=2410245 SteerR changed to 0.00
t=2410335 SteerR changed to 1.00
t=2410515 SteerR changed to 0.00
t=2410615 SteerR changed to 1.00
t=2411465 Gas changed to 0.00
t=2411595 Gas changed to 1.00
t=2412035 SteerR changed to 0.00
t=2412345 SteerR changed to 1.00
t=2412455 SteerR changed to 0.00
t=2412585 SteerL changed to -1.00
t=2412665 SteerL changed to 0.00
T: 2315.00s | Pos: (482, -inf, -23678836) | Spd: 73451 km/h | Yaw: 1.57 | Steer: 0.00
t=2413115 SteerR changed to 1.00
t=2415485 SteerR changed to 0.00
t=2416575 SteerL changed to -1.00
t=2416635 SteerL changed to 0.00
T: 2320.00s | Pos: (482, -inf, -23780836) | Spd: 73630 km/h | Yaw: 1.57 | Steer: 0.00
t=2420315 SteerR changed to 1.00
t=2420425 SteerR changed to 0.00
t=2420585 SteerR changed to 1.00
t=2420705 SteerR changed to 0.00
t=2420785 SteerR changed to 1.00
t=2421085 SteerR changed to 0.00
t=2421165 SteerR changed to 1.00
t=2422485 SteerR changed to 0.00
T: 2325.00s | Pos: (482, -inf, -23882894) | Spd: 73810 km/h | Yaw: 1.57 | Steer: 0.00
t=2423455 SteerR changed to 1.00
t=2423675 Gas changed to 0.00
t=2423975 Gas changed to 1.00
t=2425495 SteerR changed to 0.00
t=2425785 SteerR changed to 1.00
t=2425825 SteerR changed to 0.00
t=2426375 SteerR changed to 1.00
t=2426405 SteerR changed to 0.00
T: 2330.00s | Pos: (482, -inf, -23985894) | Spd: 73978 km/h | Yaw: 1.57 | Steer: 0.00
t=2429725 Gas changed to 0.00
t=2430135 SteerR changed to 1.00
t=2432145 Gas changed to 1.00
t=2432655 SteerR changed to 0.00
T: 2335.00s | Pos: (482, -inf, -24088894) | Spd: 74071 km/h | Yaw: 1.57 | Steer: 0.00
t=2434445 SteerL changed to -1.00
t=2434605 SteerL changed to 0.00
t=2435625 SteerR changed to 1.00
t=2435965 SteerR changed to 0.00
t=2436055 SteerR changed to 1.00
t=2436965 SteerR changed to 0.00
t=2437545 SteerL changed to -1.00
t=2437645 SteerL changed to 0.00
T: 2340.00s | Pos: (482, -inf, -24191894) | Spd: 74250 km/h | Yaw: 1.57 | Steer: 0.00
t=2437835 Gas changed to 0.00
t=2437835 SteerR changed to 1.00
t=2438615 Gas changed to 1.00
t=2438725 SteerR changed to 0.00
t=2438855 SteerL changed to -1.00
t=2438885 Gas changed to 0.00
t=2439755 Gas changed to 1.00
t=2441245 SteerL changed to 0.00
T: 2345.00s | Pos: (482, -inf, -24294894) | Spd: 74370 km/h | Yaw: 1.57 | Steer: 0.00
t=2442815 SteerR changed to 1.00
t=2442935 SteerR changed to 0.00
t=2443645 SteerL changed to -1.00
t=2443925 Gas changed to 0.00
t=2443935 SteerL changed to 0.00
t=2444035 SteerR changed to 1.00
t=2444965 Gas changed to 1.00
t=2446135 SteerR changed to 0.00
t=2447155 SteerL changed to -1.00
t=2447335 SteerL changed to 0.00
T: 2350.00s | Pos: (482, -inf, -24397894) | Spd: 74512 km/h | Yaw: 1.57 | Steer: 0.00
t=2448405 SteerL changed to -1.00
t=2448535 SteerL changed to 0.00
t=2448865 SteerL changed to -1.00
t=2448975 SteerL changed to 0.00
t=2449085 SteerL changed to -1.00
t=2449275 SteerL changed to 0.00
t=2449345 SteerL changed to -1.00
t=2449485 SteerL changed to 0.00
t=2449565 SteerL changed to -1.00
t=2450005 SteerL changed to 0.00
t=2450235 SteerR changed to 1.00
t=2450505 Gas changed to 0.00
t=2450685 Gas changed to 1.00
t=2452075 Gas changed to 0.00
t=2452285 Gas changed to 1.00
T: 2355.00s | Pos: (482, -inf, -24501854) | Spd: 74678 km/h | Yaw: 1.57 | Steer: 1.00
t=2452855 Gas changed to 0.00
t=2452985 Gas changed to 1.00
t=2453515 SteerR changed to 0.00
t=2454015 SteerL changed to -1.00
t=2454215 SteerL changed to 0.00
t=2454355 SteerL changed to -1.00
t=2454495 SteerL changed to 0.00
t=2454605 SteerL changed to -1.00
t=2454985 SteerL changed to 0.00
t=2455515 SteerR changed to 1.00
t=2456075 SteerR changed to 0.00
T: 2360.00s | Pos: (482, -inf, -24605854) | Spd: 74852 km/h | Yaw: 1.57 | Steer: 0.00
t=2459925 SteerR changed to 1.00
t=2460145 Gas changed to 0.00
t=2460275 Gas changed to 1.00
t=2460905 SteerR changed to 0.00
t=2460945 SteerR changed to 1.00
t=2461075 SteerR changed to 0.00
t=2461145 SteerR changed to 1.00
t=2461895 SteerR changed to 0.00
t=2462275 SteerR changed to 1.00
t=2462315 SteerR changed to 0.00
T: 2365.00s | Pos: (482, -inf, -24709854) | Spd: 75027 km/h | Yaw: 1.57 | Steer: 0.00
t=2465015 SteerR changed to 1.00
t=2465295 SteerR changed to 0.00
t=2465575 SteerL changed to -1.00
t=2465885 SteerL changed to 0.00
t=2466195 SteerR changed to 1.00
t=2466265 SteerR changed to 0.00
t=2466525 SteerL changed to -1.00
T: 2370.00s | Pos: (482, -inf, -24813854) | Spd: 75206 km/h | Yaw: 1.57 | Steer: -1.00
t=2467795 SteerL changed to 0.00
t=2468785 SteerR changed to 1.00
t=2469095 Gas changed to 0.00
t=2469255 Gas changed to 1.00
t=2469995 SteerR changed to 0.00
t=2470235 SteerR changed to 1.00
t=2470405 SteerR changed to 0.00
t=2470565 SteerR changed to 1.00
t=2470675 SteerR changed to 0.00
T: 2375.00s | Pos: (482, -inf, -24918668) | Spd: 75380 km/h | Yaw: 1.57 | Steer: 0.00
t=2474455 SteerL changed to -1.00
t=2474575 SteerL changed to 0.00
T: 2380.00s | Pos: (482, -inf, -25023668) | Spd: 75559 km/h | Yaw: 1.57 | Steer: 0.00
t=2478145 SteerR changed to 1.00
t=2478225 SteerR changed to 0.00
t=2479035 SteerR changed to 1.00
t=2479665 SteerR changed to 0.00
t=2479805 SteerR changed to 1.00
t=2479955 SteerR changed to 0.00
t=2480055 SteerR changed to 1.00
t=2480345 Gas changed to 0.00
t=2480485 Gas changed to 1.00
t=2481125 SteerR changed to 0.00
t=2481515 SteerL changed to -1.00
t=2481625 SteerL changed to 0.00
t=2481875 SteerR changed to 1.00
t=2482345 SteerR changed to 0.00
t=2482455 SteerR changed to 1.00
t=2482665 Gas changed to 0.00
T: 2385.00s | Pos: (482, -inf, -25128668) | Spd: 75732 km/h | Yaw: 1.57 | Steer: 1.00
t=2482825 Gas changed to 1.00
t=2483115 Gas changed to 0.00
t=2483305 Gas changed to 1.00
t=2484135 SteerR changed to 0.00
t=2484375 SteerR changed to 1.00
t=2484415 SteerR changed to 0.00
t=2485575 SteerL changed to -1.00
t=2485635 SteerL changed to 0.00
t=2486045 SteerR changed to 1.00
t=2487475 SteerR changed to 0.00
T: 2390.00s | Pos: (482, -inf, -25233668) | Spd: 75900 km/h | Yaw: 1.57 | Steer: 0.00
t=2488495 Gas changed to 0.00
t=2488905 SteerR changed to 1.00
t=2491455 Gas changed to 1.00
t=2491565 SteerR changed to 0.00
T: 2395.00s | Pos: (482, -inf, -25338744) | Spd: 75973 km/h | Yaw: 1.57 | Steer: 0.00
t=2494495 SteerR changed to 1.00
t=2494785 SteerR changed to 0.00
t=2494885 SteerR changed to 1.00
t=2495685 SteerR changed to 0.00
t=2496335 SteerL changed to -1.00
t=2496395 SteerL changed to 0.00
t=2496475 Gas changed to 0.00
t=2496525 SteerR changed to 1.00
t=2496725 SteerR changed to 0.00
t=2496835 SteerR changed to 1.00
t=2497285 Gas changed to 1.00
t=2497415 SteerR changed to 0.00
t=2497495 SteerL changed to -1.00
t=2497555 Gas changed to 0.00
T: 2400.00s | Pos: (482, -inf, -25444744) | Spd: 76118 km/h | Yaw: 1.57 | Steer: -1.00
t=2497715 SteerL changed to 0.00
t=2497745 SteerL changed to -1.00
t=2497935 SteerL changed to 0.00
t=2498085 SteerL changed to -1.00
t=2498315 Gas changed to 1.00
t=2500115 SteerL changed to 0.00
t=2500375 SteerL changed to -1.00
t=2500485 SteerL changed to 0.00
t=2501095 SteerR changed to 1.00
t=2501305 SteerR changed to 0.00
t=2502215 SteerL changed to -1.00
t=2502465 Gas changed to 0.00
t=2502465 SteerL changed to 0.00
t=2502575 SteerR changed to 1.00
T: 2405.00s | Pos: (482, -inf, -25550744) | Spd: 76267 km/h | Yaw: 1.57 | Steer: 1.00
t=2503595 Gas changed to 1.00
t=2504775 SteerR changed to 0.00
t=2505715 SteerL changed to -1.00
t=2505875 SteerL changed to 0.00
t=2506605 SteerL changed to -1.00
t=2506735 SteerL changed to 0.00
t=2507365 SteerL changed to -1.00
t=2507495 SteerL changed to 0.00
t=2507635 SteerL changed to -1.00
T: 2410.00s | Pos: (482, -inf, -25656744) | Spd: 76414 km/h | Yaw: 1.57 | Steer: -1.00
t=2507945 SteerL changed to 0.00
t=2508005 SteerL changed to -1.00
t=2508145 SteerL changed to 0.00
t=2508235 SteerL changed to -1.00
t=2508705 SteerL changed to 0.00
t=2508845 SteerR changed to 1.00
t=2509195 Gas changed to 0.00
t=2509565 Gas changed to 1.00
t=2512095 SteerR changed to 0.00
T: 2415.00s | Pos: (482, -inf, -25762744) | Spd: 76580 km/h | Yaw: 1.57 | Steer: 0.00
t=2512775 SteerL changed to -1.00
t=2512935 SteerL changed to 0.00
t=2513075 SteerL changed to -1.00
t=2513635 SteerL changed to 0.00
t=2513855 SteerR changed to 1.00
t=2514265 SteerR changed to 0.00
t=2514395 SteerR changed to 1.00
t=2514725 SteerR changed to 0.00
t=2516225 Gas changed to 0.00
t=2516255 SteerL changed to -1.00
t=2516825 Gas changed to 1.00
T: 2420.00s | Pos: (482, -inf, -25869192) | Spd: 76738 km/h | Yaw: 1.57 | Steer: -1.00
t=2517915 SteerL changed to 0.00
t=2518845 SteerR changed to 1.00
t=2519205 Gas changed to 0.00
t=2519505 Gas changed to 1.00
t=2519815 Gas changed to 0.00
t=2519945 Gas changed to 1.00
t=2520705 SteerR changed to 0.00
t=2521195 SteerL changed to -1.00
t=2521205 SteerL changed to 0.00
T: 2425.00s | Pos: (482, -inf, -25976192) | Spd: 76902 km/h | Yaw: 1.57 | Steer: 0.00
t=2523795 SteerR changed to 1.00
t=2523945 SteerR changed to 0.00
t=2524165 SteerR changed to 1.00
t=2524275 SteerR changed to 0.00
t=2524585 SteerR changed to 1.00
t=2524745 SteerR changed to 0.00
t=2525315 SteerL changed to -1.00
t=2525605 SteerL changed to 0.00
T: 2430.00s | Pos: (482, -inf, -26083192) | Spd: 77081 km/h | Yaw: 1.57 | Steer: 0.00
t=2528395 SteerR changed to 1.00
t=2528485 SteerR changed to 0.00
t=2528695 SteerR changed to 1.00
t=2530185 SteerR changed to 0.00
t=2530505 SteerR changed to 1.00
t=2530615 SteerR changed to 0.00
T: 2435.00s | Pos: (482, -inf, -26190192) | Spd: 77260 km/h | Yaw: 1.57 | Steer: 0.00
t=2534585 SteerL changed to -1.00
t=2534685 SteerL changed to 0.00
T: 2440.00s | Pos: (482, -inf, -26297418) | Spd: 77440 km/h | Yaw: 1.57 | Steer: 0.00
t=2538485 SteerR changed to 1.00
t=2538555 SteerR changed to 0.00
t=2538875 SteerR changed to 1.00
t=2540645 SteerR changed to 0.00
t=2541565 SteerR changed to 1.00
t=2541935 Gas changed to 0.00
t=2542075 Gas changed to 1.00
t=2542435 SteerR changed to 0.00
t=2542455 SteerR changed to 1.00
T: 2445.00s | Pos: (482, -inf, -26405418) | Spd: 77614 km/h | Yaw: 1.57 | Steer: 1.00
t=2543695 SteerR changed to 0.00
t=2547185 Gas changed to 0.00
T: 2450.00s | Pos: (482, -inf, -26513418) | Spd: 77775 km/h | Yaw: 1.57 | Steer: 0.00
t=2548265 SteerR changed to 1.00
t=2549675 Gas changed to 1.00
t=2550455 SteerR changed to 0.00
t=2550685 SteerR changed to 1.00
t=2551065 SteerR changed to 0.00
t=2551345 SteerL changed to -1.00
t=2551455 SteerL changed to 0.00
t=2551605 SteerL changed to -1.00
T: 2455.00s | Pos: (482, -inf, -26621418) | Spd: 77883 km/h | Yaw: 1.57 | Steer: -1.00
t=2552805 SteerL changed to 0.00
t=2553235 SteerL changed to -1.00
t=2553325 SteerL changed to 0.00
t=2553655 SteerR changed to 1.00
t=2554165 SteerR changed to 0.00
t=2554275 SteerR changed to 1.00
t=2554905 SteerR changed to 0.00
t=2555185 SteerR changed to 1.00
t=2555275 SteerR changed to 0.00
t=2555455 SteerL changed to -1.00
t=2555555 SteerL changed to 0.00
t=2555755 Gas changed to 0.00
t=2555835 SteerR changed to 1.00
t=2556135 Gas changed to 1.00
t=2556615 SteerR changed to 0.00
t=2556725 SteerL changed to -1.00
t=2556795 Gas changed to 0.00
T: 2460.00s | Pos: (482, -inf, -26729418) | Spd: 78016 km/h | Yaw: 1.57 | Steer: -1.00
t=2557755 Gas changed to 1.00
t=2559495 SteerL changed to 0.00
t=2559995 SteerR changed to 1.00
t=2560395 SteerR changed to 0.00
t=2561105 SteerL changed to -1.00
t=2561555 SteerL changed to 0.00
t=2561605 Gas changed to 0.00
t=2561635 SteerR changed to 1.00
T: 2465.00s | Pos: (482, -inf, -26837834) | Spd: 78154 km/h | Yaw: 1.57 | Steer: 1.00
t=2562855 Gas changed to 1.00
t=2563855 SteerR changed to 0.00
t=2565285 SteerL changed to -1.00
t=2565415 SteerL changed to 0.00
t=2566835 SteerL changed to -1.00
t=2567365 SteerL changed to 0.00
t=2567465 SteerL changed to -1.00
T: 2470.00s | Pos: (482, -inf, -26946834) | Spd: 78328 km/h | Yaw: 1.57 | Steer: -1.00
t=2567835 SteerL changed to 0.00
t=2568215 SteerR changed to 1.00
t=2569375 Gas changed to 0.00
t=2569735 Gas changed to 1.00
t=2571325 SteerR changed to 0.00
t=2572245 SteerL changed to -1.00
t=2572415 SteerL changed to 0.00
t=2572495 SteerL changed to -1.00
T: 2475.00s | Pos: (482, -inf, -27055834) | Spd: 78495 km/h | Yaw: 1.57 | Steer: -1.00
t=2572945 SteerL changed to 0.00
t=2573385 SteerR changed to 1.00
t=2574005 SteerR changed to 0.00
t=2574355 SteerL changed to -1.00
t=2574415 SteerL changed to 0.00
t=2575615 SteerR changed to 1.00
t=2575645 Gas changed to 0.00
t=2575795 Gas changed to 1.00
t=2576705 SteerR changed to 0.00
t=2577305 SteerR changed to 1.00
t=2577365 SteerR changed to 0.00
T: 2480.00s | Pos: (482, -inf, -27164834) | Spd: 78669 km/h | Yaw: 1.57 | Steer: 0.00
t=2577805 SteerR changed to 1.00
t=2578075 Gas changed to 0.00
t=2578225 Gas changed to 1.00
t=2578585 SteerR changed to 0.00
t=2578705 SteerR changed to 1.00
t=2578965 SteerR changed to 0.00
t=2579035 SteerR changed to 1.00
t=2579165 Gas changed to 0.00
t=2579265 Gas changed to 1.00
t=2579895 SteerR changed to 0.00
T: 2485.00s | Pos: (482, -inf, -27273834) | Spd: 78839 km/h | Yaw: 1.57 | Steer: 0.00
t=2583035 SteerR changed to 1.00
t=2583355 SteerR changed to 0.00
t=2583735 SteerL changed to -1.00
t=2584045 SteerL changed to 0.00
t=2584885 SteerR changed to 1.00
t=2584945 Gas changed to 0.00
t=2585255 Gas changed to 1.00
t=2585745 Gas changed to 0.00
t=2586095 Gas changed to 1.00
t=2586485 SteerR changed to 0.00
t=2586695 SteerR changed to 1.00
T: 2490.00s | Pos: (482, -inf, -27383832) | Spd: 78995 km/h | Yaw: 1.57 | Steer: 1.00
t=2588675 SteerR changed to 0.00
T: 2495.00s | Pos: (482, -inf, -27493832) | Spd: 79174 km/h | Yaw: 1.57 | Steer: 0.00
t=2592775 SteerR changed to 1.00
t=2592865 SteerR changed to 0.00
t=2596105 SteerL changed to -1.00
t=2596175 SteerL changed to 0.00
t=2596955 SteerR changed to 1.00
t=2597055 SteerR changed to 0.00
t=2597275 SteerR changed to 1.00
t=2597415 SteerR changed to 0.00
t=2597515 SteerR changed to 1.00
T: 2500.00s | Pos: (482, -inf, -27603832) | Spd: 79353 km/h | Yaw: 1.57 | Steer: 1.00
t=2598175 SteerR changed to 0.00
t=2598285 SteerR changed to 1.00
t=2599385 SteerR changed to 0.00
t=2599655 SteerL changed to -1.00
t=2599755 SteerL changed to 0.00
t=2600205 SteerR changed to 1.00
t=2600675 Gas changed to 0.00
t=2600995 Gas changed to 1.00
t=2602305 SteerR changed to 0.00
T: 2505.00s | Pos: (482, -inf, -27713832) | Spd: 79521 km/h | Yaw: 1.57 | Steer: 0.00
t=2605525 Gas changed to 0.00
t=2605615 SteerL changed to -1.00
t=2607595 SteerL changed to 0.00
t=2607655 SteerR changed to 1.00
T: 2510.00s | Pos: (482, -inf, -27824618) | Spd: 79622 km/h | Yaw: 1.57 | Steer: 1.00
t=2608425 Gas changed to 1.00
t=2608715 SteerR changed to 0.00
t=2608785 SteerR changed to 1.00
t=2609235 Gas changed to 0.00
t=2610155 Gas changed to 1.00
t=2610435 SteerR changed to 0.00
t=2612505 SteerR changed to 1.00
T: 2515.00s | Pos: (482, -inf, -27935618) | Spd: 79743 km/h | Yaw: 1.57 | Steer: 1.00
t=2612815 SteerR changed to 0.00
t=2612905 SteerR changed to 1.00
t=2613265 SteerR changed to 0.00
t=2613365 SteerR changed to 1.00
t=2613975 SteerR changed to 0.00
t=2614385 SteerL changed to -1.00
t=2614605 SteerL changed to 0.00
t=2614885 Gas changed to 0.00
t=2614885 SteerR changed to 1.00
t=2615845 SteerR changed to 0.00
t=2615895 SteerL changed to -1.00
t=2616025 Gas changed to 1.00
t=2616235 SteerL changed to 0.00
t=2616445 SteerL changed to -1.00
t=2616555 Gas changed to 0.00
t=2617125 Gas changed to 1.00
T: 2520.00s | Pos: (482, -inf, -28046618) | Spd: 79861 km/h | Yaw: 1.57 | Steer: -1.00
t=2618735 SteerL changed to 0.00
t=2618985 SteerL changed to -1.00
t=2619055 SteerL changed to 0.00
t=2619505 SteerR changed to 1.00
t=2619855 SteerR changed to 0.00
t=2620715 SteerL changed to -1.00
t=2621155 SteerL changed to 0.00
t=2621275 Gas changed to 0.00
t=2621345 SteerR changed to 1.00
t=2622495 Gas changed to 1.00
T: 2525.00s | Pos: (482, -inf, -28157618) | Spd: 79996 km/h | Yaw: 1.57 | Steer: 1.00
t=2623475 SteerR changed to 0.00
t=2625115 SteerL changed to -1.00
t=2625235 SteerL changed to 0.00
t=2625645 SteerL changed to -1.00
t=2625785 SteerL changed to 0.00
t=2626345 SteerL changed to -1.00
t=2626575 SteerL changed to 0.00
t=2626675 SteerL changed to -1.00
t=2626815 SteerL changed to 0.00
t=2626875 SteerL changed to -1.00
t=2627025 SteerL changed to 0.00
t=2627085 SteerL changed to -1.00
t=2627585 SteerL changed to 0.00
T: 2530.00s | Pos: (482, -inf, -28268618) | Spd: 80175 km/h | Yaw: 1.57 | Steer: 0.00
t=2627835 SteerR changed to 1.00
t=2628025 Gas changed to 0.00
t=2628225 Gas changed to 1.00
t=2629625 Gas changed to 0.00
t=2629825 Gas changed to 1.00
t=2631125 SteerR changed to 0.00
t=2631715 SteerL changed to -1.00
t=2632245 SteerL changed to 0.00
t=2632435 SteerL changed to -1.00
t=2632605 SteerL changed to 0.00
T: 2535.00s | Pos: (482, -inf, -28379958) | Spd: 80340 km/h | Yaw: 1.57 | Steer: 0.00
t=2633025 SteerR changed to 1.00
t=2633635 SteerR changed to 0.00
t=2637545 SteerR changed to 1.00
t=2637615 Gas changed to 0.00
T: 2540.00s | Pos: (481, -inf, -28491958) | Spd: 80516 km/h | Yaw: 1.57 | Steer: 1.00
t=2637925 Gas changed to 1.00
t=2638185 Gas changed to 0.00
t=2638315 Gas changed to 1.00
t=2638805 Gas changed to 0.00
t=2638915 Gas changed to 1.00
t=2639345 SteerR changed to 0.00
t=2639675 SteerR changed to 1.00
t=2639715 SteerR changed to 0.00
T: 2545.00s | Pos: (481, -inf, -28603958) | Spd: 80679 km/h | Yaw: 1.57 | Steer: 0.00
t=2642995 SteerR changed to 1.00
t=2643335 SteerR changed to 0.00
t=2643725 SteerL changed to -1.00
t=2643915 SteerL changed to 0.00
t=2644085 SteerL changed to -1.00
t=2644225 SteerL changed to 0.00
t=2646235 Gas changed to 0.00
t=2646345 SteerR changed to 1.00
t=2646515 Gas changed to 1.00
t=2646865 SteerR changed to 0.00
t=2647285 SteerR changed to 1.00
T: 2550.00s | Pos: (481, -inf, -28715958) | Spd: 80849 km/h | Yaw: 1.57 | Steer: 1.00
t=2648155 SteerR changed to 0.00
t=2648235 SteerR changed to 1.00
t=2648965 SteerR changed to 0.00
t=2649585 SteerL changed to -1.00
t=2649605 SteerL changed to 0.00
T: 2555.00s | Pos: (481, -inf, -28828118) | Spd: 81028 km/h | Yaw: 1.57 | Steer: 0.00
t=2653865 SteerR changed to 1.00
t=2653915 SteerR changed to 0.00
T: 2560.00s | Pos: (481, -inf, -28941118) | Spd: 81207 km/h | Yaw: 1.57 | Steer: 0.00
t=2657725 SteerR changed to 1.00
t=2659435 SteerR changed to 0.00
t=2659865 SteerR changed to 1.00
t=2659965 SteerR changed to 0.00
t=2660075 SteerR changed to 1.00
t=2660185 SteerR changed to 0.00
t=2660635 SteerR changed to 1.00
t=2660905 Gas changed to 0.00
t=2661075 Gas changed to 1.00
T: 2565.00s | Pos: (481, -inf, -29054118) | Spd: 81380 km/h | Yaw: 1.57 | Steer: 1.00
t=2662715 SteerR changed to 0.00
t=2663245 SteerL changed to -1.00
t=2663275 SteerL changed to 0.00
t=2663925 SteerL changed to -1.00
t=2663975 SteerL changed to 0.00
t=2664415 SteerR changed to 1.00
t=2665485 Gas changed to 0.00
t=2666395 Gas changed to 1.00
t=2666905 SteerR changed to 0.00
t=2667235 SteerR changed to 1.00
t=2667295 Gas changed to 0.00
T: 2570.00s | Pos: (481, -inf, -29167118) | Spd: 81512 km/h | Yaw: 1.57 | Steer: 1.00
t=2668845 Gas changed to 1.00
t=2669175 Gas changed to 0.00
t=2669905 Gas changed to 1.00
t=2669935 SteerR changed to 0.00
t=2670625 SteerL changed to -1.00
t=2671065 SteerL changed to 0.00
T: 2575.00s | Pos: (481, -inf, -29280118) | Spd: 81625 km/h | Yaw: 1.57 | Steer: 0.00
t=2673025 SteerR changed to 1.00
t=2673525 SteerR changed to 0.00
t=2673575 SteerR changed to 1.00
t=2674085 SteerR changed to 0.00
t=2674475 SteerL changed to -1.00
t=2674655 SteerL changed to 0.00
t=2674845 SteerR changed to 1.00
t=2674875 Gas changed to 0.00
t=2675625 Gas changed to 1.00
t=2675805 SteerR changed to 0.00
t=2675945 SteerL changed to -1.00
t=2676095 Gas changed to 0.00
t=2676755 Gas changed to 1.00
T: 2580.00s | Pos: (481, -inf, -29393308) | Spd: 81753 km/h | Yaw: 1.57 | Steer: -1.00
t=2678685 SteerL changed to 0.00
t=2679125 SteerR changed to 1.00
t=2679355 SteerR changed to 0.00
t=2680685 SteerL changed to -1.00
t=2680795 Gas changed to 0.00
t=2680885 SteerL changed to 0.00
t=2680935 SteerR changed to 1.00
t=2681745 Gas changed to 1.00
T: 2585.00s | Pos: (481, -inf, -29507308) | Spd: 81899 km/h | Yaw: 1.57 | Steer: 1.00
t=2683425 SteerR changed to 0.00
t=2683795 SteerL changed to -1.00
t=2683925 SteerL changed to 0.00
t=2684005 SteerL changed to -1.00
t=2684225 SteerL changed to 0.00
t=2685235 SteerL changed to -1.00
t=2685415 SteerL changed to 0.00
t=2685555 SteerL changed to -1.00
t=2685695 SteerL changed to 0.00
t=2685875 SteerL changed to -1.00
t=2686005 SteerL changed to 0.00
t=2686085 SteerL changed to -1.00
t=2686795 SteerL changed to 0.00
t=2686985 SteerR changed to 1.00
t=2687425 Gas changed to 0.00
T: 2590.00s | Pos: (481, -inf, -29621308) | Spd: 82068 km/h | Yaw: 1.57 | Steer: 1.00
t=2687795 Gas changed to 1.00
t=2690255 SteerR changed to 0.00
t=2690715 SteerL changed to -1.00
t=2690815 SteerL changed to 0.00
t=2691025 SteerL changed to -1.00
t=2691105 SteerL changed to 0.00
t=2691225 SteerL changed to -1.00
t=2691695 SteerL changed to 0.00
t=2692105 SteerR changed to 1.00
t=2692675 SteerR changed to 0.00
T: 2595.00s | Pos: (481, -inf, -29735308) | Spd: 82244 km/h | Yaw: 1.57 | Steer: 0.00
t=2693115 SteerR changed to 1.00
t=2693165 SteerR changed to 0.00
t=2696455 SteerR changed to 1.00
t=2696775 Gas changed to 0.00
t=2696975 Gas changed to 1.00
T: 2600.00s | Pos: (481, -inf, -29849308) | Spd: 82416 km/h | Yaw: 1.57 | Steer: 1.00
t=2698395 SteerR changed to 0.00
t=2698605 SteerL changed to -1.00
t=2698685 SteerL changed to 0.00
t=2699215 SteerR changed to 1.00
t=2699295 SteerR changed to 0.00
t=2700935 SteerR changed to 1.00
t=2701025 SteerR changed to 0.00
t=2701445 SteerR changed to 1.00
t=2701605 SteerR changed to 0.00
t=2701725 SteerR changed to 1.00
t=2701885 SteerR changed to 0.00
t=2702275 SteerL changed to -1.00
t=2702585 SteerL changed to 0.00
T: 2605.00s | Pos: (481, -inf, -29964178) | Spd: 82595 km/h | Yaw: 1.57 | Steer: 0.00
t=2703455 SteerR changed to 1.00
t=2703495 Gas changed to 0.00
t=2703815 Gas changed to 1.00
t=2704205 Gas changed to 0.00
t=2704645 Gas changed to 1.00
t=2707025 SteerR changed to 0.00
t=2707215 SteerR changed to 1.00
t=2707405 SteerR changed to 0.00
T: 2610.00s | Pos: (481, -inf, -30079178) | Spd: 82747 km/h | Yaw: 1.57 | Steer: 0.00
t=2710635 SteerR changed to 1.00
t=2710705 SteerR changed to 0.00
t=2711475 SteerR changed to 1.00
t=2711545 SteerR changed to 0.00
T: 2615.00s | Pos: (481, -inf, -30194178) | Spd: 82927 km/h | Yaw: 1.57 | Steer: 0.00
t=2713485 SteerL changed to -1.00
t=2713585 SteerL changed to 0.00
t=2716115 SteerR changed to 1.00
T: 2620.00s | Pos: (481, -inf, -30309178) | Spd: 83106 km/h | Yaw: 1.57 | Steer: 1.00
t=2718065 SteerR changed to 0.00
t=2719025 SteerR changed to 1.00
t=2719215 Gas changed to 0.00
t=2719445 Gas changed to 1.00
t=2720015 Gas changed to 0.00
t=2720185 Gas changed to 1.00
t=2720995 SteerR changed to 0.00
t=2721385 SteerR changed to 1.00
t=2721435 SteerR changed to 0.00
T: 2625.00s | Pos: (481, -inf, -30424880) | Spd: 83271 km/h | Yaw: 1.57 | Steer: 0.00
t=2725445 Gas changed to 0.00
t=2725695 SteerR changed to 1.00
T: 2630.00s | Pos: (481, -inf, -30540880) | Spd: 83369 km/h | Yaw: 1.57 | Steer: 1.00
t=2728295 Gas changed to 1.00
t=2728395 SteerR changed to 0.00
t=2731325 SteerR changed to 1.00
t=2731635 SteerR changed to 0.00
t=2731685 SteerR changed to 1.00
t=2732415 SteerR changed to 0.00
T: 2635.00s | Pos: (481, -inf, -30656880) | Spd: 83527 km/h | Yaw: 1.57 | Steer: 0.00
t=2733055 SteerR changed to 1.00
t=2733135 SteerR changed to 0.00
t=2733455 Gas changed to 0.00
t=2733535 SteerR changed to 1.00
t=2733955 Gas changed to 1.00
t=2734275 SteerR changed to 0.00
t=2734295 Gas changed to 0.00
t=2734445 SteerL changed to -1.00
t=2735125 Gas changed to 1.00
t=2736835 SteerL changed to 0.00
t=2737605 SteerR changed to 1.00
T: 2640.00s | Pos: (481, -inf, -30772880) | Spd: 83659 km/h | Yaw: 1.57 | Steer: 1.00
t=2737875 SteerR changed to 0.00
t=2738645 SteerL changed to -1.00
t=2739045 SteerL changed to 0.00
t=2739155 SteerL changed to -1.00
t=2739215 SteerL changed to 0.00
t=2739465 Gas changed to 0.00
t=2739555 SteerR changed to 1.00
t=2740295 Gas changed to 1.00
t=2740675 Gas changed to 0.00
t=2740965 Gas changed to 1.00
t=2742005 SteerR changed to 0.00
t=2742315 SteerR changed to 1.00
t=2742395 SteerR changed to 0.00
t=2742665 SteerL changed to -1.00
T: 2645.00s | Pos: (481, -inf, -30888880) | Spd: 83798 km/h | Yaw: 1.57 | Steer: -1.00
t=2742915 SteerL changed to 0.00
t=2743205 SteerL changed to -1.00
t=2743255 SteerL changed to 0.00
t=2743675 SteerL changed to -1.00
t=2743835 SteerL changed to 0.00
t=2744655 SteerL changed to -1.00
t=2744905 SteerL changed to 0.00
t=2744975 SteerL changed to -1.00
t=2745795 SteerL changed to 0.00
t=2745845 SteerR changed to 1.00
t=2746045 Gas changed to 0.00
t=2746315 Gas changed to 1.00
t=2746815 Gas changed to 0.00
t=2746955 Gas changed to 1.00
t=2747595 SteerR changed to 0.00
t=2747655 SteerR changed to 1.00
T: 2650.00s | Pos: (481, -inf, -31005426) | Spd: 83963 km/h | Yaw: 1.57 | Steer: 1.00
t=2748135 Gas changed to 0.00
t=2748275 Gas changed to 1.00
t=2749085 SteerR changed to 0.00
t=2750265 SteerL changed to -1.00
t=2750805 SteerL changed to 0.00
t=2751245 SteerR changed to 1.00
t=2751895 SteerR changed to 0.00
t=2752315 SteerL changed to -1.00
t=2752385 SteerL changed to 0.00
T: 2655.00s | Pos: (481, -inf, -31122426) | Spd: 84137 km/h | Yaw: 1.57 | Steer: 0.00
t=2755205 SteerL changed to -1.00
t=2755215 SteerL changed to 0.00
t=2755635 SteerR changed to 1.00
t=2756155 Gas changed to 0.00
t=2756255 Gas changed to 1.00
t=2756625 Gas changed to 0.00
t=2756875 Gas changed to 1.00
t=2757495 SteerR changed to 0.00
T: 2660.00s | Pos: (481, -inf, -31239426) | Spd: 84304 km/h | Yaw: 1.57 | Steer: 0.00
t=2757775 SteerR changed to 1.00
t=2757845 SteerR changed to 0.00
t=2760805 SteerR changed to 1.00
t=2761115 SteerR changed to 0.00
t=2761755 SteerL changed to -1.00
t=2762015 SteerL changed to 0.00
T: 2665.00s | Pos: (481, -inf, -31356426) | Spd: 84483 km/h | Yaw: 1.57 | Steer: 0.00
t=2762745 SteerR changed to 1.00
t=2763045 Gas changed to 0.00
t=2763835 Gas changed to 1.00
t=2764305 SteerR changed to 0.00
t=2764795 SteerR changed to 1.00
t=2764975 SteerR changed to 0.00
t=2765045 SteerR changed to 1.00
t=2765645 SteerR changed to 0.00
t=2765715 SteerR changed to 1.00
t=2766705 SteerR changed to 0.00
T: 2670.00s | Pos: (481, -inf, -31473618) | Spd: 84634 km/h | Yaw: 1.57 | Steer: 0.00
t=2772665 SteerL changed to -1.00
T: 2675.00s | Pos: (481, -inf, -31591618) | Spd: 84813 km/h | Yaw: 1.57 | Steer: -1.00
t=2772755 SteerL changed to 0.00
t=2773945 SteerR changed to 1.00
t=2774035 SteerR changed to 0.00
t=2775185 SteerR changed to 1.00
t=2775485 SteerR changed to 0.00
t=2775535 SteerR changed to 1.00
t=2775795 SteerR changed to 0.00
t=2775855 SteerR changed to 1.00
t=2777095 SteerR changed to 0.00
T: 2680.00s | Pos: (481, -inf, -31709618) | Spd: 84992 km/h | Yaw: 1.57 | Steer: 0.00
t=2777845 SteerR changed to 1.00
t=2778195 SteerR changed to 0.00
t=2778295 SteerR changed to 1.00
t=2778525 SteerR changed to 0.00
t=2778605 SteerR changed to 1.00
t=2778785 Gas changed to 0.00
t=2779275 Gas changed to 1.00
t=2780275 SteerR changed to 0.00
t=2780445 SteerL changed to -1.00
t=2780575 SteerL changed to 0.00
t=2781635 SteerL changed to -1.00
t=2781645 SteerL changed to 0.00
t=2782345 SteerL changed to -1.00
T: 2685.00s | Pos: (481, -inf, -31827618) | Spd: 85154 km/h | Yaw: 1.57 | Steer: -1.00
t=2782715 SteerL changed to 0.00
t=2782945 SteerL changed to -1.00
t=2783305 SteerL changed to 0.00
t=2784455 SteerL changed to -1.00
t=2784905 Gas changed to 0.00
t=2784925 SteerL changed to 0.00
t=2785035 SteerR changed to 1.00
t=2786545 Gas changed to 1.00
T: 2690.00s | Pos: (481, -inf, -31945618) | Spd: 85275 km/h | Yaw: 1.57 | Steer: 1.00
t=2788105 SteerR changed to 0.00
t=2788155 Gas changed to 0.00
t=2788375 Gas changed to 1.00
t=2790805 SteerR changed to 1.00
t=2791515 SteerR changed to 0.00
t=2791635 SteerR changed to 1.00
t=2792005 SteerR changed to 0.00
t=2792415 SteerL changed to -1.00
t=2792665 SteerL changed to 0.00
T: 2695.00s | Pos: (481, -inf, -32064324) | Spd: 85446 km/h | Yaw: 1.57 | Steer: 0.00
t=2792915 SteerR changed to 1.00
t=2792925 Gas changed to 0.00
t=2793905 Gas changed to 1.00
t=2793945 SteerR changed to 0.00
t=2794015 Gas changed to 0.00
t=2794035 SteerL changed to -1.00
t=2794585 Gas changed to 1.00
t=2794975 SteerL changed to 0.00
t=2795075 SteerL changed to -1.00
t=2796605 SteerL changed to 0.00
T: 2700.00s | Pos: (481, -inf, -32183324) | Spd: 85570 km/h | Yaw: 1.57 | Steer: 0.00
t=2798435 SteerR changed to 1.00
t=2798565 SteerR changed to 0.00
t=2799285 SteerL changed to -1.00
t=2799695 Gas changed to 0.00
t=2799745 SteerL changed to 0.00
t=2799825 SteerR changed to 1.00
t=2800395 Gas changed to 1.00
t=2800795 Gas changed to 0.00
t=2801045 Gas changed to 1.00
t=2802185 SteerR changed to 0.00
t=2802675 SteerL changed to -1.00
T: 2705.00s | Pos: (481, -inf, -32302324) | Spd: 85715 km/h | Yaw: 1.57 | Steer: -1.00
t=2802835 SteerL changed to 0.00
t=2803765 SteerL changed to -1.00
t=2803985 SteerL changed to 0.00
t=2804655 SteerL changed to -1.00
t=2804865 SteerL changed to 0.00
t=2804895 SteerL changed to -1.00
t=2805045 SteerL changed to 0.00
t=2805175 SteerL changed to -1.00
t=2805915 SteerL changed to 0.00
t=2805935 SteerR changed to 1.00
t=2805965 Gas changed to 0.00
t=2806205 Gas changed to 1.00
t=2807185 Gas changed to 0.00
t=2807305 Gas changed to 1.00
T: 2710.00s | Pos: (481, -inf, -32421324) | Spd: 85881 km/h | Yaw: 1.57 | Steer: 1.00
t=2809255 SteerR changed to 0.00
t=2810145 SteerL changed to -1.00
t=2810415 SteerL changed to 0.00
t=2810465 SteerL changed to -1.00
t=2810805 SteerL changed to 0.00
t=2811195 SteerR changed to 1.00
t=2811795 SteerR changed to 0.00
T: 2715.00s | Pos: (481, -inf, -32540444) | Spd: 86061 km/h | Yaw: 1.57 | Steer: 0.00
t=2815685 SteerR changed to 1.00
t=2815735 Gas changed to 0.00
t=2816355 Gas changed to 1.00
t=2817515 SteerR changed to 0.00
T: 2720.00s | Pos: (481, -inf, -32660444) | Spd: 86218 km/h | Yaw: 1.57 | Steer: 0.00
t=2817855 SteerL changed to -1.00
t=2817925 SteerL changed to 0.00
t=2820585 SteerR changed to 1.00
t=2820745 SteerR changed to 0.00
t=2821175 SteerR changed to 1.00
t=2821445 SteerR changed to 0.00
t=2822205 SteerL changed to -1.00
t=2822485 SteerL changed to 0.00
T: 2725.00s | Pos: (481, -inf, -32780444) | Spd: 86397 km/h | Yaw: 1.57 | Steer: 0.00
t=2825185 SteerR changed to 1.00
t=2825325 SteerR changed to 0.00
t=2825435 SteerR changed to 1.00
t=2825985 SteerR changed to 0.00
t=2826075 SteerR changed to 1.00
t=2826665 SteerR changed to 0.00
t=2826745 SteerR changed to 1.00
t=2827215 SteerR changed to 0.00
t=2827585 SteerR changed to 1.00
t=2827665 SteerR changed to 0.00
T: 2730.00s | Pos: (481, -inf, -32900444) | Spd: 86576 km/h | Yaw: 1.57 | Steer: 0.00
t=2832595 SteerR changed to 1.00
t=2832695 SteerR changed to 0.00
T: 2735.00s | Pos: (481, -inf, -33020444) | Spd: 86756 km/h | Yaw: 1.57 | Steer: 0.00
t=2833255 SteerL changed to -1.00
t=2833365 SteerL changed to 0.00
t=2833755 SteerL changed to -1.00
t=2833845 SteerL changed to 0.00
t=2834395 SteerR changed to 1.00
t=2834515 SteerR changed to 0.00
t=2835305 SteerR changed to 1.00
t=2835395 SteerR changed to 0.00
t=2835765 SteerR changed to 1.00
t=2836295 SteerR changed to 0.00
t=2836375 SteerR changed to 1.00
t=2837555 SteerR changed to 0.00
T: 2740.00s | Pos: (481, -inf, -33141424) | Spd: 86935 km/h | Yaw: 1.57 | Steer: 0.00
t=2837795 SteerL changed to -1.00
t=2837885 SteerL changed to 0.00
t=2838235 SteerR changed to 1.00
t=2838935 SteerR changed to 0.00
t=2839055 SteerR changed to 1.00
t=2839185 Gas changed to 0.00
t=2839215 SteerR changed to 0.00
t=2839335 SteerR changed to 1.00
t=2839825 Gas changed to 1.00
t=2840725 SteerR changed to 0.00
t=2842195 SteerL changed to -1.00
t=2842235 SteerL changed to 0.00
T: 2745.00s | Pos: (481, -inf, -33262424) | Spd: 87091 km/h | Yaw: 1.57 | Steer: 0.00
t=2842785 SteerR changed to 1.00
t=2843855 SteerR changed to 0.00
t=2845265 SteerL changed to -1.00
t=2845375 SteerL changed to 0.00
t=2845455 Gas changed to 0.00
t=2845705 SteerR changed to 1.00
t=2846345 SteerR changed to 0.00
t=2846455 SteerR changed to 1.00
t=2847345 Gas changed to 1.00
t=2847465 SteerR changed to 0.00
t=2847635 SteerR changed to 1.00
T: 2750.00s | Pos: (481, -inf, -33383424) | Spd: 87203 km/h | Yaw: 1.57 | Steer: 1.00
t=2847965 Gas changed to 0.00
t=2848195 Gas changed to 1.00
t=2848405 SteerR changed to 0.00
t=2850365 SteerR changed to 1.00
t=2850555 SteerR changed to 0.00
t=2850725 SteerR changed to 1.00
t=2850895 SteerR changed to 0.00
t=2850995 SteerR changed to 1.00
t=2851455 SteerR changed to 0.00
t=2851615 SteerR changed to 1.00
t=2852015 SteerR changed to 0.00
t=2852655 SteerL changed to -1.00
T: 2755.00s | Pos: (481, -inf, -33504424) | Spd: 87374 km/h | Yaw: 1.57 | Steer: -1.00
t=2852745 SteerL changed to 0.00
t=2852865 Gas changed to 0.00
t=2852985 SteerR changed to 1.00
t=2853825 SteerR changed to 0.00
t=2854095 SteerL changed to -1.00
t=2854145 Gas changed to 1.00
t=2854235 Gas changed to 0.00
t=2854315 Gas changed to 1.00
t=2856095 Gas changed to 0.00
t=2856465 Gas changed to 1.00
t=2857235 SteerL changed to 0.00
t=2857265 SteerR changed to 1.00
T: 2760.00s | Pos: (481, -inf, -33626012) | Spd: 87491 km/h | Yaw: 1.57 | Steer: 1.00
t=2858165 SteerR changed to 0.00
t=2858615 SteerL changed to -1.00
t=2859115 SteerL changed to 0.00
t=2859265 Gas changed to 0.00
t=2859285 SteerR changed to 1.00
t=2860425 Gas changed to 1.00
t=2861455 SteerR changed to 0.00
t=2861735 SteerR changed to 1.00
t=2861835 SteerR changed to 0.00
t=2862485 SteerL changed to -1.00
t=2862595 SteerL changed to 0.00
T: 2765.00s | Pos: (481, -inf, -33748012) | Spd: 87629 km/h | Yaw: 1.57 | Steer: 0.00
t=2863285 SteerL changed to -1.00
t=2863475 SteerL changed to 0.00
t=2864095 SteerL changed to -1.00
t=2864245 SteerL changed to 0.00
t=2864405 SteerL changed to -1.00
t=2864655 SteerL changed to 0.00
t=2864745 SteerL changed to -1.00
t=2865405 SteerL changed to 0.00
t=2865505 SteerR changed to 1.00
t=2866415 Gas changed to 0.00
t=2866585 Gas changed to 1.00
t=2866825 Gas changed to 0.00
t=2867125 Gas changed to 1.00
T: 2770.00s | Pos: (481, -inf, -33870012) | Spd: 87791 km/h | Yaw: 1.57 | Steer: 1.00
t=2868575 SteerR changed to 0.00
t=2868775 SteerR changed to 1.00
t=2868875 SteerR changed to 0.00
t=2869755 SteerL changed to -1.00
t=2869945 SteerL changed to 0.00
t=2870035 SteerL changed to -1.00
t=2870475 SteerL changed to 0.00
t=2870715 SteerR changed to 1.00
t=2871205 SteerR changed to 0.00
t=2871335 SteerR changed to 1.00
t=2871515 SteerR changed to 0.00
t=2871955 SteerL changed to -1.00
t=2872025 SteerL changed to 0.00
T: 2775.00s | Pos: (481, -inf, -33992012) | Spd: 87971 km/h | Yaw: 1.57 | Steer: 0.00
t=2874735 SteerR changed to 1.00
t=2874935 SteerR changed to 0.00
t=2875355 SteerR changed to 1.00
t=2875575 Gas changed to 0.00
t=2875705 Gas changed to 1.00
t=2876345 Gas changed to 0.00
t=2876445 Gas changed to 1.00
t=2876585 Gas changed to 0.00
t=2876685 Gas changed to 1.00
t=2877185 SteerR changed to 0.00
t=2877555 SteerR changed to 1.00
t=2877615 SteerR changed to 0.00
T: 2780.00s | Pos: (481, -inf, -34114012) | Spd: 88138 km/h | Yaw: 1.57 | Steer: 0.00
t=2879735 SteerL changed to -1.00
t=2879805 SteerL changed to 0.00
t=2880675 SteerR changed to 1.00
t=2881045 SteerR changed to 0.00
t=2881445 SteerL changed to -1.00
t=2881785 SteerL changed to 0.00
t=2882045 SteerR changed to 1.00
t=2882145 SteerR changed to 0.00
t=2882455 SteerR changed to 1.00
T: 2785.00s | Pos: (481, -inf, -34236012) | Spd: 88317 km/h | Yaw: 1.57 | Steer: 1.00
t=2882795 Gas changed to 0.00
t=2883605 Gas changed to 1.00
t=2883965 SteerR changed to 0.00
t=2884215 SteerR changed to 1.00
t=2884515 SteerR changed to 0.00
t=2884635 SteerR changed to 1.00
t=2884985 SteerR changed to 0.00
t=2885075 SteerR changed to 1.00
t=2886025 SteerR changed to 0.00
t=2886165 SteerR changed to 1.00
t=2886555 SteerR changed to 0.00
T: 2790.00s | Pos: (481, -inf, -34358012) | Spd: 88468 km/h | Yaw: 1.57 | Steer: 0.00
t=2890385 SteerR changed to 1.00
t=2890455 SteerR changed to 0.00
T: 2795.00s | Pos: (481, -inf, -34480988) | Spd: 88647 km/h | Yaw: 1.57 | Steer: 0.00
t=2894235 SteerL changed to -1.00
t=2894315 SteerL changed to 0.00
t=2894825 SteerR changed to 1.00
t=2894905 SteerR changed to 0.00
t=2895435 SteerR changed to 1.00
t=2895685 Gas changed to 0.00
t=2895875 Gas changed to 1.00
t=2896625 SteerR changed to 0.00
t=2896745 SteerR changed to 1.00
t=2897145 SteerR changed to 0.00
t=2897255 SteerR changed to 1.00
t=2897475 SteerR changed to 0.00
t=2897655 SteerR changed to 1.00
T: 2800.00s | Pos: (481, -inf, -34604988) | Spd: 88819 km/h | Yaw: 1.57 | Steer: 1.00
t=2897775 SteerR changed to 0.00
t=2897975 SteerL changed to -1.00
t=2898035 SteerL changed to 0.00
t=2898355 SteerR changed to 1.00
t=2900455 SteerR changed to 0.00
t=2901685 SteerL changed to -1.00
t=2901735 SteerL changed to 0.00
t=2902305 SteerR changed to 1.00
T: 2805.00s | Pos: (481, -inf, -34728988) | Spd: 88999 km/h | Yaw: 1.57 | Steer: 1.00
t=2903155 Gas changed to 0.00
t=2903725 SteerR changed to 0.00
t=2904025 SteerR changed to 1.00
t=2904185 Gas changed to 1.00
t=2904275 SteerR changed to 0.00
t=2905065 Gas changed to 0.00
t=2905115 SteerR changed to 1.00
t=2906265 Gas changed to 1.00
t=2906755 Gas changed to 0.00
t=2906905 Gas changed to 1.00
t=2907195 Gas changed to 0.00
T: 2810.00s | Pos: (481, -inf, -34852988) | Spd: 89074 km/h | Yaw: 1.57 | Steer: 1.00
t=2908085 SteerR changed to 0.00
t=2908325 Gas changed to 1.00
t=2908495 SteerL changed to -1.00
t=2909265 SteerL changed to 0.00
t=2910135 SteerL changed to -1.00
t=2910215 SteerL changed to 0.00
t=2911255 SteerR changed to 1.00
t=2911725 SteerR changed to 0.00
t=2911835 SteerR changed to 1.00
t=2912405 SteerR changed to 0.00
t=2912655 SteerL changed to -1.00
T: 2815.00s | Pos: (481, -inf, -34976988) | Spd: 89231 km/h | Yaw: 1.57 | Steer: -1.00
t=2912795 SteerL changed to 0.00
t=2913135 Gas changed to 0.00
t=2913175 SteerR changed to 1.00
t=2913495 Gas changed to 1.00
t=2913595 SteerR changed to 0.00
t=2913705 SteerR changed to 1.00
t=2913965 Gas changed to 0.00
t=2914175 Gas changed to 1.00
t=2914255 SteerR changed to 0.00
t=2914325 SteerL changed to -1.00
t=2914715 SteerL changed to 0.00
t=2914805 SteerL changed to -1.00
t=2914935 SteerL changed to 0.00
t=2915045 SteerR changed to 1.00
t=2915435 SteerR changed to 0.00
t=2915465 SteerL changed to -1.00
t=2916485 SteerL changed to 0.00
t=2916615 SteerL changed to -1.00
t=2917115 SteerL changed to 0.00
T: 2820.00s | Pos: (481, -inf, -35100988) | Spd: 89390 km/h | Yaw: 1.57 | Steer: 0.00
t=2917825 SteerL changed to -1.00
t=2917985 SteerL changed to 0.00
t=2919055 SteerL changed to -1.00
t=2919195 SteerL changed to 0.00
t=2920315 SteerL changed to -1.00
t=2920615 SteerL changed to 0.00
t=2920635 Gas changed to 0.00
t=2920835 SteerR changed to 1.00
t=2921425 Gas changed to 1.00
t=2921675 SteerR changed to 0.00
t=2921735 SteerR changed to 1.00
T: 2825.00s | Pos: (481, -inf, -35224988) | Spd: 89541 km/h | Yaw: 1.57 | Steer: 1.00
t=2923195 SteerR changed to 0.00
t=2924665 SteerL changed to -1.00
t=2925045 SteerL changed to 0.00
t=2925585 SteerL changed to -1.00
t=2925825 SteerL changed to 0.00
t=2925925 SteerL changed to -1.00
t=2926105 SteerL changed to 0.00
t=2926135 SteerL changed to -1.00
t=2926725 SteerL changed to 0.00
t=2926885 SteerR changed to 1.00
T: 2830.00s | Pos: (481, -inf, -35348988) | Spd: 89721 km/h | Yaw: 1.57 | Steer: 1.00
t=2927835 Gas changed to 0.00
t=2928365 Gas changed to 1.00
t=2930105 SteerR changed to 0.00
t=2930975 SteerL changed to -1.00
t=2931565 SteerL changed to 0.00
t=2932235 SteerR changed to 1.00
T: 2835.00s | Pos: (481, -inf, -35472988) | Spd: 89881 km/h | Yaw: 1.57 | Steer: 1.00
t=2932715 SteerR changed to 0.00
t=2932915 SteerR changed to 1.00
t=2932965 SteerR changed to 0.00
t=2936665 SteerR changed to 1.00
t=2936965 Gas changed to 0.00
t=2937185 Gas changed to 1.00
t=2937545 Gas changed to 0.00
T: 2840.00s | Pos: (481, -inf, -35597668) | Spd: 90046 km/h | Yaw: 1.57 | Steer: 1.00
t=2937925 Gas changed to 1.00
t=2938355 SteerR changed to 0.00
t=2938575 SteerR changed to 1.00
t=2938675 SteerR changed to 0.00
t=2941535 SteerR changed to 1.00
t=2941705 SteerR changed to 0.00
t=2942215 SteerR changed to 1.00
t=2942425 SteerR changed to 0.00
T: 2845.00s | Pos: (481, -inf, -35723668) | Spd: 90218 km/h | Yaw: 1.57 | Steer: 0.00
t=2943045 SteerL changed to -1.00
t=2943315 SteerL changed to 0.00
t=2946165 SteerR changed to 1.00
t=2946225 SteerR changed to 0.00
t=2946385 SteerR changed to 1.00
t=2946705 Gas changed to 0.00
t=2946885 Gas changed to 1.00
T: 2850.00s | Pos: (481, -inf, -35849668) | Spd: 90391 km/h | Yaw: 1.57 | Steer: 1.00
t=2947745 SteerR changed to 0.00
t=2948035 SteerR changed to 1.00
t=2948285 SteerR changed to 0.00
t=2948535 SteerR changed to 1.00
t=2948615 SteerR changed to 0.00
t=2951735 SteerR changed to 1.00
t=2951825 SteerR changed to 0.00
T: 2855.00s | Pos: (481, -inf, -35975668) | Spd: 90570 km/h | Yaw: 1.57 | Steer: 0.00
t=2954375 SteerL changed to -1.00
t=2954465 SteerL changed to 0.00
t=2955545 SteerR changed to 1.00
t=2955615 SteerR changed to 0.00
t=2956005 SteerL changed to -1.00
t=2956075 SteerL changed to 0.00
t=2956805 SteerR changed to 1.00
t=2957445 SteerR changed to 0.00
t=2957535 SteerR changed to 1.00
T: 2860.00s | Pos: (481, -inf, -36101668) | Spd: 90749 km/h | Yaw: 1.57 | Steer: 1.00
t=2957865 SteerR changed to 0.00
t=2957955 SteerR changed to 1.00
t=2958865 SteerR changed to 0.00
t=2959025 SteerR changed to 1.00
t=2959095 SteerR changed to 0.00
t=2959365 SteerL changed to -1.00
t=2959395 SteerL changed to 0.00
t=2959755 SteerR changed to 1.00
t=2960175 SteerR changed to 0.00
t=2960255 SteerR changed to 1.00
t=2960365 Gas changed to 0.00
t=2960645 Gas changed to 1.00
t=2961925 SteerR changed to 0.00
T: 2865.00s | Pos: (480, -inf, -36227668) | Spd: 90919 km/h | Yaw: 1.57 | Steer: 0.00
t=2963135 SteerL changed to -1.00
t=2963235 SteerL changed to 0.00
t=2963655 SteerR changed to 1.00
t=2965445 Gas changed to 0.00
t=2966725 Gas changed to 1.00
t=2967145 Gas changed to 0.00
T: 2870.00s | Pos: (480, -inf, -36353668) | Spd: 91032 km/h | Yaw: 1.57 | Steer: 1.00
t=2969345 SteerR changed to 0.00
t=2969365 Gas changed to 1.00
t=2970265 SteerL changed to -1.00
t=2970375 SteerL changed to 0.00
t=2972155 SteerR changed to 1.00
T: 2875.00s | Pos: (480, -inf, -36479668) | Spd: 91152 km/h | Yaw: 1.57 | Steer: 1.00
t=2973245 SteerR changed to 0.00
t=2973455 SteerR changed to 1.00
t=2973575 SteerR changed to 0.00
t=2973705 SteerL changed to -1.00
t=2973775 Gas changed to 0.00
t=2973885 SteerL changed to 0.00
t=2974195 SteerR changed to 1.00
t=2974335 Gas changed to 1.00
t=2974995 SteerR changed to 0.00
t=2975155 SteerL changed to -1.00
t=2975185 Gas changed to 0.00
t=2976135 Gas changed to 1.00
T: 2880.00s | Pos: (480, -inf, -36605668) | Spd: 91277 km/h | Yaw: 1.57 | Steer: -1.00
t=2977925 SteerL changed to 0.00
t=2978315 SteerR changed to 1.00
t=2978735 SteerR changed to 0.00
t=2979595 SteerL changed to -1.00
t=2980045 Gas changed to 0.00
t=2980045 SteerL changed to 0.00
t=2980125 SteerR changed to 1.00
t=2981375 Gas changed to 1.00
t=2982255 SteerR changed to 0.00
T: 2885.00s | Pos: (480, -inf, -36731668) | Spd: 91408 km/h | Yaw: 1.57 | Steer: 0.00
t=2983375 SteerL changed to -1.00
t=2983595 SteerL changed to 0.00
t=2985335 SteerL changed to -1.00
t=2985945 SteerL changed to 0.00
t=2986035 SteerL changed to -1.00
t=2986505 SteerL changed to 0.00
t=2986565 SteerR changed to 1.00
t=2987355 SteerR changed to 0.00
t=2987445 SteerR changed to 1.00
t=2987585 Gas changed to 0.00
T: 2890.00s | Pos: (480, -inf, -36859324) | Spd: 91583 km/h | Yaw: 1.57 | Steer: 1.00
t=2987925 Gas changed to 1.00
t=2988485 Gas changed to 0.00
t=2988615 Gas changed to 1.00
t=2989825 SteerR changed to 0.00
t=2990705 SteerL changed to -1.00
t=2990855 SteerL changed to 0.00
t=2990985 SteerL changed to -1.00
t=2991125 SteerL changed to 0.00
t=2991205 SteerL changed to -1.00
t=2991545 SteerL changed to 0.00
t=2991905 SteerR changed to 1.00
t=2992555 SteerR changed to 0.00
T: 2895.00s | Pos: (480, -inf, -36987324) | Spd: 91750 km/h | Yaw: 1.57 | Steer: 0.00
t=2993085 SteerL changed to -1.00
t=2993125 SteerL changed to 0.00
t=2995895 SteerL changed to -1.00
t=2995965 SteerL changed to 0.00
t=2996395 SteerR changed to 1.00
t=2997205 Gas changed to 0.00
t=2997355 Gas changed to 1.00
T: 2900.00s | Pos: (480, -inf, -37115324) | Spd: 91924 km/h | Yaw: 1.57 | Steer: 1.00
t=2997755 Gas changed to 0.00
t=2997875 Gas changed to 1.00
t=2998365 SteerR changed to 0.00
t=3001635 SteerR changed to 1.00
t=3001965 SteerR changed to 0.00
t=3002405 SteerL changed to -1.00
T: 2905.00s | Pos: (480, -inf, -37243324) | Spd: 92099 km/h | Yaw: 1.57 | Steer: -1.00
t=3002715 SteerL changed to 0.00
t=3003385 SteerR changed to 1.00
t=3003765 Gas changed to 0.00
t=3004515 Gas changed to 1.00
t=3005225 SteerR changed to 0.00
t=3005415 SteerR changed to 1.00
t=3005985 SteerR changed to 0.00
t=3006085 SteerR changed to 1.00
t=3007285 SteerR changed to 0.00
T: 2910.00s | Pos: (480, -inf, -37371324) | Spd: 92251 km/h | Yaw: 1.57 | Steer: 0.00
T: 2915.00s | Pos: (480, -inf, -37499324) | Spd: 92431 km/h | Yaw: 1.57 | Steer: 0.00
t=3013325 SteerL changed to -1.00
t=3013435 SteerL changed to 0.00
t=3014495 SteerR changed to 1.00
t=3014645 SteerR changed to 0.00
t=3015975 SteerR changed to 1.00
t=3017375 SteerR changed to 0.00
t=3017485 SteerR changed to 1.00
T: 2920.00s | Pos: (480, -inf, -37627324) | Spd: 92610 km/h | Yaw: 1.57 | Steer: 1.00
t=3017785 SteerR changed to 0.00
t=3017955 SteerR changed to 1.00
t=3018065 SteerR changed to 0.00
t=3018725 SteerR changed to 1.00
t=3019565 Gas changed to 0.00
t=3019725 Gas changed to 1.00
t=3020815 SteerR changed to 0.00
T: 2925.00s | Pos: (480, -inf, -37755324) | Spd: 92784 km/h | Yaw: 1.57 | Steer: 0.00
t=3024375 Gas changed to 0.00
t=3025435 SteerR changed to 1.00
t=3026785 Gas changed to 1.00
t=3026925 Gas changed to 0.00
T: 2930.00s | Pos: (480, -inf, -37883324) | Spd: 92849 km/h | Yaw: 1.57 | Steer: 1.00
t=3027835 Gas changed to 1.00
t=3028055 SteerR changed to 0.00
t=3029395 SteerL changed to -1.00
t=3029605 SteerL changed to 0.00
t=3030605 SteerR changed to 1.00
t=3030745 SteerR changed to 0.00
t=3030995 SteerR changed to 1.00
t=3031195 SteerR changed to 0.00
t=3031295 SteerR changed to 1.00
t=3031485 SteerR changed to 0.00
t=3031575 SteerR changed to 1.00
t=3031795 SteerR changed to 0.00
t=3031885 SteerR changed to 1.00
t=3032375 SteerR changed to 0.00
T: 2935.00s | Pos: (480, -inf, -38012928) | Spd: 93023 km/h | Yaw: 1.57 | Steer: 0.00
t=3032755 SteerL changed to -1.00
t=3032875 SteerL changed to 0.00
t=3033035 Gas changed to 0.00
t=3033045 SteerR changed to 1.00
t=3033145 SteerR changed to 0.00
t=3033215 SteerR changed to 1.00
t=3033415 Gas changed to 1.00
t=3033905 Gas changed to 0.00
t=3033935 SteerR changed to 0.00
t=3034075 SteerL changed to -1.00
t=3034475 SteerL changed to 0.00
t=3034525 SteerL changed to -1.00
t=3034685 Gas changed to 1.00
t=3036505 SteerL changed to 0.00
t=3037365 SteerR changed to 1.00
t=3037535 SteerR changed to 0.00
T: 2940.00s | Pos: (480, -inf, -38142928) | Spd: 93161 km/h | Yaw: 1.57 | Steer: 0.00
t=3038555 SteerL changed to -1.00
t=3039015 Gas changed to 0.00
t=3039065 SteerL changed to 0.00
t=3039115 SteerR changed to 1.00
t=3039975 Gas changed to 1.00
t=3041625 SteerR changed to 0.00
t=3042245 SteerL changed to -1.00
t=3042485 SteerL changed to 0.00
T: 2945.00s | Pos: (480, -inf, -38272928) | Spd: 93306 km/h | Yaw: 1.57 | Steer: 0.00
t=3043285 SteerL changed to -1.00
t=3043465 SteerL changed to 0.00
t=3043975 SteerL changed to -1.00
t=3044115 SteerL changed to 0.00
t=3044305 SteerL changed to -1.00
t=3045265 SteerL changed to 0.00
t=3045415 SteerR changed to 1.00
t=3045615 Gas changed to 0.00
t=3045945 Gas changed to 1.00
t=3046195 Gas changed to 0.00
t=3046325 Gas changed to 1.00
t=3046955 SteerR changed to 0.00
t=3047035 SteerR changed to 1.00
T: 2950.00s | Pos: (480, -inf, -38402928) | Spd: 93469 km/h | Yaw: 1.57 | Steer: 1.00
t=3048715 SteerR changed to 0.00
t=3049535 SteerL changed to -1.00
t=3049785 SteerL changed to 0.00
t=3049875 SteerL changed to -1.00
t=3050045 SteerL changed to 0.00
t=3050145 SteerL changed to -1.00
t=3050315 SteerL changed to 0.00
t=3050745 SteerR changed to 1.00
t=3051325 SteerR changed to 0.00
T: 2955.00s | Pos: (480, -inf, -38532928) | Spd: 93648 km/h | Yaw: 1.57 | Steer: 0.00
t=3055115 SteerR changed to 1.00
t=3055385 Gas changed to 0.00
t=3055645 Gas changed to 1.00
t=3056255 Gas changed to 0.00
t=3056385 Gas changed to 1.00
t=3056945 SteerR changed to 0.00
t=3057205 SteerR changed to 1.00
t=3057255 SteerR changed to 0.00
T: 2960.00s | Pos: (480, -inf, -38662928) | Spd: 93813 km/h | Yaw: 1.57 | Steer: 0.00
t=3060205 SteerR changed to 1.00
t=3060545 SteerR changed to 0.00
t=3061325 SteerL changed to -1.00
t=3061605 SteerL changed to 0.00
t=3062325 SteerR changed to 1.00
T: 2965.00s | Pos: (480, -inf, -38792928) | Spd: 93992 km/h | Yaw: 1.57 | Steer: 1.00
t=3063295 Gas changed to 0.00
t=3063475 Gas changed to 1.00
t=3063905 SteerR changed to 0.00
t=3064325 SteerR changed to 1.00
t=3064615 SteerR changed to 0.00
t=3064705 SteerR changed to 1.00
t=3065055 SteerR changed to 0.00
t=3065145 SteerR changed to 1.00
t=3066305 SteerR changed to 0.00
t=3067625 SteerR changed to 1.00
T: 2970.00s | Pos: (480, -inf, -38922928) | Spd: 94165 km/h | Yaw: 1.57 | Steer: 1.00
t=3069295 SteerR changed to 0.00
t=3069935 SteerL changed to -1.00
t=3070085 SteerL changed to 0.00
t=3070235 SteerL changed to -1.00
t=3070325 SteerL changed to 0.00
t=3072315 SteerL changed to -1.00
t=3072385 SteerL changed to 0.00
T: 2975.00s | Pos: (480, -inf, -39053208) | Spd: 94345 km/h | Yaw: 1.57 | Steer: 0.00
t=3073285 SteerR changed to 1.00
t=3073445 SteerR changed to 0.00
t=3073935 SteerL changed to -1.00
t=3074005 SteerL changed to 0.00
t=3074425 SteerR changed to 1.00
t=3074505 SteerR changed to 0.00
t=3074855 SteerR changed to 1.00
t=3076595 SteerR changed to 0.00
t=3077555 SteerR changed to 1.00
T: 2980.00s | Pos: (480, -inf, -39185208) | Spd: 94524 km/h | Yaw: 1.57 | Steer: 1.00
t=3077835 SteerR changed to 0.00
t=3077905 SteerR changed to 1.00
t=3078065 Gas changed to 0.00
t=3078315 Gas changed to 1.00
t=3078715 Gas changed to 0.00
t=3078815 Gas changed to 1.00
t=3079095 Gas changed to 0.00
t=3079235 Gas changed to 1.00
t=3079795 SteerR changed to 0.00
t=3081245 SteerL changed to -1.00
t=3081295 SteerL changed to 0.00
T: 2985.00s | Pos: (480, -inf, -39317208) | Spd: 94686 km/h | Yaw: 1.57 | Steer: 0.00
t=3084285 SteerL changed to -1.00
t=3084445 Gas changed to 0.00
t=3084495 SteerL changed to 0.00
t=3084595 SteerR changed to 1.00
t=3086525 Gas changed to 1.00
t=3087405 SteerR changed to 0.00
T: 2990.00s | Pos: (480, -inf, -39449208) | Spd: 94790 km/h | Yaw: 1.57 | Steer: 0.00
t=3089785 SteerR changed to 1.00
t=3089995 SteerR changed to 0.00
t=3090105 SteerR changed to 1.00
t=3090265 SteerR changed to 0.00
t=3090385 SteerR changed to 1.00
t=3090705 SteerR changed to 0.00
t=3090825 SteerR changed to 1.00
t=3091355 SteerR changed to 0.00
t=3091665 SteerL changed to -1.00
t=3091995 SteerL changed to 0.00
t=3092175 SteerR changed to 1.00
t=3092275 Gas changed to 0.00
T: 2995.00s | Pos: (480, -inf, -39581208) | Spd: 94954 km/h | Yaw: 1.57 | Steer: 1.00
t=3093235 SteerR changed to 0.00
t=3093345 SteerL changed to -1.00
t=3093745 Gas changed to 1.00
t=3093895 SteerL changed to 0.00
t=3093995 SteerL changed to -1.00
t=3095915 SteerL changed to 0.00
t=3096805 SteerR changed to 1.00
t=3096945 SteerR changed to 0.00
T: 3000.00s | Pos: (480, -inf, -39713208) | Spd: 95096 km/h | Yaw: 1.57 | Steer: 0.00
t=3097815 SteerL changed to -1.00
t=3098235 SteerL changed to 0.00
t=3098265 Gas changed to 0.00
t=3098365 SteerR changed to 1.00
t=3099155 Gas changed to 1.00
t=3100715 SteerR changed to 0.00
t=3101685 SteerL changed to -1.00
t=3101795 SteerL changed to 0.00
T: 3005.00s | Pos: (480, -inf, -39845208) | Spd: 95244 km/h | Yaw: 1.57 | Steer: 0.00
t=3102725 SteerL changed to -1.00
t=3102905 SteerL changed to 0.00
t=3103115 SteerL changed to -1.00
t=3103225 SteerL changed to 0.00
t=3103325 SteerL changed to -1.00
t=3103535 SteerL changed to 0.00
t=3103615 SteerL changed to -1.00
t=3103885 SteerL changed to 0.00
t=3103965 SteerL changed to -1.00
t=3104385 SteerL changed to 0.00
t=3104495 SteerR changed to 1.00
t=3104815 Gas changed to 0.00
t=3104955 Gas changed to 1.00
t=3105085 Gas changed to 0.00
t=3105195 Gas changed to 1.00
t=3105985 Gas changed to 0.00
t=3106235 Gas changed to 1.00
t=3106485 Gas changed to 0.00
t=3106525 Gas changed to 1.00
t=3106775 Gas changed to 0.00
t=3106985 Gas changed to 1.00
t=3107615 SteerR changed to 0.00
T: 3010.00s | Pos: (480, -inf, -39977208) | Spd: 95396 km/h | Yaw: 1.57 | Steer: 0.00
t=3109015 SteerL changed to -1.00
t=3109605 SteerL changed to 0.00
t=3110025 SteerR changed to 1.00
t=3110665 SteerR changed to 0.00
T: 3015.00s | Pos: (480, -inf, -40109208) | Spd: 95575 km/h | Yaw: 1.57 | Steer: 0.00
t=3113745 SteerL changed to -1.00
t=3113855 SteerL changed to 0.00
t=3114365 SteerR changed to 1.00
t=3114565 SteerR changed to 0.00
t=3114645 SteerR changed to 1.00
t=3115495 Gas changed to 0.00
t=3115665 Gas changed to 1.00
t=3116435 SteerR changed to 0.00
t=3116785 SteerR changed to 1.00
t=3116865 SteerR changed to 0.00
t=3117235 SteerL changed to -1.00
T: 3020.00s | Pos: (480, -inf, -40241208) | Spd: 95748 km/h | Yaw: 1.57 | Steer: -1.00
t=3119005 SteerL changed to 0.00
t=3119325 SteerL changed to -1.00
t=3119375 SteerL changed to 0.00
t=3119625 SteerR changed to 1.00
t=3119765 SteerR changed to 0.00
t=3119875 SteerR changed to 1.00
t=3120135 SteerR changed to 0.00
t=3120405 SteerL changed to -1.00
t=3120735 SteerL changed to 0.00
t=3121385 SteerR changed to 1.00
t=3121485 SteerR changed to 0.00
t=3121605 SteerR changed to 1.00
t=3121785 Gas changed to 0.00
t=3122435 Gas changed to 1.00
T: 3025.00s | Pos: (480, -inf, -40375088) | Spd: 95904 km/h | Yaw: 1.57 | Steer: 1.00
t=3122945 SteerR changed to 0.00
t=3123145 SteerR changed to 1.00
t=3123555 SteerR changed to 0.00
t=3123645 SteerR changed to 1.00
t=3124505 Gas changed to 0.00
t=3124605 Gas changed to 1.00
t=3125345 SteerR changed to 0.00
t=3125725 SteerL changed to -1.00
t=3125785 SteerL changed to 0.00
t=3126335 SteerR changed to 1.00
T: 3030.00s | Pos: (480, -inf, -40509088) | Spd: 96080 km/h | Yaw: 1.57 | Steer: 1.00
t=3127955 SteerR changed to 0.00
t=3128515 SteerR changed to 1.00
t=3128645 SteerR changed to 0.00
t=3129985 SteerL changed to -1.00
t=3130045 SteerL changed to 0.00
t=3132575 SteerL changed to -1.00
t=3132665 SteerL changed to 0.00
T: 3035.00s | Pos: (480, -inf, -40643088) | Spd: 96259 km/h | Yaw: 1.57 | Steer: 0.00
t=3133085 SteerR changed to 1.00
t=3133185 SteerR changed to 0.00
t=3133695 SteerR changed to 1.00
t=3133815 SteerR changed to 0.00
t=3133915 SteerR changed to 1.00
t=3133995 SteerR changed to 0.00
t=3134115 SteerR changed to 1.00
t=3134385 SteerR changed to 0.00
t=3134475 SteerR changed to 1.00
t=3135815 SteerR changed to 0.00
t=3136725 SteerR changed to 1.00
t=3137435 Gas changed to 0.00
T: 3040.00s | Pos: (480, -inf, -40777088) | Spd: 96429 km/h | Yaw: 1.57 | Steer: 1.00
t=3137715 Gas changed to 1.00
t=3138915 SteerR changed to 0.00
t=3139235 SteerL changed to -1.00
t=3139305 SteerL changed to 0.00
T: 3045.00s | Pos: (480, -inf, -40911088) | Spd: 96608 km/h | Yaw: 1.57 | Steer: 0.00
t=3143075 Gas changed to 0.00
t=3143165 SteerL changed to -1.00
t=3143415 SteerL changed to 0.00
t=3143595 SteerR changed to 1.00
t=3145585 Gas changed to 1.00
t=3146155 SteerR changed to 0.00
T: 3050.00s | Pos: (480, -inf, -41045088) | Spd: 96697 km/h | Yaw: 1.57 | Steer: 0.00
t=3148575 SteerL changed to -1.00
t=3148635 SteerL changed to 0.00
t=3149435 SteerR changed to 1.00
t=3150585 SteerR changed to 0.00
t=3151165 SteerR changed to 1.00
t=3151185 SteerR changed to 0.00
t=3151515 Gas changed to 0.00
t=3151575 SteerR changed to 1.00
t=3152145 Gas changed to 1.00
t=3152295 SteerR changed to 0.00
t=3152445 SteerL changed to -1.00
t=3152535 Gas changed to 0.00
t=3152595 Gas changed to 1.00
t=3152645 SteerL changed to 0.00
t=3152685 Gas changed to 0.00
T: 3055.00s | Pos: (480, -inf, -41179088) | Spd: 96851 km/h | Yaw: 1.57 | Steer: 0.00
t=3152715 SteerL changed to -1.00
t=3153535 Gas changed to 1.00
t=3155055 SteerL changed to 0.00
t=3155655 SteerR changed to 1.00
t=3155745 SteerR changed to 0.00
t=3155925 SteerR changed to 1.00
t=3156095 SteerR changed to 0.00
t=3156845 SteerL changed to -1.00
t=3157265 SteerL changed to 0.00
t=3157505 Gas changed to 0.00
t=3157545 SteerR changed to 1.00
T: 3060.00s | Pos: (480, -inf, -41313088) | Spd: 96994 km/h | Yaw: 1.57 | Steer: 1.00
t=3158705 Gas changed to 1.00
t=3159635 SteerR changed to 0.00
t=3160525 SteerR changed to 1.00
t=3160585 SteerR changed to 0.00
t=3161045 SteerL changed to -1.00
t=3161125 SteerL changed to 0.00
t=3161745 SteerL changed to -1.00
t=3161885 SteerL changed to 0.00
t=3162615 SteerL changed to -1.00
T: 3065.00s | Pos: (480, -inf, -41447088) | Spd: 97137 km/h | Yaw: 1.57 | Steer: -1.00
t=3162835 SteerL changed to 0.00
t=3162925 SteerL changed to -1.00
t=3163755 SteerL changed to 0.00
t=3163995 SteerR changed to 1.00
t=3164195 Gas changed to 0.00
t=3164425 Gas changed to 1.00
t=3167325 SteerR changed to 0.00
T: 3070.00s | Pos: (480, -inf, -41582300) | Spd: 97308 km/h | Yaw: 1.57 | Steer: 0.00
t=3167925 SteerL changed to -1.00
t=3168695 SteerL changed to 0.00
t=3169025 SteerR changed to 1.00
t=3169705 SteerR changed to 0.00
t=3169985 SteerR changed to 1.00
t=3170045 SteerR changed to 0.00
t=3170975 Gas changed to 0.00
t=3171015 SteerL changed to -1.00
t=3171445 Gas changed to 1.00
T: 3075.00s | Pos: (480, -inf, -41718300) | Spd: 97470 km/h | Yaw: 1.57 | Steer: -1.00
t=3173085 SteerL changed to 0.00
t=3173505 SteerR changed to 1.00
t=3174285 Gas changed to 0.00
t=3174365 Gas changed to 1.00
t=3175645 SteerR changed to 0.00
T: 3080.00s | Pos: (480, -inf, -41854300) | Spd: 97647 km/h | Yaw: 1.57 | Steer: 0.00
t=3178075 SteerL changed to -1.00
t=3178165 SteerL changed to 0.00
t=3178795 SteerR changed to 1.00
t=3179215 SteerR changed to 0.00
t=3179495 SteerL changed to -1.00
t=3179845 SteerL changed to 0.00
t=3180805 SteerR changed to 1.00
t=3180985 Gas changed to 0.00
t=3181585 Gas changed to 1.00
t=3182315 SteerR changed to 0.00
t=3182525 SteerR changed to 1.00
T: 3085.00s | Pos: (480, -inf, -41990300) | Spd: 97805 km/h | Yaw: 1.57 | Steer: 1.00
t=3184165 SteerR changed to 0.00
t=3184275 SteerR changed to 1.00
t=3184505 SteerR changed to 0.00
T: 3090.00s | Pos: (480, -inf, -42126300) | Spd: 97984 km/h | Yaw: 1.57 | Steer: 0.00
t=3188705 SteerR changed to 1.00
t=3188715 SteerR changed to 0.00
t=3189245 SteerR changed to 1.00
t=3189275 SteerR changed to 0.00
t=3190915 SteerL changed to -1.00
t=3190975 SteerL changed to 0.00
t=3192675 SteerR changed to 1.00
T: 3095.00s | Pos: (480, -inf, -42262300) | Spd: 98163 km/h | Yaw: 1.57 | Steer: 1.00
t=3192745 SteerR changed to 0.00
t=3193255 SteerR changed to 1.00
t=3194345 SteerR changed to 0.00
t=3194425 SteerR changed to 1.00
t=3195045 SteerR changed to 0.00
t=3195655 SteerR changed to 1.00
t=3195725 SteerR changed to 0.00
t=3195895 SteerR changed to 1.00
t=3196235 SteerR changed to 0.00
t=3196315 SteerR changed to 1.00
t=3196595 SteerR changed to 0.00
t=3196715 SteerR changed to 1.00
t=3196835 Gas changed to 0.00
t=3197235 Gas changed to 1.00
T: 3100.00s | Pos: (480, -inf, -42398300) | Spd: 98328 km/h | Yaw: 1.57 | Steer: 1.00
t=3198245 SteerR changed to 0.00
t=3199655 SteerL changed to -1.00
t=3199685 SteerL changed to 0.00
t=3202455 Gas changed to 0.00
T: 3105.00s | Pos: (480, -inf, -42534300) | Spd: 98499 km/h | Yaw: 1.57 | Steer: 0.00
t=3203005 SteerR changed to 1.00
t=3204445 Gas changed to 1.00
t=3204795 Gas changed to 0.00
t=3205205 Gas changed to 1.00
t=3205625 SteerR changed to 0.00
T: 3110.00s | Pos: (480, -inf, -42670300) | Spd: 98601 km/h | Yaw: 1.57 | Steer: 0.00
t=3208415 SteerR changed to 1.00
t=3209545 SteerR changed to 0.00
t=3209975 SteerL changed to -1.00
t=3210155 SteerL changed to 0.00
t=3210445 SteerR changed to 1.00
t=3210495 Gas changed to 0.00
t=3211105 Gas changed to 1.00
t=3211335 SteerR changed to 0.00
t=3211355 Gas changed to 0.00
t=3211605 SteerL changed to -1.00
t=3211755 SteerL changed to 0.00
t=3211825 Gas changed to 1.00
t=3211855 SteerL changed to -1.00
t=3212105 Gas changed to 0.00
t=3212615 Gas changed to 1.00
T: 3115.00s | Pos: (480, -inf, -42807868) | Spd: 98723 km/h | Yaw: 1.57 | Steer: -1.00
t=3213815 SteerL changed to 0.00
t=3213925 SteerL changed to -1.00
t=3214335 SteerL changed to 0.00
t=3215235 SteerR changed to 1.00
t=3215545 SteerR changed to 0.00
t=3216035 SteerL changed to -1.00
t=3216395 SteerL changed to 0.00
t=3216485 SteerL changed to -1.00
t=3216595 SteerL changed to 0.00
t=3216705 Gas changed to 0.00
t=3216795 SteerR changed to 1.00
T: 3120.00s | Pos: (480, -inf, -42945868) | Spd: 98866 km/h | Yaw: 1.57 | Steer: 1.00
t=3217825 Gas changed to 1.00
t=3219155 SteerR changed to 0.00
t=3219685 SteerL changed to -1.00
t=3219905 SteerL changed to 0.00
t=3220105 SteerL changed to -1.00
t=3220115 SteerL changed to 0.00
t=3220995 SteerL changed to -1.00
t=3221185 SteerL changed to 0.00
t=3221695 SteerL changed to -1.00
t=3221895 SteerL changed to 0.00
t=3222035 SteerL changed to -1.00
t=3222185 SteerL changed to 0.00
t=3222225 SteerL changed to -1.00
t=3222345 SteerL changed to 0.00
t=3222425 SteerL changed to -1.00
t=3222635 SteerL changed to 0.00
t=3222695 SteerL changed to -1.00
T: 3125.00s | Pos: (480, -inf, -43083868) | Spd: 99041 km/h | Yaw: 1.57 | Steer: -1.00
t=3223085 SteerL changed to 0.00
t=3223135 SteerR changed to 1.00
t=3223395 Gas changed to 0.00
t=3223895 Gas changed to 1.00
t=3224625 SteerR changed to 0.00
t=3224725 SteerR changed to 1.00
t=3226375 SteerR changed to 0.00
t=3227155 SteerL changed to -1.00
t=3227375 SteerL changed to 0.00
t=3227495 SteerL changed to -1.00
T: 3130.00s | Pos: (480, -inf, -43221868) | Spd: 99203 km/h | Yaw: 1.57 | Steer: -1.00
t=3227735 SteerL changed to 0.00
t=3227885 SteerL changed to -1.00
t=3227995 SteerL changed to 0.00
t=3228385 SteerR changed to 1.00
t=3228915 SteerR changed to 0.00
t=3229435 SteerR changed to 1.00
t=3229465 SteerR changed to 0.00
t=3232475 SteerR changed to 1.00
t=3232605 SteerR changed to 0.00
T: 3135.00s | Pos: (480, -inf, -43359868) | Spd: 99382 km/h | Yaw: 1.57 | Steer: 0.00
t=3232975 SteerR changed to 1.00
t=3233985 Gas changed to 0.00
t=3234195 Gas changed to 1.00
t=3234765 SteerR changed to 0.00
t=3235045 SteerL changed to -1.00
t=3235095 SteerL changed to 0.00
t=3235545 SteerR changed to 1.00
t=3236565 SteerR changed to 0.00
t=3237235 SteerR changed to 1.00
t=3237345 SteerR changed to 0.00
T: 3140.00s | Pos: (480, -inf, -43497868) | Spd: 99554 km/h | Yaw: 1.57 | Steer: 0.00
t=3237955 SteerR changed to 1.00
t=3238235 SteerR changed to 0.00
t=3238635 SteerL changed to -1.00
t=3238945 SteerL changed to 0.00
t=3239885 SteerR changed to 1.00
t=3240715 Gas changed to 0.00
t=3241025 Gas changed to 1.00
t=3241395 SteerR changed to 0.00
t=3241575 SteerR changed to 1.00
T: 3145.00s | Pos: (480, -inf, -43635868) | Spd: 99722 km/h | Yaw: 1.57 | Steer: 1.00
t=3242745 SteerR changed to 0.00
t=3242865 SteerR changed to 1.00
t=3243005 SteerR changed to 0.00
t=3243175 SteerR changed to 1.00
t=3243875 SteerR changed to 0.00
t=3244195 SteerL changed to -1.00
t=3244265 SteerL changed to 0.00
t=3244655 SteerR changed to 1.00
t=3245705 SteerR changed to 0.00
T: 3150.00s | Pos: (480, -inf, -43773868) | Spd: 99901 km/h | Yaw: 1.57 | Steer: 0.00
t=3247835 SteerR changed to 1.00
t=3247885 SteerR changed to 0.00
t=3249905 SteerL changed to -1.00
t=3249985 SteerL changed to 0.00
t=3252595 SteerR changed to 1.00
T: 3155.00s | Pos: (480, -inf, -43911884) | Spd: 100081 km/h | Yaw: 1.57 | Steer: 1.00
t=3254585 SteerR changed to 0.00
t=3255285 SteerR changed to 1.00
t=3255375 SteerR changed to 0.00
t=3255585 SteerR changed to 1.00
t=3255705 SteerR changed to 0.00
t=3255825 SteerR changed to 1.00
t=3255965 Gas changed to 0.00
t=3256075 Gas changed to 1.00
t=3257555 SteerR changed to 0.00
T: 3160.00s | Pos: (480, -inf, -44051884) | Spd: 100256 km/h | Yaw: 1.57 | Steer: 0.00
t=3258045 SteerR changed to 1.00
t=3258065 SteerR changed to 0.00
t=3258895 SteerR changed to 1.00
t=3258995 SteerR changed to 0.00
t=3259215 SteerL changed to -1.00
t=3259305 SteerL changed to 0.00
t=3259425 SteerL changed to -1.00
t=3259755 SteerL changed to 0.00
t=3259885 SteerR changed to 1.00
t=3260695 Gas changed to 0.00
t=3261665 Gas changed to 1.00
t=3261895 SteerR changed to 0.00
t=3262345 SteerR changed to 1.00
t=3262445 Gas changed to 0.00
t=3262565 Gas changed to 1.00
T: 3165.00s | Pos: (480, -inf, -44191884) | Spd: 100396 km/h | Yaw: 1.57 | Steer: 1.00
t=3262855 Gas changed to 0.00
t=3264855 Gas changed to 1.00
t=3265355 SteerR changed to 0.00
T: 3170.00s | Pos: (480, -inf, -44331884) | Spd: 100504 km/h | Yaw: 1.57 | Steer: 0.00
t=3268125 SteerR changed to 1.00
t=3268585 SteerR changed to 0.00
t=3268715 SteerR changed to 1.00
t=3269375 SteerR changed to 0.00
t=3269665 SteerL changed to -1.00
t=3269925 SteerL changed to 0.00
t=3270225 SteerR changed to 1.00
t=3270255 Gas changed to 0.00
t=3270625 Gas changed to 1.00
t=3271165 Gas changed to 0.00
t=3271175 SteerR changed to 0.00
t=3271285 SteerL changed to -1.00
t=3271425 SteerL changed to 0.00
t=3271495 SteerL changed to -1.00
t=3271835 Gas changed to 1.00
t=3272255 Gas changed to 0.00
t=3272485 Gas changed to 1.00
T: 3175.00s | Pos: (480, -inf, -44471884) | Spd: 100638 km/h | Yaw: 1.57 | Steer: -1.00
t=3273935 SteerL changed to 0.00
t=3274675 SteerR changed to 1.00
t=3274955 SteerR changed to 0.00
t=3275675 SteerL changed to -1.00
t=3275885 SteerL changed to 0.00
t=3275955 SteerL changed to -1.00
t=3276155 SteerL changed to 0.00
t=3276235 Gas changed to 0.00
t=3276355 SteerR changed to 1.00
t=3277445 Gas changed to 1.00
T: 3180.00s | Pos: (480, -inf, -44611884) | Spd: 100773 km/h | Yaw: 1.57 | Steer: 1.00
t=3278385 SteerR changed to 0.00
t=3278585 SteerR changed to 1.00
t=3278755 SteerR changed to 0.00
t=3279755 SteerL changed to -1.00
t=3279915 SteerL changed to 0.00
t=3281195 SteerL changed to -1.00
t=3281405 SteerL changed to 0.00
t=3281505 SteerL changed to -1.00
t=3281705 SteerL changed to 0.00
t=3281785 SteerL changed to -1.00
t=3282005 SteerL changed to 0.00
t=3282095 SteerL changed to -1.00
t=3282515 SteerL changed to 0.00
T: 3185.00s | Pos: (480, -inf, -44751884) | Spd: 100953 km/h | Yaw: 1.57 | Steer: 0.00
t=3282765 SteerR changed to 1.00
t=3284025 Gas changed to 0.00
t=3284455 Gas changed to 1.00
t=3286015 SteerR changed to 0.00
t=3286575 SteerL changed to -1.00
t=3286625 SteerL changed to 0.00
t=3286875 SteerL changed to -1.00
t=3287605 SteerL changed to 0.00
T: 3190.00s | Pos: (480, -inf, -44891884) | Spd: 101117 km/h | Yaw: 1.57 | Steer: 0.00
t=3287915 SteerR changed to 1.00
t=3288615 SteerR changed to 0.00
t=3291985 SteerL changed to -1.00
t=3292125 SteerL changed to 0.00
t=3292445 SteerR changed to 1.00
t=3292625 Gas changed to 0.00
T: 3195.00s | Pos: (479, -inf, -45031884) | Spd: 101293 km/h | Yaw: 1.57 | Steer: 1.00
t=3292975 Gas changed to 1.00
t=3294425 SteerR changed to 0.00
t=3294895 SteerL changed to -1.00
t=3294945 SteerL changed to 0.00
t=3295315 SteerR changed to 1.00
t=3296245 SteerR changed to 0.00
t=3296915 SteerR changed to 1.00
t=3297015 SteerR changed to 0.00
t=3297485 SteerR changed to 1.00
t=3297585 SteerR changed to 0.00
T: 3200.00s | Pos: (479, -inf, -45171884) | Spd: 101463 km/h | Yaw: 1.57 | Steer: 0.00
t=3297725 SteerR changed to 1.00
t=3297995 SteerR changed to 0.00
t=3298385 SteerL changed to -1.00
t=3298695 SteerL changed to 0.00
t=3301365 SteerR changed to 1.00
t=3301595 Gas changed to 0.00
t=3301735 Gas changed to 1.00
t=3302015 SteerR changed to 0.00
t=3302115 SteerR changed to 1.00
T: 3205.00s | Pos: (479, -inf, -45313252) | Spd: 101637 km/h | Yaw: 1.57 | Steer: 1.00
t=3303425 SteerR changed to 0.00
t=3307085 SteerL changed to -1.00
t=3307295 SteerL changed to 0.00
t=3307685 SteerL changed to -1.00
T: 3210.00s | Pos: (479, -inf, -45455252) | Spd: 101816 km/h | Yaw: 1.57 | Steer: -1.00
t=3307765 SteerL changed to 0.00
t=3309825 SteerR changed to 1.00
t=3309935 SteerR changed to 0.00
t=3311725 SteerR changed to 1.00
t=3312035 SteerR changed to 0.00
t=3312125 SteerR changed to 1.00
t=3312485 SteerR changed to 0.00
t=3312535 SteerR changed to 1.00
T: 3215.00s | Pos: (479, -inf, -45597252) | Spd: 101996 km/h | Yaw: 1.57 | Steer: 1.00
t=3313015 SteerR changed to 0.00
t=3313095 SteerR changed to 1.00
t=3313695 SteerR changed to 0.00
t=3313875 SteerR changed to 1.00
t=3313965 SteerR changed to 0.00
t=3314565 SteerR changed to 1.00
t=3314745 SteerR changed to 0.00
t=3314765 SteerR changed to 1.00
t=3316675 SteerR changed to 0.00
T: 3220.00s | Pos: (479, -inf, -45739252) | Spd: 102175 km/h | Yaw: 1.57 | Steer: 0.00
t=3317805 SteerL changed to -1.00
t=3317865 SteerL changed to 0.00
t=3318255 SteerR changed to 1.00
t=3318925 Gas changed to 0.00
t=3319035 Gas changed to 1.00
t=3319245 Gas changed to 0.00
t=3320825 Gas changed to 1.00
t=3321035 SteerR changed to 0.00
t=3321315 SteerR changed to 1.00
t=3321895 Gas changed to 0.00
T: 3225.00s | Pos: (479, -inf, -45881252) | Spd: 102264 km/h | Yaw: 1.57 | Steer: 1.00
t=3323545 Gas changed to 1.00
t=3324105 SteerR changed to 0.00
t=3324445 SteerL changed to -1.00
t=3324575 SteerL changed to 0.00
t=3325555 SteerL changed to -1.00
t=3325665 SteerL changed to 0.00
t=3327105 SteerR changed to 1.00
T: 3230.00s | Pos: (479, -inf, -46023252) | Spd: 102414 km/h | Yaw: 1.57 | Steer: 1.00
t=3328165 SteerR changed to 0.00
t=3328775 SteerL changed to -1.00
t=3328885 SteerL changed to 0.00
t=3328995 Gas changed to 0.00
t=3329035 SteerR changed to 1.00
t=3329365 Gas changed to 1.00
t=3329865 SteerR changed to 0.00
t=3330055 SteerL changed to -1.00
t=3330065 Gas changed to 0.00
t=3331115 Gas changed to 1.00
T: 3235.00s | Pos: (479, -inf, -46165252) | Spd: 102542 km/h | Yaw: 1.57 | Steer: -1.00
t=3332905 SteerL changed to 0.00
t=3333235 SteerR changed to 1.00
t=3333825 SteerR changed to 0.00
t=3334455 SteerL changed to -1.00
t=3335065 Gas changed to 0.00
t=3335065 SteerL changed to 0.00
t=3335155 SteerR changed to 1.00
t=3336055 Gas changed to 1.00
t=3337605 SteerR changed to 0.00
T: 3240.00s | Pos: (479, -inf, -46307252) | Spd: 102686 km/h | Yaw: 1.57 | Steer: 0.00
t=3338055 SteerL changed to -1.00
t=3338325 SteerL changed to 0.00
t=3339425 SteerL changed to -1.00
t=3339585 SteerL changed to 0.00
t=3340245 SteerL changed to -1.00
t=3340635 SteerL changed to 0.00
t=3340725 SteerL changed to -1.00
t=3340875 SteerL changed to 0.00
t=3340945 SteerL changed to -1.00
t=3341395 SteerL changed to 0.00
t=3341595 SteerR changed to 1.00
t=3342385 Gas changed to 0.00
T: 3245.00s | Pos: (479, -inf, -46449252) | Spd: 102854 km/h | Yaw: 1.57 | Steer: 1.00
t=3342745 Gas changed to 1.00
t=3343365 Gas changed to 0.00
t=3343465 Gas changed to 1.00
t=3344745 SteerR changed to 0.00
t=3345245 SteerR changed to 1.00
t=3345345 SteerR changed to 0.00
t=3345765 SteerL changed to -1.00
t=3345935 SteerL changed to 0.00
t=3346045 SteerL changed to -1.00
t=3346605 SteerL changed to 0.00
t=3346885 SteerR changed to 1.00
t=3347495 SteerR changed to 0.00
T: 3250.00s | Pos: (479, -inf, -46592016) | Spd: 103028 km/h | Yaw: 1.57 | Steer: 0.00
t=3347795 SteerR changed to 1.00
t=3347845 SteerR changed to 0.00
t=3348975 Gas changed to 0.00
t=3348995 SteerR changed to 1.00
t=3349455 Gas changed to 1.00
t=3349725 SteerR changed to 0.00
t=3351625 SteerR changed to 1.00
t=3351955 Gas changed to 0.00
t=3352095 Gas changed to 1.00
T: 3255.00s | Pos: (479, -inf, -46736016) | Spd: 103185 km/h | Yaw: 1.57 | Steer: 1.00
t=3353395 SteerR changed to 0.00
t=3353825 SteerR changed to 1.00
t=3353905 SteerR changed to 0.00
t=3354435 SteerL changed to -1.00
t=3354745 SteerL changed to 0.00
t=3356775 SteerR changed to 1.00
t=3357085 SteerR changed to 0.00
t=3357365 SteerL changed to -1.00
T: 3260.00s | Pos: (479, -inf, -46880016) | Spd: 103364 km/h | Yaw: 1.57 | Steer: -1.00
t=3357715 SteerL changed to 0.00
t=3358665 SteerR changed to 1.00
t=3359175 Gas changed to 0.00
t=3359665 Gas changed to 1.00
t=3360135 SteerR changed to 0.00
t=3360385 SteerR changed to 1.00
t=3362365 SteerR changed to 0.00
T: 3265.00s | Pos: (479, -inf, -47024016) | Spd: 103526 km/h | Yaw: 1.57 | Steer: 0.00
t=3366965 SteerR changed to 1.00
t=3367025 SteerR changed to 0.00
T: 3270.00s | Pos: (479, -inf, -47168016) | Spd: 103705 km/h | Yaw: 1.57 | Steer: 0.00
t=3368465 SteerL changed to -1.00
t=3368555 SteerL changed to 0.00
t=3370065 SteerR changed to 1.00
t=3370115 SteerR changed to 0.00
t=3370615 SteerR changed to 1.00
t=3370705 SteerR changed to 0.00
t=3371095 SteerR changed to 1.00
t=3371235 SteerR changed to 0.00
t=3371335 SteerR changed to 1.00
T: 3275.00s | Pos: (479, -inf, -47312016) | Spd: 103885 km/h | Yaw: 1.57 | Steer: 1.00
t=3372815 SteerR changed to 0.00
t=3373155 SteerR changed to 1.00
t=3373265 SteerR changed to 0.00
t=3373435 SteerR changed to 1.00
t=3373545 SteerR changed to 0.00
t=3373885 SteerR changed to 1.00
t=3374135 SteerR changed to 0.00
t=3374215 SteerR changed to 1.00
t=3374385 Gas changed to 0.00
t=3374495 Gas changed to 1.00
t=3374825 Gas changed to 0.00
t=3374915 Gas changed to 1.00
t=3376025 SteerR changed to 0.00
t=3377195 SteerL changed to -1.00
t=3377295 SteerL changed to 0.00
t=3377615 SteerR changed to 1.00
T: 3280.00s | Pos: (479, -inf, -47456016) | Spd: 104057 km/h | Yaw: 1.57 | Steer: 1.00
t=3378425 Gas changed to 0.00
t=3378885 Gas changed to 1.00
t=3379675 SteerR changed to 0.00
t=3380485 SteerR changed to 1.00
t=3380755 Gas changed to 0.00
T: 3285.00s | Pos: (479, -inf, -47600016) | Spd: 104150 km/h | Yaw: 1.57 | Steer: 1.00
t=3383285 Gas changed to 1.00
t=3383375 SteerR changed to 0.00
t=3384325 SteerL changed to -1.00
t=3384575 SteerL changed to 0.00
t=3386095 SteerR changed to 1.00
t=3387445 SteerR changed to 0.00
T: 3290.00s | Pos: (479, -inf, -47744016) | Spd: 104308 km/h | Yaw: 1.57 | Steer: 0.00
t=3387745 SteerL changed to -1.00
t=3388065 SteerL changed to 0.00
t=3388135 Gas changed to 0.00
t=3388215 SteerR changed to 1.00
t=3388535 Gas changed to 1.00
t=3388725 Gas changed to 0.00
t=3389155 SteerR changed to 0.00
t=3389175 SteerL changed to -1.00
t=3389225 Gas changed to 1.00
t=3389645 SteerL changed to 0.00
t=3389785 SteerR changed to 1.00
t=3390105 SteerR changed to 0.00
t=3390105 SteerL changed to -1.00
t=3391825 SteerL changed to 0.00
T: 3295.00s | Pos: (479, -inf, -47888640) | Spd: 104455 km/h | Yaw: 1.57 | Steer: 0.00
t=3394575 SteerL changed to -1.00
t=3395025 SteerL changed to 0.00
t=3395045 Gas changed to 0.00
t=3395195 SteerR changed to 1.00
t=3395635 SteerR changed to 0.00
t=3395745 SteerR changed to 1.00
t=3395855 SteerR changed to 0.00
t=3395945 SteerR changed to 1.00
t=3396015 SteerR changed to 0.00
t=3396075 SteerR changed to 1.00
t=3396175 SteerR changed to 0.00
t=3396195 SteerR changed to 1.00
t=3396215 Gas changed to 1.00
t=3396265 SteerR changed to 0.00
t=3396335 SteerR changed to 1.00
t=3396945 SteerR changed to 0.00
t=3397345 SteerR changed to 1.00
T: 3300.00s | Pos: (479, -inf, -48034640) | Spd: 104592 km/h | Yaw: 1.57 | Steer: 1.00
t=3397895 SteerR changed to 0.00
t=3398585 SteerR changed to 1.00
t=3398635 SteerR changed to 0.00
t=3399845 SteerL changed to -1.00
t=3400035 SteerL changed to 0.00
t=3401795 SteerL changed to -1.00
t=3401985 SteerL changed to 0.00
t=3402075 SteerL changed to -1.00
t=3402295 SteerL changed to 0.00
t=3402405 SteerL changed to -1.00
t=3402515 SteerL changed to 0.00
t=3402635 SteerL changed to -1.00
T: 3305.00s | Pos: (479, -inf, -48180640) | Spd: 104772 km/h | Yaw: 1.57 | Steer: -1.00
t=3403075 SteerL changed to 0.00
t=3403315 SteerR changed to 1.00
t=3405625 Gas changed to 0.00
t=3405765 Gas changed to 1.00
t=3406105 Gas changed to 0.00
t=3406195 Gas changed to 1.00
t=3406645 SteerR changed to 0.00
t=3407365 SteerL changed to -1.00
T: 3310.00s | Pos: (479, -inf, -48326640) | Spd: 104943 km/h | Yaw: 1.57 | Steer: -1.00
t=3408215 SteerL changed to 0.00
t=3408445 SteerR changed to 1.00
t=3409135 SteerR changed to 0.00
t=3412395 SteerL changed to -1.00
t=3412595 SteerL changed to 0.00
T: 3315.00s | Pos: (479, -inf, -48472640) | Spd: 105122 km/h | Yaw: 1.57 | Steer: 0.00
t=3412905 SteerR changed to 1.00
t=3414125 Gas changed to 0.00
t=3414265 Gas changed to 1.00
t=3414985 SteerR changed to 0.00
t=3415355 SteerL changed to -1.00
t=3415435 SteerL changed to 0.00
t=3415725 SteerR changed to 1.00
t=3417135 SteerR changed to 0.00
T: 3320.00s | Pos: (479, -inf, -48618640) | Spd: 105296 km/h | Yaw: 1.57 | Steer: 0.00
t=3417865 SteerR changed to 1.00
t=3418415 SteerR changed to 0.00
t=3418695 SteerL changed to -1.00
t=3418845 SteerL changed to 0.00
t=3419055 SteerL changed to -1.00
t=3419205 SteerL changed to 0.00
t=3419845 SteerR changed to 1.00
t=3420145 Gas changed to 0.00
t=3420705 Gas changed to 1.00
t=3421185 SteerR changed to 0.00
t=3421715 SteerR changed to 1.00
T: 3325.00s | Pos: (479, -inf, -48764640) | Spd: 105456 km/h | Yaw: 1.57 | Steer: 1.00
t=3423745 SteerR changed to 0.00
t=3424025 SteerL changed to -1.00
t=3424115 SteerL changed to 0.00
t=3424525 SteerR changed to 1.00
t=3425905 SteerR changed to 0.00
T: 3330.00s | Pos: (479, -inf, -48910640) | Spd: 105635 km/h | Yaw: 1.57 | Steer: 0.00
t=3427995 SteerR changed to 1.00
t=3428055 SteerR changed to 0.00
t=3429345 SteerL changed to -1.00
t=3429485 SteerL changed to 0.00
t=3430595 SteerR changed to 1.00
t=3430695 SteerR changed to 0.00
t=3431985 SteerR changed to 1.00
t=3432495 SteerR changed to 0.00
t=3432585 SteerR changed to 1.00
T: 3335.00s | Pos: (479, -inf, -49056640) | Spd: 105814 km/h | Yaw: 1.57 | Steer: 1.00
t=3433745 SteerR changed to 0.00
t=3434025 SteerR changed to 1.00
t=3434145 SteerR changed to 0.00
t=3434285 SteerR changed to 1.00
t=3434415 SteerR changed to 0.00
t=3434915 SteerR changed to 1.00
t=3435055 Gas changed to 0.00
t=3435195 Gas changed to 1.00
t=3436945 SteerR changed to 0.00
T: 3340.00s | Pos: (479, -inf, -49204360) | Spd: 105988 km/h | Yaw: 1.57 | Steer: 0.00
t=3438135 SteerL changed to -1.00
t=3438205 SteerL changed to 0.00
t=3438575 SteerR changed to 1.00
t=3439125 Gas changed to 0.00
t=3440085 Gas changed to 1.00
t=3440745 SteerR changed to 0.00
t=3441605 SteerR changed to 1.00
t=3441825 Gas changed to 0.00
T: 3345.00s | Pos: (479, -inf, -49352360) | Spd: 106102 km/h | Yaw: 1.57 | Steer: 1.00
t=3443685 Gas changed to 1.00
t=3444365 SteerR changed to 0.00
t=3446885 SteerR changed to 1.00
t=3447035 SteerR changed to 0.00
t=3447195 SteerR changed to 1.00
t=3447525 SteerR changed to 0.00
t=3447565 SteerR changed to 1.00
T: 3350.00s | Pos: (479, -inf, -49500360) | Spd: 106246 km/h | Yaw: 1.57 | Steer: 1.00
t=3448315 SteerR changed to 0.00
t=3448535 SteerL changed to -1.00
t=3448845 SteerL changed to 0.00
t=3449105 Gas changed to 0.00
t=3449115 SteerR changed to 1.00
t=3449585 Gas changed to 1.00
t=3450065 SteerR changed to 0.00
t=3450085 Gas changed to 0.00
t=3450185 SteerL changed to -1.00
t=3450685 Gas changed to 1.00
t=3450785 SteerL changed to 0.00
t=3450865 SteerL changed to -1.00
T: 3355.00s | Pos: (479, -inf, -49648360) | Spd: 106387 km/h | Yaw: 1.57 | Steer: -1.00
t=3452855 SteerL changed to 0.00
t=3453015 SteerL changed to -1.00
t=3453155 SteerL changed to 0.00
t=3453455 SteerR changed to 1.00
t=3453935 SteerR changed to 0.00
t=3454445 SteerL changed to -1.00
t=3454855 SteerL changed to 0.00
t=3454945 Gas changed to 0.00
t=3455105 SteerR changed to 1.00
t=3455975 Gas changed to 1.00
t=3457345 SteerR changed to 0.00
T: 3360.00s | Pos: (479, -inf, -49796360) | Spd: 106529 km/h | Yaw: 1.57 | Steer: 0.00
t=3457795 SteerL changed to -1.00
t=3457865 SteerL changed to 0.00
t=3458055 SteerL changed to -1.00
t=3458145 SteerL changed to 0.00
t=3459065 SteerL changed to -1.00
t=3459175 SteerL changed to 0.00
t=3459705 SteerL changed to -1.00
t=3459835 SteerL changed to 0.00
t=3460005 SteerL changed to -1.00
t=3460125 SteerL changed to 0.00
t=3460165 SteerL changed to -1.00
t=3460715 SteerL changed to 0.00
t=3460805 SteerL changed to -1.00
t=3460995 SteerL changed to 0.00
t=3461235 SteerR changed to 1.00
t=3462255 Gas changed to 0.00
T: 3365.00s | Pos: (479, -inf, -49944360) | Spd: 106692 km/h | Yaw: 1.57 | Steer: 1.00
t=3462715 Gas changed to 1.00
t=3464365 SteerR changed to 0.00
t=3465475 SteerL changed to -1.00
t=3466065 SteerL changed to 0.00
t=3466495 SteerR changed to 1.00
t=3467085 SteerR changed to 0.00
T: 3370.00s | Pos: (479, -inf, -50092360) | Spd: 106871 km/h | Yaw: 1.57 | Steer: 0.00
t=3470395 SteerL changed to -1.00
t=3470455 SteerL changed to 0.00
t=3470795 SteerR changed to 1.00
t=3471285 SteerR changed to 0.00
t=3471355 SteerR changed to 1.00
t=3471955 Gas changed to 0.00
t=3472305 Gas changed to 1.00
T: 3375.00s | Pos: (479, -inf, -50240360) | Spd: 107038 km/h | Yaw: 1.57 | Steer: 1.00
t=3472795 SteerR changed to 0.00
t=3475035 SteerL changed to -1.00
t=3475175 SteerL changed to 0.00
t=3475965 SteerR changed to 1.00
t=3476335 SteerR changed to 0.00
t=3476925 SteerL changed to -1.00
t=3477225 SteerL changed to 0.00
T: 3380.00s | Pos: (479, -inf, -50388360) | Spd: 107217 km/h | Yaw: 1.57 | Steer: 0.00
t=3477805 SteerR changed to 1.00
t=3478645 Gas changed to 0.00
t=3478795 Gas changed to 1.00
t=3479585 SteerR changed to 0.00
t=3480015 SteerR changed to 1.00
t=3480945 Gas changed to 0.00
t=3481065 Gas changed to 1.00
t=3481795 SteerR changed to 0.00
T: 3385.00s | Pos: (479, -inf, -50537604) | Spd: 107387 km/h | Yaw: 1.57 | Steer: 0.00
T: 3390.00s | Pos: (479, -inf, -50687604) | Spd: 107566 km/h | Yaw: 1.57 | Steer: 0.00
t=3487805 SteerL changed to -1.00
t=3487925 SteerL changed to 0.00
t=3488895 SteerR changed to 1.00
t=3489065 SteerR changed to 0.00
t=3489745 SteerL changed to -1.00
t=3489815 SteerL changed to 0.00
t=3490345 SteerR changed to 1.00
t=3490405 SteerR changed to 0.00
t=3490575 SteerR changed to 1.00
t=3491465 Gas changed to 0.00
t=3491565 Gas changed to 1.00
t=3492375 SteerR changed to 0.00
T: 3395.00s | Pos: (479, -inf, -50837604) | Spd: 107742 km/h | Yaw: 1.57 | Steer: 0.00
t=3492795 SteerR changed to 1.00
t=3492875 SteerR changed to 0.00
t=3493495 SteerR changed to 1.00
t=3493915 Gas changed to 0.00
t=3494055 Gas changed to 1.00
t=3495435 SteerR changed to 0.00
t=3495635 SteerR changed to 1.00
t=3495695 SteerR changed to 0.00
t=3496065 SteerR changed to 1.00
t=3496155 SteerR changed to 0.00
t=3496775 SteerL changed to -1.00
t=3496885 SteerL changed to 0.00
T: 3400.00s | Pos: (479, -inf, -50987604) | Spd: 107916 km/h | Yaw: 1.57 | Steer: 0.00
t=3498025 Gas changed to 0.00
t=3498095 SteerL changed to -1.00
t=3498335 Gas changed to 1.00
t=3499645 Gas changed to 0.00
t=3499985 SteerL changed to 0.00
t=3500255 SteerR changed to 1.00
T: 3405.00s | Pos: (479, -inf, -51137604) | Spd: 107974 km/h | Yaw: 1.57 | Steer: 1.00
t=3502725 Gas changed to 1.00
t=3503075 SteerR changed to 0.00
t=3506195 SteerR changed to 1.00
t=3506595 SteerR changed to 0.00
t=3506695 SteerR changed to 1.00
t=3507345 SteerR changed to 0.00
T: 3410.00s | Pos: (479, -inf, -51287604) | Spd: 108153 km/h | Yaw: 1.57 | Steer: 0.00
t=3507815 SteerL changed to -1.00
t=3507925 SteerL changed to 0.00
t=3508165 Gas changed to 0.00
t=3508165 SteerR changed to 1.00
t=3508585 Gas changed to 1.00
t=3509205 SteerR changed to 0.00
t=3509365 SteerL changed to -1.00
t=3509455 SteerL changed to 0.00
t=3509545 SteerL changed to -1.00
t=3509765 SteerL changed to 0.00
t=3509875 SteerL changed to -1.00
t=3510435 Gas changed to 0.00
t=3510665 Gas changed to 1.00
t=3512265 SteerL changed to 0.00
T: 3415.00s | Pos: (479, -inf, -51437604) | Spd: 108309 km/h | Yaw: 1.57 | Steer: 0.00
t=3512785 SteerR changed to 1.00
t=3513195 SteerR changed to 0.00
t=3513915 SteerL changed to -1.00
t=3514365 Gas changed to 0.00
t=3514385 SteerL changed to 0.00
t=3514395 SteerR changed to 1.00
t=3515605 Gas changed to 1.00
t=3516195 SteerR changed to 0.00
t=3516535 SteerR changed to 1.00
t=3516675 SteerR changed to 0.00
t=3516865 SteerR changed to 1.00
t=3516945 SteerR changed to 0.00
T: 3420.00s | Pos: (479, -inf, -51587604) | Spd: 108444 km/h | Yaw: 1.57 | Steer: 0.00
t=3518235 SteerL changed to -1.00
t=3518395 SteerL changed to 0.00
t=3519115 SteerR changed to 1.00
t=3519225 SteerR changed to 0.00
t=3519835 SteerL changed to -1.00
t=3519995 SteerL changed to 0.00
t=3520095 SteerL changed to -1.00
t=3520245 SteerL changed to 0.00
t=3520325 SteerL changed to -1.00
t=3521015 SteerL changed to 0.00
t=3521195 SteerR changed to 1.00
T: 3425.00s | Pos: (479, -inf, -51737604) | Spd: 108623 km/h | Yaw: 1.57 | Steer: 1.00
t=3522975 Gas changed to 0.00
t=3523135 Gas changed to 1.00
t=3523305 Gas changed to 0.00
t=3523605 Gas changed to 1.00
t=3524435 SteerR changed to 0.00
t=3525395 SteerL changed to -1.00
t=3526095 SteerL changed to 0.00
t=3526395 SteerR changed to 1.00
t=3526585 SteerR changed to 0.00
t=3526695 SteerR changed to 1.00
t=3526875 SteerR changed to 0.00
t=3526975 SteerR changed to 1.00
t=3527255 SteerR changed to 0.00
T: 3430.00s | Pos: (479, -inf, -51888348) | Spd: 108786 km/h | Yaw: 1.57 | Steer: 0.00
t=3530605 SteerL changed to -1.00
t=3530635 SteerL changed to 0.00
t=3531015 SteerR changed to 1.00
t=3531495 SteerR changed to 0.00
t=3531605 SteerR changed to 1.00
t=3531905 Gas changed to 0.00
t=3532075 Gas changed to 1.00
T: 3435.00s | Pos: (479, -inf, -52040348) | Spd: 108959 km/h | Yaw: 1.57 | Steer: 1.00
t=3533075 SteerR changed to 0.00
t=3536095 SteerR changed to 1.00
t=3536425 SteerR changed to 0.00
t=3536925 SteerL changed to -1.00
t=3537195 SteerL changed to 0.00
T: 3440.00s | Pos: (479, -inf, -52192348) | Spd: 109138 km/h | Yaw: 1.57 | Steer: 0.00
t=3538635 SteerR changed to 1.00
t=3538725 SteerR changed to 0.00
t=3539715 Gas changed to 0.00
t=3539795 SteerR changed to 1.00
t=3540045 Gas changed to 1.00
t=3540975 Gas changed to 0.00
t=3541095 Gas changed to 1.00
t=3541495 SteerR changed to 0.00
t=3542065 SteerR changed to 1.00
t=3542155 SteerR changed to 0.00
T: 3445.00s | Pos: (479, -inf, -52344348) | Spd: 109302 km/h | Yaw: 1.57 | Steer: 0.00
t=3545945 SteerL changed to -1.00
t=3546085 SteerL changed to 0.00
T: 3450.00s | Pos: (479, -inf, -52496348) | Spd: 109481 km/h | Yaw: 1.57 | Steer: 0.00
t=3549715 SteerR changed to 1.00
t=3549795 SteerR changed to 0.00
t=3550935 SteerR changed to 1.00
t=3552685 SteerR changed to 0.00
T: 3455.00s | Pos: (479, -inf, -52648348) | Spd: 109660 km/h | Yaw: 1.57 | Steer: 0.00
t=3553555 SteerR changed to 1.00
t=3554035 SteerR changed to 0.00
t=3554145 SteerR changed to 1.00
t=3554615 Gas changed to 0.00
t=3554855 Gas changed to 1.00
t=3555805 SteerR changed to 0.00
t=3557565 SteerR changed to 1.00
T: 3460.00s | Pos: (479, -inf, -52800348) | Spd: 109831 km/h | Yaw: 1.57 | Steer: 1.00
t=3557895 Gas changed to 0.00
t=3558265 Gas changed to 1.00
t=3558955 SteerR changed to 0.00
t=3560275 Gas changed to 0.00
t=3560445 SteerR changed to 1.00
t=3560855 SteerR changed to 0.00
t=3560905 SteerR changed to 1.00
t=3561215 SteerR changed to 0.00
t=3561245 SteerR changed to 1.00
t=3562325 Gas changed to 1.00
T: 3465.00s | Pos: (479, -inf, -52952348) | Spd: 109923 km/h | Yaw: 1.57 | Steer: 1.00
t=3562895 SteerR changed to 0.00
t=3565485 SteerR changed to 1.00
t=3565645 SteerR changed to 0.00
t=3565775 SteerR changed to 1.00
t=3566815 SteerR changed to 0.00
t=3567295 SteerL changed to -1.00
t=3567425 SteerL changed to 0.00
T: 3470.00s | Pos: (479, -inf, -53104348) | Spd: 110103 km/h | Yaw: 1.57 | Steer: 0.00
t=3567815 SteerR changed to 1.00
t=3567845 Gas changed to 0.00
t=3568295 Gas changed to 1.00
t=3568685 SteerR changed to 0.00
t=3568715 Gas changed to 0.00
t=3568785 Gas changed to 1.00
t=3568815 SteerL changed to -1.00
t=3568845 Gas changed to 0.00
t=3569495 Gas changed to 1.00
t=3570265 Gas changed to 0.00
t=3570485 Gas changed to 1.00
t=3571835 SteerL changed to 0.00
t=3571995 SteerR changed to 1.00
t=3572585 SteerR changed to 0.00
T: 3475.00s | Pos: (479, -inf, -53257160) | Spd: 110232 km/h | Yaw: 1.57 | Steer: 0.00
t=3572825 SteerR changed to 1.00
t=3572885 SteerR changed to 0.00
t=3573255 SteerL changed to -1.00
t=3573645 SteerL changed to 0.00
t=3573665 Gas changed to 0.00
t=3573915 SteerR changed to 1.00
t=3574695 Gas changed to 1.00
t=3576415 SteerR changed to 0.00
t=3576735 SteerL changed to -1.00
t=3576955 SteerL changed to 0.00
t=3577065 SteerL changed to -1.00
t=3577205 SteerL changed to 0.00
t=3577475 SteerR changed to 1.00
t=3577565 SteerR changed to 0.00
T: 3480.00s | Pos: (479, -inf, -53411160) | Spd: 110374 km/h | Yaw: 1.57 | Steer: 0.00
t=3577875 SteerL changed to -1.00
t=3578065 SteerL changed to 0.00
t=3578645 SteerL changed to -1.00
t=3578815 SteerL changed to 0.00
t=3578895 SteerL changed to -1.00
t=3579065 SteerL changed to 0.00
t=3579155 SteerL changed to -1.00
t=3579965 SteerL changed to 0.00
t=3579995 SteerR changed to 1.00
t=3580425 Gas changed to 0.00
t=3580805 Gas changed to 1.00
T: 3485.00s | Pos: (479, -inf, -53565160) | Spd: 110540 km/h | Yaw: 1.57 | Steer: 1.00
t=3583425 SteerR changed to 0.00
t=3583865 SteerL changed to -1.00
t=3584005 SteerL changed to 0.00
t=3584135 SteerL changed to -1.00
t=3584285 SteerL changed to 0.00
t=3584365 SteerL changed to -1.00
t=3584875 SteerL changed to 0.00
t=3585135 SteerR changed to 1.00
t=3585785 SteerR changed to 0.00
T: 3490.00s | Pos: (479, -inf, -53719160) | Spd: 110719 km/h | Yaw: 1.57 | Steer: 0.00
t=3589435 SteerR changed to 1.00
t=3589635 SteerR changed to 0.00
t=3589765 SteerR changed to 1.00
t=3590045 Gas changed to 0.00
t=3590305 Gas changed to 1.00
t=3591545 SteerR changed to 0.00
T: 3495.00s | Pos: (479, -inf, -53873160) | Spd: 110889 km/h | Yaw: 1.57 | Steer: 0.00
t=3594105 SteerL changed to -1.00
t=3594165 SteerL changed to 0.00
t=3594875 SteerR changed to 1.00
t=3595315 SteerR changed to 0.00
t=3595555 SteerL changed to -1.00
t=3595945 SteerL changed to 0.00
t=3596685 SteerR changed to 1.00
t=3597175 Gas changed to 0.00
T: 3500.00s | Pos: (479, -inf, -54027160) | Spd: 111050 km/h | Yaw: 1.57 | Steer: 1.00
t=3597775 Gas changed to 1.00
t=3599875 SteerR changed to 0.00
t=3600105 SteerR changed to 1.00
t=3600295 SteerR changed to 0.00
t=3600355 SteerR changed to 1.00
t=3600795 SteerR changed to 0.00
T: 3505.00s | Pos: (479, -inf, -54181160) | Spd: 111226 km/h | Yaw: 1.57 | Steer: 0.00
t=3605145 SteerL changed to -1.00
t=3605225 SteerL changed to 0.00
T: 3510.00s | Pos: (479, -inf, -54335160) | Spd: 111406 km/h | Yaw: 1.57 | Steer: 0.00
T: 3515.00s | Pos: (479, -inf, -54489160) | Spd: 111585 km/h | Yaw: 1.57 | Steer: 0.00
T: 3520.00s | Pos: (478, -inf, -54645000) | Spd: 111764 km/h | Yaw: 1.57 | Steer: 0.00
T: 3525.00s | Pos: (478, -inf, -54801000) | Spd: 111944 km/h | Yaw: 1.57 | Steer: 0.00
T: 3530.00s | Pos: (478, -inf, -54957000) | Spd: 112123 km/h | Yaw: 1.57 | Steer: 0.00
T: 3535.00s | Pos: (478, -inf, -55113000) | Spd: 112302 km/h | Yaw: 1.57 | Steer: 0.00
T: 3540.00s | Pos: (478, -inf, -55269000) | Spd: 112482 km/h | Yaw: 1.57 | Steer: 0.00
T: 3545.00s | Pos: (478, -inf, -55425000) | Spd: 112661 km/h | Yaw: 1.57 | Steer: 0.00
T: 3550.00s | Pos: (478, -inf, -55581000) | Spd: 112840 km/h | Yaw: 1.57 | Steer: 0.00
T: 3555.00s | Pos: (478, -inf, -55737000) | Spd: 113019 km/h | Yaw: 1.57 | Steer: 0.00
T: 3560.00s | Pos: (478, -inf, -55894776) | Spd: 113199 km/h | Yaw: 1.57 | Steer: 0.00
T: 3565.00s | Pos: (478, -inf, -56052776) | Spd: 113378 km/h | Yaw: 1.57 | Steer: 0.00
T: 3570.00s | Pos: (478, -inf, -56210776) | Spd: 113557 km/h | Yaw: 1.57 | Steer: 0.00
T: 3575.00s | Pos: (478, -inf, -56368776) | Spd: 113737 km/h | Yaw: 1.57 | Steer: 0.00
T: 3580.00s | Pos: (478, -inf, -56526776) | Spd: 113916 km/h | Yaw: 1.57 | Steer: 0.00
T: 3585.00s | Pos: (478, -inf, -56684776) | Spd: 114095 km/h | Yaw: 1.57 | Steer: 0.00
T: 3590.00s | Pos: (478, -inf, -56842776) | Spd: 114275 km/h | Yaw: 1.57 | Steer: 0.00
T: 3595.00s | Pos: (478, -inf, -57000776) | Spd: 114454 km/h | Yaw: 1.57 | Steer: 0.00
T: 3600.00s | Pos: (478, -inf, -57160492) | Spd: 114633 km/h | Yaw: 1.57 | Steer: 0.00
T: 3605.00s | Pos: (478, -inf, -57320492) | Spd: 114812 km/h | Yaw: 1.57 | Steer: 0.00
==================================================
Simulation Finished. Total Ground Hits: 36
