TMNF Physics Reconstruction - Full Race Simulation (Real Raycast)
===================================================================
World mesh populated from 0x0900F004 (CPlugSurfaceGeom). Vertices: 1536, Triangles: 1606
World mesh populated with giant floor.
Scanning for Solid Chunk...
Found chunk 0x09015000 (CPlugVisualIndexedTriangles)!
Dumped solid_decompressed.bin (524263 bytes)
Found chunk 0x03092019 via scan!
DEBUG: eventsDuration=3605940, numNames=7, numEvents=6517
First Event Time: 97695
Loaded 6517 input events from replay.
Starting simulation with 1:1 Physics Loop...
Control Mappings: Accel=3, Brake=4, SteerR=2, SteerL=1
Ev[0] t=97695 ctrl=3 val=1
Ev[1] t=97700 ctrl=3 val=0
Ev[2] t=100000 ctrl=6 val=1
Ev[3] t=100010 ctrl=3 val=1
Ev[4] t=106787 ctrl=2 val=1
Ev[5] t=106993 ctrl=2 val=0
Ev[6] t=107086 ctrl=2 val=1
Ev[7] t=108506 ctrl=2 val=0
Ev[8] t=108724 ctrl=2 val=1
Ev[9] t=108802 ctrl=2 val=0
Simulating for 360924 steps (3609.24s)...
t=97695 Gas changed to 1
t=97695 SteerR changed to 1
t=97695 SteerR changed to 0
t=97695 SteerR changed to 1
t=97695 SteerR changed to 0
t=97695 SteerR changed to 1
t=97695 SteerR changed to 0
t=97695 SteerR changed to 1
t=97695 SteerR changed to 0
t=97695 SteerR changed to 1
t=97695 SteerR changed to 0
t=97695 SteerR changed to 1
t=97695 SteerR changed to 0
t=97695 SteerL changed to -1
t=97695 SteerL changed to 0
t=97695 Gas changed to 0
t=97695 SteerR changed to 1
t=97695 Gas changed to 1
t=97695 SteerR changed to 0
t=97695 SteerR changed to 1
t=97695 SteerR changed to 0
t=97695 SteerR changed to 1
t=97695 SteerR changed to 0
t=97695 SteerL changed to -1
t=97695 SteerL changed to 0
t=97695 SteerR changed to 1
t=97695 Gas changed to 0
t=97695 Gas changed to 1
t=97695 SteerR changed to 0
t=97695 SteerL changed to -1
t=97695 Gas changed to 0
t=97695 Gas changed to 1
t=97695 SteerL changed to 0
t=97695 SteerL changed to -1
t=97695 SteerL changed to 0
t=97695 SteerL changed to -1
t=97695 SteerL changed to 0
t=97695 Gas changed to 0
t=97695 SteerR changed to 1
t=97695 Gas changed to 1
t=97695 SteerR changed to 0
t=97695 SteerL changed to -1
t=97695 SteerL changed to 0
t=97695 SteerL changed to -1
t=97695 SteerL changed to 0
t=97695 SteerL changed to -1
t=97695 SteerL changed to 0
t=97695 SteerL changed to -1
t=97695 SteerL changed to 0
t=97695 SteerR changed to 1
t=97695 Gas changed to 0
t=97695 Gas changed to 1
t=97695 Gas changed to 0
t=97695 Gas changed to 1
t=97695 SteerR changed to 0
t=97695 SteerR changed to 1
t=97695 SteerR changed to 0
t=97695 SteerL changed to -1
t=97695 SteerL changed to 0
t=97695 SteerL changed to -1
t=97695 SteerL changed to 0
t=97695 SteerL changed to -1
t=97695 SteerL changed to 0
t=97695 SteerR changed to 1
t=97695 SteerR changed to 0
t=97695 SteerR changed to 1
t=97695 SteerR changed to 0
t=97695 SteerR changed to 1
t=97695 SteerR changed to 0
t=97695 SteerR changed to 1
t=97695 SteerR changed to 0
t=97695 SteerR changed to 1
t=97695 SteerR changed to 0
t=97695 SteerR changed to 1
t=97695 SteerR changed to 0
t=97695 SteerR changed to 1
t=97695 SteerR changed to 0
t=97695 SteerR changed to 1
t=97695 SteerR changed to 0
t=97695 SteerL changed to -1
t=97695 SteerL changed to 0
t=97695 SteerR changed to 1
t=97695 SteerR changed to 0
t=97695 SteerR changed to 1
t=97695 SteerR changed to 0
t=97695 SteerR changed to 1
t=97695 SteerR changed to 0
t=97695 SteerR changed to 1
t=97695 Gas changed to 0
t=97695 Gas changed to 1
t=97695 SteerR changed to 0
t=97695 SteerL changed to -1
t=97695 SteerL changed to 0
t=97695 SteerL changed to -1
t=97695 SteerL changed to 0
t=97695 SteerR changed to 1
t=97695 SteerR changed to 0
t=97695 Gas changed to 0
t=97695 SteerR changed to 1
t=97695 Gas changed to 1
t=97695 SteerR changed to 0
t=97695 SteerR changed to 1
t=97695 SteerR changed to 0
t=97695 SteerR changed to 1
t=97695 SteerR changed to 0
t=97695 SteerR changed to 1
t=97695 SteerR changed to 0
t=97695 SteerR changed to 1
t=97695 SteerR changed to 0
t=97695 SteerR changed to 1
t=97695 Gas changed to 0
t=97695 SteerR changed to 0
t=97695 SteerL changed to -1
t=97695 Gas changed to 1
t=97695 SteerL changed to 0
t=97695 SteerR changed to 1
t=97695 SteerR changed to 0
t=97695 SteerL changed to -1
t=97695 SteerL changed to 0
t=97695 SteerL changed to -1
t=97695 SteerL changed to 0
t=97695 Gas changed to 0
t=97695 SteerR changed to 1
t=97695 Gas changed to 1
t=97695 SteerR changed to 0
t=97695 SteerL changed to -1
t=97695 SteerL changed to 0
t=97695 SteerL changed to -1
t=97695 SteerL changed to 0
t=97695 SteerL changed to -1
t=97695 SteerL changed to 0
t=97695 SteerL changed to -1
t=97695 SteerL changed to 0
t=97695 SteerR changed to 1
t=97695 Gas changed to 0
t=97695 Gas changed to 1
t=97695 Gas changed to 0
t=97695 Gas changed to 1
T: 0s | Pos: (483, 73.57, 79) | Spd: 0 km/h | Yaw: 1.57 | Steer: 1.00
t=98975 SteerR changed to 0.00
t=99045 SteerR changed to 1.00
t=100565 SteerR changed to 0.00
t=101145 SteerL changed to -1.00
t=101455 SteerL changed to 0.00
t=101535 SteerL changed to -1.00
t=101655 SteerL changed to 0.00
[Step 400] Mesh Raycast HIT at T=0.23 | Z=80.00
t=101735 SteerL changed to -1.00
t=101995 SteerL changed to 0.00
t=102335 SteerR changed to 1.00
[Step 500] Mesh Raycast HIT at T=0.55 | Z=80.00
T: 5.00s | Pos: (483, 4.43, -32) | Spd: 117 km/h | Yaw: 1.57 | Steer: 1.00
t=102945 SteerR changed to 0.00
[Step 600] Mesh Raycast HIT at T=0.23 | Z=80.00
[Step 700] Mesh Raycast HIT at T=0.23 | Z=80.00
[Step 800] Mesh Raycast HIT at T=0.23 | Z=80.00
[Step 900] Mesh Raycast HIT at T=0.23 | Z=80.00
t=106825 SteerR changed to 1.00
t=107025 Gas changed to 0.00
t=107195 Gas changed to 1.00
t=107305 Gas changed to 0.00
t=107525 Gas changed to 1.00
[Step 1000] Mesh Raycast HIT at T=0.23 | Z=80.00
T: 10.00s | Pos: (483, 1.35, -187) | Spd: 97 km/h | Yaw: 1.57 | Steer: 1.00
t=108665 SteerR changed to 0.00
[Step 1100] Mesh Raycast HIT at T=0.23 | Z=80.00
[Step 1200] Mesh Raycast HIT at T=0.23 | Z=80.00
[Step 1300] Mesh Raycast HIT at T=0.23 | Z=80.00
[Step 1400] Mesh Raycast HIT at T=0.23 | Z=80.00
t=112035 SteerR changed to 1.00
t=112345 SteerR changed to 0.00
[Step 1500] Mesh Raycast HIT at T=0.23 | Z=80.00
T: 15.00s | Pos: (483, 1.35, -330) | Spd: 106 km/h | Yaw: 1.57 | Steer: 0.00
t=112845 SteerL changed to -1.00
t=113095 SteerL changed to 0.00
[Step 1600] Mesh Raycast HIT at T=0.23 | Z=80.00
t=113915 SteerR changed to 1.00
[Step 1700] Mesh Raycast HIT at T=0.23 | Z=80.00
t=114715 SteerR changed to 0.00
[Step 1800] Mesh Raycast HIT at T=0.23 | Z=80.00
t=115935 SteerR changed to 1.00
[Step 1900] Mesh Raycast HIT at T=0.23 | Z=80.00
t=117195 SteerR changed to 0.00
t=117305 SteerR changed to 1.00
t=117695 SteerR changed to 0.00
[Step 2000] Mesh Raycast HIT at T=0.23 | Z=80.00
T: 20.00s | Pos: (483, 1.35, -478) | Spd: 107 km/h | Yaw: 1.57 | Steer: 0.00
t=117825 SteerR changed to 1.00
t=117945 SteerR changed to 0.00
[Step 2100] Mesh Raycast HIT at T=0.23 | Z=80.00
[Step 2200] Mesh Raycast HIT at T=0.23 | Z=80.00
[Step 2300] Mesh Raycast HIT at T=0.23 | Z=80.00
t=121115 SteerL changed to -1.00
t=121295 SteerL changed to 0.00
t=121605 SteerL changed to -1.00
[Step 2400] Mesh Raycast HIT at T=0.23 | Z=80.00
t=121715 SteerL changed to 0.00
t=121825 SteerL changed to -1.00
t=121915 SteerL changed to 0.00
[Step 2500] Mesh Raycast HIT at T=0.23 | Z=80.00
T: 25.00s | Pos: (483, 1.35, -628) | Spd: 107 km/h | Yaw: 1.57 | Steer: 0.00
t=122915 SteerR changed to 1.00
t=123015 SteerR changed to 0.00
[Step 2600] Mesh Raycast HIT at T=0.23 | Z=80.00
t=124265 SteerL changed to -1.00
t=124345 SteerL changed to 0.00
[Step 2700] Mesh Raycast HIT at T=0.23 | Z=80.00
t=124905 SteerR changed to 1.00
t=124995 SteerR changed to 0.00
[Step 2800] Mesh Raycast HIT at T=0.23 | Z=80.00
t=126095 SteerR changed to 1.00
t=126635 SteerR changed to 0.00
[Step 2900] Mesh Raycast HIT at T=0.23 | Z=80.00
t=126755 SteerR changed to 1.00
[Step 3000] Mesh Raycast HIT at T=0.23 | Z=80.00
T: 30.00s | Pos: (483, 1.35, -778) | Spd: 107 km/h | Yaw: 1.57 | Steer: 1.00
t=128055 SteerR changed to 0.00
[Step 3100] Mesh Raycast HIT at T=0.23 | Z=80.00
t=128975 SteerR changed to 1.00
[Step 3200] Mesh Raycast HIT at T=0.23 | Z=80.00
t=129785 Gas changed to 0.00
t=130305 Gas changed to 1.00
[Step 3300] Mesh Raycast HIT at T=0.23 | Z=80.00
t=130945 SteerR changed to 0.00
t=131375 SteerR changed to 1.00
t=131445 SteerR changed to 0.00
[Step 3400] Mesh Raycast HIT at T=0.23 | Z=80.00
[Step 3500] Mesh Raycast HIT at T=0.23 | Z=80.00
T: 35.00s | Pos: (483, 1.35, -919) | Spd: 100 km/h | Yaw: 1.57 | Steer: 0.00
t=132715 SteerR changed to 1.00
t=132735 SteerR changed to 0.00
[Step 3600] Mesh Raycast HIT at T=0.23 | Z=80.00
[Step 3700] Mesh Raycast HIT at T=0.23 | Z=80.00
[Step 3800] Mesh Raycast HIT at T=0.23 | Z=80.00
t=135915 Gas changed to 0.00
t=136275 SteerR changed to 1.00
t=136565 SteerR changed to 0.00
t=136605 SteerR changed to 1.00
[Step 3900] Mesh Raycast HIT at T=0.23 | Z=80.00
t=136935 SteerR changed to 0.00
t=136975 SteerR changed to 1.00
t=137025 SteerR changed to 0.00
t=137245 SteerR changed to 1.00
[Step 4000] Mesh Raycast HIT at T=0.23 | Z=80.00
T: 40.00s | Pos: (483, 1.35, -1050) | Spd: 57 km/h | Yaw: 1.57 | Steer: 1.00
[Step 4100] Mesh Raycast HIT at T=0.23 | Z=80.00
t=138945 Gas changed to 1.00
t=138955 SteerR changed to 0.00
[Step 4200] Mesh Raycast HIT at T=0.23 | Z=80.00
[Step 4300] Mesh Raycast HIT at T=0.23 | Z=80.00
t=141595 SteerR changed to 1.00
[Step 4400] Mesh Raycast HIT at T=0.23 | Z=80.00
[Step 4500] Mesh Raycast HIT at T=0.23 | Z=80.00
T: 45.00s | Pos: (483, 1.35, -1138) | Spd: 88 km/h | Yaw: 1.57 | Steer: 1.00
t=142795 SteerR changed to 0.00
t=143155 SteerL changed to -1.00
t=143275 SteerL changed to 0.00
t=143595 SteerR changed to 1.00
t=143625 Gas changed to 0.00
[Step 4600] Mesh Raycast HIT at T=0.23 | Z=80.00
t=143875 SteerR changed to 0.00
t=143935 Gas changed to 1.00
t=143975 Gas changed to 0.00
t=144015 Gas changed to 1.00
t=144085 SteerR changed to 1.00
t=144635 SteerR changed to 0.00
[Step 4700] Mesh Raycast HIT at T=0.23 | Z=80.00
t=144725 SteerL changed to -1.00
t=145275 SteerL changed to 0.00
t=145375 SteerL changed to -1.00
[Step 4800] Mesh Raycast HIT at T=0.23 | Z=80.00
t=146615 SteerL changed to 0.00
[Step 4900] Mesh Raycast HIT at T=0.23 | Z=80.00
t=147055 SteerL changed to -1.00
t=147175 SteerL changed to 0.00
[Step 5000] Mesh Raycast HIT at T=0.23 | Z=80.00
T: 50.00s | Pos: (483, 1.35, -1267) | Spd: 100 km/h | Yaw: 1.57 | Steer: 0.00
[Step 5100] Mesh Raycast HIT at T=0.23 | Z=80.00
t=149305 SteerL changed to -1.00
t=149565 SteerL changed to 0.00
[Step 5200] Mesh Raycast HIT at T=0.23 | Z=80.00
t=149715 Gas changed to 0.00
t=149855 SteerR changed to 1.00
[Step 5300] Mesh Raycast HIT at T=0.23 | Z=80.00
t=151025 Gas changed to 1.00
[Step 5400] Mesh Raycast HIT at T=0.23 | Z=80.00
t=152205 SteerR changed to 0.00
[Step 5500] Mesh Raycast HIT at T=0.23 | Z=80.00
T: 55.00s | Pos: (483, 1.35, -1391) | Spd: 84 km/h | Yaw: 1.57 | Steer: 0.00
t=153015 SteerL changed to -1.00
t=153345 SteerL changed to 0.00
[Step 5600] Mesh Raycast HIT at T=0.23 | Z=80.00
[Step 5700] Mesh Raycast HIT at T=0.23 | Z=80.00
t=154835 SteerL changed to -1.00
t=155595 SteerL changed to 0.00
t=155695 SteerL changed to -1.00
[Step 5800] Mesh Raycast HIT at T=0.23 | Z=80.00
t=155855 SteerL changed to 0.00
t=156055 SteerR changed to 1.00
t=156225 SteerR changed to 0.00
t=156335 SteerR changed to 1.00
[Step 5900] Mesh Raycast HIT at T=0.23 | Z=80.00
t=156775 Gas changed to 0.00
t=157465 Gas changed to 1.00
[Step 6000] Mesh Raycast HIT at T=0.23 | Z=80.00
T: 60.00s | Pos: (483, 1.35, -1522) | Spd: 83 km/h | Yaw: 1.57 | Steer: 1.00
t=157845 SteerR changed to 0.00
t=157975 SteerR changed to 1.00
[Step 6100] Mesh Raycast HIT at T=0.23 | Z=80.00
t=159065 SteerR changed to 0.00
t=159315 SteerR changed to 1.00
t=159375 SteerR changed to 0.00
[Step 6200] Mesh Raycast HIT at T=0.23 | Z=80.00
t=160425 SteerR changed to 1.00
t=160455 SteerR changed to 0.00
t=160595 SteerL changed to -1.00
[Step 6300] Mesh Raycast HIT at T=0.23 | Z=80.00
t=161115 SteerL changed to 0.00
t=161505 SteerR changed to 1.00
[Step 6400] Mesh Raycast HIT at T=0.23 | Z=80.00
t=161975 SteerR changed to 0.00
t=162145 SteerR changed to 1.00
t=162265 SteerR changed to 0.00
[Step 6500] Mesh Raycast HIT at T=0.23 | Z=80.00
T: 65.00s | Pos: (483, 1.35, -1655) | Spd: 103 km/h | Yaw: 1.57 | Steer: 0.00
[Step 6600] Mesh Raycast HIT at T=0.23 | Z=80.00
[Step 6700] Mesh Raycast HIT at T=0.23 | Z=80.00
t=165145 SteerL changed to -1.00
t=165405 SteerL changed to 0.00
[Step 6800] Mesh Raycast HIT at T=0.23 | Z=80.00
t=165775 SteerR changed to 1.00
[Step 6900] Mesh Raycast HIT at T=0.23 | Z=80.00
t=167255 Gas changed to 0.00
t=167545 Gas changed to 1.00
[Step 7000] Mesh Raycast HIT at T=0.23 | Z=80.00
T: 70.00s | Pos: (483, 1.35, -1801) | Spd: 97 km/h | Yaw: 1.57 | Steer: 1.00
t=167955 SteerR changed to 0.00
t=168295 SteerL changed to -1.00
t=168345 SteerL changed to 0.00
[Step 7100] Mesh Raycast HIT at T=0.23 | Z=80.00
t=168925 SteerR changed to 1.00
[Step 7200] Mesh Raycast HIT at T=0.23 | Z=80.00
t=170075 SteerR changed to 0.00
[Step 7300] Mesh Raycast HIT at T=0.23 | Z=80.00
t=171205 SteerR changed to 1.00
t=171605 SteerR changed to 0.00
[Step 7400] Mesh Raycast HIT at T=0.23 | Z=80.00
t=171855 SteerL changed to -1.00
t=172245 SteerL changed to 0.00
[Step 7500] Mesh Raycast HIT at T=0.23 | Z=80.00
T: 75.00s | Pos: (483, 1.35, -1944) | Spd: 106 km/h | Yaw: 1.57 | Steer: 0.00
[Step 7600] Mesh Raycast HIT at T=0.23 | Z=80.00
[Step 7700] Mesh Raycast HIT at T=0.23 | Z=80.00
t=175015 SteerR changed to 1.00
t=175335 Gas changed to 0.00
t=175405 Gas changed to 1.00
t=175475 Gas changed to 0.00
t=175675 Gas changed to 1.00
[Step 7800] Mesh Raycast HIT at T=0.23 | Z=80.00
t=176565 SteerR changed to 0.00
t=176675 SteerR changed to 1.00
[Step 7900] Mesh Raycast HIT at T=0.23 | Z=80.00
t=176975 SteerR changed to 0.00
[Step 8000] Mesh Raycast HIT at T=0.23 | Z=80.00
T: 80.00s | Pos: (483, 1.35, -2088) | Spd: 102 km/h | Yaw: 1.57 | Steer: 0.00
[Step 8100] Mesh Raycast HIT at T=0.23 | Z=80.00
[Step 8200] Mesh Raycast HIT at T=0.23 | Z=80.00
[Step 8300] Mesh Raycast HIT at T=0.23 | Z=80.00
t=181435 SteerR changed to 1.00
t=181485 SteerR changed to 0.00
[Step 8400] Mesh Raycast HIT at T=0.23 | Z=80.00
[Step 8500] Mesh Raycast HIT at T=0.23 | Z=80.00
T: 85.00s | Pos: (483, 1.35, -2235) | Spd: 107 km/h | Yaw: 1.57 | Steer: 0.00
t=183355 SteerL changed to -1.00
t=183415 SteerL changed to 0.00
[Step 8600] Mesh Raycast HIT at T=0.23 | Z=80.00
t=184225 SteerL changed to -1.00
t=184325 SteerL changed to 0.00
[Step 8700] Mesh Raycast HIT at T=0.23 | Z=80.00
t=185105 SteerR changed to 1.00
t=185195 SteerR changed to 0.00
t=185475 SteerR changed to 1.00
t=185555 SteerR changed to 0.00
t=185625 SteerR changed to 1.00
[Step 8800] Mesh Raycast HIT at T=0.23 | Z=80.00
t=185725 SteerR changed to 0.00
t=185825 SteerR changed to 1.00
t=185915 SteerR changed to 0.00
t=186005 SteerR changed to 1.00
t=186325 SteerR changed to 0.00
t=186395 SteerR changed to 1.00
[Step 8900] Mesh Raycast HIT at T=0.23 | Z=80.00
t=186755 SteerR changed to 0.00
t=186835 SteerR changed to 1.00
[Step 9000] Mesh Raycast HIT at T=0.23 | Z=80.00
T: 90.00s | Pos: (483, 1.35, -2384) | Spd: 107 km/h | Yaw: 1.57 | Steer: 1.00
t=187785 SteerR changed to 0.00
t=188145 SteerL changed to -1.00
t=188275 SteerL changed to 0.00
t=188505 SteerR changed to 1.00
[Step 9100] Mesh Raycast HIT at T=0.23 | Z=80.00
t=189015 Gas changed to 0.00
t=189275 Gas changed to 1.00
[Step 9200] Mesh Raycast HIT at T=0.23 | Z=80.00
t=190625 SteerR changed to 0.00
[Step 9300] Mesh Raycast HIT at T=0.23 | Z=80.00
t=191015 SteerR changed to 1.00
t=191065 SteerR changed to 0.00
[Step 9400] Mesh Raycast HIT at T=0.23 | Z=80.00
[Step 9500] Mesh Raycast HIT at T=0.23 | Z=80.00
T: 95.00s | Pos: (483, 1.35, -2529) | Spd: 105 km/h | Yaw: 1.57 | Steer: 0.00
[Step 9600] Mesh Raycast HIT at T=0.23 | Z=80.00
[Step 9700] Mesh Raycast HIT at T=0.23 | Z=80.00
t=194715 Gas changed to 0.00
t=194995 SteerR changed to 1.00
[Step 9800] Mesh Raycast HIT at T=0.23 | Z=80.00
[Step 9900] Mesh Raycast HIT at T=0.23 | Z=80.00
t=196985 Gas changed to 1.00
[Step 10000] Mesh Raycast HIT at T=0.23 | Z=80.00
T: 100.00s | Pos: (483, 1.35, -2646) | Spd: 62 km/h | Yaw: 1.57 | Steer: 1.00
t=197755 SteerR changed to 0.00
t=198105 SteerL changed to -1.00
t=198195 SteerL changed to 0.00
[Step 10100] Mesh Raycast HIT at T=0.23 | Z=80.00
[Step 10200] Mesh Raycast HIT at T=0.23 | Z=80.00
t=200595 SteerR changed to 1.00
[Step 10300] Mesh Raycast HIT at T=0.23 | Z=80.00
t=200785 SteerR changed to 0.00
t=200875 SteerR changed to 1.00
t=200955 SteerR changed to 0.00
t=201145 SteerR changed to 1.00
[Step 10400] Mesh Raycast HIT at T=0.23 | Z=80.00
t=202255 SteerR changed to 0.00
t=202575 SteerL changed to -1.00
[Step 10500] Mesh Raycast HIT at T=0.23 | Z=80.00
T: 105.00s | Pos: (483, 1.35, -2766) | Spd: 99 km/h | Yaw: 1.57 | Steer: -1.00
t=202715 SteerL changed to 0.00
t=203075 SteerR changed to 1.00
t=203465 SteerR changed to 0.00
t=203555 SteerR changed to 1.00
[Step 10600] Mesh Raycast HIT at T=0.23 | Z=80.00
t=203955 SteerR changed to 0.00
t=203975 Gas changed to 0.00
t=204105 SteerL changed to -1.00
[Step 10700] Mesh Raycast HIT at T=0.23 | Z=80.00
t=205135 Gas changed to 1.00
[Step 10800] Mesh Raycast HIT at T=0.23 | Z=80.00
[Step 10900] Mesh Raycast HIT at T=0.23 | Z=80.00
t=206725 SteerL changed to 0.00
t=207005 SteerL changed to -1.00
t=207065 SteerL changed to 0.00
t=207315 SteerR changed to 1.00
t=207425 SteerR changed to 0.00
t=207555 SteerR changed to 1.00
[Step 11000] Mesh Raycast HIT at T=0.23 | Z=80.00
T: 110.00s | Pos: (483, 1.35, -2887) | Spd: 91 km/h | Yaw: 1.57 | Steer: 1.00
t=207775 SteerR changed to 0.00
[Step 11100] Mesh Raycast HIT at T=0.23 | Z=80.00
t=208845 SteerL changed to -1.00
t=209075 SteerL changed to 0.00
t=209095 Gas changed to 0.00
t=209205 SteerR changed to 1.00
[Step 11200] Mesh Raycast HIT at T=0.23 | Z=80.00
t=210555 Gas changed to 1.00
[Step 11300] Mesh Raycast HIT at T=0.23 | Z=80.00
[Step 11400] Mesh Raycast HIT at T=0.23 | Z=80.00
t=211705 SteerR changed to 0.00
t=212205 SteerL changed to -1.00
t=212555 SteerL changed to 0.00
[Step 11500] Mesh Raycast HIT at T=0.23 | Z=80.00
T: 115.00s | Pos: (483, 1.35, -2999) | Spd: 84 km/h | Yaw: 1.57 | Steer: 0.00
[Step 11600] Mesh Raycast HIT at T=0.23 | Z=80.00
t=213715 SteerL changed to -1.00
t=213905 SteerL changed to 0.00
t=214055 SteerL changed to -1.00
t=214155 SteerL changed to 0.00
t=214405 SteerL changed to -1.00
[Step 11700] Mesh Raycast HIT at T=0.23 | Z=80.00
t=215125 SteerL changed to 0.00
t=215555 SteerR changed to 1.00
t=215585 Gas changed to 0.00
[Step 11800] Mesh Raycast HIT at T=0.23 | Z=80.00
t=215975 Gas changed to 1.00
t=216025 SteerR changed to 0.00
t=216165 SteerR changed to 1.00
t=216305 SteerR changed to 0.00
t=216385 SteerR changed to 1.00
[Step 11900] Mesh Raycast HIT at T=0.23 | Z=80.00
t=217445 Gas changed to 0.00
[Step 12000] Mesh Raycast HIT at T=0.23 | Z=80.00
T: 120.00s | Pos: (483, 1.35, -3128) | Spd: 87 km/h | Yaw: 1.57 | Steer: 1.00
t=217735 Gas changed to 1.00
[Step 12100] Mesh Raycast HIT at T=0.23 | Z=80.00
t=218735 SteerR changed to 0.00
t=219675 SteerL changed to -1.00
[Step 12200] Mesh Raycast HIT at T=0.23 | Z=80.00
t=219825 SteerL changed to 0.00
t=220015 SteerL changed to -1.00
t=220145 SteerL changed to 0.00
t=220205 SteerL changed to -1.00
t=220575 SteerL changed to 0.00
[Step 12300] Mesh Raycast HIT at T=0.23 | Z=80.00
t=220985 SteerR changed to 1.00
t=221125 SteerR changed to 0.00
t=221245 SteerR changed to 1.00
[Step 12400] Mesh Raycast HIT at T=0.23 | Z=80.00
t=221735 SteerR changed to 0.00
[Step 12500] Mesh Raycast HIT at T=0.23 | Z=80.00
T: 125.00s | Pos: (483, 1.35, -3263) | Spd: 103 km/h | Yaw: 1.57 | Steer: 0.00
[Step 12600] Mesh Raycast HIT at T=0.23 | Z=80.00
[Step 12700] Mesh Raycast HIT at T=0.23 | Z=80.00
t=225415 SteerR changed to 1.00
t=225595 SteerR changed to 0.00
t=225695 SteerR changed to 1.00
[Step 12800] Mesh Raycast HIT at T=0.23 | Z=80.00
[Step 12900] Mesh Raycast HIT at T=0.23 | Z=80.00
t=226895 Gas changed to 0.00
t=227145 Gas changed to 1.00
t=227345 SteerR changed to 0.00
t=227695 SteerR changed to 1.00
[Step 13000] Mesh Raycast HIT at T=0.23 | Z=80.00
T: 130.00s | Pos: (483, 1.35, -3408) | Spd: 100 km/h | Yaw: 1.57 | Steer: 1.00
t=227765 SteerR changed to 0.00
t=228375 SteerL changed to -1.00
t=228515 SteerL changed to 0.00
[Step 13100] Mesh Raycast HIT at T=0.23 | Z=80.00
[Step 13200] Mesh Raycast HIT at T=0.23 | Z=80.00
t=230605 SteerR changed to 1.00
[Step 13300] Mesh Raycast HIT at T=0.23 | Z=80.00
t=230825 SteerR changed to 0.00
t=231425 SteerL changed to -1.00
t=231665 SteerL changed to 0.00
[Step 13400] Mesh Raycast HIT at T=0.23 | Z=80.00
t=232275 SteerR changed to 1.00
[Step 13500] Mesh Raycast HIT at T=0.23 | Z=80.00
T: 135.00s | Pos: (483, 1.35, -3553) | Spd: 106 km/h | Yaw: 1.57 | Steer: 1.00
t=232995 SteerR changed to 0.00
[Step 13600] Mesh Raycast HIT at T=0.23 | Z=80.00
t=234375 SteerR changed to 1.00
t=234605 Gas changed to 0.00
[Step 13700] Mesh Raycast HIT at T=0.23 | Z=80.00
t=234835 Gas changed to 1.00
[Step 13800] Mesh Raycast HIT at T=0.23 | Z=80.00
t=236205 SteerR changed to 0.00
[Step 13900] Mesh Raycast HIT at T=0.23 | Z=80.00
[Step 14000] Mesh Raycast HIT at T=0.23 | Z=80.00
T: 140.00s | Pos: (483, 1.34, -3698) | Spd: 104 km/h | Yaw: 1.57 | Steer: 0.00
[Step 14100] Mesh Raycast HIT at T=0.23 | Z=80.00
[Step 14200] Mesh Raycast HIT at T=0.23 | Z=80.00
t=240645 SteerR changed to 1.00
[Step 14300] Mesh Raycast HIT at T=0.23 | Z=80.00
t=240705 SteerR changed to 0.00
[Step 14400] Mesh Raycast HIT at T=0.23 | Z=80.00
[Step 14500] Mesh Raycast HIT at T=0.23 | Z=80.00
T: 145.00s | Pos: (483, 1.34, -3845) | Spd: 107 km/h | Yaw: 1.57 | Steer: 0.00
t=243245 SteerL changed to -1.00
t=243325 SteerL changed to 0.00
[Step 14600] Mesh Raycast HIT at T=0.23 | Z=80.00
t=244645 SteerR changed to 1.00
[Step 14700] Mesh Raycast HIT at T=0.23 | Z=80.00
t=244785 SteerR changed to 0.00
t=244935 SteerR changed to 1.00
t=245615 SteerR changed to 0.00
[Step 14800] Mesh Raycast HIT at T=0.23 | Z=80.00
t=245705 SteerR changed to 1.00
[Step 14900] Mesh Raycast HIT at T=0.23 | Z=80.00
t=246775 SteerR changed to 0.00
t=247595 SteerR changed to 1.00
[Step 15000] Mesh Raycast HIT at T=0.23 | Z=80.00
T: 150.00s | Pos: (483, 1.34, -3995) | Spd: 107 km/h | Yaw: 1.57 | Steer: 1.00
t=248135 SteerR changed to 0.00
t=248235 SteerR changed to 1.00
t=248605 Gas changed to 0.00
[Step 15100] Mesh Raycast HIT at T=0.23 | Z=80.00
t=248935 Gas changed to 1.00
[Step 15200] Mesh Raycast HIT at T=0.23 | Z=80.00
t=249815 SteerR changed to 0.00
[Step 15300] Mesh Raycast HIT at T=0.23 | Z=80.00
[Step 15400] Mesh Raycast HIT at T=0.23 | Z=80.00
[Step 15500] Mesh Raycast HIT at T=0.23 | Z=80.00
T: 155.00s | Pos: (483, 1.34, -4138) | Spd: 104 km/h | Yaw: 1.57 | Steer: 0.00
[Step 15600] Mesh Raycast HIT at T=0.23 | Z=80.00
t=253775 Gas changed to 0.00
t=254415 SteerR changed to 1.00
[Step 15700] Mesh Raycast HIT at T=0.23 | Z=80.00
t=254785 SteerR changed to 0.00
t=254845 SteerR changed to 1.00
[Step 15800] Mesh Raycast HIT at T=0.23 | Z=80.00
t=255855 Gas changed to 1.00
t=256175 Gas changed to 0.00
t=256615 Gas changed to 1.00
[Step 15900] Mesh Raycast HIT at T=0.24 | Z=80.00
t=256945 SteerR changed to 0.00
t=257565 SteerL changed to -1.00
[Step 16000] Mesh Raycast HIT at T=0.24 | Z=80.00
T: 160.00s | Pos: (483, 1.34, -4243) | Spd: 67 km/h | Yaw: 1.57 | Steer: -1.00
t=258425 SteerL changed to 0.00
[Step 16100] Mesh Raycast HIT at T=0.24 | Z=80.00
t=259515 SteerR changed to 1.00
[Step 16200] Mesh Raycast HIT at T=0.24 | Z=80.00
t=260285 SteerR changed to 0.00
t=260415 SteerR changed to 1.00
t=260555 SteerR changed to 0.00
t=260655 SteerR changed to 1.00
[Step 16300] Mesh Raycast HIT at T=0.24 | Z=80.00
t=260955 SteerR changed to 0.00
t=261185 SteerL changed to -1.00
t=261295 SteerL changed to 0.00
[Step 16400] Mesh Raycast HIT at T=0.24 | Z=80.00
t=261775 SteerR changed to 1.00
t=262265 Gas changed to 0.00
t=262615 SteerR changed to 0.00
[Step 16500] Mesh Raycast HIT at T=0.24 | Z=80.00
T: 165.00s | Pos: (483, 1.34, -4365) | Spd: 85 km/h | Yaw: 1.57 | Steer: 0.00
t=262715 SteerL changed to -1.00
[Step 16600] Mesh Raycast HIT at T=0.24 | Z=80.00
t=263855 Gas changed to 1.00
[Step 16700] Mesh Raycast HIT at T=0.24 | Z=80.00
t=265305 SteerL changed to 0.00
[Step 16800] Mesh Raycast HIT at T=0.24 | Z=80.00
t=266115 SteerR changed to 1.00
t=266315 SteerR changed to 0.00
[Step 16900] Mesh Raycast HIT at T=0.24 | Z=80.00
t=267595 SteerL changed to -1.00
[Step 17000] Mesh Raycast HIT at T=0.24 | Z=80.00
T: 170.00s | Pos: (483, 1.34, -4473) | Spd: 94 km/h | Yaw: 1.57 | Steer: -1.00
t=267735 Gas changed to 0.00
t=267795 SteerL changed to 0.00
t=267985 SteerR changed to 1.00
[Step 17100] Mesh Raycast HIT at T=0.24 | Z=80.00
t=269175 Gas changed to 1.00
[Step 17200] Mesh Raycast HIT at T=0.24 | Z=80.00
t=270135 SteerR changed to 0.00
[Step 17300] Mesh Raycast HIT at T=0.24 | Z=80.00
t=271165 SteerL changed to -1.00
t=271385 SteerL changed to 0.00
[Step 17400] Mesh Raycast HIT at T=0.24 | Z=80.00
t=272635 SteerL changed to -1.00
[Step 17500] Mesh Raycast HIT at T=0.24 | Z=80.00
T: 175.00s | Pos: (483, 1.34, -4581) | Spd: 92 km/h | Yaw: 1.57 | Steer: -1.00
t=272805 SteerL changed to 0.00
t=273095 SteerL changed to -1.00
t=273385 SteerL changed to 0.00
t=273495 SteerL changed to -1.00
[Step 17600] Mesh Raycast HIT at T=0.24 | Z=80.00
t=274145 SteerL changed to 0.00
t=274385 SteerR changed to 1.00
t=274515 Gas changed to 0.00
[Step 17700] Mesh Raycast HIT at T=0.24 | Z=80.00
t=275025 Gas changed to 1.00
t=275225 SteerR changed to 0.00
t=275355 SteerR changed to 1.00
[Step 17800] Mesh Raycast HIT at T=0.24 | Z=80.00
t=275975 SteerR changed to 0.00
t=276035 SteerR changed to 1.00
[Step 17900] Mesh Raycast HIT at T=0.24 | Z=80.00
t=277595 SteerR changed to 0.00
[Step 18000] Mesh Raycast HIT at T=0.24 | Z=80.00
T: 180.00s | Pos: (483, 1.34, -4711) | Spd: 98 km/h | Yaw: 1.57 | Steer: 0.00
[Step 18100] Mesh Raycast HIT at T=0.24 | Z=80.00
t=278815 SteerL changed to -1.00
t=279315 SteerL changed to 0.00
[Step 18200] Mesh Raycast HIT at T=0.24 | Z=80.00
t=279885 SteerR changed to 1.00
t=280485 SteerR changed to 0.00
[Step 18300] Mesh Raycast HIT at T=0.24 | Z=80.00
[Step 18400] Mesh Raycast HIT at T=0.24 | Z=80.00
[Step 18500] Mesh Raycast HIT at T=0.24 | Z=80.00
T: 185.00s | Pos: (483, 1.34, -4855) | Spd: 106 km/h | Yaw: 1.57 | Steer: 0.00
t=283685 SteerL changed to -1.00
[Step 18600] Mesh Raycast HIT at T=0.24 | Z=80.00
t=283885 SteerL changed to 0.00
t=284175 SteerR changed to 1.00
t=284475 Gas changed to 0.00
[Step 18700] Mesh Raycast HIT at T=0.24 | Z=80.00
t=284955 Gas changed to 1.00
[Step 18800] Mesh Raycast HIT at T=0.24 | Z=80.00
t=286125 SteerR changed to 0.00
[Step 18900] Mesh Raycast HIT at T=0.24 | Z=80.00
[Step 19000] Mesh Raycast HIT at T=0.24 | Z=80.00
T: 190.00s | Pos: (483, 1.34, -4994) | Spd: 101 km/h | Yaw: 1.57 | Steer: 0.00
[Step 19100] Mesh Raycast HIT at T=0.24 | Z=80.00
t=289425 SteerR changed to 1.00
[Step 19200] Mesh Raycast HIT at T=0.24 | Z=80.00
t=289735 SteerR changed to 0.00
t=289765 SteerR changed to 1.00
t=289805 SteerR changed to 0.00
t=290345 SteerL changed to -1.00
t=290605 SteerL changed to 0.00
[Step 19300] Mesh Raycast HIT at T=0.24 | Z=80.00
[Step 19400] Mesh Raycast HIT at T=0.24 | Z=80.00
[Step 19500] Mesh Raycast HIT at T=0.24 | Z=80.00
T: 195.00s | Pos: (483, 1.34, -5140) | Spd: 106 km/h | Yaw: 1.57 | Steer: 0.00
t=293615 SteerR changed to 1.00
[Step 19600] Mesh Raycast HIT at T=0.24 | Z=80.00
t=293785 SteerR changed to 0.00
t=293885 SteerR changed to 1.00
[Step 19700] Mesh Raycast HIT at T=0.24 | Z=80.00
t=295385 SteerR changed to 0.00
[Step 19800] Mesh Raycast HIT at T=0.24 | Z=80.00
[Step 19900] Mesh Raycast HIT at T=0.24 | Z=80.00
[Step 20000] Mesh Raycast HIT at T=0.24 | Z=80.00
T: 200.00s | Pos: (483, 1.34, -5289) | Spd: 107 km/h | Yaw: 1.57 | Steer: 0.00
[Step 20100] Mesh Raycast HIT at T=0.24 | Z=80.00
t=299535 SteerL changed to -1.00
t=299615 SteerL changed to 0.00
[Step 20200] Mesh Raycast HIT at T=0.24 | Z=80.00
[Step 20300] Mesh Raycast HIT at T=0.24 | Z=80.00
t=301215 SteerL changed to -1.00
t=301305 SteerL changed to 0.00
[Step 20400] Mesh Raycast HIT at T=0.24 | Z=80.00
[Step 20500] Mesh Raycast HIT at T=0.24 | Z=80.00
T: 205.00s | Pos: (483, 1.34, -5439) | Spd: 107 km/h | Yaw: 1.57 | Steer: 0.00
t=302965 SteerR changed to 1.00
t=303055 SteerR changed to 0.00
[Step 20600] Mesh Raycast HIT at T=0.24 | Z=80.00
t=303835 SteerR changed to 1.00
[Step 20700] Mesh Raycast HIT at T=0.24 | Z=80.00
t=305135 SteerR changed to 0.00
t=305255 SteerR changed to 1.00
[Step 20800] Mesh Raycast HIT at T=0.24 | Z=80.00
t=305835 SteerR changed to 0.00
t=306635 SteerR changed to 1.00
[Step 20900] Mesh Raycast HIT at T=0.24 | Z=80.00
t=307555 Gas changed to 0.00
[Step 21000] Mesh Raycast HIT at T=0.24 | Z=80.00
T: 210.00s | Pos: (483, 1.34, -5589) | Spd: 102 km/h | Yaw: 1.57 | Steer: 1.00
t=307805 Gas changed to 1.00
t=308655 SteerR changed to 0.00
[Step 21100] Mesh Raycast HIT at T=0.24 | Z=80.00
t=309425 SteerR changed to 1.00
t=309465 SteerR changed to 0.00
[Step 21200] Mesh Raycast HIT at T=0.24 | Z=80.00
t=310025 SteerL changed to -1.00
t=310095 SteerL changed to 0.00
t=310435 SteerR changed to 1.00
[Step 21300] Mesh Raycast HIT at T=0.24 | Z=80.00
t=311085 SteerR changed to 0.00
[Step 21400] Mesh Raycast HIT at T=0.24 | Z=80.00
t=312405 Gas changed to 0.00
[Step 21500] Mesh Raycast HIT at T=0.24 | Z=80.00
T: 215.00s | Pos: (483, 1.34, -5732) | Spd: 96 km/h | Yaw: 1.57 | Steer: 0.00
t=313545 SteerR changed to 1.00
[Step 21600] Mesh Raycast HIT at T=0.24 | Z=80.00
[Step 21700] Mesh Raycast HIT at T=0.24 | Z=80.00
t=315035 Gas changed to 1.00
[Step 21800] Mesh Raycast HIT at T=0.23 | Z=80.00
t=315955 SteerR changed to 0.00
t=316145 SteerR changed to 1.00
t=316235 SteerR changed to 0.00
[Step 21900] Mesh Raycast HIT at T=0.23 | Z=80.00
[Step 22000] Mesh Raycast HIT at T=0.23 | Z=80.00
T: 220.00s | Pos: (483, 1.34, -5824) | Spd: 81 km/h | Yaw: 1.57 | Steer: 0.00
t=318045 SteerL changed to -1.00
t=318185 SteerL changed to 0.00
[Step 22100] Mesh Raycast HIT at T=0.23 | Z=80.00
t=318825 SteerR changed to 1.00
t=319455 SteerR changed to 0.00
t=319545 SteerR changed to 1.00
[Step 22200] Mesh Raycast HIT at T=0.23 | Z=80.00
t=320135 SteerR changed to 0.00
[Step 22300] Mesh Raycast HIT at T=0.23 | Z=80.00
t=321185 SteerR changed to 1.00
t=321195 Gas changed to 0.00
[Step 22400] Mesh Raycast HIT at T=0.23 | Z=80.00
t=321825 Gas changed to 1.00
t=321885 Gas changed to 0.00
t=321945 Gas changed to 1.00
t=321985 SteerR changed to 0.00
t=322135 SteerL changed to -1.00
t=322155 Gas changed to 0.00
[Step 22500] Mesh Raycast HIT at T=0.23 | Z=80.00
T: 225.00s | Pos: (483, 1.34, -5948) | Spd: 68 km/h | Yaw: 1.57 | Steer: -1.00
t=323115 Gas changed to 1.00
[Step 22600] Mesh Raycast HIT at T=0.23 | Z=80.00
[Step 22700] Mesh Raycast HIT at T=0.23 | Z=80.00
t=324735 SteerL changed to 0.00
t=325335 SteerR changed to 1.00
t=325535 SteerR changed to 0.00
[Step 22800] Mesh Raycast HIT at T=0.23 | Z=80.00
t=326175 SteerR changed to 1.00
t=326235 SteerR changed to 0.00
[Step 22900] Mesh Raycast HIT at T=0.23 | Z=80.00
t=326985 SteerL changed to -1.00
t=327185 Gas changed to 0.00
t=327185 SteerL changed to 0.00
t=327315 SteerR changed to 1.00
[Step 23000] Mesh Raycast HIT at T=0.23 | Z=80.00
T: 230.00s | Pos: (483, 1.34, -6060) | Spd: 80 km/h | Yaw: 1.57 | Steer: 1.00
t=328255 Gas changed to 1.00
[Step 23100] Mesh Raycast HIT at T=0.23 | Z=80.00
t=329545 SteerR changed to 0.00
[Step 23200] Mesh Raycast HIT at T=0.23 | Z=80.00
t=330235 SteerL changed to -1.00
t=330495 SteerL changed to 0.00
[Step 23300] Mesh Raycast HIT at T=0.23 | Z=80.00
t=331415 SteerL changed to -1.00
t=331555 SteerL changed to 0.00
[Step 23400] Mesh Raycast HIT at T=0.23 | Z=80.00
t=332215 SteerL changed to -1.00
[Step 23500] Mesh Raycast HIT at T=0.23 | Z=80.00
T: 235.00s | Pos: (483, 1.34, -6179) | Spd: 98 km/h | Yaw: 1.57 | Steer: -1.00
t=332865 SteerL changed to 0.00
t=332995 SteerL changed to -1.00
t=333255 SteerL changed to 0.00
t=333555 SteerR changed to 1.00
[Step 23600] Mesh Raycast HIT at T=0.23 | Z=80.00
t=333975 Gas changed to 0.00
t=334305 Gas changed to 1.00
[Step 23700] Mesh Raycast HIT at T=0.23 | Z=80.00
[Step 23800] Mesh Raycast HIT at T=0.23 | Z=80.00
[Step 23900] Mesh Raycast HIT at T=0.23 | Z=80.00
t=336785 SteerR changed to 0.00
t=337545 SteerL changed to -1.00
[Step 24000] Mesh Raycast HIT at T=0.23 | Z=80.00
T: 240.00s | Pos: (483, 1.34, -6315) | Spd: 102 km/h | Yaw: 1.57 | Steer: -1.00
t=338075 SteerL changed to 0.00
[Step 24100] Mesh Raycast HIT at T=0.23 | Z=80.00
t=338845 SteerR changed to 1.00
t=339325 SteerR changed to 0.00
[Step 24200] Mesh Raycast HIT at T=0.23 | Z=80.00
[Step 24300] Mesh Raycast HIT at T=0.23 | Z=80.00
[Step 24400] Mesh Raycast HIT at T=0.23 | Z=80.00
[Step 24500] Mesh Raycast HIT at T=0.23 | Z=80.00
T: 245.00s | Pos: (483, 1.34, -6462) | Spd: 106 km/h | Yaw: 1.57 | Steer: 0.00
t=343115 Gas changed to 0.00
t=343135 SteerR changed to 1.00
[Step 24600] Mesh Raycast HIT at T=0.23 | Z=80.00
t=343735 Gas changed to 1.00
[Step 24700] Mesh Raycast HIT at T=0.23 | Z=80.00
t=344905 SteerR changed to 0.00
[Step 24800] Mesh Raycast HIT at T=0.23 | Z=80.00
[Step 24900] Mesh Raycast HIT at T=0.23 | Z=80.00
[Step 25000] Mesh Raycast HIT at T=0.23 | Z=80.00
T: 250.00s | Pos: (483, 1.34, -6597) | Spd: 102 km/h | Yaw: 1.57 | Steer: 0.00
t=348455 SteerR changed to 1.00
[Step 25100] Mesh Raycast HIT at T=0.23 | Z=80.00
t=348745 SteerR changed to 0.00
[Step 25200] Mesh Raycast HIT at T=0.23 | Z=80.00
t=349715 SteerL changed to -1.00
t=349915 SteerL changed to 0.00
[Step 25300] Mesh Raycast HIT at T=0.23 | Z=80.00
[Step 25400] Mesh Raycast HIT at T=0.23 | Z=80.00
[Step 25500] Mesh Raycast HIT at T=0.23 | Z=80.00
T: 255.00s | Pos: (483, 1.34, -6743) | Spd: 106 km/h | Yaw: 1.57 | Steer: 0.00
t=352865 SteerR changed to 1.00
[Step 25600] Mesh Raycast HIT at T=0.23 | Z=80.00
t=354615 SteerR changed to 0.00
[Step 25700] Mesh Raycast HIT at T=0.23 | Z=80.00
[Step 25800] Mesh Raycast HIT at T=0.23 | Z=80.00
[Step 25900] Mesh Raycast HIT at T=0.23 | Z=80.00
[Step 26000] Mesh Raycast HIT at T=0.23 | Z=80.00
T: 260.00s | Pos: (483, 1.34, -6892) | Spd: 107 km/h | Yaw: 1.57 | Steer: 0.00
t=358075 SteerL changed to -1.00
t=358195 SteerL changed to 0.00
[Step 26100] Mesh Raycast HIT at T=0.23 | Z=80.00
[Step 26200] Mesh Raycast HIT at T=0.23 | Z=80.00
[Step 26300] Mesh Raycast HIT at T=0.23 | Z=80.00
[Step 26400] Mesh Raycast HIT at T=0.23 | Z=80.00
t=362635 SteerR changed to 1.00
t=362695 SteerR changed to 0.00
[Step 26500] Mesh Raycast HIT at T=0.23 | Z=80.00
T: 265.00s | Pos: (483, 1.34, -7042) | Spd: 107 km/h | Yaw: 1.57 | Steer: 0.00
t=363055 SteerR changed to 1.00
t=363675 SteerR changed to 0.00
[Step 26600] Mesh Raycast HIT at T=0.23 | Z=80.00
t=363775 SteerR changed to 1.00
[Step 26700] Mesh Raycast HIT at T=0.23 | Z=80.00
t=364925 SteerR changed to 0.00
t=365595 SteerR changed to 1.00
t=365695 SteerR changed to 0.00
[Step 26800] Mesh Raycast HIT at T=0.23 | Z=80.00
t=365875 SteerR changed to 1.00
[Step 26900] Mesh Raycast HIT at T=0.23 | Z=80.00
t=367065 Gas changed to 0.00
t=367105 Gas changed to 1.00
[Step 27000] Mesh Raycast HIT at T=0.23 | Z=80.00
T: 270.00s | Pos: (483, 1.34, -7192) | Spd: 106 km/h | Yaw: 1.57 | Steer: 1.00
t=367955 SteerR changed to 0.00
t=368425 SteerL changed to -1.00
t=368435 SteerL changed to 0.00
[Step 27100] Mesh Raycast HIT at T=0.23 | Z=80.00
t=369105 SteerL changed to -1.00
t=369145 SteerL changed to 0.00
[Step 27200] Mesh Raycast HIT at T=0.23 | Z=80.00
[Step 27300] Mesh Raycast HIT at T=0.23 | Z=80.00
t=370995 Gas changed to 0.00
[Step 27400] Mesh Raycast HIT at T=0.23 | Z=80.00
t=372615 SteerR changed to 1.00
[Step 27500] Mesh Raycast HIT at T=0.23 | Z=80.00
T: 275.00s | Pos: (483, 1.34, -7329) | Spd: 60 km/h | Yaw: 1.57 | Steer: 1.00
[Step 27600] Mesh Raycast HIT at T=0.23 | Z=80.00
[Step 27700] Mesh Raycast HIT at T=0.24 | Z=80.00
t=375235 Gas changed to 1.00
t=375345 SteerR changed to 0.00
[Step 27800] Mesh Raycast HIT at T=0.24 | Z=80.00
t=376645 SteerL changed to -1.00
[Step 27900] Mesh Raycast HIT at T=0.24 | Z=80.00
t=376785 SteerL changed to 0.00
[Step 28000] Mesh Raycast HIT at T=0.24 | Z=80.00
T: 280.00s | Pos: (483, 1.34, -7394) | Spd: 72 km/h | Yaw: 1.57 | Steer: 0.00
t=378325 SteerR changed to 1.00
[Step 28100] Mesh Raycast HIT at T=0.24 | Z=80.00
t=378715 SteerR changed to 0.00
t=378805 SteerR changed to 1.00
t=379545 SteerR changed to 0.00
[Step 28200] Mesh Raycast HIT at T=0.24 | Z=80.00
t=380355 SteerR changed to 1.00
[Step 28300] Mesh Raycast HIT at T=0.24 | Z=80.00
t=381005 SteerR changed to 0.00
t=381185 Gas changed to 0.00
t=381335 SteerL changed to -1.00
[Step 28400] Mesh Raycast HIT at T=0.24 | Z=80.00
t=382625 Gas changed to 1.00
[Step 28500] Mesh Raycast HIT at T=0.24 | Z=80.00
T: 285.00s | Pos: (483, 1.34, -7510) | Spd: 61 km/h | Yaw: 1.57 | Steer: -1.00
t=383645 SteerL changed to 0.00
[Step 28600] Mesh Raycast HIT at T=0.24 | Z=80.00
[Step 28700] Mesh Raycast HIT at T=0.24 | Z=80.00
t=385145 SteerR changed to 1.00
t=385285 SteerR changed to 0.00
[Step 28800] Mesh Raycast HIT at T=0.24 | Z=80.00
t=386155 SteerL changed to -1.00
t=386485 SteerL changed to 0.00
t=386565 Gas changed to 0.00
t=386625 SteerR changed to 1.00
[Step 28900] Mesh Raycast HIT at T=0.24 | Z=80.00
t=387605 Gas changed to 1.00
[Step 29000] Mesh Raycast HIT at T=0.24 | Z=80.00
T: 290.00s | Pos: (483, 1.34, -7622) | Spd: 68 km/h | Yaw: 1.57 | Steer: 1.00
[Step 29100] Mesh Raycast HIT at T=0.24 | Z=80.00
t=388805 SteerR changed to 0.00
t=389655 SteerL changed to -1.00
[Step 29200] Mesh Raycast HIT at T=0.24 | Z=80.00
t=389855 SteerL changed to 0.00
[Step 29300] Mesh Raycast HIT at T=0.24 | Z=80.00
t=391295 SteerL changed to -1.00
t=391535 SteerL changed to 0.00
t=391695 SteerL changed to -1.00
[Step 29400] Mesh Raycast HIT at T=0.24 | Z=80.00
t=391825 SteerL changed to 0.00
t=391995 SteerL changed to -1.00
t=392695 SteerL changed to 0.00
[Step 29500] Mesh Raycast HIT at T=0.24 | Z=80.00
T: 295.00s | Pos: (483, 1.34, -7746) | Spd: 100 km/h | Yaw: 1.57 | Steer: 0.00
t=392815 SteerR changed to 1.00
t=393005 Gas changed to 0.00
t=393165 Gas changed to 1.00
[Step 29600] Mesh Raycast HIT at T=0.24 | Z=80.00
t=393855 SteerR changed to 0.00
t=393955 SteerR changed to 1.00
t=394455 Gas changed to 0.00
[Step 29700] Mesh Raycast HIT at T=0.24 | Z=80.00
t=394925 Gas changed to 1.00
[Step 29800] Mesh Raycast HIT at T=0.24 | Z=80.00
t=396015 SteerR changed to 0.00
[Step 29900] Mesh Raycast HIT at T=0.24 | Z=80.00
t=397315 SteerL changed to -1.00
[Step 30000] Mesh Raycast HIT at T=0.24 | Z=80.00
T: 300.00s | Pos: (483, 1.34, -7878) | Spd: 99 km/h | Yaw: 1.57 | Steer: -1.00
t=397855 SteerL changed to 0.00
t=398425 SteerR changed to 1.00
[Step 30100] Mesh Raycast HIT at T=0.24 | Z=80.00
t=398935 SteerR changed to 0.00
t=399275 SteerR changed to 1.00
t=399325 SteerR changed to 0.00
[Step 30200] Mesh Raycast HIT at T=0.24 | Z=80.00
[Step 30300] Mesh Raycast HIT at T=0.24 | Z=80.00
[Step 30400] Mesh Raycast HIT at T=0.24 | Z=80.00
t=402385 SteerR changed to 1.00
t=402445 SteerR changed to 0.00
[Step 30500] Mesh Raycast HIT at T=0.24 | Z=80.00
T: 305.00s | Pos: (483, 1.34, -8022) | Spd: 106 km/h | Yaw: 1.57 | Steer: 0.00
t=402865 SteerR changed to 1.00
[Step 30600] Mesh Raycast HIT at T=0.24 | Z=80.00
t=403715 Gas changed to 0.00
t=403815 Gas changed to 1.00
t=403835 Gas changed to 0.00
t=403895 Gas changed to 1.00
t=404635 SteerR changed to 0.00
[Step 30700] Mesh Raycast HIT at T=0.24 | Z=80.00
t=404795 Gas changed to 0.00
t=405045 Gas changed to 1.00
t=405065 Gas changed to 0.00
t=405145 Gas changed to 1.00
[Step 30800] Mesh Raycast HIT at T=0.24 | Z=80.00
[Step 30900] Mesh Raycast HIT at T=0.24 | Z=80.00
t=407185 SteerR changed to 1.00
t=407325 SteerR changed to 0.00
[Step 31000] Mesh Raycast HIT at T=0.24 | Z=80.00
T: 310.00s | Pos: (483, 1.34, -8161) | Spd: 101 km/h | Yaw: 1.57 | Steer: 0.00
t=407795 SteerR changed to 1.00
t=408045 SteerR changed to 0.00
t=408475 SteerL changed to -1.00
[Step 31100] Mesh Raycast HIT at T=0.24 | Z=80.00
t=408805 SteerL changed to 0.00
[Step 31200] Mesh Raycast HIT at T=0.24 | Z=80.00
[Step 31300] Mesh Raycast HIT at T=0.24 | Z=80.00
t=411365 Gas changed to 0.00
t=411445 SteerR changed to 1.00
t=411605 Gas changed to 1.00
[Step 31400] Mesh Raycast HIT at T=0.24 | Z=80.00
t=411815 Gas changed to 0.00
t=411855 Gas changed to 1.00
t=412565 Gas changed to 0.00
[Step 31500] Mesh Raycast HIT at T=0.24 | Z=80.00
T: 315.00s | Pos: (483, 1.34, -8304) | Spd: 94 km/h | Yaw: 1.57 | Steer: 1.00
t=412775 Gas changed to 1.00
t=413645 SteerR changed to 0.00
[Step 31600] Mesh Raycast HIT at T=0.24 | Z=80.00
t=414125 SteerL changed to -1.00
t=414235 SteerL changed to 0.00
[Step 31700] Mesh Raycast HIT at T=0.24 | Z=80.00
[Step 31800] Mesh Raycast HIT at T=0.24 | Z=80.00
[Step 31900] Mesh Raycast HIT at T=0.24 | Z=80.00
t=417275 SteerL changed to -1.00
t=417415 SteerL changed to 0.00
[Step 32000] Mesh Raycast HIT at T=0.24 | Z=80.00
T: 320.00s | Pos: (483, 1.34, -8444) | Spd: 105 km/h | Yaw: 1.57 | Steer: 0.00
[Step 32100] Mesh Raycast HIT at T=0.24 | Z=80.00
[Step 32200] Mesh Raycast HIT at T=0.24 | Z=80.00
t=420435 SteerL changed to -1.00
t=420505 SteerL changed to 0.00
[Step 32300] Mesh Raycast HIT at T=0.24 | Z=80.00
[Step 32400] Mesh Raycast HIT at T=0.24 | Z=80.00
t=422115 SteerR changed to 1.00
t=422205 SteerR changed to 0.00
t=422505 SteerR changed to 1.00
[Step 32500] Mesh Raycast HIT at T=0.24 | Z=80.00
T: 325.00s | Pos: (483, 1.34, -8592) | Spd: 107 km/h | Yaw: 1.57 | Steer: 1.00
t=422785 SteerR changed to 0.00
t=422875 SteerR changed to 1.00
[Step 32600] Mesh Raycast HIT at T=0.24 | Z=80.00
t=424355 SteerR changed to 0.00
[Step 32700] Mesh Raycast HIT at T=0.24 | Z=80.00
t=425225 SteerR changed to 1.00
[Step 32800] Mesh Raycast HIT at T=0.24 | Z=80.00
t=426095 SteerR changed to 0.00
t=426105 Gas changed to 0.00
t=426175 Gas changed to 1.00
t=426205 SteerR changed to 1.00
t=426295 Gas changed to 0.00
[Step 32900] Mesh Raycast HIT at T=0.24 | Z=80.00
t=426785 Gas changed to 1.00
t=427485 SteerR changed to 0.00
[Step 33000] Mesh Raycast HIT at T=0.24 | Z=80.00
T: 330.00s | Pos: (483, 1.34, -8736) | Spd: 94 km/h | Yaw: 1.57 | Steer: 0.00
[Step 33100] Mesh Raycast HIT at T=0.24 | Z=80.00
[Step 33200] Mesh Raycast HIT at T=0.24 | Z=80.00
[Step 33300] Mesh Raycast HIT at T=0.24 | Z=80.00
[Step 33400] Mesh Raycast HIT at T=0.24 | Z=80.00
t=432025 Gas changed to 0.00
t=432475 SteerR changed to 1.00
[Step 33500] Mesh Raycast HIT at T=0.24 | Z=80.00
T: 335.00s | Pos: (483, 1.34, -8874) | Spd: 83 km/h | Yaw: 1.57 | Steer: 1.00
t=432875 SteerR changed to 0.00
t=433105 SteerR changed to 1.00
[Step 33600] Mesh Raycast HIT at T=0.24 | Z=80.00
t=434565 Gas changed to 1.00
[Step 33700] Mesh Raycast HIT at T=0.24 | Z=80.00
t=434955 SteerR changed to 0.00
[Step 33800] Mesh Raycast HIT at T=0.23 | Z=80.00
[Step 33900] Mesh Raycast HIT at T=0.23 | Z=80.00
t=437685 SteerR changed to 1.00
[Step 34000] Mesh Raycast HIT at T=0.23 | Z=80.00
T: 340.00s | Pos: (483, 1.34, -8967) | Spd: 85 km/h | Yaw: 1.57 | Steer: 1.00
t=438075 SteerR changed to 0.00
t=438165 SteerR changed to 1.00
t=438335 SteerR changed to 0.00
t=438475 SteerR changed to 1.00
[Step 34100] Mesh Raycast HIT at T=0.23 | Z=80.00
t=438885 SteerR changed to 0.00
t=438965 SteerR changed to 1.00
t=439245 SteerR changed to 0.00
t=439405 SteerL changed to -1.00
t=439615 SteerL changed to 0.00
[Step 34200] Mesh Raycast HIT at T=0.23 | Z=80.00
t=439855 SteerR changed to 1.00
t=439935 SteerR changed to 0.00
t=440035 SteerR changed to 1.00
t=440445 Gas changed to 0.00
[Step 34300] Mesh Raycast HIT at T=0.23 | Z=80.00
t=440895 SteerR changed to 0.00
t=441025 SteerL changed to -1.00
[Step 34400] Mesh Raycast HIT at T=0.23 | Z=80.00
t=442135 Gas changed to 1.00
[Step 34500] Mesh Raycast HIT at T=0.23 | Z=80.00
T: 345.00s | Pos: (483, 1.34, -9083) | Spd: 65 km/h | Yaw: 1.57 | Steer: -1.00
t=443375 SteerL changed to 0.00
[Step 34600] Mesh Raycast HIT at T=0.23 | Z=80.00
[Step 34700] Mesh Raycast HIT at T=0.23 | Z=80.00
t=445045 SteerR changed to 1.00
t=445155 SteerR changed to 0.00
[Step 34800] Mesh Raycast HIT at T=0.23 | Z=80.00
t=445825 SteerL changed to -1.00
t=445965 SteerL changed to 0.00
t=446105 SteerL changed to -1.00
t=446185 SteerL changed to 0.00
t=446245 Gas changed to 0.00
t=446325 SteerR changed to 1.00
[Step 34900] Mesh Raycast HIT at T=0.23 | Z=80.00
t=447405 Gas changed to 1.00
[Step 35000] Mesh Raycast HIT at T=0.23 | Z=80.00
T: 350.00s | Pos: (483, 1.34, -9195) | Spd: 68 km/h | Yaw: 1.57 | Steer: 1.00
t=448305 SteerR changed to 0.00
[Step 35100] Mesh Raycast HIT at T=0.23 | Z=80.00
t=449275 SteerL changed to -1.00
t=449585 SteerL changed to 0.00
[Step 35200] Mesh Raycast HIT at T=0.23 | Z=80.00
t=450505 SteerR changed to 1.00
t=450605 SteerR changed to 0.00
[Step 35300] Mesh Raycast HIT at T=0.23 | Z=80.00
t=451245 SteerL changed to -1.00
t=451325 SteerL changed to 0.00
t=451475 SteerL changed to -1.00
[Step 35400] Mesh Raycast HIT at T=0.23 | Z=80.00
t=451925 SteerL changed to 0.00
t=452115 SteerL changed to -1.00
t=452485 SteerL changed to 0.00
[Step 35500] Mesh Raycast HIT at T=0.23 | Z=80.00
T: 355.00s | Pos: (483, 1.34, -9319) | Spd: 100 km/h | Yaw: 1.57 | Steer: 0.00
t=452815 SteerR changed to 1.00
t=453425 Gas changed to 0.00
t=453635 Gas changed to 1.00
[Step 35600] Mesh Raycast HIT at T=0.23 | Z=80.00
t=454095 Gas changed to 0.00
t=454455 Gas changed to 1.00
[Step 35700] Mesh Raycast HIT at T=0.23 | Z=80.00
[Step 35800] Mesh Raycast HIT at T=0.23 | Z=80.00
t=455715 SteerR changed to 0.00
[Step 35900] Mesh Raycast HIT at T=0.23 | Z=80.00
t=457105 SteerL changed to -1.00
t=457385 SteerL changed to 0.00
t=457525 SteerL changed to -1.00
[Step 36000] Mesh Raycast HIT at T=0.23 | Z=80.00
T: 360.00s | Pos: (483, 1.34, -9452) | Spd: 100 km/h | Yaw: 1.57 | Steer: -1.00
t=457745 SteerL changed to 0.00
t=458155 SteerR changed to 1.00
[Step 36100] Mesh Raycast HIT at T=0.23 | Z=80.00
t=458725 SteerR changed to 0.00
[Step 36200] Mesh Raycast HIT at T=0.23 | Z=80.00
[Step 36300] Mesh Raycast HIT at T=0.23 | Z=80.00
[Step 36400] Mesh Raycast HIT at T=0.23 | Z=80.00
[Step 36500] Mesh Raycast HIT at T=0.23 | Z=80.00
T: 365.00s | Pos: (483, 1.34, -9597) | Spd: 106 km/h | Yaw: 1.57 | Steer: 0.00
t=462705 SteerR changed to 1.00
t=462825 Gas changed to 0.00
t=463275 Gas changed to 1.00
[Step 36600] Mesh Raycast HIT at T=0.23 | Z=80.00
t=464495 SteerR changed to 0.00
[Step 36700] Mesh Raycast HIT at T=0.23 | Z=80.00
t=465145 SteerR changed to 1.00
t=465185 SteerR changed to 0.00
[Step 36800] Mesh Raycast HIT at T=0.23 | Z=80.00
[Step 36900] Mesh Raycast HIT at T=0.23 | Z=80.00
[Step 37000] Mesh Raycast HIT at T=0.23 | Z=80.00
T: 370.00s | Pos: (483, 1.34, -9735) | Spd: 104 km/h | Yaw: 1.57 | Steer: 0.00
t=467965 SteerR changed to 1.00
t=468275 SteerR changed to 0.00
[Step 37100] Mesh Raycast HIT at T=0.23 | Z=80.00
t=468755 SteerL changed to -1.00
t=469045 SteerL changed to 0.00
[Step 37200] Mesh Raycast HIT at T=0.23 | Z=80.00
[Step 37300] Mesh Raycast HIT at T=0.23 | Z=80.00
t=471615 SteerR changed to 1.00
t=471695 Gas changed to 0.00
[Step 37400] Mesh Raycast HIT at T=0.23 | Z=80.00
t=471915 Gas changed to 1.00
t=472375 SteerR changed to 0.00
t=472455 SteerR changed to 1.00
[Step 37500] Mesh Raycast HIT at T=0.23 | Z=80.00
T: 375.00s | Pos: (483, 1.34, -9881) | Spd: 101 km/h | Yaw: 1.57 | Steer: 1.00
t=472705 SteerR changed to 0.00
t=472895 SteerR changed to 1.00
t=473025 SteerR changed to 0.00
t=473225 SteerR changed to 1.00
[Step 37600] Mesh Raycast HIT at T=0.23 | Z=80.00
t=474065 SteerR changed to 0.00
[Step 37700] Mesh Raycast HIT at T=0.23 | Z=80.00
[Step 37800] Mesh Raycast HIT at T=0.23 | Z=80.00
[Step 37900] Mesh Raycast HIT at T=0.23 | Z=80.00
t=477525 SteerL changed to -1.00
t=477635 SteerL changed to 0.00
[Step 38000] Mesh Raycast HIT at T=0.23 | Z=80.00
T: 380.00s | Pos: (483, 1.34, -10026) | Spd: 106 km/h | Yaw: 1.57 | Steer: 0.00
[Step 38100] Mesh Raycast HIT at T=0.23 | Z=80.00
[Step 38200] Mesh Raycast HIT at T=0.23 | Z=80.00
t=480215 SteerL changed to -1.00
t=480305 SteerL changed to 0.00
[Step 38300] Mesh Raycast HIT at T=0.23 | Z=80.00
t=481385 SteerR changed to 1.00
t=481545 SteerR changed to 0.00
[Step 38400] Mesh Raycast HIT at T=0.23 | Z=80.00
[Step 38500] Mesh Raycast HIT at T=0.23 | Z=80.00
T: 385.00s | Pos: (483, 1.33, -10176) | Spd: 107 km/h | Yaw: 1.57 | Steer: 0.00
t=482735 SteerR changed to 1.00
[Step 38600] Mesh Raycast HIT at T=0.23 | Z=80.00
t=484275 SteerR changed to 0.00
t=484385 SteerR changed to 1.00
t=484505 SteerR changed to 0.00
[Step 38700] Mesh Raycast HIT at T=0.23 | Z=80.00
t=484795 SteerR changed to 1.00
t=484935 SteerR changed to 0.00
t=485425 SteerR changed to 1.00
t=485565 SteerR changed to 0.00
t=485625 SteerR changed to 1.00
[Step 38800] Mesh Raycast HIT at T=0.23 | Z=80.00
t=486485 Gas changed to 0.00
[Step 38900] Mesh Raycast HIT at T=0.23 | Z=80.00
t=486715 Gas changed to 1.00
t=487585 SteerR changed to 0.00
[Step 39000] Mesh Raycast HIT at T=0.23 | Z=80.00
T: 390.00s | Pos: (483, 1.33, -10323) | Spd: 102 km/h | Yaw: 1.57 | Steer: 0.00
[Step 39100] Mesh Raycast HIT at T=0.23 | Z=80.00
[Step 39200] Mesh Raycast HIT at T=0.23 | Z=80.00
[Step 39300] Mesh Raycast HIT at T=0.23 | Z=80.00
t=491595 Gas changed to 0.00
[Step 39400] Mesh Raycast HIT at T=0.23 | Z=80.00
t=492395 SteerR changed to 1.00
[Step 39500] Mesh Raycast HIT at T=0.23 | Z=80.00
T: 395.00s | Pos: (483, 1.33, -10464) | Spd: 73 km/h | Yaw: 1.57 | Steer: 1.00
[Step 39600] Mesh Raycast HIT at T=0.24 | Z=80.00
t=493965 Gas changed to 1.00
[Step 39700] Mesh Raycast HIT at T=0.24 | Z=80.00
t=495015 SteerR changed to 0.00
[Step 39800] Mesh Raycast HIT at T=0.24 | Z=80.00
[Step 39900] Mesh Raycast HIT at T=0.24 | Z=80.00
[Step 40000] Mesh Raycast HIT at T=0.24 | Z=80.00
T: 400.00s | Pos: (483, 1.33, -10562) | Spd: 90 km/h | Yaw: 1.57 | Steer: 0.00
t=497935 SteerR changed to 1.00
[Step 40100] Mesh Raycast HIT at T=0.24 | Z=80.00
t=499165 SteerR changed to 0.00
t=499505 SteerL changed to -1.00
t=499575 Gas changed to 0.00
[Step 40200] Mesh Raycast HIT at T=0.24 | Z=80.00
t=499835 SteerL changed to 0.00
t=500065 SteerR changed to 1.00
t=500395 Gas changed to 1.00
[Step 40300] Mesh Raycast HIT at T=0.24 | Z=80.00
t=500895 SteerR changed to 0.00
t=501175 SteerL changed to -1.00
t=501355 Gas changed to 0.00
t=501575 Gas changed to 1.00
[Step 40400] Mesh Raycast HIT at T=0.24 | Z=80.00
t=502055 Gas changed to 0.00
t=502375 Gas changed to 1.00
[Step 40500] Mesh Raycast HIT at T=0.24 | Z=80.00
T: 405.00s | Pos: (483, 1.33, -10682) | Spd: 77 km/h | Yaw: 1.57 | Steer: -1.00
[Step 40600] Mesh Raycast HIT at T=0.24 | Z=80.00
t=504115 SteerL changed to 0.00
t=504265 SteerR changed to 1.00
[Step 40700] Mesh Raycast HIT at T=0.24 | Z=80.00
t=504745 SteerR changed to 0.00
t=505695 SteerL changed to -1.00
[Step 40800] Mesh Raycast HIT at T=0.24 | Z=80.00
t=505855 Gas changed to 0.00
t=505925 SteerL changed to 0.00
t=506155 SteerR changed to 1.00
[Step 40900] Mesh Raycast HIT at T=0.24 | Z=80.00
t=507265 Gas changed to 1.00
[Step 41000] Mesh Raycast HIT at T=0.24 | Z=80.00
T: 410.00s | Pos: (483, 1.33, -10798) | Spd: 67 km/h | Yaw: 1.57 | Steer: 1.00
t=508435 SteerR changed to 0.00
[Step 41100] Mesh Raycast HIT at T=0.24 | Z=80.00
t=509335 SteerL changed to -1.00
t=509605 SteerL changed to 0.00
[Step 41200] Mesh Raycast HIT at T=0.24 | Z=80.00
[Step 41300] Mesh Raycast HIT at T=0.24 | Z=80.00
t=511005 SteerL changed to -1.00
t=511335 SteerL changed to 0.00
t=511385 SteerL changed to -1.00
t=511545 SteerL changed to 0.00
t=511615 SteerL changed to -1.00
[Step 41400] Mesh Raycast HIT at T=0.24 | Z=80.00
t=511705 SteerL changed to 0.00
t=511795 SteerL changed to -1.00
t=512235 SteerL changed to 0.00
t=512455 SteerR changed to 1.00
[Step 41500] Mesh Raycast HIT at T=0.24 | Z=80.00
T: 415.00s | Pos: (483, 1.33, -10921) | Spd: 100 km/h | Yaw: 1.57 | Steer: 1.00
t=513205 Gas changed to 0.00
[Step 41600] Mesh Raycast HIT at T=0.24 | Z=80.00
t=513715 Gas changed to 1.00
[Step 41700] Mesh Raycast HIT at T=0.24 | Z=80.00
t=515555 SteerR changed to 0.00
[Step 41800] Mesh Raycast HIT at T=0.24 | Z=80.00
t=516135 SteerL changed to -1.00
t=516275 SteerL changed to 0.00
t=516555 SteerL changed to -1.00
[Step 41900] Mesh Raycast HIT at T=0.24 | Z=80.00
t=516825 SteerL changed to 0.00
t=516915 SteerL changed to -1.00
t=517025 SteerL changed to 0.00
t=517145 SteerL changed to -1.00
t=517195 SteerL changed to 0.00
[Step 42000] Mesh Raycast HIT at T=0.24 | Z=80.00
T: 420.00s | Pos: (483, 1.33, -11054) | Spd: 102 km/h | Yaw: 1.57 | Steer: 0.00
t=517795 SteerR changed to 1.00
t=518295 SteerR changed to 0.00
[Step 42100] Mesh Raycast HIT at T=0.24 | Z=80.00
[Step 42200] Mesh Raycast HIT at T=0.24 | Z=80.00
[Step 42300] Mesh Raycast HIT at T=0.24 | Z=80.00
[Step 42400] Mesh Raycast HIT at T=0.24 | Z=80.00
t=522145 SteerR changed to 1.00
t=522255 Gas changed to 0.00
t=522415 Gas changed to 1.00
[Step 42500] Mesh Raycast HIT at T=0.24 | Z=80.00
T: 425.00s | Pos: (483, 1.33, -11199) | Spd: 101 km/h | Yaw: 1.57 | Steer: 1.00
t=522755 Gas changed to 0.00
t=522785 Gas changed to 1.00
t=523315 Gas changed to 0.00
t=523425 Gas changed to 1.00
t=523585 Gas changed to 0.00
t=523685 Gas changed to 1.00
[Step 42600] Mesh Raycast HIT at T=0.24 | Z=80.00
t=524035 SteerR changed to 0.00
t=524355 SteerL changed to -1.00
t=524405 SteerL changed to 0.00
[Step 42700] Mesh Raycast HIT at T=0.24 | Z=80.00
[Step 42800] Mesh Raycast HIT at T=0.24 | Z=80.00
[Step 42900] Mesh Raycast HIT at T=0.24 | Z=80.00
t=527365 SteerR changed to 1.00
t=527695 SteerR changed to 0.00
[Step 43000] Mesh Raycast HIT at T=0.24 | Z=80.00
T: 430.00s | Pos: (483, 1.33, -11340) | Spd: 104 km/h | Yaw: 1.57 | Steer: 0.00
t=528315 SteerL changed to -1.00
t=528525 SteerL changed to 0.00
[Step 43100] Mesh Raycast HIT at T=0.24 | Z=80.00
[Step 43200] Mesh Raycast HIT at T=0.24 | Z=80.00
[Step 43300] Mesh Raycast HIT at T=0.24 | Z=80.00
t=531195 Gas changed to 0.00
t=531315 SteerL changed to -1.00
t=531435 Gas changed to 1.00
t=531505 SteerL changed to 0.00
t=531675 SteerR changed to 1.00
[Step 43400] Mesh Raycast HIT at T=0.24 | Z=80.00
t=531705 Gas changed to 0.00
t=531875 Gas changed to 1.00
t=532005 Gas changed to 0.00
t=532115 Gas changed to 1.00
[Step 43500] Mesh Raycast HIT at T=0.24 | Z=80.00
T: 435.00s | Pos: (483, 1.33, -11483) | Spd: 94 km/h | Yaw: 1.57 | Steer: 1.00
t=533325 SteerR changed to 0.00
[Step 43600] Mesh Raycast HIT at T=0.24 | Z=80.00
[Step 43700] Mesh Raycast HIT at T=0.24 | Z=80.00
[Step 43800] Mesh Raycast HIT at T=0.24 | Z=80.00
[Step 43900] Mesh Raycast HIT at T=0.24 | Z=80.00
t=537655 SteerR changed to 1.00
t=537685 SteerR changed to 0.00
[Step 44000] Mesh Raycast HIT at T=0.24 | Z=80.00
T: 440.00s | Pos: (483, 1.33, -11624) | Spd: 105 km/h | Yaw: 1.57 | Steer: 0.00
[Step 44100] Mesh Raycast HIT at T=0.24 | Z=80.00
[Step 44200] Mesh Raycast HIT at T=0.24 | Z=80.00
[Step 44300] Mesh Raycast HIT at T=0.24 | Z=80.00
t=541335 SteerL changed to -1.00
t=541425 SteerL changed to 0.00
[Step 44400] Mesh Raycast HIT at T=0.24 | Z=80.00
t=542445 SteerR changed to 1.00
t=542535 SteerR changed to 0.00
[Step 44500] Mesh Raycast HIT at T=0.24 | Z=80.00
T: 445.00s | Pos: (483, 1.33, -11772) | Spd: 107 km/h | Yaw: 1.57 | Steer: 0.00
t=542755 SteerR changed to 1.00
t=543035 SteerR changed to 0.00
t=543125 SteerR changed to 1.00
[Step 44600] Mesh Raycast HIT at T=0.24 | Z=80.00
t=544505 SteerR changed to 0.00
[Step 44700] Mesh Raycast HIT at T=0.24 | Z=80.00
t=544915 SteerR changed to 1.00
t=545135 SteerR changed to 0.00
t=545685 SteerR changed to 1.00
[Step 44800] Mesh Raycast HIT at T=0.24 | Z=80.00
t=545995 Gas changed to 0.00
t=546195 Gas changed to 1.00
[Step 44900] Mesh Raycast HIT at T=0.24 | Z=80.00
[Step 45000] Mesh Raycast HIT at T=0.24 | Z=80.00
T: 450.00s | Pos: (483, 1.33, -11919) | Spd: 103 km/h | Yaw: 1.57 | Steer: 1.00
t=547725 SteerR changed to 0.00
[Step 45100] Mesh Raycast HIT at T=0.24 | Z=80.00
[Step 45200] Mesh Raycast HIT at T=0.24 | Z=80.00
[Step 45300] Mesh Raycast HIT at T=0.24 | Z=80.00
t=551375 Gas changed to 0.00
[Step 45400] Mesh Raycast HIT at T=0.24 | Z=80.00
t=552435 SteerR changed to 1.00
[Step 45500] Mesh Raycast HIT at T=0.24 | Z=80.00
T: 455.00s | Pos: (483, 1.33, -12058) | Spd: 68 km/h | Yaw: 1.57 | Steer: 1.00
[Step 45600] Mesh Raycast HIT at T=0.23 | Z=80.00
t=554335 Gas changed to 1.00
[Step 45700] Mesh Raycast HIT at T=0.24 | Z=80.00
t=554775 SteerR changed to 0.00
[Step 45800] Mesh Raycast HIT at T=0.23 | Z=80.00
[Step 45900] Mesh Raycast HIT at T=0.23 | Z=80.00
t=557525 SteerR changed to 1.00
[Step 46000] Mesh Raycast HIT at T=0.23 | Z=80.00
T: 460.00s | Pos: (483, 1.33, -12145) | Spd: 85 km/h | Yaw: 1.57 | Steer: 1.00
t=557835 SteerR changed to 0.00
t=557935 SteerR changed to 1.00
t=558055 SteerR changed to 0.00
t=558195 SteerR changed to 1.00
[Step 46100] Mesh Raycast HIT at T=0.23 | Z=80.00
t=558905 SteerR changed to 0.00
t=559525 SteerR changed to 1.00
t=559595 SteerR changed to 0.00
[Step 46200] Mesh Raycast HIT at T=0.23 | Z=80.00
t=560005 SteerR changed to 1.00
[Step 46300] Mesh Raycast HIT at T=0.23 | Z=80.00
t=560785 SteerR changed to 0.00
t=560785 Gas changed to 0.00
t=560945 SteerL changed to -1.00
[Step 46400] Mesh Raycast HIT at T=0.23 | Z=80.00
t=562155 Gas changed to 1.00
[Step 46500] Mesh Raycast HIT at T=0.23 | Z=80.00
T: 465.00s | Pos: (483, 1.33, -12266) | Spd: 70 km/h | Yaw: 1.57 | Steer: -1.00
t=563245 SteerL changed to 0.00
[Step 46600] Mesh Raycast HIT at T=0.23 | Z=80.00
[Step 46700] Mesh Raycast HIT at T=0.23 | Z=80.00
t=565525 SteerR changed to 1.00
t=565575 SteerR changed to 0.00
[Step 46800] Mesh Raycast HIT at T=0.23 | Z=80.00
t=566015 SteerL changed to -1.00
t=566045 Gas changed to 0.00
t=566195 SteerL changed to 0.00
t=566295 SteerR changed to 1.00
[Step 46900] Mesh Raycast HIT at T=0.23 | Z=80.00
t=567225 Gas changed to 1.00
t=567245 SteerR changed to 0.00
t=567305 SteerR changed to 1.00
[Step 47000] Mesh Raycast HIT at T=0.23 | Z=80.00
T: 470.00s | Pos: (483, 1.33, -12381) | Spd: 71 km/h | Yaw: 1.57 | Steer: 1.00
t=568195 SteerR changed to 0.00
[Step 47100] Mesh Raycast HIT at T=0.23 | Z=80.00
[Step 47200] Mesh Raycast HIT at T=0.23 | Z=80.00
t=570005 SteerL changed to -1.00
t=570175 SteerL changed to 0.00
[Step 47300] Mesh Raycast HIT at T=0.23 | Z=80.00
t=570875 SteerR changed to 1.00
t=570975 SteerR changed to 0.00
t=571585 SteerL changed to -1.00
[Step 47400] Mesh Raycast HIT at T=0.23 | Z=80.00
t=571715 SteerL changed to 0.00
t=571825 SteerL changed to -1.00
t=571945 SteerL changed to 0.00
t=572225 SteerL changed to -1.00
t=572425 SteerL changed to 0.00
t=572505 SteerL changed to -1.00
[Step 47500] Mesh Raycast HIT at T=0.23 | Z=80.00
T: 475.00s | Pos: (483, 1.33, -12506) | Spd: 101 km/h | Yaw: 1.57 | Steer: -1.00
t=573105 SteerL changed to 0.00
t=573285 SteerR changed to 1.00
[Step 47600] Mesh Raycast HIT at T=0.23 | Z=80.00
[Step 47700] Mesh Raycast HIT at T=0.23 | Z=80.00
t=575545 Gas changed to 0.00
[Step 47800] Mesh Raycast HIT at T=0.23 | Z=80.00
t=575885 Gas changed to 1.00
t=576555 SteerR changed to 0.00
[Step 47900] Mesh Raycast HIT at T=0.23 | Z=80.00
t=577555 SteerL changed to -1.00
[Step 48000] Mesh Raycast HIT at T=0.23 | Z=80.00
T: 480.00s | Pos: (483, 1.33, -12646) | Spd: 100 km/h | Yaw: 1.57 | Steer: -1.00
t=578195 SteerL changed to 0.00
[Step 48100] Mesh Raycast HIT at T=0.23 | Z=80.00
t=578785 SteerR changed to 1.00
t=579405 SteerR changed to 0.00
[Step 48200] Mesh Raycast HIT at T=0.23 | Z=80.00
[Step 48300] Mesh Raycast HIT at T=0.23 | Z=80.00
[Step 48400] Mesh Raycast HIT at T=0.23 | Z=80.00
t=582425 SteerL changed to -1.00
[Step 48500] Mesh Raycast HIT at T=0.23 | Z=80.00
T: 485.00s | Pos: (483, 1.33, -12791) | Spd: 106 km/h | Yaw: 1.57 | Steer: -1.00
t=582705 SteerL changed to 0.00
t=582965 SteerR changed to 1.00
[Step 48600] Mesh Raycast HIT at T=0.23 | Z=80.00
t=583875 Gas changed to 0.00
t=584075 Gas changed to 1.00
t=584515 Gas changed to 0.00
t=584665 Gas changed to 1.00
[Step 48700] Mesh Raycast HIT at T=0.23 | Z=80.00
t=585105 SteerR changed to 0.00
[Step 48800] Mesh Raycast HIT at T=0.23 | Z=80.00
[Step 48900] Mesh Raycast HIT at T=0.23 | Z=80.00
[Step 49000] Mesh Raycast HIT at T=0.23 | Z=80.00
T: 490.00s | Pos: (483, 1.33, -12933) | Spd: 103 km/h | Yaw: 1.57 | Steer: 0.00
t=588675 SteerR changed to 1.00
[Step 49100] Mesh Raycast HIT at T=0.23 | Z=80.00
t=588935 SteerR changed to 0.00
t=589315 SteerL changed to -1.00
t=589625 SteerL changed to 0.00
[Step 49200] Mesh Raycast HIT at T=0.23 | Z=80.00
t=590255 SteerR changed to 1.00
[Step 49300] Mesh Raycast HIT at T=0.23 | Z=80.00
t=590965 Gas changed to 0.00
t=591535 Gas changed to 1.00
[Step 49400] Mesh Raycast HIT at T=0.23 | Z=80.00
[Step 49500] Mesh Raycast HIT at T=0.23 | Z=80.00
T: 495.00s | Pos: (483, 1.33, -13074) | Spd: 94 km/h | Yaw: 1.57 | Steer: 1.00
t=592965 SteerR changed to 0.00
t=593155 SteerR changed to 1.00
t=593265 SteerR changed to 0.00
t=593405 SteerR changed to 1.00
t=593625 SteerR changed to 0.00
[Step 49600] Mesh Raycast HIT at T=0.23 | Z=80.00
t=593745 SteerR changed to 1.00
t=593915 SteerR changed to 0.00
t=594025 SteerR changed to 1.00
t=594215 SteerR changed to 0.00
t=594315 SteerR changed to 1.00
t=594655 SteerR changed to 0.00
[Step 49700] Mesh Raycast HIT at T=0.23 | Z=80.00
[Step 49800] Mesh Raycast HIT at T=0.23 | Z=80.00
[Step 49900] Mesh Raycast HIT at T=0.23 | Z=80.00
[Step 50000] Mesh Raycast HIT at T=0.23 | Z=80.00
T: 500.00s | Pos: (483, 1.33, -13215) | Spd: 105 km/h | Yaw: 1.57 | Steer: 0.00
t=598075 SteerR changed to 1.00
t=598205 SteerR changed to 0.00
[Step 50100] Mesh Raycast HIT at T=0.23 | Z=80.00
t=598755 SteerL changed to -1.00
t=598845 SteerL changed to 0.00
t=599275 SteerR changed to 1.00
t=599315 SteerR changed to 0.00
[Step 50200] Mesh Raycast HIT at T=0.23 | Z=80.00
[Step 50300] Mesh Raycast HIT at T=0.23 | Z=80.00
t=600815 SteerL changed to -1.00
t=600905 SteerL changed to 0.00
[Step 50400] Mesh Raycast HIT at T=0.23 | Z=80.00
t=602375 SteerL changed to -1.00
t=602425 SteerL changed to 0.00
[Step 50500] Mesh Raycast HIT at T=0.23 | Z=80.00
T: 505.00s | Pos: (483, 1.33, -13363) | Spd: 107 km/h | Yaw: 1.57 | Steer: 0.00
t=603355 SteerR changed to 1.00
[Step 50600] Mesh Raycast HIT at T=0.23 | Z=80.00
[Step 50700] Mesh Raycast HIT at T=0.23 | Z=80.00
t=605265 SteerR changed to 0.00
[Step 50800] Mesh Raycast HIT at T=0.23 | Z=80.00
t=606255 SteerR changed to 1.00
t=606555 Gas changed to 0.00
[Step 50900] Mesh Raycast HIT at T=0.23 | Z=80.00
t=606835 Gas changed to 1.00
[Step 51000] Mesh Raycast HIT at T=0.23 | Z=80.00
T: 510.00s | Pos: (483, 1.33, -13510) | Spd: 100 km/h | Yaw: 1.57 | Steer: 1.00
t=608335 SteerR changed to 0.00
[Step 51100] Mesh Raycast HIT at T=0.23 | Z=80.00
[Step 51200] Mesh Raycast HIT at T=0.23 | Z=80.00
t=609725 SteerR changed to 1.00
t=609765 SteerR changed to 0.00
[Step 51300] Mesh Raycast HIT at T=0.23 | Z=80.00
[Step 51400] Mesh Raycast HIT at T=0.23 | Z=80.00
t=611955 Gas changed to 0.00
t=612105 SteerL changed to -1.00
[Step 51500] Mesh Raycast HIT at T=0.23 | Z=80.00
T: 515.00s | Pos: (483, 1.33, -13653) | Spd: 82 km/h | Yaw: 1.57 | Steer: -1.00
t=613235 SteerL changed to 0.00
t=613435 SteerR changed to 1.00
[Step 51600] Mesh Raycast HIT at T=0.23 | Z=80.00
[Step 51700] Mesh Raycast HIT at T=0.24 | Z=80.00
t=614885 Gas changed to 1.00
[Step 51800] Mesh Raycast HIT at T=0.23 | Z=80.00
t=615755 SteerR changed to 0.00
[Step 51900] Mesh Raycast HIT at T=0.23 | Z=80.00
[Step 52000] Mesh Raycast HIT at T=0.23 | Z=80.00
T: 520.00s | Pos: (483, 1.33, -13738) | Spd: 81 km/h | Yaw: 1.57 | Steer: 0.00
[Step 52100] Mesh Raycast HIT at T=0.23 | Z=80.00
t=618775 SteerR changed to 1.00
[Step 52200] Mesh Raycast HIT at T=0.23 | Z=80.00
t=619905 SteerR changed to 0.00
t=620125 SteerR changed to 1.00
t=620185 SteerR changed to 0.00
t=620485 SteerL changed to -1.00
t=620545 SteerL changed to 0.00
[Step 52300] Mesh Raycast HIT at T=0.23 | Z=80.00
t=620835 SteerR changed to 1.00
t=620855 Gas changed to 0.00
t=621155 SteerR changed to 0.00
t=621305 SteerR changed to 1.00
t=621375 Gas changed to 1.00
[Step 52400] Mesh Raycast HIT at T=0.23 | Z=80.00
t=621705 SteerR changed to 0.00
t=621895 SteerL changed to -1.00
t=621915 Gas changed to 0.00
t=622065 Gas changed to 1.00
t=622075 SteerL changed to 0.00
t=622105 Gas changed to 0.00
t=622145 SteerL changed to -1.00
[Step 52500] Mesh Raycast HIT at T=0.23 | Z=80.00
T: 525.00s | Pos: (483, 1.33, -13861) | Spd: 68 km/h | Yaw: 1.57 | Steer: -1.00
t=622995 Gas changed to 1.00
[Step 52600] Mesh Raycast HIT at T=0.23 | Z=80.00
t=624605 SteerL changed to 0.00
[Step 52700] Mesh Raycast HIT at T=0.23 | Z=80.00
t=625115 SteerR changed to 1.00
t=625425 SteerR changed to 0.00
[Step 52800] Mesh Raycast HIT at T=0.23 | Z=80.00
[Step 52900] Mesh Raycast HIT at T=0.23 | Z=80.00
t=626725 SteerL changed to -1.00
t=626885 Gas changed to 0.00
t=626885 SteerL changed to 0.00
t=627035 SteerR changed to 1.00
[Step 53000] Mesh Raycast HIT at T=0.23 | Z=80.00
T: 530.00s | Pos: (483, 1.33, -13974) | Spd: 72 km/h | Yaw: 1.57 | Steer: 1.00
t=627915 Gas changed to 1.00
[Step 53100] Mesh Raycast HIT at T=0.23 | Z=80.00
t=629205 SteerR changed to 0.00
[Step 53200] Mesh Raycast HIT at T=0.23 | Z=80.00
t=629925 SteerL changed to -1.00
t=630125 SteerL changed to 0.00
[Step 53300] Mesh Raycast HIT at T=0.23 | Z=80.00
t=631355 SteerL changed to -1.00
t=631515 SteerL changed to 0.00
t=631655 SteerL changed to -1.00
[Step 53400] Mesh Raycast HIT at T=0.23 | Z=80.00
t=631785 SteerL changed to 0.00
t=631995 SteerL changed to -1.00
t=632265 SteerL changed to 0.00
t=632355 SteerL changed to -1.00
t=632495 SteerL changed to 0.00
t=632585 SteerL changed to -1.00
[Step 53500] Mesh Raycast HIT at T=0.23 | Z=80.00
T: 535.00s | Pos: (483, 1.33, -14095) | Spd: 99 km/h | Yaw: 1.57 | Steer: -1.00
t=633005 SteerL changed to 0.00
t=633295 SteerR changed to 1.00
t=633535 Gas changed to 0.00
[Step 53600] Mesh Raycast HIT at T=0.23 | Z=80.00
t=634015 Gas changed to 1.00
t=634385 SteerR changed to 0.00
t=634505 SteerR changed to 1.00
[Step 53700] Mesh Raycast HIT at T=0.23 | Z=80.00
[Step 53800] Mesh Raycast HIT at T=0.23 | Z=80.00
t=636505 SteerR changed to 0.00
[Step 53900] Mesh Raycast HIT at T=0.23 | Z=80.00
t=637385 SteerL changed to -1.00
[Step 54000] Mesh Raycast HIT at T=0.23 | Z=80.00
T: 540.00s | Pos: (483, 1.33, -14229) | Spd: 101 km/h | Yaw: 1.57 | Steer: -1.00
t=637815 SteerL changed to 0.00
t=637945 SteerL changed to -1.00
t=638085 SteerL changed to 0.00
t=638595 SteerR changed to 1.00
[Step 54100] Mesh Raycast HIT at T=0.23 | Z=80.00
t=639135 SteerR changed to 0.00
[Step 54200] Mesh Raycast HIT at T=0.23 | Z=80.00
[Step 54300] Mesh Raycast HIT at T=0.23 | Z=80.00
[Step 54400] Mesh Raycast HIT at T=0.23 | Z=80.00
[Step 54500] Mesh Raycast HIT at T=0.23 | Z=80.00
T: 545.00s | Pos: (483, 1.33, -14375) | Spd: 106 km/h | Yaw: 1.57 | Steer: 0.00
t=643065 SteerR changed to 1.00
t=643095 Gas changed to 0.00
t=643655 Gas changed to 1.00
[Step 54600] Mesh Raycast HIT at T=0.23 | Z=80.00
t=644215 SteerR changed to 0.00
t=644325 SteerR changed to 1.00
[Step 54700] Mesh Raycast HIT at T=0.23 | Z=80.00
t=644975 SteerR changed to 0.00
[Step 54800] Mesh Raycast HIT at T=0.23 | Z=80.00
[Step 54900] Mesh Raycast HIT at T=0.23 | Z=80.00
[Step 55000] Mesh Raycast HIT at T=0.23 | Z=80.00
T: 550.00s | Pos: (483, 1.33, -14511) | Spd: 103 km/h | Yaw: 1.57 | Steer: 0.00
t=647985 SteerR changed to 1.00
t=648165 SteerR changed to 0.00
t=648595 SteerR changed to 1.00
[Step 55100] Mesh Raycast HIT at T=0.23 | Z=80.00
t=648875 SteerR changed to 0.00
t=649285 SteerL changed to -1.00
t=649565 SteerL changed to 0.00
[Step 55200] Mesh Raycast HIT at T=0.23 | Z=80.00
t=649785 SteerL changed to -1.00
t=649845 SteerL changed to 0.00
[Step 55300] Mesh Raycast HIT at T=0.23 | Z=80.00
[Step 55400] Mesh Raycast HIT at T=0.23 | Z=80.00
t=652455 SteerR changed to 1.00
t=652625 SteerR changed to 0.00
[Step 55500] Mesh Raycast HIT at T=0.23 | Z=80.00
T: 555.00s | Pos: (483, 1.33, -14658) | Spd: 107 km/h | Yaw: 1.57 | Steer: 0.00
t=652735 SteerR changed to 1.00
[Step 55600] Mesh Raycast HIT at T=0.23 | Z=80.00
t=654275 SteerR changed to 0.00
t=654655 SteerR changed to 1.00
[Step 55700] Mesh Raycast HIT at T=0.23 | Z=80.00
t=654795 SteerR changed to 0.00
[Step 55800] Mesh Raycast HIT at T=0.23 | Z=80.00
[Step 55900] Mesh Raycast HIT at T=0.23 | Z=80.00
[Step 56000] Mesh Raycast HIT at T=0.23 | Z=80.00
T: 560.00s | Pos: (483, 1.33, -14807) | Spd: 107 km/h | Yaw: 1.57 | Steer: 0.00
t=658465 SteerL changed to -1.00
t=658555 SteerL changed to 0.00
[Step 56100] Mesh Raycast HIT at T=0.23 | Z=80.00
t=659165 SteerL changed to -1.00
t=659205 SteerL changed to 0.00
[Step 56200] Mesh Raycast HIT at T=0.23 | Z=80.00
[Step 56300] Mesh Raycast HIT at T=0.23 | Z=80.00
t=660855 SteerL changed to -1.00
t=660895 SteerL changed to 0.00
[Step 56400] Mesh Raycast HIT at T=0.23 | Z=80.00
t=662355 SteerR changed to 1.00
t=662435 SteerR changed to 0.00
[Step 56500] Mesh Raycast HIT at T=0.23 | Z=80.00
T: 565.00s | Pos: (483, 1.33, -14957) | Spd: 107 km/h | Yaw: 1.57 | Steer: 0.00
t=662885 SteerR changed to 1.00
t=663555 SteerR changed to 0.00
t=663665 SteerR changed to 1.00
[Step 56600] Mesh Raycast HIT at T=0.23 | Z=80.00
[Step 56700] Mesh Raycast HIT at T=0.23 | Z=80.00
t=664725 SteerR changed to 0.00
t=664965 SteerR changed to 1.00
t=665005 SteerR changed to 0.00
t=665145 SteerR changed to 1.00
t=665255 SteerR changed to 0.00
[Step 56800] Mesh Raycast HIT at T=0.23 | Z=80.00
t=665785 SteerR changed to 1.00
t=666235 Gas changed to 0.00
t=666445 Gas changed to 1.00
t=666625 Gas changed to 0.00
[Step 56900] Mesh Raycast HIT at T=0.23 | Z=80.00
t=666845 Gas changed to 1.00
t=667615 SteerR changed to 0.00
[Step 57000] Mesh Raycast HIT at T=0.23 | Z=80.00
T: 570.00s | Pos: (483, 1.33, -15103) | Spd: 97 km/h | Yaw: 1.57 | Steer: 0.00
t=667755 SteerR changed to 1.00
t=667955 SteerR changed to 0.00
[Step 57100] Mesh Raycast HIT at T=0.23 | Z=80.00
[Step 57200] Mesh Raycast HIT at T=0.23 | Z=80.00
[Step 57300] Mesh Raycast HIT at T=0.23 | Z=80.00
[Step 57400] Mesh Raycast HIT at T=0.23 | Z=80.00
t=672295 Gas changed to 0.00
t=672295 SteerL changed to -1.00
t=672385 SteerL changed to 0.00
t=672595 SteerR changed to 1.00
[Step 57500] Mesh Raycast HIT at T=0.23 | Z=80.00
T: 575.00s | Pos: (483, 1.33, -15245) | Spd: 92 km/h | Yaw: 1.57 | Steer: 1.00
[Step 57600] Mesh Raycast HIT at T=0.23 | Z=80.00
t=674335 Gas changed to 1.00
[Step 57700] Mesh Raycast HIT at T=0.23 | Z=80.00
t=675305 SteerR changed to 0.00
[Step 57800] Mesh Raycast HIT at T=0.23 | Z=80.00
[Step 57900] Mesh Raycast HIT at T=0.23 | Z=80.00
[Step 58000] Mesh Raycast HIT at T=0.23 | Z=80.00
T: 580.00s | Pos: (483, 1.33, -15348) | Spd: 90 km/h | Yaw: 1.57 | Steer: 0.00
t=678055 SteerR changed to 1.00
t=678565 SteerR changed to 0.00
t=678675 SteerR changed to 1.00
[Step 58100] Mesh Raycast HIT at T=0.23 | Z=80.00
t=679185 SteerR changed to 0.00
t=679695 SteerL changed to -1.00
[Step 58200] Mesh Raycast HIT at T=0.23 | Z=80.00
t=679825 SteerL changed to 0.00
t=680155 SteerR changed to 1.00
t=680255 Gas changed to 0.00
[Step 58300] Mesh Raycast HIT at T=0.23 | Z=80.00
t=680825 Gas changed to 1.00
t=680985 SteerR changed to 0.00
t=681175 SteerL changed to -1.00
t=681185 Gas changed to 0.00
[Step 58400] Mesh Raycast HIT at T=0.23 | Z=80.00
t=682385 Gas changed to 1.00
[Step 58500] Mesh Raycast HIT at T=0.23 | Z=80.00
T: 585.00s | Pos: (483, 1.33, -15468) | Spd: 62 km/h | Yaw: 1.57 | Steer: -1.00
t=683465 SteerL changed to 0.00
[Step 58600] Mesh Raycast HIT at T=0.23 | Z=80.00
[Step 58700] Mesh Raycast HIT at T=0.23 | Z=80.00
[Step 58800] Mesh Raycast HIT at T=0.23 | Z=80.00
t=686105 SteerL changed to -1.00
t=686285 Gas changed to 0.00
t=686285 SteerL changed to 0.00
t=686465 SteerR changed to 1.00
[Step 58900] Mesh Raycast HIT at T=0.23 | Z=80.00
t=687375 Gas changed to 1.00
[Step 59000] Mesh Raycast HIT at T=0.23 | Z=80.00
T: 590.00s | Pos: (483, 1.33, -15579) | Spd: 69 km/h | Yaw: 1.57 | Steer: 1.00
t=688485 SteerR changed to 0.00
[Step 59100] Mesh Raycast HIT at T=0.23 | Z=80.00
t=689295 SteerL changed to -1.00
t=689585 SteerL changed to 0.00
[Step 59200] Mesh Raycast HIT at T=0.23 | Z=80.00
t=690485 SteerR changed to 1.00
t=690565 SteerR changed to 0.00
[Step 59300] Mesh Raycast HIT at T=0.23 | Z=80.00
t=691325 SteerL changed to -1.00
[Step 59400] Mesh Raycast HIT at T=0.23 | Z=80.00
t=691815 SteerL changed to 0.00
t=691935 SteerL changed to -1.00
t=692105 SteerL changed to 0.00
t=692155 SteerL changed to -1.00
t=692515 SteerL changed to 0.00
[Step 59500] Mesh Raycast HIT at T=0.23 | Z=80.00
T: 595.00s | Pos: (483, 1.33, -15703) | Spd: 100 km/h | Yaw: 1.57 | Steer: 0.00
t=692765 SteerR changed to 1.00
t=693435 Gas changed to 0.00
[Step 59600] Mesh Raycast HIT at T=0.23 | Z=80.00
t=693705 Gas changed to 1.00
t=694135 Gas changed to 0.00
t=694325 Gas changed to 1.00
[Step 59700] Mesh Raycast HIT at T=0.23 | Z=80.00
[Step 59800] Mesh Raycast HIT at T=0.23 | Z=80.00
t=695865 SteerR changed to 0.00
[Step 59900] Mesh Raycast HIT at T=0.23 | Z=80.00
t=696755 SteerL changed to -1.00
t=697135 SteerL changed to 0.00
t=697365 SteerL changed to -1.00
t=697585 SteerL changed to 0.00
[Step 60000] Mesh Raycast HIT at T=0.23 | Z=80.00
T: 600.00s | Pos: (483, 1.33, -15838) | Spd: 102 km/h | Yaw: 1.57 | Steer: 0.00
t=697985 SteerR changed to 1.00
t=698175 SteerR changed to 0.00
t=698265 SteerR changed to 1.00
[Step 60100] Mesh Raycast HIT at T=0.23 | Z=80.00
t=698715 SteerR changed to 0.00
[Step 60200] Mesh Raycast HIT at T=0.23 | Z=80.00
[Step 60300] Mesh Raycast HIT at T=0.23 | Z=80.00
[Step 60400] Mesh Raycast HIT at T=0.23 | Z=80.00
t=701955 SteerL changed to -1.00
t=702085 SteerL changed to 0.00
t=702455 SteerR changed to 1.00
[Step 60500] Mesh Raycast HIT at T=0.23 | Z=80.00
T: 605.00s | Pos: (483, 1.33, -15984) | Spd: 106 km/h | Yaw: 1.57 | Steer: 1.00
t=702895 Gas changed to 0.00
t=703275 Gas changed to 1.00
[Step 60600] Mesh Raycast HIT at T=0.23 | Z=80.00
t=704435 SteerR changed to 0.00
[Step 60700] Mesh Raycast HIT at T=0.23 | Z=80.00
[Step 60800] Mesh Raycast HIT at T=0.23 | Z=80.00
[Step 60900] Mesh Raycast HIT at T=0.23 | Z=80.00
[Step 61000] Mesh Raycast HIT at T=0.23 | Z=80.00
T: 610.00s | Pos: (483, 1.33, -16125) | Spd: 104 km/h | Yaw: 1.57 | Steer: 0.00
t=707725 SteerR changed to 1.00
t=708015 SteerR changed to 0.00
t=708485 SteerL changed to -1.00
[Step 61100] Mesh Raycast HIT at T=0.23 | Z=80.00
t=708795 SteerL changed to 0.00
[Step 61200] Mesh Raycast HIT at T=0.23 | Z=80.00
t=710535 SteerR changed to 1.00
t=710605 SteerR changed to 0.00
[Step 61300] Mesh Raycast HIT at T=0.23 | Z=80.00
t=710755 SteerR changed to 1.00
t=710905 SteerR changed to 0.00
t=711605 SteerR changed to 1.00
t=711685 Gas changed to 0.00
[Step 61400] Mesh Raycast HIT at T=0.23 | Z=80.00
t=711825 Gas changed to 1.00
[Step 61500] Mesh Raycast HIT at T=0.23 | Z=80.00
T: 615.00s | Pos: (483, 1.33, -16271) | Spd: 103 km/h | Yaw: 1.57 | Steer: 1.00
t=713015 SteerR changed to 0.00
t=713165 SteerR changed to 1.00
t=713295 SteerR changed to 0.00
t=713465 SteerR changed to 1.00
[Step 61600] Mesh Raycast HIT at T=0.23 | Z=80.00
t=713725 SteerR changed to 0.00
[Step 61700] Mesh Raycast HIT at T=0.23 | Z=80.00
[Step 61800] Mesh Raycast HIT at T=0.23 | Z=80.00
[Step 61900] Mesh Raycast HIT at T=0.23 | Z=80.00
t=716985 SteerR changed to 1.00
t=717125 SteerR changed to 0.00
t=717595 SteerL changed to -1.00
[Step 62000] Mesh Raycast HIT at T=0.23 | Z=80.00
T: 620.00s | Pos: (483, 1.33, -16419) | Spd: 107 km/h | Yaw: 1.57 | Steer: -1.00
t=717735 SteerL changed to 0.00
t=717855 SteerL changed to -1.00
t=717975 SteerL changed to 0.00
[Step 62100] Mesh Raycast HIT at T=0.23 | Z=80.00
[Step 62200] Mesh Raycast HIT at T=0.23 | Z=80.00
[Step 62300] Mesh Raycast HIT at T=0.23 | Z=80.00
t=720735 SteerL changed to -1.00
t=720815 SteerL changed to 0.00
t=721405 SteerR changed to 1.00
t=721525 SteerR changed to 0.00
[Step 62400] Mesh Raycast HIT at T=0.23 | Z=80.00
t=721965 SteerR changed to 1.00
t=722275 SteerR changed to 0.00
t=722385 SteerR changed to 1.00
t=722605 SteerR changed to 0.00
[Step 62500] Mesh Raycast HIT at T=0.23 | Z=80.00
T: 625.00s | Pos: (483, 1.32, -16568) | Spd: 107 km/h | Yaw: 1.57 | Steer: 0.00
t=722725 SteerR changed to 1.00
[Step 62600] Mesh Raycast HIT at T=0.23 | Z=80.00
t=724065 SteerR changed to 0.00
t=724325 SteerL changed to -1.00
t=724355 SteerL changed to 0.00
[Step 62700] Mesh Raycast HIT at T=0.23 | Z=80.00
t=724865 SteerR changed to 1.00
[Step 62800] Mesh Raycast HIT at T=0.23 | Z=80.00
t=725805 Gas changed to 0.00
t=726065 Gas changed to 1.00
[Step 62900] Mesh Raycast HIT at T=0.23 | Z=80.00
t=726895 SteerR changed to 0.00
[Step 63000] Mesh Raycast HIT at T=0.23 | Z=80.00
T: 630.00s | Pos: (483, 1.32, -16714) | Spd: 102 km/h | Yaw: 1.57 | Steer: 0.00
t=728265 SteerR changed to 1.00
t=728285 SteerR changed to 0.00
[Step 63100] Mesh Raycast HIT at T=0.23 | Z=80.00
[Step 63200] Mesh Raycast HIT at T=0.23 | Z=80.00
t=730635 Gas changed to 0.00
[Step 63300] Mesh Raycast HIT at T=0.23 | Z=80.00
t=730875 SteerR changed to 1.00
t=730965 SteerR changed to 0.00
t=731555 SteerR changed to 1.00
[Step 63400] Mesh Raycast HIT at T=0.23 | Z=80.00
t=732165 SteerR changed to 0.00
t=732275 SteerR changed to 1.00
t=732355 SteerR changed to 0.00
t=732435 SteerR changed to 1.00
[Step 63500] Mesh Raycast HIT at T=0.23 | Z=80.00
T: 635.00s | Pos: (483, 1.32, -16843) | Spd: 53 km/h | Yaw: 1.57 | Steer: 1.00
[Step 63600] Mesh Raycast HIT at T=0.24 | Z=80.00
t=734475 SteerR changed to 0.00
t=734525 Gas changed to 1.00
[Step 63700] Mesh Raycast HIT at T=0.23 | Z=80.00
t=735255 SteerL changed to -1.00
t=735495 SteerL changed to 0.00
[Step 63800] Mesh Raycast HIT at T=0.23 | Z=80.00
[Step 63900] Mesh Raycast HIT at T=0.23 | Z=80.00
t=737055 SteerR changed to 1.00
t=737515 SteerR changed to 0.00
t=737615 SteerR changed to 1.00
[Step 64000] Mesh Raycast HIT at T=0.23 | Z=80.00
T: 640.00s | Pos: (483, 1.32, -16916) | Spd: 80 km/h | Yaw: 1.57 | Steer: 1.00
t=738325 SteerR changed to 0.00
[Step 64100] Mesh Raycast HIT at T=0.23 | Z=80.00
t=739345 SteerR changed to 1.00
t=739355 Gas changed to 0.00
[Step 64200] Mesh Raycast HIT at T=0.23 | Z=80.00
t=739985 Gas changed to 1.00
t=740125 SteerR changed to 0.00
t=740275 SteerL changed to -1.00
t=740295 Gas changed to 0.00
[Step 64300] Mesh Raycast HIT at T=0.23 | Z=80.00
t=741435 Gas changed to 1.00
[Step 64400] Mesh Raycast HIT at T=0.23 | Z=80.00
t=742655 SteerL changed to 0.00
[Step 64500] Mesh Raycast HIT at T=0.23 | Z=80.00
T: 645.00s | Pos: (483, 1.32, -17020) | Spd: 72 km/h | Yaw: 1.57 | Steer: 0.00
t=742965 SteerL changed to -1.00
t=743085 SteerL changed to 0.00
[Step 64600] Mesh Raycast HIT at T=0.23 | Z=80.00
t=743905 SteerR changed to 1.00
t=744105 SteerR changed to 0.00
[Step 64700] Mesh Raycast HIT at T=0.23 | Z=80.00
t=744975 SteerL changed to -1.00
t=745145 SteerL changed to 0.00
t=745245 SteerL changed to -1.00
t=745395 SteerL changed to 0.00
t=745445 Gas changed to 0.00
t=745645 SteerR changed to 1.00
[Step 64800] Mesh Raycast HIT at T=0.23 | Z=80.00
[Step 64900] Mesh Raycast HIT at T=0.23 | Z=80.00
t=746785 Gas changed to 1.00
t=747655 SteerR changed to 0.00
[Step 65000] Mesh Raycast HIT at T=0.23 | Z=80.00
T: 650.00s | Pos: (483, 1.32, -17129) | Spd: 72 km/h | Yaw: 1.57 | Steer: 0.00
[Step 65100] Mesh Raycast HIT at T=0.23 | Z=80.00
t=748855 SteerL changed to -1.00
t=749115 SteerL changed to 0.00
[Step 65200] Mesh Raycast HIT at T=0.23 | Z=80.00
t=749825 SteerR changed to 1.00
t=749905 SteerR changed to 0.00
t=750015 SteerR changed to 1.00
t=750075 SteerR changed to 0.00
t=750485 SteerL changed to -1.00
t=750665 SteerL changed to 0.00
[Step 65300] Mesh Raycast HIT at T=0.23 | Z=80.00
t=750905 SteerL changed to -1.00
t=751015 SteerL changed to 0.00
t=751105 SteerL changed to -1.00
[Step 65400] Mesh Raycast HIT at T=0.23 | Z=80.00
t=751805 SteerL changed to 0.00
t=752165 SteerR changed to 1.00
[Step 65500] Mesh Raycast HIT at T=0.23 | Z=80.00
T: 655.00s | Pos: (483, 1.32, -17255) | Spd: 101 km/h | Yaw: 1.57 | Steer: 1.00
t=753025 Gas changed to 0.00
t=753345 Gas changed to 1.00
[Step 65600] Mesh Raycast HIT at T=0.23 | Z=80.00
t=753925 Gas changed to 0.00
t=754105 Gas changed to 1.00
[Step 65700] Mesh Raycast HIT at T=0.23 | Z=80.00
t=755245 SteerR changed to 0.00
[Step 65800] Mesh Raycast HIT at T=0.23 | Z=80.00
t=756205 SteerL changed to -1.00
t=756335 SteerL changed to 0.00
t=756415 SteerL changed to -1.00
[Step 65900] Mesh Raycast HIT at T=0.23 | Z=80.00
t=756925 SteerL changed to 0.00
t=757455 SteerR changed to 1.00
[Step 66000] Mesh Raycast HIT at T=0.23 | Z=80.00
T: 660.00s | Pos: (483, 1.32, -17390) | Spd: 102 km/h | Yaw: 1.57 | Steer: 1.00
t=758075 SteerR changed to 0.00
t=758595 SteerR changed to 1.00
t=758625 SteerR changed to 0.00
[Step 66100] Mesh Raycast HIT at T=0.23 | Z=80.00
[Step 66200] Mesh Raycast HIT at T=0.23 | Z=80.00
[Step 66300] Mesh Raycast HIT at T=0.23 | Z=80.00
t=761325 SteerL changed to -1.00
t=761395 SteerL changed to 0.00
[Step 66400] Mesh Raycast HIT at T=0.23 | Z=80.00
t=761885 SteerR changed to 1.00
t=762225 Gas changed to 0.00
[Step 66500] Mesh Raycast HIT at T=0.23 | Z=80.00
T: 665.00s | Pos: (483, 1.32, -17535) | Spd: 90 km/h | Yaw: 1.57 | Steer: 1.00
t=762725 Gas changed to 1.00
t=762935 SteerR changed to 0.00
t=763035 SteerR changed to 1.00
[Step 66600] Mesh Raycast HIT at T=0.23 | Z=80.00
t=763895 SteerR changed to 0.00
[Step 66700] Mesh Raycast HIT at T=0.23 | Z=80.00
[Step 66800] Mesh Raycast HIT at T=0.23 | Z=80.00
[Step 66900] Mesh Raycast HIT at T=0.23 | Z=80.00
t=767275 SteerR changed to 1.00
t=767615 SteerR changed to 0.00
[Step 67000] Mesh Raycast HIT at T=0.23 | Z=80.00
T: 670.00s | Pos: (483, 1.32, -17673) | Spd: 104 km/h | Yaw: 1.57 | Steer: 0.00
t=768185 SteerL changed to -1.00
t=768485 SteerL changed to 0.00
[Step 67100] Mesh Raycast HIT at T=0.23 | Z=80.00
[Step 67200] Mesh Raycast HIT at T=0.23 | Z=80.00
[Step 67300] Mesh Raycast HIT at T=0.23 | Z=80.00
t=771245 SteerR changed to 1.00
[Step 67400] Mesh Raycast HIT at T=0.23 | Z=80.00
t=772545 SteerR changed to 0.00
t=772635 SteerR changed to 1.00
[Step 67500] Mesh Raycast HIT at T=0.23 | Z=80.00
T: 675.00s | Pos: (483, 1.32, -17820) | Spd: 107 km/h | Yaw: 1.57 | Steer: 1.00
t=772935 SteerR changed to 0.00
t=773145 SteerR changed to 1.00
t=773325 SteerR changed to 0.00
[Step 67600] Mesh Raycast HIT at T=0.23 | Z=80.00
[Step 67700] Mesh Raycast HIT at T=0.23 | Z=80.00
[Step 67800] Mesh Raycast HIT at T=0.23 | Z=80.00
[Step 67900] Mesh Raycast HIT at T=0.23 | Z=80.00
t=777425 SteerL changed to -1.00
t=777475 SteerL changed to 0.00
[Step 68000] Mesh Raycast HIT at T=0.23 | Z=80.00
T: 680.00s | Pos: (483, 1.32, -17970) | Spd: 107 km/h | Yaw: 1.57 | Steer: 0.00
[Step 68100] Mesh Raycast HIT at T=0.23 | Z=80.00
[Step 68200] Mesh Raycast HIT at T=0.23 | Z=80.00
t=780055 SteerL changed to -1.00
t=780125 SteerL changed to 0.00
[Step 68300] Mesh Raycast HIT at T=0.23 | Z=80.00
t=781005 SteerR changed to 1.00
t=781105 SteerR changed to 0.00
t=781385 SteerR changed to 1.00
t=781485 SteerR changed to 0.00
t=781585 SteerR changed to 1.00
[Step 68400] Mesh Raycast HIT at T=0.23 | Z=80.00
t=781775 SteerR changed to 0.00
t=781825 SteerR changed to 1.00
t=782115 SteerR changed to 0.00
t=782205 SteerR changed to 1.00
[Step 68500] Mesh Raycast HIT at T=0.23 | Z=80.00
T: 685.00s | Pos: (483, 1.32, -18120) | Spd: 107 km/h | Yaw: 1.57 | Steer: 1.00
t=783415 SteerR changed to 0.00
[Step 68600] Mesh Raycast HIT at T=0.23 | Z=80.00
t=783915 SteerL changed to -1.00
t=783975 SteerL changed to 0.00
t=784135 SteerR changed to 1.00
t=784695 SteerR changed to 0.00
[Step 68700] Mesh Raycast HIT at T=0.23 | Z=80.00
t=784785 SteerR changed to 1.00
t=785235 Gas changed to 0.00
t=785535 Gas changed to 1.00
[Step 68800] Mesh Raycast HIT at T=0.23 | Z=80.00
t=786455 SteerR changed to 0.00
[Step 68900] Mesh Raycast HIT at T=0.23 | Z=80.00
t=786935 SteerL changed to -1.00
t=786975 SteerL changed to 0.00
[Step 69000] Mesh Raycast HIT at T=0.23 | Z=80.00
T: 690.00s | Pos: (483, 1.32, -18265) | Spd: 103 km/h | Yaw: 1.57 | Steer: 0.00
t=787705 SteerL changed to -1.00
t=787755 SteerL changed to 0.00
[Step 69100] Mesh Raycast HIT at T=0.23 | Z=80.00
[Step 69200] Mesh Raycast HIT at T=0.23 | Z=80.00
t=790555 Gas changed to 0.00
[Step 69300] Mesh Raycast HIT at T=0.23 | Z=80.00
t=791055 SteerR changed to 1.00
[Step 69400] Mesh Raycast HIT at T=0.23 | Z=80.00
t=792495 Gas changed to 1.00
[Step 69500] Mesh Raycast HIT at T=0.23 | Z=80.00
T: 695.00s | Pos: (483, 1.32, -18394) | Spd: 59 km/h | Yaw: 1.57 | Steer: 1.00
t=793025 Gas changed to 0.00
t=793475 Gas changed to 1.00
[Step 69600] Mesh Raycast HIT at T=0.23 | Z=80.00
t=793915 SteerR changed to 0.00
[Step 69700] Mesh Raycast HIT at T=0.23 | Z=80.00
[Step 69800] Mesh Raycast HIT at T=0.23 | Z=80.00
t=796595 SteerR changed to 1.00
[Step 69900] Mesh Raycast HIT at T=0.23 | Z=80.00
t=797235 SteerR changed to 0.00
t=797365 SteerR changed to 1.00
[Step 70000] Mesh Raycast HIT at T=0.23 | Z=80.00
T: 700.00s | Pos: (483, 1.32, -18500) | Spd: 95 km/h | Yaw: 1.57 | Steer: 1.00
t=797855 SteerR changed to 0.00
t=798075 SteerL changed to -1.00
t=798265 SteerL changed to 0.00
t=798295 SteerL changed to -1.00
t=798325 SteerL changed to 0.00
[Step 70100] Mesh Raycast HIT at T=0.23 | Z=80.00
t=798855 Gas changed to 0.00
t=798875 SteerR changed to 1.00
[Step 70200] Mesh Raycast HIT at T=0.23 | Z=80.00
t=799775 SteerR changed to 0.00
t=799835 SteerL changed to -1.00
t=799955 Gas changed to 1.00
t=799995 Gas changed to 0.00
t=800025 Gas changed to 1.00
t=800295 SteerL changed to 0.00
t=800375 SteerL changed to -1.00
t=800665 SteerL changed to 0.00
[Step 70300] Mesh Raycast HIT at T=0.23 | Z=80.00
t=800715 SteerL changed to -1.00
[Step 70400] Mesh Raycast HIT at T=0.23 | Z=80.00
t=802245 SteerL changed to 0.00
t=802355 SteerL changed to -1.00
t=802415 SteerL changed to 0.00
[Step 70500] Mesh Raycast HIT at T=0.23 | Z=80.00
T: 705.00s | Pos: (483, 1.32, -18619) | Spd: 91 km/h | Yaw: 1.57 | Steer: 0.00
[Step 70600] Mesh Raycast HIT at T=0.23 | Z=80.00
[Step 70700] Mesh Raycast HIT at T=0.23 | Z=80.00
t=804805 SteerL changed to -1.00
t=804905 Gas changed to 0.00
t=805025 SteerL changed to 0.00
t=805115 SteerR changed to 1.00
[Step 70800] Mesh Raycast HIT at T=0.23 | Z=80.00
t=806265 Gas changed to 1.00
[Step 70900] Mesh Raycast HIT at T=0.23 | Z=80.00
t=807105 SteerR changed to 0.00
[Step 71000] Mesh Raycast HIT at T=0.23 | Z=80.00
T: 710.00s | Pos: (483, 1.32, -18737) | Spd: 80 km/h | Yaw: 1.57 | Steer: 0.00
t=808125 SteerL changed to -1.00
t=808345 SteerL changed to 0.00
[Step 71100] Mesh Raycast HIT at T=0.23 | Z=80.00
t=809385 SteerR changed to 1.00
t=809435 SteerR changed to 0.00
[Step 71200] Mesh Raycast HIT at T=0.23 | Z=80.00
t=809995 SteerL changed to -1.00
t=810325 SteerL changed to 0.00
t=810485 SteerL changed to -1.00
t=810555 SteerL changed to 0.00
t=810685 SteerL changed to -1.00
[Step 71300] Mesh Raycast HIT at T=0.23 | Z=80.00
t=811305 SteerL changed to 0.00
t=811545 SteerR changed to 1.00
[Step 71400] Mesh Raycast HIT at T=0.23 | Z=80.00
t=812335 Gas changed to 0.00
t=812555 Gas changed to 1.00
[Step 71500] Mesh Raycast HIT at T=0.23 | Z=80.00
T: 715.00s | Pos: (483, 1.32, -18868) | Spd: 95 km/h | Yaw: 1.57 | Steer: 1.00
t=812865 Gas changed to 0.00
t=813145 Gas changed to 1.00
[Step 71600] Mesh Raycast HIT at T=0.23 | Z=80.00
t=814615 SteerR changed to 0.00
[Step 71700] Mesh Raycast HIT at T=0.23 | Z=80.00
[Step 71800] Mesh Raycast HIT at T=0.23 | Z=80.00
t=815735 SteerL changed to -1.00
t=815905 SteerL changed to 0.00
t=815945 SteerL changed to -1.00
t=816365 SteerL changed to 0.00
[Step 71900] Mesh Raycast HIT at T=0.23 | Z=80.00
t=816845 SteerR changed to 1.00
t=817495 SteerR changed to 0.00
[Step 72000] Mesh Raycast HIT at T=0.23 | Z=80.00
T: 720.00s | Pos: (483, 1.32, -19003) | Spd: 103 km/h | Yaw: 1.57 | Steer: 0.00
[Step 72100] Mesh Raycast HIT at T=0.23 | Z=80.00
[Step 72200] Mesh Raycast HIT at T=0.23 | Z=80.00
[Step 72300] Mesh Raycast HIT at T=0.23 | Z=80.00
t=820775 SteerL changed to -1.00
t=820865 SteerL changed to 0.00
t=821255 SteerR changed to 1.00
[Step 72400] Mesh Raycast HIT at T=0.23 | Z=80.00
t=822335 Gas changed to 0.00
t=822535 Gas changed to 1.00
[Step 72500] Mesh Raycast HIT at T=0.23 | Z=80.00
T: 725.00s | Pos: (483, 1.32, -19150) | Spd: 100 km/h | Yaw: 1.57 | Steer: 1.00
t=823245 SteerR changed to 0.00
[Step 72600] Mesh Raycast HIT at T=0.23 | Z=80.00
[Step 72700] Mesh Raycast HIT at T=0.23 | Z=80.00
[Step 72800] Mesh Raycast HIT at T=0.23 | Z=80.00
t=826155 SteerR changed to 1.00
t=826355 SteerR changed to 0.00
t=826515 SteerR changed to 1.00
t=826615 SteerR changed to 0.00
[Step 72900] Mesh Raycast HIT at T=0.23 | Z=80.00
t=827215 SteerL changed to -1.00
t=827505 SteerL changed to 0.00
[Step 73000] Mesh Raycast HIT at T=0.23 | Z=80.00
T: 730.00s | Pos: (483, 1.32, -19295) | Spd: 106 km/h | Yaw: 1.57 | Steer: 0.00
t=827785 SteerR changed to 1.00
t=827845 SteerR changed to 0.00
t=828205 SteerL changed to -1.00
[Step 73100] Mesh Raycast HIT at T=0.23 | Z=80.00
t=828985 SteerL changed to 0.00
[Step 73200] Mesh Raycast HIT at T=0.23 | Z=80.00
t=830265 Gas changed to 0.00
t=830275 SteerR changed to 1.00
t=830415 Gas changed to 1.00
t=830605 SteerR changed to 0.00
[Step 73300] Mesh Raycast HIT at T=0.23 | Z=80.00
t=830725 SteerR changed to 1.00
t=831075 SteerR changed to 0.00
t=831195 SteerR changed to 1.00
t=831295 SteerR changed to 0.00
t=831405 SteerR changed to 1.00
t=831545 SteerR changed to 0.00
t=831635 SteerR changed to 1.00
[Step 73400] Mesh Raycast HIT at T=0.23 | Z=80.00
t=832115 SteerR changed to 0.00
t=832255 SteerR changed to 1.00
t=832365 SteerR changed to 0.00
t=832535 SteerL changed to -1.00
t=832615 SteerL changed to 0.00
[Step 73500] Mesh Raycast HIT at T=0.23 | Z=80.00
T: 735.00s | Pos: (483, 1.32, -19441) | Spd: 105 km/h | Yaw: 1.57 | Steer: 0.00
[Step 73600] Mesh Raycast HIT at T=0.23 | Z=80.00
[Step 73700] Mesh Raycast HIT at T=0.23 | Z=80.00
[Step 73800] Mesh Raycast HIT at T=0.23 | Z=80.00
t=836145 SteerL changed to -1.00
t=836255 SteerL changed to 0.00
[Step 73900] Mesh Raycast HIT at T=0.23 | Z=80.00
t=836705 SteerL changed to -1.00
t=836765 SteerL changed to 0.00
[Step 74000] Mesh Raycast HIT at T=0.23 | Z=80.00
T: 740.00s | Pos: (483, 1.32, -19590) | Spd: 107 km/h | Yaw: 1.57 | Steer: 0.00
[Step 74100] Mesh Raycast HIT at T=0.23 | Z=80.00
t=839495 SteerR changed to 1.00
t=839575 SteerR changed to 0.00
[Step 74200] Mesh Raycast HIT at T=0.23 | Z=80.00
[Step 74300] Mesh Raycast HIT at T=0.23 | Z=80.00
t=840745 SteerR changed to 1.00
t=840995 SteerR changed to 0.00
t=841085 SteerR changed to 1.00
[Step 74400] Mesh Raycast HIT at T=0.23 | Z=80.00
t=842165 SteerR changed to 0.00
t=842315 SteerR changed to 1.00
[Step 74500] Mesh Raycast HIT at T=0.23 | Z=80.00
T: 745.00s | Pos: (483, 1.32, -19739) | Spd: 107 km/h | Yaw: 1.57 | Steer: 1.00
t=842885 SteerR changed to 0.00
t=843255 SteerL changed to -1.00
t=843315 SteerL changed to 0.00
t=843595 SteerR changed to 1.00
[Step 74600] Mesh Raycast HIT at T=0.23 | Z=80.00
t=844385 Gas changed to 0.00
t=844625 Gas changed to 1.00
[Step 74700] Mesh Raycast HIT at T=0.23 | Z=80.00
[Step 74800] Mesh Raycast HIT at T=0.23 | Z=80.00
t=845705 SteerR changed to 0.00
[Step 74900] Mesh Raycast HIT at T=0.23 | Z=80.00
t=847065 SteerL changed to -1.00
t=847085 SteerL changed to 0.00
[Step 75000] Mesh Raycast HIT at T=0.23 | Z=80.00
T: 750.00s | Pos: (483, 1.32, -19884) | Spd: 105 km/h | Yaw: 1.57 | Steer: 0.00
[Step 75100] Mesh Raycast HIT at T=0.23 | Z=80.00
[Step 75200] Mesh Raycast HIT at T=0.23 | Z=80.00
t=849745 Gas changed to 0.00
t=850335 SteerR changed to 1.00
[Step 75300] Mesh Raycast HIT at T=0.23 | Z=80.00
[Step 75400] Mesh Raycast HIT at T=0.23 | Z=80.00
t=852235 Gas changed to 1.00
[Step 75500] Mesh Raycast HIT at T=0.23 | Z=80.00
T: 755.00s | Pos: (483, 1.32, -20001) | Spd: 55 km/h | Yaw: 1.57 | Steer: 1.00
t=852915 SteerR changed to 0.00
[Step 75600] Mesh Raycast HIT at T=0.23 | Z=80.00
[Step 75700] Mesh Raycast HIT at T=0.23 | Z=80.00
t=855295 SteerL changed to -1.00
t=855375 SteerL changed to 0.00
[Step 75800] Mesh Raycast HIT at T=0.23 | Z=80.00
t=855755 SteerR changed to 1.00
t=856125 SteerR changed to 0.00
t=856235 SteerR changed to 1.00
t=856365 SteerR changed to 0.00
t=856425 SteerR changed to 1.00
[Step 75900] Mesh Raycast HIT at T=0.23 | Z=80.00
t=857145 SteerR changed to 0.00
[Step 76000] Mesh Raycast HIT at T=0.23 | Z=80.00
T: 760.00s | Pos: (483, 1.32, -20115) | Spd: 98 km/h | Yaw: 1.57 | Steer: 0.00
t=858065 SteerR changed to 1.00
t=858105 Gas changed to 0.00
[Step 76100] Mesh Raycast HIT at T=0.23 | Z=80.00
t=858835 SteerR changed to 0.00
t=858995 SteerL changed to -1.00
t=859295 SteerL changed to 0.00
t=859445 SteerL changed to -1.00
[Step 76200] Mesh Raycast HIT at T=0.23 | Z=80.00
t=859765 Gas changed to 1.00
t=860045 Gas changed to 0.00
t=860115 Gas changed to 1.00
[Step 76300] Mesh Raycast HIT at T=0.23 | Z=80.00
t=861495 SteerL changed to 0.00
[Step 76400] Mesh Raycast HIT at T=0.23 | Z=80.00
[Step 76500] Mesh Raycast HIT at T=0.23 | Z=80.00
T: 765.00s | Pos: (483, 1.32, -20222) | Spd: 87 km/h | Yaw: 1.57 | Steer: 0.00
t=863445 SteerR changed to 1.00
t=863515 SteerR changed to 0.00
[Step 76600] Mesh Raycast HIT at T=0.23 | Z=80.00
t=863915 SteerL changed to -1.00
t=864155 SteerL changed to 0.00
t=864205 Gas changed to 0.00
t=864255 SteerR changed to 1.00
[Step 76700] Mesh Raycast HIT at T=0.23 | Z=80.00
t=865485 Gas changed to 1.00
[Step 76800] Mesh Raycast HIT at T=0.23 | Z=80.00
t=866375 SteerR changed to 0.00
[Step 76900] Mesh Raycast HIT at T=0.23 | Z=80.00
t=867515 SteerL changed to -1.00
t=867695 SteerL changed to 0.00
[Step 77000] Mesh Raycast HIT at T=0.23 | Z=80.00
T: 770.00s | Pos: (483, 1.32, -20335) | Spd: 86 km/h | Yaw: 1.57 | Steer: 0.00
[Step 77100] Mesh Raycast HIT at T=0.23 | Z=80.00
t=869125 SteerL changed to -1.00
t=869335 SteerL changed to 0.00
t=869435 SteerL changed to -1.00
t=869685 SteerL changed to 0.00
[Step 77200] Mesh Raycast HIT at T=0.23 | Z=80.00
t=869745 SteerL changed to -1.00
t=870045 SteerL changed to 0.00
t=870115 SteerL changed to -1.00
t=870365 SteerL changed to 0.00
[Step 77300] Mesh Raycast HIT at T=0.23 | Z=80.00
t=870705 SteerR changed to 1.00
t=871215 Gas changed to 0.00
t=871675 Gas changed to 1.00
[Step 77400] Mesh Raycast HIT at T=0.23 | Z=80.00
[Step 77500] Mesh Raycast HIT at T=0.23 | Z=80.00
T: 775.00s | Pos: (483, 1.32, -20465) | Spd: 93 km/h | Yaw: 1.57 | Steer: 1.00
[Step 77600] Mesh Raycast HIT at T=0.23 | Z=80.00
t=873705 SteerR changed to 0.00
[Step 77700] Mesh Raycast HIT at T=0.23 | Z=80.00
t=874795 SteerL changed to -1.00
t=874975 SteerL changed to 0.00
t=875035 SteerL changed to -1.00
t=875325 SteerL changed to 0.00
[Step 77800] Mesh Raycast HIT at T=0.23 | Z=80.00
t=876065 SteerR changed to 1.00
t=876625 SteerR changed to 0.00
[Step 77900] Mesh Raycast HIT at T=0.23 | Z=80.00
[Step 78000] Mesh Raycast HIT at T=0.23 | Z=80.00
T: 780.00s | Pos: (483, 1.32, -20605) | Spd: 105 km/h | Yaw: 1.57 | Steer: 0.00
t=878305 SteerL changed to -1.00
t=878325 Gas changed to 0.00
t=878555 Gas changed to 1.00
[Step 78100] Mesh Raycast HIT at T=0.23 | Z=80.00
[Step 78200] Mesh Raycast HIT at T=0.23 | Z=80.00
t=880045 SteerL changed to 0.00
t=880255 SteerR changed to 1.00
t=880545 Gas changed to 0.00
[Step 78300] Mesh Raycast HIT at T=0.23 | Z=80.00
t=880775 Gas changed to 1.00
[Step 78400] Mesh Raycast HIT at T=0.23 | Z=80.00
t=882015 SteerR changed to 0.00
t=882065 SteerR changed to 1.00
t=882425 SteerR changed to 0.00
[Step 78500] Mesh Raycast HIT at T=0.23 | Z=80.00
T: 785.00s | Pos: (483, 1.32, -20745) | Spd: 101 km/h | Yaw: 1.57 | Steer: 0.00
[Step 78600] Mesh Raycast HIT at T=0.23 | Z=80.00
[Step 78700] Mesh Raycast HIT at T=0.23 | Z=80.00
[Step 78800] Mesh Raycast HIT at T=0.23 | Z=80.00
t=885765 SteerR changed to 1.00
t=886155 SteerR changed to 0.00
t=886495 SteerL changed to -1.00
[Step 78900] Mesh Raycast HIT at T=0.23 | Z=80.00
t=886825 SteerL changed to 0.00
[Step 79000] Mesh Raycast HIT at T=0.23 | Z=80.00
T: 790.00s | Pos: (483, 1.32, -20890) | Spd: 106 km/h | Yaw: 1.57 | Steer: 0.00
t=887965 Gas changed to 0.00
t=888045 SteerR changed to 1.00
t=888355 Gas changed to 1.00
[Step 79100] Mesh Raycast HIT at T=0.23 | Z=80.00
[Step 79200] Mesh Raycast HIT at T=0.23 | Z=80.00
[Step 79300] Mesh Raycast HIT at T=0.23 | Z=80.00
t=891325 SteerR changed to 0.00
[Step 79400] Mesh Raycast HIT at T=0.23 | Z=80.00
t=891785 SteerL changed to -1.00
t=891855 SteerL changed to 0.00
[Step 79500] Mesh Raycast HIT at T=0.23 | Z=80.00
T: 795.00s | Pos: (483, 1.32, -21030) | Spd: 104 km/h | Yaw: 1.57 | Steer: 0.00
[Step 79600] Mesh Raycast HIT at T=0.23 | Z=80.00
[Step 79700] Mesh Raycast HIT at T=0.23 | Z=80.00
t=895145 SteerL changed to -1.00
t=895345 SteerL changed to 0.00
[Step 79800] Mesh Raycast HIT at T=0.23 | Z=80.00
[Step 79900] Mesh Raycast HIT at T=0.23 | Z=80.00
[Step 80000] Mesh Raycast HIT at T=0.23 | Z=80.00
T: 800.00s | Pos: (483, 1.32, -21178) | Spd: 107 km/h | Yaw: 1.57 | Steer: 0.00
t=898245 SteerL changed to -1.00
t=898305 SteerL changed to 0.00
t=898675 SteerR changed to 1.00
[Step 80100] Mesh Raycast HIT at T=0.23 | Z=80.00
t=898835 SteerR changed to 0.00
t=899195 SteerL changed to -1.00
t=899285 SteerL changed to 0.00
[Step 80200] Mesh Raycast HIT at T=0.23 | Z=80.00
t=899935 SteerR changed to 1.00
[Step 80300] Mesh Raycast HIT at T=0.23 | Z=80.00
t=901655 SteerR changed to 0.00
[Step 80400] Mesh Raycast HIT at T=0.23 | Z=80.00
t=902085 SteerR changed to 1.00
t=902285 SteerR changed to 0.00
[Step 80500] Mesh Raycast HIT at T=0.23 | Z=80.00
T: 805.00s | Pos: (483, 1.32, -21327) | Spd: 107 km/h | Yaw: 1.57 | Steer: 0.00
t=902825 SteerR changed to 1.00
[Step 80600] Mesh Raycast HIT at T=0.23 | Z=80.00
t=903765 Gas changed to 0.00
t=904015 Gas changed to 1.00
[Step 80700] Mesh Raycast HIT at T=0.23 | Z=80.00
t=904825 SteerR changed to 0.00
t=905265 SteerR changed to 1.00
t=905325 SteerR changed to 0.00
[Step 80800] Mesh Raycast HIT at T=0.23 | Z=80.00
t=906235 SteerL changed to -1.00
t=906285 SteerL changed to 0.00
[Step 80900] Mesh Raycast HIT at T=0.23 | Z=80.00
[Step 81000] Mesh Raycast HIT at T=0.23 | Z=80.00
T: 810.00s | Pos: (483, 1.32, -21472) | Spd: 105 km/h | Yaw: 1.57 | Steer: 0.00
[Step 81100] Mesh Raycast HIT at T=0.23 | Z=80.00
t=908715 Gas changed to 0.00
t=909555 SteerR changed to 1.00
[Step 81200] Mesh Raycast HIT at T=0.23 | Z=80.00
[Step 81300] Mesh Raycast HIT at T=0.23 | Z=80.00
[Step 81400] Mesh Raycast HIT at T=0.23 | Z=80.00
t=912095 Gas changed to 1.00
t=912415 SteerR changed to 0.00
[Step 81500] Mesh Raycast HIT at T=0.23 | Z=80.00
T: 815.00s | Pos: (483, 1.32, -21568) | Spd: 47 km/h | Yaw: 1.57 | Steer: 0.00
[Step 81600] Mesh Raycast HIT at T=0.24 | Z=80.00
t=914185 SteerL changed to -1.00
t=914365 SteerL changed to 0.00
[Step 81700] Mesh Raycast HIT at T=0.24 | Z=80.00
t=915435 SteerR changed to 1.00
[Step 81800] Mesh Raycast HIT at T=0.24 | Z=80.00
t=916385 SteerR changed to 0.00
t=916595 SteerR changed to 1.00
[Step 81900] Mesh Raycast HIT at T=0.24 | Z=80.00
t=916785 SteerR changed to 0.00
[Step 82000] Mesh Raycast HIT at T=0.24 | Z=80.00
T: 820.00s | Pos: (483, 1.32, -21678) | Spd: 96 km/h | Yaw: 1.57 | Steer: 0.00
t=917715 SteerR changed to 1.00
t=917905 Gas changed to 0.00
t=918435 Gas changed to 1.00
t=918495 SteerR changed to 0.00
t=918635 SteerL changed to -1.00
[Step 82100] Mesh Raycast HIT at T=0.24 | Z=80.00
t=918885 Gas changed to 0.00
[Step 82200] Mesh Raycast HIT at T=0.24 | Z=80.00
t=919735 Gas changed to 1.00
[Step 82300] Mesh Raycast HIT at T=0.24 | Z=80.00
t=921555 SteerL changed to 0.00
[Step 82400] Mesh Raycast HIT at T=0.24 | Z=80.00
t=921865 SteerR changed to 1.00
t=922375 SteerR changed to 0.00
[Step 82500] Mesh Raycast HIT at T=0.24 | Z=80.00
T: 825.00s | Pos: (483, 1.32, -21790) | Spd: 91 km/h | Yaw: 1.57 | Steer: 0.00
t=923085 SteerL changed to -1.00
t=923455 SteerL changed to 0.00
t=923485 Gas changed to 0.00
t=923675 SteerR changed to 1.00
[Step 82600] Mesh Raycast HIT at T=0.24 | Z=80.00
[Step 82700] Mesh Raycast HIT at T=0.24 | Z=80.00
t=924795 Gas changed to 1.00
[Step 82800] Mesh Raycast HIT at T=0.24 | Z=80.00
t=925885 SteerR changed to 0.00
t=926625 SteerL changed to -1.00
[Step 82900] Mesh Raycast HIT at T=0.24 | Z=80.00
t=926825 SteerL changed to 0.00
t=927025 SteerL changed to -1.00
t=927135 SteerL changed to 0.00
[Step 83000] Mesh Raycast HIT at T=0.24 | Z=80.00
T: 830.00s | Pos: (483, 1.32, -21902) | Spd: 90 km/h | Yaw: 1.57 | Steer: 0.00
t=927935 SteerR changed to 1.00
t=928015 SteerR changed to 0.00
t=928545 SteerL changed to -1.00
t=928695 SteerL changed to 0.00
[Step 83100] Mesh Raycast HIT at T=0.24 | Z=80.00
t=928775 SteerL changed to -1.00
t=929005 SteerL changed to 0.00
t=929105 SteerL changed to -1.00
t=929185 SteerL changed to 0.00
t=929275 SteerL changed to -1.00
t=929385 SteerL changed to 0.00
t=929445 SteerL changed to -1.00
[Step 83200] Mesh Raycast HIT at T=0.24 | Z=80.00
t=929895 SteerL changed to 0.00
t=930075 SteerR changed to 1.00
t=930245 Gas changed to 0.00
t=930495 Gas changed to 1.00
[Step 83300] Mesh Raycast HIT at T=0.24 | Z=80.00
[Step 83400] Mesh Raycast HIT at T=0.24 | Z=80.00
t=932445 Gas changed to 0.00
t=932685 Gas changed to 1.00
[Step 83500] Mesh Raycast HIT at T=0.24 | Z=80.00
T: 835.00s | Pos: (483, 1.32, -22036) | Spd: 92 km/h | Yaw: 1.57 | Steer: 1.00
t=932725 Gas changed to 0.00
t=932965 Gas changed to 1.00
t=933295 SteerR changed to 0.00
[Step 83600] Mesh Raycast HIT at T=0.24 | Z=80.00
t=934075 SteerL changed to -1.00
t=934285 SteerL changed to 0.00
t=934395 SteerL changed to -1.00
t=934645 SteerL changed to 0.00
[Step 83700] Mesh Raycast HIT at T=0.24 | Z=80.00
t=934725 SteerL changed to -1.00
t=934935 SteerL changed to 0.00
t=935565 SteerR changed to 1.00
[Step 83800] Mesh Raycast HIT at T=0.24 | Z=80.00
t=936105 SteerR changed to 0.00
[Step 83900] Mesh Raycast HIT at T=0.24 | Z=80.00
[Step 84000] Mesh Raycast HIT at T=0.24 | Z=80.00
T: 840.00s | Pos: (483, 1.32, -22170) | Spd: 103 km/h | Yaw: 1.57 | Steer: 0.00
[Step 84100] Mesh Raycast HIT at T=0.24 | Z=80.00
[Step 84200] Mesh Raycast HIT at T=0.24 | Z=80.00
t=940175 SteerR changed to 1.00
t=940425 Gas changed to 0.00
[Step 84300] Mesh Raycast HIT at T=0.24 | Z=80.00
t=940755 Gas changed to 1.00
t=941175 SteerR changed to 0.00
t=941285 SteerR changed to 1.00
[Step 84400] Mesh Raycast HIT at T=0.24 | Z=80.00
t=942125 SteerR changed to 0.00
[Step 84500] Mesh Raycast HIT at T=0.24 | Z=80.00
T: 845.00s | Pos: (483, 1.32, -22311) | Spd: 101 km/h | Yaw: 1.57 | Steer: 0.00
[Step 84600] Mesh Raycast HIT at T=0.24 | Z=80.00
[Step 84700] Mesh Raycast HIT at T=0.24 | Z=80.00
t=944745 SteerR changed to 1.00
t=944815 SteerR changed to 0.00
t=945255 SteerR changed to 1.00
t=945405 SteerR changed to 0.00
t=945495 SteerR changed to 1.00
[Step 84800] Mesh Raycast HIT at T=0.24 | Z=80.00
t=945715 SteerR changed to 0.00
t=946105 SteerL changed to -1.00
t=946465 SteerL changed to 0.00
[Step 84900] Mesh Raycast HIT at T=0.24 | Z=80.00
[Step 85000] Mesh Raycast HIT at T=0.24 | Z=80.00
T: 850.00s | Pos: (483, 1.31, -22457) | Spd: 106 km/h | Yaw: 1.57 | Steer: 0.00
t=948045 Gas changed to 0.00
t=948055 SteerR changed to 1.00
t=948555 Gas changed to 1.00
[Step 85100] Mesh Raycast HIT at T=0.24 | Z=80.00
[Step 85200] Mesh Raycast HIT at T=0.24 | Z=80.00
t=949855 SteerR changed to 0.00
t=949915 SteerR changed to 1.00
t=950015 SteerR changed to 0.00
t=950115 SteerR changed to 1.00
t=950365 SteerR changed to 0.00
t=950475 SteerR changed to 1.00
t=950635 SteerR changed to 0.00
[Step 85300] Mesh Raycast HIT at T=0.24 | Z=80.00
t=950805 SteerR changed to 1.00
t=951455 SteerR changed to 0.00
[Step 85400] Mesh Raycast HIT at T=0.24 | Z=80.00
[Step 85500] Mesh Raycast HIT at T=0.24 | Z=80.00
T: 855.00s | Pos: (483, 1.31, -22594) | Spd: 103 km/h | Yaw: 1.57 | Steer: 0.00
[Step 85600] Mesh Raycast HIT at T=0.24 | Z=80.00
[Step 85700] Mesh Raycast HIT at T=0.24 | Z=80.00
t=954985 SteerR changed to 1.00
t=955155 SteerR changed to 0.00
[Step 85800] Mesh Raycast HIT at T=0.24 | Z=80.00
[Step 85900] Mesh Raycast HIT at T=0.24 | Z=80.00
t=957435 SteerL changed to -1.00
t=957585 SteerL changed to 0.00
[Step 86000] Mesh Raycast HIT at T=0.24 | Z=80.00
T: 860.00s | Pos: (483, 1.31, -22741) | Spd: 107 km/h | Yaw: 1.57 | Steer: 0.00
[Step 86100] Mesh Raycast HIT at T=0.24 | Z=80.00
t=958745 SteerR changed to 1.00
t=958865 SteerR changed to 0.00
t=959365 SteerL changed to -1.00
t=959435 SteerL changed to 0.00
[Step 86200] Mesh Raycast HIT at T=0.24 | Z=80.00
t=959745 SteerR changed to 1.00
t=959835 SteerR changed to 0.00
t=960245 SteerR changed to 1.00
[Step 86300] Mesh Raycast HIT at T=0.24 | Z=80.00
t=961065 SteerR changed to 0.00
t=961155 SteerR changed to 1.00
[Step 86400] Mesh Raycast HIT at T=0.24 | Z=80.00
t=962085 SteerR changed to 0.00
[Step 86500] Mesh Raycast HIT at T=0.24 | Z=80.00
T: 865.00s | Pos: (483, 1.31, -22891) | Spd: 107 km/h | Yaw: 1.57 | Steer: 0.00
t=962875 SteerR changed to 1.00
t=962925 SteerR changed to 0.00
t=963045 SteerR changed to 1.00
t=963505 Gas changed to 0.00
[Step 86600] Mesh Raycast HIT at T=0.24 | Z=80.00
t=963735 Gas changed to 1.00
[Step 86700] Mesh Raycast HIT at T=0.24 | Z=80.00
t=965155 SteerR changed to 0.00
[Step 86800] Mesh Raycast HIT at T=0.24 | Z=80.00
t=966415 SteerL changed to -1.00
t=966485 SteerL changed to 0.00
[Step 86900] Mesh Raycast HIT at T=0.24 | Z=80.00
t=966945 SteerR changed to 1.00
t=967465 SteerR changed to 0.00
[Step 87000] Mesh Raycast HIT at T=0.24 | Z=80.00
T: 870.00s | Pos: (483, 1.31, -23035) | Spd: 105 km/h | Yaw: 1.57 | Steer: 0.00
[Step 87100] Mesh Raycast HIT at T=0.24 | Z=80.00
t=968855 Gas changed to 0.00
t=969695 SteerR changed to 1.00
[Step 87200] Mesh Raycast HIT at T=0.24 | Z=80.00
[Step 87300] Mesh Raycast HIT at T=0.24 | Z=80.00
[Step 87400] Mesh Raycast HIT at T=0.23 | Z=80.00
t=972255 Gas changed to 1.00
t=972435 SteerR changed to 0.00
[Step 87500] Mesh Raycast HIT at T=0.23 | Z=80.00
T: 875.00s | Pos: (483, 1.31, -23134) | Spd: 44 km/h | Yaw: 1.57 | Steer: 0.00
[Step 87600] Mesh Raycast HIT at T=0.23 | Z=80.00
[Step 87700] Mesh Raycast HIT at T=0.23 | Z=80.00
t=974995 SteerR changed to 1.00
t=975215 SteerR changed to 0.00
t=975435 SteerR changed to 1.00
t=975545 SteerR changed to 0.00
t=975655 SteerR changed to 1.00
[Step 87800] Mesh Raycast HIT at T=0.23 | Z=80.00
t=976075 SteerR changed to 0.00
t=976285 SteerR changed to 1.00
[Step 87900] Mesh Raycast HIT at T=0.23 | Z=80.00
t=976745 SteerR changed to 0.00
t=976945 SteerL changed to -1.00
t=977155 SteerL changed to 0.00
t=977525 SteerR changed to 1.00
t=977635 Gas changed to 0.00
[Step 88000] Mesh Raycast HIT at T=0.23 | Z=80.00
T: 880.00s | Pos: (483, 1.31, -23241) | Spd: 93 km/h | Yaw: 1.57 | Steer: 1.00
t=978135 Gas changed to 1.00
t=978445 SteerR changed to 0.00
t=978645 SteerL changed to -1.00
[Step 88100] Mesh Raycast HIT at T=0.23 | Z=80.00
t=979135 SteerL changed to 0.00
t=979225 SteerL changed to -1.00
[Step 88200] Mesh Raycast HIT at T=0.23 | Z=80.00
t=979785 Gas changed to 0.00
t=980115 Gas changed to 1.00
[Step 88300] Mesh Raycast HIT at T=0.23 | Z=80.00
t=981085 SteerL changed to 0.00
t=981335 SteerL changed to -1.00
t=981435 SteerL changed to 0.00
[Step 88400] Mesh Raycast HIT at T=0.23 | Z=80.00
t=982395 SteerR changed to 1.00
t=982465 SteerR changed to 0.00
[Step 88500] Mesh Raycast HIT at T=0.23 | Z=80.00
T: 885.00s | Pos: (483, 1.31, -23365) | Spd: 97 km/h | Yaw: 1.57 | Steer: 0.00
[Step 88600] Mesh Raycast HIT at T=0.23 | Z=80.00
t=983845 Gas changed to 0.00
t=983985 SteerR changed to 1.00
[Step 88700] Mesh Raycast HIT at T=0.23 | Z=80.00
t=985075 Gas changed to 1.00
[Step 88800] Mesh Raycast HIT at T=0.23 | Z=80.00
t=985705 SteerR changed to 0.00
t=986075 SteerR changed to 1.00
t=986155 SteerR changed to 0.00
[Step 88900] Mesh Raycast HIT at T=0.23 | Z=80.00
t=987155 SteerL changed to -1.00
t=987325 SteerL changed to 0.00
[Step 89000] Mesh Raycast HIT at T=0.23 | Z=80.00
T: 890.00s | Pos: (483, 1.31, -23484) | Spd: 90 km/h | Yaw: 1.57 | Steer: 0.00
[Step 89100] Mesh Raycast HIT at T=0.23 | Z=80.00
t=988895 SteerL changed to -1.00
t=989135 SteerL changed to 0.00
t=989225 SteerL changed to -1.00
[Step 89200] Mesh Raycast HIT at T=0.23 | Z=80.00
t=990005 SteerL changed to 0.00
t=990255 SteerR changed to 1.00
[Step 89300] Mesh Raycast HIT at T=0.23 | Z=80.00
t=991375 Gas changed to 0.00
[Step 89400] Mesh Raycast HIT at T=0.23 | Z=80.00
t=991875 Gas changed to 1.00
t=992395 SteerR changed to 0.00
t=992455 SteerR changed to 1.00
[Step 89500] Mesh Raycast HIT at T=0.23 | Z=80.00
T: 895.00s | Pos: (483, 1.31, -23618) | Spd: 92 km/h | Yaw: 1.57 | Steer: 1.00
t=993385 SteerR changed to 0.00
[Step 89600] Mesh Raycast HIT at T=0.23 | Z=80.00
t=994355 SteerL changed to -1.00
t=994515 SteerL changed to 0.00
t=994635 SteerL changed to -1.00
[Step 89700] Mesh Raycast HIT at T=0.23 | Z=80.00
t=995045 SteerL changed to 0.00
t=995675 SteerR changed to 1.00
[Step 89800] Mesh Raycast HIT at T=0.23 | Z=80.00
t=996305 SteerR changed to 0.00
t=996685 SteerL changed to -1.00
[Step 89900] Mesh Raycast HIT at T=0.23 | Z=80.00
t=996745 SteerL changed to 0.00
[Step 90000] Mesh Raycast HIT at T=0.23 | Z=80.00
T: 900.00s | Pos: (483, 1.31, -23757) | Spd: 105 km/h | Yaw: 1.57 | Steer: 0.00
[Step 90100] Mesh Raycast HIT at T=0.23 | Z=80.00
[Step 90200] Mesh Raycast HIT at T=0.23 | Z=80.00
t=1000115 SteerR changed to 1.00
t=1000335 Gas changed to 0.00
t=1000565 Gas changed to 1.00
[Step 90300] Mesh Raycast HIT at T=0.23 | Z=80.00
[Step 90400] Mesh Raycast HIT at T=0.23 | Z=80.00
t=1001975 SteerR changed to 0.00
t=1002415 SteerR changed to 1.00
t=1002455 SteerR changed to 0.00
[Step 90500] Mesh Raycast HIT at T=0.23 | Z=80.00
T: 905.00s | Pos: (483, 1.31, -23902) | Spd: 103 km/h | Yaw: 1.57 | Steer: 0.00
[Step 90600] Mesh Raycast HIT at T=0.23 | Z=80.00
[Step 90700] Mesh Raycast HIT at T=0.23 | Z=80.00
t=1004755 SteerR changed to 1.00
t=1004855 SteerR changed to 0.00
t=1005025 SteerR changed to 1.00
t=1005165 SteerR changed to 0.00
t=1005235 SteerR changed to 1.00
t=1005325 SteerR changed to 0.00
[Step 90800] Mesh Raycast HIT at T=0.23 | Z=80.00
t=1006125 SteerL changed to -1.00
t=1006335 SteerL changed to 0.00
[Step 90900] Mesh Raycast HIT at T=0.23 | Z=80.00
t=1007265 Gas changed to 0.00
t=1007275 SteerR changed to 1.00
[Step 91000] Mesh Raycast HIT at T=0.23 | Z=80.00
T: 910.00s | Pos: (483, 1.31, -24048) | Spd: 92 km/h | Yaw: 1.57 | Steer: 1.00
t=1007865 Gas changed to 1.00
t=1007945 Gas changed to 0.00
t=1007975 Gas changed to 1.00
t=1008275 Gas changed to 0.00
t=1008445 Gas changed to 1.00
[Step 91100] Mesh Raycast HIT at T=0.23 | Z=80.00
[Step 91200] Mesh Raycast HIT at T=0.23 | Z=80.00
t=1010095 SteerR changed to 0.00
t=1010205 SteerR changed to 1.00
[Step 91300] Mesh Raycast HIT at T=0.23 | Z=80.00
t=1011065 SteerR changed to 0.00
t=1011255 SteerL changed to -1.00
t=1011315 SteerL changed to 0.00
[Step 91400] Mesh Raycast HIT at T=0.23 | Z=80.00
t=1012355 SteerR changed to 1.00
[Step 91500] Mesh Raycast HIT at T=0.23 | Z=80.00
T: 915.00s | Pos: (483, 1.31, -24179) | Spd: 102 km/h | Yaw: 1.57 | Steer: 1.00
t=1013075 SteerR changed to 0.00
[Step 91600] Mesh Raycast HIT at T=0.23 | Z=80.00
[Step 91700] Mesh Raycast HIT at T=0.23 | Z=80.00
t=1014735 SteerL changed to -1.00
t=1014905 SteerL changed to 0.00
[Step 91800] Mesh Raycast HIT at T=0.23 | Z=80.00
t=1016275 SteerL changed to -1.00
t=1016355 SteerL changed to 0.00
[Step 91900] Mesh Raycast HIT at T=0.23 | Z=80.00
t=1017495 SteerR changed to 1.00
[Step 92000] Mesh Raycast HIT at T=0.23 | Z=80.00
T: 920.00s | Pos: (483, 1.31, -24325) | Spd: 106 km/h | Yaw: 1.57 | Steer: 1.00
t=1017715 SteerR changed to 0.00
[Step 92100] Mesh Raycast HIT at T=0.23 | Z=80.00
t=1019255 SteerR changed to 1.00
t=1019615 SteerR changed to 0.00
[Step 92200] Mesh Raycast HIT at T=0.23 | Z=80.00
t=1019705 SteerR changed to 1.00
t=1019875 SteerR changed to 0.00
t=1019955 SteerR changed to 1.00
t=1020255 SteerR changed to 0.00
t=1020335 SteerR changed to 1.00
[Step 92300] Mesh Raycast HIT at T=0.23 | Z=80.00
t=1021235 SteerR changed to 0.00
t=1021425 SteerR changed to 1.00
t=1021535 SteerR changed to 0.00
[Step 92400] Mesh Raycast HIT at T=0.23 | Z=80.00
t=1022145 SteerR changed to 1.00
[Step 92500] Mesh Raycast HIT at T=0.23 | Z=80.00
T: 925.00s | Pos: (483, 1.31, -24474) | Spd: 107 km/h | Yaw: 1.57 | Steer: 1.00
t=1023265 Gas changed to 0.00
t=1023515 Gas changed to 1.00
[Step 92600] Mesh Raycast HIT at T=0.23 | Z=80.00
t=1024215 SteerR changed to 0.00
[Step 92700] Mesh Raycast HIT at T=0.23 | Z=80.00
[Step 92800] Mesh Raycast HIT at T=0.23 | Z=80.00
[Step 92900] Mesh Raycast HIT at T=0.23 | Z=80.00
[Step 93000] Mesh Raycast HIT at T=0.23 | Z=80.00
T: 930.00s | Pos: (483, 1.31, -24618) | Spd: 105 km/h | Yaw: 1.57 | Steer: 0.00
t=1028355 Gas changed to 0.00
[Step 93100] Mesh Raycast HIT at T=0.23 | Z=80.00
t=1028985 SteerR changed to 1.00
[Step 93200] Mesh Raycast HIT at T=0.23 | Z=80.00
[Step 93300] Mesh Raycast HIT at T=0.23 | Z=80.00
t=1030845 Gas changed to 1.00
t=1031385 SteerR changed to 0.00
[Step 93400] Mesh Raycast HIT at T=0.24 | Z=80.00
t=1032095 SteerR changed to 1.00
t=1032155 SteerR changed to 0.00
[Step 93500] Mesh Raycast HIT at T=0.24 | Z=80.00
T: 935.00s | Pos: (483, 1.31, -24719) | Spd: 74 km/h | Yaw: 1.57 | Steer: 0.00
[Step 93600] Mesh Raycast HIT at T=0.24 | Z=80.00
[Step 93700] Mesh Raycast HIT at T=0.24 | Z=80.00
t=1034745 SteerR changed to 1.00
t=1035215 SteerR changed to 0.00
t=1035325 SteerR changed to 1.00
[Step 93800] Mesh Raycast HIT at T=0.24 | Z=80.00
t=1036015 SteerR changed to 0.00
t=1036615 SteerL changed to -1.00
t=1036695 SteerL changed to 0.00
[Step 93900] Mesh Raycast HIT at T=0.24 | Z=80.00
t=1037025 Gas changed to 0.00
t=1037025 SteerR changed to 1.00
t=1037385 Gas changed to 1.00
[Step 94000] Mesh Raycast HIT at T=0.24 | Z=80.00
T: 940.00s | Pos: (483, 1.31, -24845) | Spd: 90 km/h | Yaw: 1.57 | Steer: 1.00
t=1037865 SteerR changed to 0.00
t=1037995 Gas changed to 0.00
t=1038075 SteerL changed to -1.00
[Step 94100] Mesh Raycast HIT at T=0.24 | Z=80.00
t=1039115 Gas changed to 1.00
[Step 94200] Mesh Raycast HIT at T=0.24 | Z=80.00
[Step 94300] Mesh Raycast HIT at T=0.24 | Z=80.00
t=1040875 SteerL changed to 0.00
t=1041335 SteerR changed to 1.00
[Step 94400] Mesh Raycast HIT at T=0.24 | Z=80.00
t=1041765 SteerR changed to 0.00
t=1042685 SteerL changed to -1.00
[Step 94500] Mesh Raycast HIT at T=0.24 | Z=80.00
T: 945.00s | Pos: (483, 1.31, -24958) | Spd: 94 km/h | Yaw: 1.57 | Steer: -1.00
t=1042995 SteerL changed to 0.00
t=1043095 Gas changed to 0.00
t=1043155 SteerR changed to 1.00
[Step 94600] Mesh Raycast HIT at T=0.24 | Z=80.00
t=1044275 Gas changed to 1.00
[Step 94700] Mesh Raycast HIT at T=0.24 | Z=80.00
t=1045295 SteerR changed to 0.00
[Step 94800] Mesh Raycast HIT at T=0.24 | Z=80.00
t=1046315 SteerL changed to -1.00
t=1046525 SteerL changed to 0.00
[Step 94900] Mesh Raycast HIT at T=0.24 | Z=80.00
[Step 95000] Mesh Raycast HIT at T=0.24 | Z=80.00
T: 950.00s | Pos: (483, 1.31, -25073) | Spd: 94 km/h | Yaw: 1.57 | Steer: 0.00
t=1048055 SteerL changed to -1.00
t=1048245 SteerL changed to 0.00
t=1048315 SteerL changed to -1.00
t=1048605 SteerL changed to 0.00
t=1048695 SteerL changed to -1.00
[Step 95100] Mesh Raycast HIT at T=0.24 | Z=80.00
t=1049175 SteerL changed to 0.00
t=1049565 SteerR changed to 1.00
[Step 95200] Mesh Raycast HIT at T=0.24 | Z=80.00
t=1050375 Gas changed to 0.00
t=1050585 Gas changed to 1.00
[Step 95300] Mesh Raycast HIT at T=0.24 | Z=80.00
t=1051005 Gas changed to 0.00
t=1051345 Gas changed to 1.00
[Step 95400] Mesh Raycast HIT at T=0.24 | Z=80.00
t=1052625 SteerR changed to 0.00
[Step 95500] Mesh Raycast HIT at T=0.24 | Z=80.00
T: 955.00s | Pos: (483, 1.31, -25206) | Spd: 94 km/h | Yaw: 1.57 | Steer: 0.00
[Step 95600] Mesh Raycast HIT at T=0.24 | Z=80.00
t=1053785 SteerL changed to -1.00
t=1054345 SteerL changed to 0.00
[Step 95700] Mesh Raycast HIT at T=0.24 | Z=80.00
t=1055015 SteerR changed to 1.00
t=1055585 SteerR changed to 0.00
[Step 95800] Mesh Raycast HIT at T=0.24 | Z=80.00
[Step 95900] Mesh Raycast HIT at T=0.24 | Z=80.00
[Step 96000] Mesh Raycast HIT at T=0.24 | Z=80.00
T: 960.00s | Pos: (483, 1.31, -25347) | Spd: 105 km/h | Yaw: 1.57 | Steer: 0.00
[Step 96100] Mesh Raycast HIT at T=0.24 | Z=80.00
t=1058785 SteerL changed to -1.00
t=1058925 SteerL changed to 0.00
t=1059265 SteerR changed to 1.00
t=1059605 Gas changed to 0.00
[Step 96200] Mesh Raycast HIT at T=0.24 | Z=80.00
t=1059865 Gas changed to 1.00
t=1060335 SteerR changed to 0.00
t=1060455 SteerR changed to 1.00
[Step 96300] Mesh Raycast HIT at T=0.24 | Z=80.00
t=1060785 Gas changed to 0.00
t=1061085 Gas changed to 1.00
t=1061425 SteerR changed to 0.00
[Step 96400] Mesh Raycast HIT at T=0.24 | Z=80.00
[Step 96500] Mesh Raycast HIT at T=0.24 | Z=80.00
T: 965.00s | Pos: (483, 1.31, -25487) | Spd: 98 km/h | Yaw: 1.57 | Steer: 0.00
[Step 96600] Mesh Raycast HIT at T=0.24 | Z=80.00
t=1063715 SteerL changed to -1.00
t=1063775 SteerL changed to 0.00
[Step 96700] Mesh Raycast HIT at T=0.24 | Z=80.00
t=1064835 SteerR changed to 1.00
t=1065125 SteerR changed to 0.00
t=1065455 SteerR changed to 1.00
t=1065525 SteerR changed to 0.00
[Step 96800] Mesh Raycast HIT at T=0.24 | Z=80.00
t=1065725 SteerL changed to -1.00
t=1065965 SteerL changed to 0.00
[Step 96900] Mesh Raycast HIT at T=0.24 | Z=80.00
[Step 97000] Mesh Raycast HIT at T=0.24 | Z=80.00
T: 970.00s | Pos: (483, 1.31, -25630) | Spd: 106 km/h | Yaw: 1.57 | Steer: 0.00
[Step 97100] Mesh Raycast HIT at T=0.24 | Z=80.00
t=1069025 SteerR changed to 1.00
t=1069305 Gas changed to 0.00
t=1069485 Gas changed to 1.00
[Step 97200] Mesh Raycast HIT at T=0.24 | Z=80.00
t=1070645 SteerR changed to 0.00
[Step 97300] Mesh Raycast HIT at T=0.24 | Z=80.00
t=1071255 SteerR changed to 1.00
t=1071305 SteerR changed to 0.00
[Step 97400] Mesh Raycast HIT at T=0.24 | Z=80.00
[Step 97500] Mesh Raycast HIT at T=0.24 | Z=80.00
T: 975.00s | Pos: (483, 1.31, -25775) | Spd: 105 km/h | Yaw: 1.57 | Steer: 0.00
[Step 97600] Mesh Raycast HIT at T=0.24 | Z=80.00
t=1074385 SteerR changed to 1.00
t=1074525 SteerR changed to 0.00
[Step 97700] Mesh Raycast HIT at T=0.24 | Z=80.00
[Step 97800] Mesh Raycast HIT at T=0.24 | Z=80.00
[Step 97900] Mesh Raycast HIT at T=0.24 | Z=80.00
t=1076985 SteerL changed to -1.00
t=1077075 SteerL changed to 0.00
[Step 98000] Mesh Raycast HIT at T=0.24 | Z=80.00
T: 980.00s | Pos: (483, 1.31, -25923) | Spd: 107 km/h | Yaw: 1.57 | Steer: 0.00
[Step 98100] Mesh Raycast HIT at T=0.24 | Z=80.00
t=1078815 SteerR changed to 1.00
t=1078895 SteerR changed to 0.00
t=1079315 SteerR changed to 1.00
t=1079505 SteerR changed to 0.00
t=1079645 SteerR changed to 1.00
[Step 98200] Mesh Raycast HIT at T=0.24 | Z=80.00
t=1079795 SteerR changed to 0.00
t=1079925 SteerR changed to 1.00
t=1080395 SteerR changed to 0.00
t=1080445 SteerR changed to 1.00
[Step 98300] Mesh Raycast HIT at T=0.24 | Z=80.00
t=1081465 SteerR changed to 0.00
[Step 98400] Mesh Raycast HIT at T=0.24 | Z=80.00
t=1082355 SteerR changed to 1.00
[Step 98500] Mesh Raycast HIT at T=0.24 | Z=80.00
T: 985.00s | Pos: (483, 1.31, -26073) | Spd: 107 km/h | Yaw: 1.57 | Steer: 1.00
t=1082825 Gas changed to 0.00
t=1083095 Gas changed to 1.00
[Step 98600] Mesh Raycast HIT at T=0.24 | Z=80.00
t=1084485 SteerR changed to 0.00
[Step 98700] Mesh Raycast HIT at T=0.24 | Z=80.00
[Step 98800] Mesh Raycast HIT at T=0.24 | Z=80.00
t=1085795 SteerL changed to -1.00
t=1085835 SteerL changed to 0.00
t=1086445 SteerR changed to 1.00
[Step 98900] Mesh Raycast HIT at T=0.24 | Z=80.00
t=1086885 SteerR changed to 0.00
[Step 99000] Mesh Raycast HIT at T=0.24 | Z=80.00
T: 990.00s | Pos: (483, 1.31, -26216) | Spd: 105 km/h | Yaw: 1.57 | Steer: 0.00
t=1088255 Gas changed to 0.00
[Step 99100] Mesh Raycast HIT at T=0.24 | Z=80.00
t=1089225 SteerR changed to 1.00
[Step 99200] Mesh Raycast HIT at T=0.24 | Z=80.00
t=1090655 Gas changed to 1.00
[Step 99300] Mesh Raycast HIT at T=0.24 | Z=80.00
t=1091125 Gas changed to 0.00
t=1091255 Gas changed to 1.00
[Step 99400] Mesh Raycast HIT at T=0.23 | Z=80.00
t=1091845 SteerR changed to 0.00
t=1092155 SteerL changed to -1.00
[Step 99500] Mesh Raycast HIT at T=0.23 | Z=80.00
T: 995.00s | Pos: (483, 1.31, -26316) | Spd: 74 km/h | Yaw: 1.57 | Steer: -1.00
[Step 99600] Mesh Raycast HIT at T=0.23 | Z=80.00
t=1093885 SteerL changed to 0.00
t=1094375 SteerR changed to 1.00
[Step 99700] Mesh Raycast HIT at T=0.23 | Z=80.00
t=1094935 SteerR changed to 0.00
t=1095035 SteerR changed to 1.00
[Step 99800] Mesh Raycast HIT at T=0.23 | Z=80.00
t=1095775 SteerR changed to 0.00
t=1096185 SteerL changed to -1.00
t=1096335 SteerL changed to 0.00
t=1096595 SteerR changed to 1.00
t=1096615 Gas changed to 0.00
[Step 99900] Mesh Raycast HIT at T=0.23 | Z=80.00
t=1096975 Gas changed to 1.00
t=1097415 SteerR changed to 0.00
t=1097555 Gas changed to 0.00
t=1097565 SteerL changed to -1.00
[Step 100000] Mesh Raycast HIT at T=0.23 | Z=80.00
T: 1000.00s | Pos: (483, 1.31, -26441) | Spd: 86 km/h | Yaw: 1.57 | Steer: -1.00
[Step 100100] Mesh Raycast HIT at T=0.23 | Z=80.00
t=1098735 Gas changed to 1.00
[Step 100200] Mesh Raycast HIT at T=0.23 | Z=80.00
t=1100115 SteerL changed to 0.00
[Step 100300] Mesh Raycast HIT at T=0.23 | Z=80.00
t=1101075 SteerR changed to 1.00
t=1101285 SteerR changed to 0.00
[Step 100400] Mesh Raycast HIT at T=0.23 | Z=80.00
t=1102105 SteerL changed to -1.00
t=1102435 SteerL changed to 0.00
t=1102595 Gas changed to 0.00
t=1102655 SteerR changed to 1.00
[Step 100500] Mesh Raycast HIT at T=0.23 | Z=80.00
T: 1005.00s | Pos: (483, 1.31, -26553) | Spd: 91 km/h | Yaw: 1.57 | Steer: 1.00
[Step 100600] Mesh Raycast HIT at T=0.23 | Z=80.00
t=1103915 Gas changed to 1.00
[Step 100700] Mesh Raycast HIT at T=0.23 | Z=80.00
t=1104795 SteerR changed to 0.00
[Step 100800] Mesh Raycast HIT at T=0.23 | Z=80.00
t=1106125 SteerL changed to -1.00
t=1106255 SteerL changed to 0.00
[Step 100900] Mesh Raycast HIT at T=0.23 | Z=80.00
t=1107175 SteerL changed to -1.00
t=1107375 SteerL changed to 0.00
t=1107555 SteerL changed to -1.00
t=1107625 SteerL changed to 0.00
[Step 101000] Mesh Raycast HIT at T=0.23 | Z=80.00
T: 1010.00s | Pos: (483, 1.31, -26664) | Spd: 94 km/h | Yaw: 1.57 | Steer: 0.00
t=1107995 SteerL changed to -1.00
t=1108115 SteerL changed to 0.00
t=1108205 SteerL changed to -1.00
t=1108345 SteerL changed to 0.00
t=1108445 SteerL changed to -1.00
[Step 101100] Mesh Raycast HIT at T=0.23 | Z=80.00
t=1108945 SteerL changed to 0.00
t=1109205 SteerR changed to 1.00
t=1109485 SteerR changed to 0.00
t=1109565 SteerR changed to 1.00
[Step 101200] Mesh Raycast HIT at T=0.23 | Z=80.00
t=1109805 Gas changed to 0.00
t=1110095 Gas changed to 1.00
t=1110345 Gas changed to 0.00
t=1110565 Gas changed to 1.00
[Step 101300] Mesh Raycast HIT at T=0.23 | Z=80.00
[Step 101400] Mesh Raycast HIT at T=0.23 | Z=80.00
t=1112275 SteerR changed to 0.00
[Step 101500] Mesh Raycast HIT at T=0.23 | Z=80.00
T: 1015.00s | Pos: (483, 1.31, -26796) | Spd: 97 km/h | Yaw: 1.57 | Steer: 0.00
t=1113525 SteerL changed to -1.00
[Step 101600] Mesh Raycast HIT at T=0.23 | Z=80.00
t=1113735 SteerL changed to 0.00
t=1113795 SteerL changed to -1.00
t=1114145 SteerL changed to 0.00
t=1114535 SteerR changed to 1.00
[Step 101700] Mesh Raycast HIT at T=0.23 | Z=80.00
t=1115135 SteerR changed to 0.00
[Step 101800] Mesh Raycast HIT at T=0.23 | Z=80.00
[Step 101900] Mesh Raycast HIT at T=0.23 | Z=80.00
t=1116725 Gas changed to 0.00
t=1116745 SteerR changed to 1.00
t=1117095 Gas changed to 1.00
t=1117635 SteerR changed to 0.00
[Step 102000] Mesh Raycast HIT at T=0.23 | Z=80.00
T: 1020.00s | Pos: (483, 1.31, -26937) | Spd: 95 km/h | Yaw: 1.57 | Steer: 0.00
t=1118345 SteerR changed to 1.00
t=1118375 SteerR changed to 0.00
[Step 102100] Mesh Raycast HIT at T=0.23 | Z=80.00
t=1118785 SteerR changed to 1.00
t=1118845 SteerR changed to 0.00
t=1119275 SteerR changed to 1.00
t=1119485 Gas changed to 0.00
[Step 102200] Mesh Raycast HIT at T=0.23 | Z=80.00
t=1119765 Gas changed to 1.00
t=1120405 SteerR changed to 0.00
t=1120515 SteerR changed to 1.00
[Step 102300] Mesh Raycast HIT at T=0.23 | Z=80.00
t=1121215 SteerR changed to 0.00
[Step 102400] Mesh Raycast HIT at T=0.23 | Z=80.00
[Step 102500] Mesh Raycast HIT at T=0.23 | Z=80.00
T: 1025.00s | Pos: (483, 1.31, -27073) | Spd: 102 km/h | Yaw: 1.57 | Steer: 0.00
t=1123605 SteerL changed to -1.00
t=1123665 SteerL changed to 0.00
[Step 102600] Mesh Raycast HIT at T=0.23 | Z=80.00
t=1124525 SteerR changed to 1.00
[Step 102700] Mesh Raycast HIT at T=0.23 | Z=80.00
t=1124915 SteerR changed to 0.00
t=1125345 SteerL changed to -1.00
t=1125685 SteerL changed to 0.00
[Step 102800] Mesh Raycast HIT at T=0.23 | Z=80.00
t=1126395 SteerR changed to 1.00
t=1126635 SteerR changed to 0.00
[Step 102900] Mesh Raycast HIT at T=0.23 | Z=80.00
t=1126955 Gas changed to 0.00
t=1126975 SteerR changed to 1.00
t=1127675 Gas changed to 1.00
[Step 103000] Mesh Raycast HIT at T=0.23 | Z=80.00
T: 1030.00s | Pos: (483, 1.31, -27216) | Spd: 84 km/h | Yaw: 1.57 | Steer: 1.00
t=1128195 SteerR changed to 0.00
t=1128425 SteerR changed to 1.00
t=1128615 SteerR changed to 0.00
[Step 103100] Mesh Raycast HIT at T=0.23 | Z=80.00
t=1128705 SteerR changed to 1.00
t=1128885 SteerR changed to 0.00
t=1128995 SteerR changed to 1.00
t=1129155 SteerR changed to 0.00
t=1129345 SteerR changed to 1.00
[Step 103200] Mesh Raycast HIT at T=0.23 | Z=80.00
t=1130425 SteerR changed to 0.00
[Step 103300] Mesh Raycast HIT at T=0.23 | Z=80.00
[Step 103400] Mesh Raycast HIT at T=0.23 | Z=80.00
[Step 103500] Mesh Raycast HIT at T=0.23 | Z=80.00
T: 1035.00s | Pos: (483, 1.31, -27350) | Spd: 103 km/h | Yaw: 1.57 | Steer: 0.00
[Step 103600] Mesh Raycast HIT at T=0.23 | Z=80.00
t=1134255 SteerR changed to 1.00
t=1134355 SteerR changed to 0.00
[Step 103700] Mesh Raycast HIT at T=0.23 | Z=80.00
[Step 103800] Mesh Raycast HIT at T=0.23 | Z=80.00
[Step 103900] Mesh Raycast HIT at T=0.23 | Z=80.00
t=1137365 SteerL changed to -1.00
t=1137425 SteerL changed to 0.00
[Step 104000] Mesh Raycast HIT at T=0.23 | Z=80.00
T: 1040.00s | Pos: (483, 1.31, -27497) | Spd: 107 km/h | Yaw: 1.57 | Steer: 0.00
[Step 104100] Mesh Raycast HIT at T=0.23 | Z=80.00
t=1138735 SteerR changed to 1.00
t=1138835 SteerR changed to 0.00
t=1139425 SteerR changed to 1.00
[Step 104200] Mesh Raycast HIT at T=0.23 | Z=80.00
t=1140015 SteerR changed to 0.00
t=1140105 SteerR changed to 1.00
[Step 104300] Mesh Raycast HIT at T=0.23 | Z=80.00
t=1141305 SteerR changed to 0.00
[Step 104400] Mesh Raycast HIT at T=0.23 | Z=80.00
t=1141935 SteerR changed to 1.00
t=1142035 SteerR changed to 0.00
t=1142265 SteerR changed to 1.00
t=1142545 Gas changed to 0.00
[Step 104500] Mesh Raycast HIT at T=0.23 | Z=80.00
T: 1045.00s | Pos: (483, 1.31, -27647) | Spd: 102 km/h | Yaw: 1.57 | Steer: 1.00
t=1142725 Gas changed to 1.00
t=1142915 SteerR changed to 0.00
t=1143075 SteerR changed to 1.00
t=1143235 Gas changed to 0.00
t=1143515 Gas changed to 1.00
[Step 104600] Mesh Raycast HIT at T=0.23 | Z=80.00
t=1144475 SteerR changed to 0.00
[Step 104700] Mesh Raycast HIT at T=0.23 | Z=80.00
t=1145075 SteerL changed to -1.00
t=1145115 SteerL changed to 0.00
[Step 104800] Mesh Raycast HIT at T=0.23 | Z=80.00
[Step 104900] Mesh Raycast HIT at T=0.23 | Z=80.00
[Step 105000] Mesh Raycast HIT at T=0.23 | Z=80.00
T: 1050.00s | Pos: (483, 1.31, -27786) | Spd: 104 km/h | Yaw: 1.57 | Steer: 0.00
[Step 105100] Mesh Raycast HIT at T=0.23 | Z=80.00
t=1149145 Gas changed to 0.00
t=1149195 SteerR changed to 1.00
[Step 105200] Mesh Raycast HIT at T=0.23 | Z=80.00
[Step 105300] Mesh Raycast HIT at T=0.23 | Z=80.00
t=1151155 Gas changed to 1.00
[Step 105400] Mesh Raycast HIT at T=0.23 | Z=80.00
t=1151875 SteerR changed to 0.00
t=1152055 SteerR changed to 1.00
t=1152155 SteerR changed to 0.00
[Step 105500] Mesh Raycast HIT at T=0.23 | Z=80.00
T: 1055.00s | Pos: (483, 1.31, -27899) | Spd: 75 km/h | Yaw: 1.57 | Steer: 0.00
t=1152915 SteerL changed to -1.00
[Step 105600] Mesh Raycast HIT at T=0.23 | Z=80.00
t=1154165 SteerL changed to 0.00
[Step 105700] Mesh Raycast HIT at T=0.23 | Z=80.00
t=1155025 SteerR changed to 1.00
[Step 105800] Mesh Raycast HIT at T=0.23 | Z=80.00
t=1155975 SteerR changed to 0.00
t=1156255 SteerL changed to -1.00
t=1156375 SteerL changed to 0.00
[Step 105900] Mesh Raycast HIT at T=0.23 | Z=80.00
t=1156985 Gas changed to 0.00
t=1157005 SteerR changed to 1.00
[Step 106000] Mesh Raycast HIT at T=0.23 | Z=80.00
T: 1060.00s | Pos: (483, 1.31, -28025) | Spd: 78 km/h | Yaw: 1.57 | Steer: 1.00
t=1157845 SteerR changed to 0.00
t=1157985 SteerL changed to -1.00
t=1158535 Gas changed to 1.00
[Step 106100] Mesh Raycast HIT at T=0.23 | Z=80.00
t=1158865 SteerL changed to 0.00
t=1158955 SteerL changed to -1.00
[Step 106200] Mesh Raycast HIT at T=0.23 | Z=80.00
t=1160005 SteerL changed to 0.00
t=1160155 SteerL changed to -1.00
t=1160355 SteerL changed to 0.00
[Step 106300] Mesh Raycast HIT at T=0.23 | Z=80.00
t=1161075 SteerL changed to -1.00
t=1161185 SteerL changed to 0.00
[Step 106400] Mesh Raycast HIT at T=0.23 | Z=80.00
[Step 106500] Mesh Raycast HIT at T=0.23 | Z=80.00
T: 1065.00s | Pos: (483, 1.31, -28136) | Spd: 96 km/h | Yaw: 1.57 | Steer: 0.00
t=1163195 SteerL changed to -1.00
t=1163465 SteerL changed to 0.00
t=1163685 Gas changed to 0.00
[Step 106600] Mesh Raycast HIT at T=0.23 | Z=80.00
t=1163855 SteerR changed to 1.00
[Step 106700] Mesh Raycast HIT at T=0.23 | Z=80.00
t=1164785 Gas changed to 1.00
[Step 106800] Mesh Raycast HIT at T=0.23 | Z=80.00
t=1165955 SteerR changed to 0.00
[Step 106900] Mesh Raycast HIT at T=0.23 | Z=80.00
t=1167065 SteerL changed to -1.00
t=1167255 SteerL changed to 0.00
[Step 107000] Mesh Raycast HIT at T=0.23 | Z=80.00
T: 1070.00s | Pos: (483, 1.31, -28255) | Spd: 93 km/h | Yaw: 1.57 | Steer: 0.00
t=1168095 SteerL changed to -1.00
t=1168195 SteerL changed to 0.00
t=1168685 SteerL changed to -1.00
[Step 107100] Mesh Raycast HIT at T=0.23 | Z=80.00
t=1168835 SteerL changed to 0.00
t=1168955 SteerL changed to -1.00
t=1169125 SteerL changed to 0.00
t=1169205 SteerL changed to -1.00
[Step 107200] Mesh Raycast HIT at T=0.23 | Z=80.00
t=1169855 SteerL changed to 0.00
t=1170175 SteerR changed to 1.00
[Step 107300] Mesh Raycast HIT at T=0.23 | Z=80.00
t=1171015 Gas changed to 0.00
t=1171455 Gas changed to 1.00
[Step 107400] Mesh Raycast HIT at T=0.23 | Z=80.00
[Step 107500] Mesh Raycast HIT at T=0.23 | Z=80.00
T: 1075.00s | Pos: (483, 1.31, -28390) | Spd: 95 km/h | Yaw: 1.57 | Steer: 1.00
t=1173355 SteerR changed to 0.00
[Step 107600] Mesh Raycast HIT at T=0.23 | Z=80.00
t=1173995 SteerL changed to -1.00
t=1174125 SteerL changed to 0.00
t=1174305 SteerL changed to -1.00
t=1174445 SteerL changed to 0.00
t=1174495 SteerL changed to -1.00
[Step 107700] Mesh Raycast HIT at T=0.23 | Z=80.00
t=1174895 SteerL changed to 0.00
t=1175335 SteerR changed to 1.00
[Step 107800] Mesh Raycast HIT at T=0.23 | Z=80.00
t=1175955 SteerR changed to 0.00
[Step 107900] Mesh Raycast HIT at T=0.23 | Z=80.00
[Step 108000] Mesh Raycast HIT at T=0.23 | Z=80.00
T: 1080.00s | Pos: (483, 1.31, -28532) | Spd: 105 km/h | Yaw: 1.57 | Steer: 0.00
[Step 108100] Mesh Raycast HIT at T=0.23 | Z=80.00
[Step 108200] Mesh Raycast HIT at T=0.23 | Z=80.00
t=1179905 SteerR changed to 1.00
t=1179995 Gas changed to 0.00
t=1180355 Gas changed to 1.00
[Step 108300] Mesh Raycast HIT at T=0.23 | Z=80.00
[Step 108400] Mesh Raycast HIT at T=0.23 | Z=80.00
t=1181795 SteerR changed to 0.00
t=1182175 SteerL changed to -1.00
t=1182245 SteerL changed to 0.00
t=1182605 SteerR changed to 1.00
t=1182655 SteerR changed to 0.00
[Step 108500] Mesh Raycast HIT at T=0.23 | Z=80.00
T: 1085.00s | Pos: (483, 1.31, -28674) | Spd: 101 km/h | Yaw: 1.57 | Steer: 0.00
[Step 108600] Mesh Raycast HIT at T=0.23 | Z=80.00
t=1184675 SteerR changed to 1.00
[Step 108700] Mesh Raycast HIT at T=0.23 | Z=80.00
t=1184835 SteerR changed to 0.00
t=1185095 SteerR changed to 1.00
t=1185365 SteerR changed to 0.00
[Step 108800] Mesh Raycast HIT at T=0.23 | Z=80.00
t=1185865 SteerL changed to -1.00
t=1186175 SteerL changed to 0.00
[Step 108900] Mesh Raycast HIT at T=0.23 | Z=80.00
[Step 109000] Mesh Raycast HIT at T=0.23 | Z=80.00
T: 1090.00s | Pos: (483, 1.31, -28820) | Spd: 106 km/h | Yaw: 1.57 | Steer: 0.00
[Step 109100] Mesh Raycast HIT at T=0.23 | Z=80.00
t=1189095 SteerR changed to 1.00
t=1189545 Gas changed to 0.00
t=1189685 Gas changed to 1.00
[Step 109200] Mesh Raycast HIT at T=0.23 | Z=80.00
t=1190525 SteerR changed to 0.00
[Step 109300] Mesh Raycast HIT at T=0.23 | Z=80.00
t=1190935 SteerR changed to 1.00
t=1191515 SteerR changed to 0.00
t=1191615 SteerL changed to -1.00
[Step 109400] Mesh Raycast HIT at T=0.23 | Z=80.00
t=1191795 SteerL changed to 0.00
t=1192405 SteerR changed to 1.00
[Step 109500] Mesh Raycast HIT at T=0.23 | Z=80.00
T: 1095.00s | Pos: (483, 1.31, -28966) | Spd: 105 km/h | Yaw: 1.57 | Steer: 1.00
t=1193615 SteerR changed to 0.00
[Step 109600] Mesh Raycast HIT at T=0.23 | Z=80.00
[Step 109700] Mesh Raycast HIT at T=0.23 | Z=80.00
[Step 109800] Mesh Raycast HIT at T=0.23 | Z=80.00
[Step 109900] Mesh Raycast HIT at T=0.23 | Z=80.00
[Step 110000] Mesh Raycast HIT at T=0.23 | Z=80.00
T: 1100.00s | Pos: (483, 1.31, -29115) | Spd: 107 km/h | Yaw: 1.57 | Steer: 0.00
t=1198685 SteerL changed to -1.00
[Step 110100] Mesh Raycast HIT at T=0.23 | Z=80.00
t=1198755 SteerL changed to 0.00
t=1199355 SteerR changed to 1.00
t=1199455 SteerR changed to 0.00
[Step 110200] Mesh Raycast HIT at T=0.23 | Z=80.00
t=1199995 SteerR changed to 1.00
t=1200355 SteerR changed to 0.00
t=1200425 SteerR changed to 1.00
[Step 110300] Mesh Raycast HIT at T=0.23 | Z=80.00
[Step 110400] Mesh Raycast HIT at T=0.23 | Z=80.00
t=1201735 SteerR changed to 0.00
t=1202185 SteerR changed to 1.00
t=1202375 SteerR changed to 0.00
t=1202655 SteerR changed to 1.00
[Step 110500] Mesh Raycast HIT at T=0.23 | Z=80.00
T: 1105.00s | Pos: (483, 1.31, -29264) | Spd: 107 km/h | Yaw: 1.57 | Steer: 1.00
t=1202775 SteerR changed to 0.00
t=1202935 SteerR changed to 1.00
[Step 110600] Mesh Raycast HIT at T=0.23 | Z=80.00
t=1203805 Gas changed to 0.00
t=1204025 Gas changed to 1.00
[Step 110700] Mesh Raycast HIT at T=0.23 | Z=80.00
t=1204835 SteerR changed to 0.00
t=1205355 SteerR changed to 1.00
t=1205375 SteerR changed to 0.00
[Step 110800] Mesh Raycast HIT at T=0.23 | Z=80.00
t=1206185 SteerR changed to 1.00
t=1206205 SteerR changed to 0.00
[Step 110900] Mesh Raycast HIT at T=0.23 | Z=80.00
[Step 111000] Mesh Raycast HIT at T=0.23 | Z=80.00
T: 1110.00s | Pos: (483, 1.31, -29410) | Spd: 105 km/h | Yaw: 1.57 | Steer: 0.00
[Step 111100] Mesh Raycast HIT at T=0.23 | Z=80.00
t=1208845 Gas changed to 0.00
t=1209455 SteerR changed to 1.00
[Step 111200] Mesh Raycast HIT at T=0.23 | Z=80.00
[Step 111300] Mesh Raycast HIT at T=0.23 | Z=80.00
t=1210795 Gas changed to 1.00
t=1211015 Gas changed to 0.00
t=1211215 Gas changed to 1.00
t=1211625 Gas changed to 0.00
[Step 111400] Mesh Raycast HIT at T=0.23 | Z=80.00
t=1212155 Gas changed to 1.00
t=1212175 SteerR changed to 0.00
[Step 111500] Mesh Raycast HIT at T=0.23 | Z=80.00
T: 1115.00s | Pos: (483, 1.30, -29516) | Spd: 61 km/h | Yaw: 1.57 | Steer: 0.00
[Step 111600] Mesh Raycast HIT at T=0.23 | Z=80.00
t=1214105 SteerL changed to -1.00
t=1214145 SteerL changed to 0.00
[Step 111700] Mesh Raycast HIT at T=0.23 | Z=80.00
t=1215005 SteerR changed to 1.00
t=1215495 SteerR changed to 0.00
t=1215595 SteerR changed to 1.00
[Step 111800] Mesh Raycast HIT at T=0.23 | Z=80.00
t=1216225 SteerR changed to 0.00
[Step 111900] Mesh Raycast HIT at T=0.23 | Z=80.00
t=1217255 Gas changed to 0.00
t=1217255 SteerR changed to 1.00
[Step 112000] Mesh Raycast HIT at T=0.23 | Z=80.00
T: 1120.00s | Pos: (483, 1.30, -29634) | Spd: 84 km/h | Yaw: 1.57 | Steer: 1.00
t=1218065 SteerR changed to 0.00
t=1218255 SteerL changed to -1.00
[Step 112100] Mesh Raycast HIT at T=0.23 | Z=80.00
t=1218855 Gas changed to 1.00
[Step 112200] Mesh Raycast HIT at T=0.23 | Z=80.00
t=1220435 SteerL changed to 0.00
t=1220605 SteerL changed to -1.00
t=1220685 SteerL changed to 0.00
[Step 112300] Mesh Raycast HIT at T=0.23 | Z=80.00
[Step 112400] Mesh Raycast HIT at T=0.23 | Z=80.00
[Step 112500] Mesh Raycast HIT at T=0.23 | Z=80.00
T: 1125.00s | Pos: (483, 1.30, -29741) | Spd: 93 km/h | Yaw: 1.57 | Steer: 0.00
t=1223055 SteerL changed to -1.00
t=1223195 Gas changed to 0.00
t=1223215 SteerL changed to 0.00
t=1223305 SteerR changed to 1.00
[Step 112600] Mesh Raycast HIT at T=0.23 | Z=80.00
t=1224205 Gas changed to 1.00
[Step 112700] Mesh Raycast HIT at T=0.23 | Z=80.00
t=1225285 SteerR changed to 0.00
[Step 112800] Mesh Raycast HIT at T=0.23 | Z=80.00
t=1226425 SteerL changed to -1.00
t=1226585 SteerL changed to 0.00
[Step 112900] Mesh Raycast HIT at T=0.23 | Z=80.00
[Step 113000] Mesh Raycast HIT at T=0.23 | Z=80.00
T: 1130.00s | Pos: (483, 1.30, -29859) | Spd: 95 km/h | Yaw: 1.57 | Steer: 0.00
t=1227795 SteerL changed to -1.00
t=1227925 SteerL changed to 0.00
t=1228575 SteerL changed to -1.00
[Step 113100] Mesh Raycast HIT at T=0.23 | Z=80.00
t=1228715 SteerL changed to 0.00
t=1228995 SteerL changed to -1.00
t=1229205 SteerL changed to 0.00
t=1229315 SteerL changed to -1.00
t=1229515 SteerL changed to 0.00
t=1229625 SteerL changed to -1.00
[Step 113200] Mesh Raycast HIT at T=0.23 | Z=80.00
t=1230065 SteerL changed to 0.00
t=1230265 SteerR changed to 1.00
[Step 113300] Mesh Raycast HIT at T=0.23 | Z=80.00
t=1230965 Gas changed to 0.00
t=1231115 Gas changed to 1.00
[Step 113400] Mesh Raycast HIT at T=0.23 | Z=80.00
[Step 113500] Mesh Raycast HIT at T=0.23 | Z=80.00
T: 1135.00s | Pos: (483, 1.30, -29999) | Spd: 102 km/h | Yaw: 1.57 | Steer: 1.00
t=1233575 SteerR changed to 0.00
[Step 113600] Mesh Raycast HIT at T=0.23 | Z=80.00
t=1234235 SteerL changed to -1.00
t=1234345 SteerL changed to 0.00
t=1234445 SteerL changed to -1.00
[Step 113700] Mesh Raycast HIT at T=0.23 | Z=80.00
t=1234985 SteerL changed to 0.00
t=1235485 SteerR changed to 1.00
[Step 113800] Mesh Raycast HIT at T=0.23 | Z=80.00
t=1236065 SteerR changed to 0.00
[Step 113900] Mesh Raycast HIT at T=0.23 | Z=80.00
t=1237515 Gas changed to 0.00
t=1237545 SteerR changed to 1.00
[Step 114000] Mesh Raycast HIT at T=0.23 | Z=80.00
T: 1140.00s | Pos: (483, 1.30, -30145) | Spd: 100 km/h | Yaw: 1.57 | Steer: 1.00
t=1237965 Gas changed to 1.00
t=1238235 SteerR changed to 0.00
[Step 114100] Mesh Raycast HIT at T=0.23 | Z=80.00
[Step 114200] Mesh Raycast HIT at T=0.23 | Z=80.00
t=1240025 SteerR changed to 1.00
[Step 114300] Mesh Raycast HIT at T=0.23 | Z=80.00
t=1240735 Gas changed to 0.00
t=1240945 Gas changed to 1.00
t=1241665 SteerR changed to 0.00
[Step 114400] Mesh Raycast HIT at T=0.23 | Z=80.00
t=1241825 SteerR changed to 1.00
t=1242035 SteerR changed to 0.00
[Step 114500] Mesh Raycast HIT at T=0.23 | Z=80.00
T: 1145.00s | Pos: (483, 1.30, -30281) | Spd: 100 km/h | Yaw: 1.57 | Steer: 0.00
[Step 114600] Mesh Raycast HIT at T=0.23 | Z=80.00
[Step 114700] Mesh Raycast HIT at T=0.23 | Z=80.00
t=1245335 SteerR changed to 1.00
[Step 114800] Mesh Raycast HIT at T=0.23 | Z=80.00
t=1245705 SteerR changed to 0.00
t=1245955 SteerL changed to -1.00
t=1246285 SteerL changed to 0.00
[Step 114900] Mesh Raycast HIT at T=0.23 | Z=80.00
[Step 115000] Mesh Raycast HIT at T=0.23 | Z=80.00
T: 1150.00s | Pos: (483, 1.30, -30426) | Spd: 106 km/h | Yaw: 1.57 | Steer: 0.00
t=1247795 Gas changed to 0.00
t=1247825 SteerR changed to 1.00
t=1248315 Gas changed to 1.00
t=1248385 SteerR changed to 0.00
[Step 115100] Mesh Raycast HIT at T=0.23 | Z=80.00
t=1249215 SteerR changed to 1.00
t=1249355 SteerR changed to 0.00
t=1249525 SteerR changed to 1.00
[Step 115200] Mesh Raycast HIT at T=0.23 | Z=80.00
t=1250215 SteerR changed to 0.00
t=1250385 SteerR changed to 1.00
[Step 115300] Mesh Raycast HIT at T=0.23 | Z=80.00
t=1250885 SteerR changed to 0.00
t=1250995 SteerR changed to 1.00
t=1251155 SteerR changed to 0.00
t=1251305 SteerR changed to 1.00
t=1251435 SteerR changed to 0.00
[Step 115400] Mesh Raycast HIT at T=0.23 | Z=80.00
t=1251715 SteerL changed to -1.00
t=1251785 SteerL changed to 0.00
t=1252685 SteerR changed to 1.00
[Step 115500] Mesh Raycast HIT at T=0.23 | Z=80.00
T: 1155.00s | Pos: (483, 1.30, -30563) | Spd: 103 km/h | Yaw: 1.57 | Steer: 1.00
t=1253195 SteerR changed to 0.00
[Step 115600] Mesh Raycast HIT at T=0.23 | Z=80.00
[Step 115700] Mesh Raycast HIT at T=0.23 | Z=80.00
[Step 115800] Mesh Raycast HIT at T=0.23 | Z=80.00
t=1255975 SteerL changed to -1.00
t=1256005 SteerL changed to 0.00
[Step 115900] Mesh Raycast HIT at T=0.23 | Z=80.00
t=1257535 SteerL changed to -1.00
t=1257675 SteerL changed to 0.00
[Step 116000] Mesh Raycast HIT at T=0.23 | Z=80.00
T: 1160.00s | Pos: (483, 1.30, -30710) | Spd: 107 km/h | Yaw: 1.57 | Steer: 0.00
t=1258515 SteerR changed to 1.00
t=1258665 SteerR changed to 0.00
[Step 116100] Mesh Raycast HIT at T=0.23 | Z=80.00
[Step 116200] Mesh Raycast HIT at T=0.23 | Z=80.00
t=1260275 SteerR changed to 1.00
[Step 116300] Mesh Raycast HIT at T=0.23 | Z=80.00
[Step 116400] Mesh Raycast HIT at T=0.23 | Z=80.00
t=1262045 SteerR changed to 0.00
t=1262585 SteerR changed to 1.00
t=1262685 SteerR changed to 0.00
[Step 116500] Mesh Raycast HIT at T=0.23 | Z=80.00
T: 1165.00s | Pos: (483, 1.30, -30859) | Spd: 107 km/h | Yaw: 1.57 | Steer: 0.00
t=1263075 SteerR changed to 1.00
t=1263445 Gas changed to 0.00
t=1263595 Gas changed to 1.00
[Step 116600] Mesh Raycast HIT at T=0.23 | Z=80.00
[Step 116700] Mesh Raycast HIT at T=0.23 | Z=80.00
t=1265125 SteerR changed to 0.00
[Step 116800] Mesh Raycast HIT at T=0.23 | Z=80.00
[Step 116900] Mesh Raycast HIT at T=0.23 | Z=80.00
[Step 117000] Mesh Raycast HIT at T=0.23 | Z=80.00
T: 1170.00s | Pos: (483, 1.30, -31006) | Spd: 106 km/h | Yaw: 1.57 | Steer: 0.00
[Step 117100] Mesh Raycast HIT at T=0.23 | Z=80.00
t=1268765 Gas changed to 0.00
[Step 117200] Mesh Raycast HIT at T=0.23 | Z=80.00
t=1269795 SteerR changed to 1.00
[Step 117300] Mesh Raycast HIT at T=0.23 | Z=80.00
[Step 117400] Mesh Raycast HIT at T=0.24 | Z=80.00
t=1271785 Gas changed to 1.00
t=1272145 SteerR changed to 0.00
t=1272335 SteerR changed to 1.00
t=1272395 SteerR changed to 0.00
[Step 117500] Mesh Raycast HIT at T=0.23 | Z=80.00
T: 1175.00s | Pos: (483, 1.30, -31106) | Spd: 57 km/h | Yaw: 1.57 | Steer: 0.00
[Step 117600] Mesh Raycast HIT at T=0.23 | Z=80.00
[Step 117700] Mesh Raycast HIT at T=0.23 | Z=80.00
t=1275115 SteerR changed to 1.00
t=1275475 SteerR changed to 0.00
t=1275585 SteerR changed to 1.00
[Step 117800] Mesh Raycast HIT at T=0.23 | Z=80.00
t=1276475 SteerR changed to 0.00
[Step 117900] Mesh Raycast HIT at T=0.23 | Z=80.00
t=1276975 SteerL changed to -1.00
t=1277105 SteerL changed to 0.00
t=1277395 Gas changed to 0.00
t=1277405 SteerR changed to 1.00
[Step 118000] Mesh Raycast HIT at T=0.23 | Z=80.00
T: 1180.00s | Pos: (483, 1.30, -31222) | Spd: 87 km/h | Yaw: 1.57 | Steer: 1.00
t=1278005 Gas changed to 1.00
t=1278275 SteerR changed to 0.00
t=1278385 SteerL changed to -1.00
t=1278515 Gas changed to 0.00
[Step 118100] Mesh Raycast HIT at T=0.23 | Z=80.00
t=1279525 Gas changed to 1.00
[Step 118200] Mesh Raycast HIT at T=0.23 | Z=80.00
[Step 118300] Mesh Raycast HIT at T=0.23 | Z=80.00
t=1280845 SteerL changed to 0.00
t=1281495 SteerL changed to -1.00
t=1281585 SteerL changed to 0.00
[Step 118400] Mesh Raycast HIT at T=0.23 | Z=80.00
t=1281965 SteerR changed to 1.00
t=1282115 SteerR changed to 0.00
[Step 118500] Mesh Raycast HIT at T=0.23 | Z=80.00
T: 1185.00s | Pos: (483, 1.30, -31329) | Spd: 91 km/h | Yaw: 1.57 | Steer: 0.00
t=1283235 SteerL changed to -1.00
t=1283395 SteerL changed to 0.00
t=1283425 Gas changed to 0.00
t=1283525 SteerR changed to 1.00
[Step 118600] Mesh Raycast HIT at T=0.23 | Z=80.00
t=1284035 SteerR changed to 0.00
t=1284115 SteerR changed to 1.00
t=1284555 Gas changed to 1.00
[Step 118700] Mesh Raycast HIT at T=0.23 | Z=80.00
[Step 118800] Mesh Raycast HIT at T=0.23 | Z=80.00
t=1285785 SteerR changed to 0.00
t=1286605 SteerL changed to -1.00
[Step 118900] Mesh Raycast HIT at T=0.23 | Z=80.00
t=1286815 SteerL changed to 0.00
[Step 119000] Mesh Raycast HIT at T=0.23 | Z=80.00
T: 1190.00s | Pos: (483, 1.30, -31444) | Spd: 93 km/h | Yaw: 1.57 | Steer: 0.00
t=1287895 SteerL changed to -1.00
t=1288035 SteerL changed to 0.00
t=1288345 SteerL changed to -1.00
t=1288455 SteerL changed to 0.00
t=1288565 SteerL changed to -1.00
[Step 119100] Mesh Raycast HIT at T=0.23 | Z=80.00
t=1288745 SteerL changed to 0.00
t=1288845 SteerL changed to -1.00
t=1289105 SteerL changed to 0.00
t=1289195 SteerL changed to -1.00
t=1289595 SteerL changed to 0.00
[Step 119200] Mesh Raycast HIT at T=0.23 | Z=80.00
t=1289855 SteerR changed to 1.00
t=1290055 Gas changed to 0.00
t=1290395 Gas changed to 1.00
t=1290525 Gas changed to 0.00
t=1290685 Gas changed to 1.00
[Step 119300] Mesh Raycast HIT at T=0.23 | Z=80.00
t=1291025 SteerR changed to 0.00
t=1291165 SteerR changed to 1.00
[Step 119400] Mesh Raycast HIT at T=0.23 | Z=80.00
[Step 119500] Mesh Raycast HIT at T=0.23 | Z=80.00
T: 1195.00s | Pos: (483, 1.30, -31576) | Spd: 96 km/h | Yaw: 1.57 | Steer: 1.00
t=1293085 SteerR changed to 0.00
[Step 119600] Mesh Raycast HIT at T=0.23 | Z=80.00
t=1294065 SteerL changed to -1.00
t=1294675 SteerL changed to 0.00
[Step 119700] Mesh Raycast HIT at T=0.23 | Z=80.00
t=1295175 SteerR changed to 1.00
[Step 119800] Mesh Raycast HIT at T=0.23 | Z=80.00
t=1295765 SteerR changed to 0.00
t=1296015 SteerR changed to 1.00
t=1296065 SteerR changed to 0.00
[Step 119900] Mesh Raycast HIT at T=0.23 | Z=80.00
[Step 120000] Mesh Raycast HIT at T=0.23 | Z=80.00
T: 1200.00s | Pos: (483, 1.30, -31718) | Spd: 105 km/h | Yaw: 1.57 | Steer: 0.00
[Step 120100] Mesh Raycast HIT at T=0.23 | Z=80.00
t=1299125 SteerL changed to -1.00
t=1299265 SteerL changed to 0.00
t=1299635 SteerR changed to 1.00
t=1299695 Gas changed to 0.00
[Step 120200] Mesh Raycast HIT at T=0.23 | Z=80.00
t=1299965 Gas changed to 1.00
[Step 120300] Mesh Raycast HIT at T=0.23 | Z=80.00
t=1300735 Gas changed to 0.00
t=1300915 Gas changed to 1.00
t=1301525 SteerR changed to 0.00
[Step 120400] Mesh Raycast HIT at T=0.23 | Z=80.00
[Step 120500] Mesh Raycast HIT at T=0.23 | Z=80.00
T: 1205.00s | Pos: (483, 1.30, -31859) | Spd: 100 km/h | Yaw: 1.57 | Steer: 0.00
[Step 120600] Mesh Raycast HIT at T=0.23 | Z=80.00
[Step 120700] Mesh Raycast HIT at T=0.23 | Z=80.00
t=1305065 SteerR changed to 1.00
t=1305445 SteerR changed to 0.00
[Step 120800] Mesh Raycast HIT at T=0.23 | Z=80.00
t=1305735 SteerL changed to -1.00
t=1306065 SteerL changed to 0.00
[Step 120900] Mesh Raycast HIT at T=0.23 | Z=80.00
t=1307515 Gas changed to 0.00
t=1307535 SteerR changed to 1.00
[Step 121000] Mesh Raycast HIT at T=0.23 | Z=80.00
T: 1210.00s | Pos: (483, 1.30, -32004) | Spd: 99 km/h | Yaw: 1.57 | Steer: 1.00
t=1307795 Gas changed to 1.00
t=1308345 SteerR changed to 0.00
[Step 121100] Mesh Raycast HIT at T=0.23 | Z=80.00
t=1308805 SteerR changed to 1.00
t=1308955 SteerR changed to 0.00
t=1309095 SteerR changed to 1.00
t=1309475 SteerR changed to 0.00
t=1309575 SteerR changed to 1.00
[Step 121200] Mesh Raycast HIT at T=0.23 | Z=80.00
t=1309855 SteerR changed to 0.00
t=1309945 SteerR changed to 1.00
[Step 121300] Mesh Raycast HIT at T=0.23 | Z=80.00
t=1310855 SteerR changed to 0.00
[Step 121400] Mesh Raycast HIT at T=0.23 | Z=80.00
[Step 121500] Mesh Raycast HIT at T=0.23 | Z=80.00
T: 1215.00s | Pos: (483, 1.30, -32146) | Spd: 105 km/h | Yaw: 1.57 | Steer: 0.00
[Step 121600] Mesh Raycast HIT at T=0.23 | Z=80.00
[Step 121700] Mesh Raycast HIT at T=0.23 | Z=80.00
t=1314745 SteerR changed to 1.00
t=1314835 SteerR changed to 0.00
t=1315265 SteerR changed to 1.00
t=1315335 SteerR changed to 0.00
[Step 121800] Mesh Raycast HIT at T=0.23 | Z=80.00
[Step 121900] Mesh Raycast HIT at T=0.23 | Z=80.00
t=1317045 SteerL changed to -1.00
t=1317215 SteerL changed to 0.00
[Step 122000] Mesh Raycast HIT at T=0.23 | Z=80.00
T: 1220.00s | Pos: (483, 1.30, -32295) | Spd: 107 km/h | Yaw: 1.57 | Steer: 0.00
t=1317985 SteerR changed to 1.00
t=1318125 SteerR changed to 0.00
t=1318565 SteerL changed to -1.00
t=1318625 SteerL changed to 0.00
[Step 122100] Mesh Raycast HIT at T=0.23 | Z=80.00
[Step 122200] Mesh Raycast HIT at T=0.23 | Z=80.00
t=1319775 SteerR changed to 1.00
t=1320415 Gas changed to 0.00
t=1320605 Gas changed to 1.00
[Step 122300] Mesh Raycast HIT at T=0.23 | Z=80.00
t=1321575 SteerR changed to 0.00
[Step 122400] Mesh Raycast HIT at T=0.23 | Z=80.00
t=1321775 SteerR changed to 1.00
t=1321865 SteerR changed to 0.00
t=1322245 SteerR changed to 1.00
t=1322315 SteerR changed to 0.00
[Step 122500] Mesh Raycast HIT at T=0.23 | Z=80.00
T: 1225.00s | Pos: (483, 1.30, -32442) | Spd: 104 km/h | Yaw: 1.57 | Steer: 0.00
t=1322895 SteerR changed to 1.00
t=1323255 Gas changed to 0.00
t=1323425 Gas changed to 1.00
t=1323565 Gas changed to 0.00
t=1323675 Gas changed to 1.00
[Step 122600] Mesh Raycast HIT at T=0.23 | Z=80.00
[Step 122700] Mesh Raycast HIT at T=0.23 | Z=80.00
t=1324895 SteerR changed to 0.00
[Step 122800] Mesh Raycast HIT at T=0.23 | Z=80.00
t=1326305 SteerL changed to -1.00
t=1326325 SteerL changed to 0.00
[Step 122900] Mesh Raycast HIT at T=0.23 | Z=80.00
[Step 123000] Mesh Raycast HIT at T=0.23 | Z=80.00
T: 1230.00s | Pos: (483, 1.30, -32583) | Spd: 104 km/h | Yaw: 1.57 | Steer: 0.00
[Step 123100] Mesh Raycast HIT at T=0.23 | Z=80.00
t=1329355 Gas changed to 0.00
t=1329375 SteerL changed to -1.00
t=1329485 SteerL changed to 0.00
[Step 123200] Mesh Raycast HIT at T=0.23 | Z=80.00
t=1329745 SteerR changed to 1.00
[Step 123300] Mesh Raycast HIT at T=0.23 | Z=80.00
[Step 123400] Mesh Raycast HIT at T=0.23 | Z=80.00
t=1331725 Gas changed to 1.00
t=1332425 SteerR changed to 0.00
[Step 123500] Mesh Raycast HIT at T=0.24 | Z=80.00
T: 1235.00s | Pos: (483, 1.30, -32695) | Spd: 64 km/h | Yaw: 1.57 | Steer: 0.00
[Step 123600] Mesh Raycast HIT at T=0.24 | Z=80.00
[Step 123700] Mesh Raycast HIT at T=0.24 | Z=80.00
t=1334825 SteerR changed to 1.00
t=1334925 SteerR changed to 0.00
t=1335285 SteerR changed to 1.00
[Step 123800] Mesh Raycast HIT at T=0.24 | Z=80.00
t=1335825 SteerR changed to 0.00
t=1335935 SteerR changed to 1.00
t=1336115 SteerR changed to 0.00
t=1336205 SteerR changed to 1.00
t=1336535 SteerR changed to 0.00
[Step 123900] Mesh Raycast HIT at T=0.24 | Z=80.00
t=1337405 SteerL changed to -1.00
t=1337455 SteerL changed to 0.00
t=1337685 SteerR changed to 1.00
[Step 124000] Mesh Raycast HIT at T=0.24 | Z=80.00
T: 1240.00s | Pos: (483, 1.30, -32816) | Spd: 99 km/h | Yaw: 1.57 | Steer: 1.00
t=1337705 Gas changed to 0.00
t=1338405 SteerR changed to 0.00
t=1338525 SteerL changed to -1.00
t=1338655 Gas changed to 1.00
[Step 124100] Mesh Raycast HIT at T=0.24 | Z=80.00
t=1338915 SteerL changed to 0.00
t=1339245 SteerL changed to -1.00
[Step 124200] Mesh Raycast HIT at T=0.24 | Z=80.00
[Step 124300] Mesh Raycast HIT at T=0.24 | Z=80.00
t=1341465 SteerL changed to 0.00
[Step 124400] Mesh Raycast HIT at T=0.24 | Z=80.00
t=1342085 SteerR changed to 1.00
t=1342415 SteerR changed to 0.00
[Step 124500] Mesh Raycast HIT at T=0.24 | Z=80.00
T: 1245.00s | Pos: (483, 1.30, -32938) | Spd: 98 km/h | Yaw: 1.57 | Steer: 0.00
t=1343165 SteerL changed to -1.00
t=1343465 SteerL changed to 0.00
[Step 124600] Mesh Raycast HIT at T=0.24 | Z=80.00
t=1343735 SteerL changed to -1.00
t=1343755 SteerL changed to 0.00
t=1343805 Gas changed to 0.00
t=1343985 SteerR changed to 1.00
[Step 124700] Mesh Raycast HIT at T=0.24 | Z=80.00
t=1344975 Gas changed to 1.00
[Step 124800] Mesh Raycast HIT at T=0.24 | Z=80.00
t=1346095 SteerR changed to 0.00
[Step 124900] Mesh Raycast HIT at T=0.24 | Z=80.00
[Step 125000] Mesh Raycast HIT at T=0.24 | Z=80.00
T: 1250.00s | Pos: (483, 1.30, -33059) | Spd: 92 km/h | Yaw: 1.57 | Steer: 0.00
t=1347845 SteerL changed to -1.00
t=1348135 SteerL changed to 0.00
[Step 125100] Mesh Raycast HIT at T=0.24 | Z=80.00
t=1348935 SteerL changed to -1.00
t=1349225 SteerL changed to 0.00
t=1349275 SteerL changed to -1.00
[Step 125200] Mesh Raycast HIT at T=0.24 | Z=80.00
t=1349935 SteerL changed to 0.00
t=1350195 SteerR changed to 1.00
t=1350235 Gas changed to 0.00
t=1350365 Gas changed to 1.00
[Step 125300] Mesh Raycast HIT at T=0.24 | Z=80.00
t=1351695 Gas changed to 0.00
[Step 125400] Mesh Raycast HIT at T=0.24 | Z=80.00
t=1352135 Gas changed to 1.00
[Step 125500] Mesh Raycast HIT at T=0.24 | Z=80.00
T: 1255.00s | Pos: (483, 1.30, -33193) | Spd: 90 km/h | Yaw: 1.57 | Steer: 1.00
t=1353355 SteerR changed to 0.00
[Step 125600] Mesh Raycast HIT at T=0.24 | Z=80.00
t=1353865 SteerL changed to -1.00
t=1354035 SteerL changed to 0.00
t=1354535 SteerL changed to -1.00
[Step 125700] Mesh Raycast HIT at T=0.24 | Z=80.00
t=1355045 SteerL changed to 0.00
t=1355435 SteerR changed to 1.00
t=1355645 SteerR changed to 0.00
[Step 125800] Mesh Raycast HIT at T=0.24 | Z=80.00
t=1355715 SteerR changed to 1.00
t=1356255 SteerR changed to 0.00
t=1356535 SteerL changed to -1.00
t=1356615 SteerL changed to 0.00
[Step 125900] Mesh Raycast HIT at T=0.24 | Z=80.00
[Step 126000] Mesh Raycast HIT at T=0.24 | Z=80.00
T: 1260.00s | Pos: (483, 1.30, -33331) | Spd: 104 km/h | Yaw: 1.57 | Steer: 0.00
[Step 126100] Mesh Raycast HIT at T=0.24 | Z=80.00
t=1359335 SteerL changed to -1.00
t=1359445 SteerL changed to 0.00
[Step 126200] Mesh Raycast HIT at T=0.24 | Z=80.00
t=1360005 SteerR changed to 1.00
t=1360525 Gas changed to 0.00
t=1360675 Gas changed to 1.00
[Step 126300] Mesh Raycast HIT at T=0.24 | Z=80.00
t=1360925 Gas changed to 0.00
t=1360975 Gas changed to 1.00
t=1361175 Gas changed to 0.00
t=1361355 Gas changed to 1.00
[Step 126400] Mesh Raycast HIT at T=0.24 | Z=80.00
t=1361955 SteerR changed to 0.00
t=1362175 SteerR changed to 1.00
t=1362255 SteerR changed to 0.00
[Step 126500] Mesh Raycast HIT at T=0.24 | Z=80.00
T: 1265.00s | Pos: (483, 1.30, -33474) | Spd: 99 km/h | Yaw: 1.57 | Steer: 0.00
[Step 126600] Mesh Raycast HIT at T=0.24 | Z=80.00
t=1364485 SteerL changed to -1.00
t=1364595 SteerL changed to 0.00
[Step 126700] Mesh Raycast HIT at T=0.24 | Z=80.00
t=1364795 SteerL changed to -1.00
t=1364935 SteerL changed to 0.00
t=1365075 SteerR changed to 1.00
t=1365235 SteerR changed to 0.00
t=1365335 SteerR changed to 1.00
[Step 126800] Mesh Raycast HIT at T=0.24 | Z=80.00
t=1365735 SteerR changed to 0.00
t=1366045 SteerL changed to -1.00
t=1366355 SteerL changed to 0.00
[Step 126900] Mesh Raycast HIT at T=0.24 | Z=80.00
[Step 127000] Mesh Raycast HIT at T=0.24 | Z=80.00
T: 1270.00s | Pos: (483, 1.30, -33619) | Spd: 106 km/h | Yaw: 1.57 | Steer: 0.00
t=1368135 Gas changed to 0.00
t=1368215 SteerR changed to 1.00
t=1368375 Gas changed to 1.00
t=1368685 SteerR changed to 0.00
[Step 127100] Mesh Raycast HIT at T=0.24 | Z=80.00
t=1369195 SteerR changed to 1.00
t=1369495 SteerR changed to 0.00
t=1369575 SteerR changed to 1.00
[Step 127200] Mesh Raycast HIT at T=0.24 | Z=80.00
t=1369725 SteerR changed to 0.00
t=1369825 SteerR changed to 1.00
[Step 127300] Mesh Raycast HIT at T=0.24 | Z=80.00
t=1371195 SteerR changed to 0.00
t=1371605 SteerL changed to -1.00
t=1371665 SteerL changed to 0.00
[Step 127400] Mesh Raycast HIT at T=0.24 | Z=80.00
t=1372115 SteerR changed to 1.00
[Step 127500] Mesh Raycast HIT at T=0.24 | Z=80.00
T: 1275.00s | Pos: (483, 1.30, -33762) | Spd: 105 km/h | Yaw: 1.57 | Steer: 1.00
t=1373515 SteerR changed to 0.00
[Step 127600] Mesh Raycast HIT at T=0.24 | Z=80.00
[Step 127700] Mesh Raycast HIT at T=0.24 | Z=80.00
t=1374895 SteerR changed to 1.00
t=1375045 SteerR changed to 0.00
[Step 127800] Mesh Raycast HIT at T=0.24 | Z=80.00
t=1375705 SteerL changed to -1.00
t=1375795 SteerL changed to 0.00
[Step 127900] Mesh Raycast HIT at T=0.24 | Z=80.00
t=1377685 SteerL changed to -1.00
[Step 128000] Mesh Raycast HIT at T=0.24 | Z=80.00
T: 1280.00s | Pos: (483, 1.30, -33910) | Spd: 107 km/h | Yaw: 1.57 | Steer: -1.00
t=1377745 SteerL changed to 0.00
t=1378395 SteerR changed to 1.00
t=1378515 SteerR changed to 0.00
[Step 128100] Mesh Raycast HIT at T=0.24 | Z=80.00
t=1378835 SteerL changed to -1.00
t=1378915 SteerL changed to 0.00
t=1379635 SteerR changed to 1.00
[Step 128200] Mesh Raycast HIT at T=0.24 | Z=80.00
t=1380555 SteerR changed to 0.00
t=1380665 SteerR changed to 1.00
[Step 128300] Mesh Raycast HIT at T=0.24 | Z=80.00
t=1381535 SteerR changed to 0.00
[Step 128400] Mesh Raycast HIT at T=0.24 | Z=80.00
t=1381815 SteerR changed to 1.00
t=1381895 SteerR changed to 0.00
t=1382495 SteerR changed to 1.00
[Step 128500] Mesh Raycast HIT at T=0.24 | Z=80.00
T: 1285.00s | Pos: (483, 1.30, -34061) | Spd: 107 km/h | Yaw: 1.57 | Steer: 1.00
t=1383015 SteerR changed to 0.00
t=1383125 SteerR changed to 1.00
t=1383205 Gas changed to 0.00
t=1383505 Gas changed to 1.00
[Step 128600] Mesh Raycast HIT at T=0.24 | Z=80.00
t=1384085 Gas changed to 0.00
t=1384295 Gas changed to 1.00
[Step 128700] Mesh Raycast HIT at T=0.24 | Z=80.00
t=1384735 SteerR changed to 0.00
t=1385485 SteerL changed to -1.00
t=1385515 SteerL changed to 0.00
[Step 128800] Mesh Raycast HIT at T=0.24 | Z=80.00
t=1386405 SteerL changed to -1.00
t=1386465 SteerL changed to 0.00
[Step 128900] Mesh Raycast HIT at T=0.24 | Z=80.00
t=1386775 SteerR changed to 1.00
[Step 129000] Mesh Raycast HIT at T=0.24 | Z=80.00
T: 1290.00s | Pos: (483, 1.30, -34199) | Spd: 103 km/h | Yaw: 1.57 | Steer: 1.00
t=1388335 Gas changed to 0.00
t=1388555 Gas changed to 1.00
[Step 129100] Mesh Raycast HIT at T=0.24 | Z=80.00
t=1389015 Gas changed to 0.00
t=1389255 Gas changed to 1.00
t=1389645 SteerR changed to 0.00
[Step 129200] Mesh Raycast HIT at T=0.24 | Z=80.00
t=1389725 SteerR changed to 1.00
t=1390035 Gas changed to 0.00
[Step 129300] Mesh Raycast HIT at T=0.24 | Z=80.00
[Step 129400] Mesh Raycast HIT at T=0.24 | Z=80.00
t=1392165 Gas changed to 1.00
t=1392595 SteerR changed to 0.00
[Step 129500] Mesh Raycast HIT at T=0.24 | Z=80.00
T: 1295.00s | Pos: (483, 1.30, -34310) | Spd: 56 km/h | Yaw: 1.57 | Steer: 0.00
[Step 129600] Mesh Raycast HIT at T=0.24 | Z=80.00
[Step 129700] Mesh Raycast HIT at T=0.24 | Z=80.00
[Step 129800] Mesh Raycast HIT at T=0.24 | Z=80.00
t=1395745 SteerR changed to 1.00
[Step 129900] Mesh Raycast HIT at T=0.24 | Z=80.00
t=1396825 SteerR changed to 0.00
t=1397265 SteerL changed to -1.00
t=1397385 SteerL changed to 0.00
t=1397545 Gas changed to 0.00
t=1397665 SteerR changed to 1.00
[Step 130000] Mesh Raycast HIT at T=0.24 | Z=80.00
T: 1300.00s | Pos: (483, 1.30, -34426) | Spd: 92 km/h | Yaw: 1.57 | Steer: 1.00
t=1397985 SteerR changed to 0.00
t=1398105 SteerR changed to 1.00
t=1398415 Gas changed to 1.00
t=1398605 SteerR changed to 0.00
[Step 130100] Mesh Raycast HIT at T=0.24 | Z=80.00
t=1398775 SteerL changed to -1.00
t=1399225 Gas changed to 0.00
[Step 130200] Mesh Raycast HIT at T=0.24 | Z=80.00
t=1399885 Gas changed to 1.00
[Step 130300] Mesh Raycast HIT at T=0.24 | Z=80.00
t=1401365 SteerL changed to 0.00
[Step 130400] Mesh Raycast HIT at T=0.24 | Z=80.00
t=1401765 SteerL changed to -1.00
t=1401865 SteerL changed to 0.00
t=1402155 SteerR changed to 1.00
t=1402515 SteerR changed to 0.00
[Step 130500] Mesh Raycast HIT at T=0.24 | Z=80.00
T: 1305.00s | Pos: (483, 1.30, -34536) | Spd: 91 km/h | Yaw: 1.57 | Steer: 0.00
t=1403175 SteerL changed to -1.00
t=1403585 SteerL changed to 0.00
[Step 130600] Mesh Raycast HIT at T=0.24 | Z=80.00
t=1403715 Gas changed to 0.00
t=1403865 SteerR changed to 1.00
[Step 130700] Mesh Raycast HIT at T=0.24 | Z=80.00
t=1405125 Gas changed to 1.00
[Step 130800] Mesh Raycast HIT at T=0.24 | Z=80.00
t=1405955 SteerR changed to 0.00
[Step 130900] Mesh Raycast HIT at T=0.24 | Z=80.00
t=1407095 SteerL changed to -1.00
t=1407335 SteerL changed to 0.00
[Step 131000] Mesh Raycast HIT at T=0.24 | Z=80.00
T: 1310.00s | Pos: (483, 1.30, -34646) | Spd: 87 km/h | Yaw: 1.57 | Steer: 0.00
[Step 131100] Mesh Raycast HIT at T=0.24 | Z=80.00
t=1409025 SteerL changed to -1.00
t=1409435 SteerL changed to 0.00
t=1409555 SteerL changed to -1.00
[Step 131200] Mesh Raycast HIT at T=0.24 | Z=80.00
t=1409775 SteerL changed to 0.00
t=1409865 SteerL changed to -1.00
t=1410165 SteerL changed to 0.00
t=1410505 SteerR changed to 1.00
[Step 131300] Mesh Raycast HIT at T=0.24 | Z=80.00
t=1410705 Gas changed to 0.00
t=1410995 Gas changed to 1.00
[Step 131400] Mesh Raycast HIT at T=0.24 | Z=80.00
[Step 131500] Mesh Raycast HIT at T=0.24 | Z=80.00
T: 1315.00s | Pos: (483, 1.30, -34779) | Spd: 98 km/h | Yaw: 1.57 | Steer: 1.00
t=1413685 SteerR changed to 0.00
[Step 131600] Mesh Raycast HIT at T=0.24 | Z=80.00
t=1414075 SteerL changed to -1.00
t=1414215 SteerL changed to 0.00
t=1414325 SteerL changed to -1.00
t=1414515 SteerL changed to 0.00
t=1414605 SteerL changed to -1.00
[Step 131700] Mesh Raycast HIT at T=0.24 | Z=80.00
t=1414745 SteerL changed to 0.00
t=1414845 SteerL changed to -1.00
t=1415045 SteerL changed to 0.00
t=1415445 SteerR changed to 1.00
[Step 131800] Mesh Raycast HIT at T=0.24 | Z=80.00
t=1415705 SteerR changed to 0.00
t=1415795 SteerR changed to 1.00
t=1416155 SteerR changed to 0.00
[Step 131900] Mesh Raycast HIT at T=0.24 | Z=80.00
[Step 132000] Mesh Raycast HIT at T=0.24 | Z=80.00
T: 1320.00s | Pos: (483, 1.30, -34922) | Spd: 106 km/h | Yaw: 1.57 | Steer: 0.00
[Step 132100] Mesh Raycast HIT at T=0.24 | Z=80.00
t=1419635 SteerL changed to -1.00
t=1419675 SteerL changed to 0.00
[Step 132200] Mesh Raycast HIT at T=0.24 | Z=80.00
t=1419965 SteerR changed to 1.00
t=1420055 Gas changed to 0.00
t=1420665 Gas changed to 1.00
[Step 132300] Mesh Raycast HIT at T=0.24 | Z=80.00
[Step 132400] Mesh Raycast HIT at T=0.24 | Z=80.00
t=1421755 SteerR changed to 0.00
t=1422345 SteerR changed to 1.00
t=1422375 SteerR changed to 0.00
[Step 132500] Mesh Raycast HIT at T=0.24 | Z=80.00
T: 1325.00s | Pos: (483, 1.30, -35061) | Spd: 97 km/h | Yaw: 1.57 | Steer: 0.00
[Step 132600] Mesh Raycast HIT at T=0.24 | Z=80.00
[Step 132700] Mesh Raycast HIT at T=0.24 | Z=80.00
t=1424785 SteerR changed to 1.00
t=1424895 SteerR changed to 0.00
t=1425575 SteerR changed to 1.00
[Step 132800] Mesh Raycast HIT at T=0.24 | Z=80.00
t=1425875 SteerR changed to 0.00
t=1426385 SteerL changed to -1.00
[Step 132900] Mesh Raycast HIT at T=0.24 | Z=80.00
t=1426715 SteerL changed to 0.00
[Step 133000] Mesh Raycast HIT at T=0.24 | Z=80.00
T: 1330.00s | Pos: (483, 1.30, -35204) | Spd: 106 km/h | Yaw: 1.57 | Steer: 0.00
[Step 133100] Mesh Raycast HIT at T=0.24 | Z=80.00
t=1429475 SteerR changed to 1.00
t=1429635 SteerR changed to 0.00
[Step 133200] Mesh Raycast HIT at T=0.24 | Z=80.00
t=1429725 SteerR changed to 1.00
t=1430065 Gas changed to 0.00
t=1430165 Gas changed to 1.00
t=1430695 SteerR changed to 0.00
[Step 133300] Mesh Raycast HIT at T=0.24 | Z=80.00
t=1430775 SteerR changed to 1.00
t=1431135 SteerR changed to 0.00
t=1431275 SteerR changed to 1.00
t=1431445 SteerR changed to 0.00
t=1431695 SteerR changed to 1.00
[Step 133400] Mesh Raycast HIT at T=0.24 | Z=80.00
t=1431815 SteerR changed to 0.00
[Step 133500] Mesh Raycast HIT at T=0.24 | Z=80.00
T: 1335.00s | Pos: (483, 1.29, -35351) | Spd: 106 km/h | Yaw: 1.57 | Steer: 0.00
[Step 133600] Mesh Raycast HIT at T=0.24 | Z=80.00
[Step 133700] Mesh Raycast HIT at T=0.24 | Z=80.00
t=1435325 SteerL changed to -1.00
t=1435425 SteerL changed to 0.00
[Step 133800] Mesh Raycast HIT at T=0.24 | Z=80.00
[Step 133900] Mesh Raycast HIT at T=0.24 | Z=80.00
[Step 134000] Mesh Raycast HIT at T=0.24 | Z=80.00
T: 1340.00s | Pos: (483, 1.29, -35500) | Spd: 107 km/h | Yaw: 1.57 | Steer: 0.00
t=1437765 SteerL changed to -1.00
t=1437835 SteerL changed to 0.00
[Step 134100] Mesh Raycast HIT at T=0.24 | Z=80.00
t=1438865 SteerR changed to 1.00
t=1438975 SteerR changed to 0.00
t=1439675 SteerR changed to 1.00
[Step 134200] Mesh Raycast HIT at T=0.24 | Z=80.00
t=1439745 SteerR changed to 0.00
t=1440195 SteerR changed to 1.00
t=1440635 SteerR changed to 0.00
[Step 134300] Mesh Raycast HIT at T=0.24 | Z=80.00
t=1440725 SteerR changed to 1.00
[Step 134400] Mesh Raycast HIT at T=0.24 | Z=80.00
t=1441955 SteerR changed to 0.00
t=1442195 SteerR changed to 1.00
t=1442295 SteerR changed to 0.00
[Step 134500] Mesh Raycast HIT at T=0.24 | Z=80.00
T: 1345.00s | Pos: (483, 1.29, -35650) | Spd: 107 km/h | Yaw: 1.57 | Steer: 0.00
t=1443045 SteerR changed to 1.00
t=1443155 Gas changed to 0.00
t=1443595 Gas changed to 1.00
[Step 134600] Mesh Raycast HIT at T=0.24 | Z=80.00
t=1443765 Gas changed to 0.00
t=1443875 Gas changed to 1.00
t=1444465 SteerR changed to 0.00
t=1444565 SteerR changed to 1.00
[Step 134700] Mesh Raycast HIT at T=0.24 | Z=80.00
t=1444795 SteerR changed to 0.00
t=1444925 SteerR changed to 1.00
t=1445105 SteerR changed to 0.00
t=1445235 SteerR changed to 1.00
t=1445465 SteerR changed to 0.00
[Step 134800] Mesh Raycast HIT at T=0.24 | Z=80.00
t=1446075 SteerL changed to -1.00
t=1446125 SteerL changed to 0.00
[Step 134900] Mesh Raycast HIT at T=0.24 | Z=80.00
t=1446905 SteerR changed to 1.00
t=1446945 SteerR changed to 0.00
t=1447375 SteerL changed to -1.00
[Step 135000] Mesh Raycast HIT at T=0.24 | Z=80.00
T: 1350.00s | Pos: (483, 1.29, -35787) | Spd: 103 km/h | Yaw: 1.57 | Steer: -1.00
t=1448125 SteerL changed to 0.00
[Step 135100] Mesh Raycast HIT at T=0.24 | Z=80.00
[Step 135200] Mesh Raycast HIT at T=0.24 | Z=80.00
t=1449775 SteerL changed to -1.00
t=1450095 SteerL changed to 0.00
t=1450245 Gas changed to 0.00
t=1450345 SteerR changed to 1.00
[Step 135300] Mesh Raycast HIT at T=0.24 | Z=80.00
[Step 135400] Mesh Raycast HIT at T=0.24 | Z=80.00
t=1452675 Gas changed to 1.00
[Step 135500] Mesh Raycast HIT at T=0.24 | Z=80.00
T: 1355.00s | Pos: (483, 1.29, -35911) | Spd: 47 km/h | Yaw: 1.57 | Steer: 1.00
t=1453045 SteerR changed to 0.00
[Step 135600] Mesh Raycast HIT at T=0.24 | Z=80.00
[Step 135700] Mesh Raycast HIT at T=0.24 | Z=80.00
t=1454905 SteerL changed to -1.00
t=1454995 SteerL changed to 0.00
[Step 135800] Mesh Raycast HIT at T=0.24 | Z=80.00
t=1455935 SteerR changed to 1.00
[Step 135900] Mesh Raycast HIT at T=0.24 | Z=80.00
t=1457045 SteerR changed to 0.00
[Step 136000] Mesh Raycast HIT at T=0.24 | Z=80.00
T: 1360.00s | Pos: (483, 1.29, -36020) | Spd: 96 km/h | Yaw: 1.57 | Steer: 0.00
t=1458115 Gas changed to 0.00
t=1458115 SteerR changed to 1.00
t=1458495 Gas changed to 1.00
[Step 136100] Mesh Raycast HIT at T=0.24 | Z=80.00
t=1458855 SteerR changed to 0.00
t=1459105 Gas changed to 0.00
t=1459105 SteerL changed to -1.00
[Step 136200] Mesh Raycast HIT at T=0.24 | Z=80.00
t=1460165 Gas changed to 1.00
[Step 136300] Mesh Raycast HIT at T=0.24 | Z=80.00
[Step 136400] Mesh Raycast HIT at T=0.24 | Z=80.00
t=1461805 SteerL changed to 0.00
t=1462475 SteerR changed to 1.00
[Step 136500] Mesh Raycast HIT at T=0.24 | Z=80.00
T: 1365.00s | Pos: (483, 1.29, -36133) | Spd: 88 km/h | Yaw: 1.57 | Steer: 1.00
t=1462825 SteerR changed to 0.00
t=1463645 SteerL changed to -1.00
[Step 136600] Mesh Raycast HIT at T=0.24 | Z=80.00
t=1463935 SteerL changed to 0.00
t=1463955 Gas changed to 0.00
t=1464075 SteerR changed to 1.00
[Step 136700] Mesh Raycast HIT at T=0.24 | Z=80.00
t=1465225 Gas changed to 1.00
[Step 136800] Mesh Raycast HIT at T=0.24 | Z=80.00
t=1466015 SteerR changed to 0.00
t=1466585 SteerR changed to 1.00
t=1466665 SteerR changed to 0.00
[Step 136900] Mesh Raycast HIT at T=0.24 | Z=80.00
t=1467445 SteerL changed to -1.00
t=1467615 SteerL changed to 0.00
[Step 137000] Mesh Raycast HIT at T=0.24 | Z=80.00
T: 1370.00s | Pos: (483, 1.29, -36246) | Spd: 88 km/h | Yaw: 1.57 | Steer: 0.00
t=1468225 SteerR changed to 1.00
t=1468285 SteerR changed to 0.00
[Step 137100] Mesh Raycast HIT at T=0.24 | Z=80.00
t=1469115 SteerL changed to -1.00
t=1469445 SteerL changed to 0.00
t=1469545 SteerL changed to -1.00
[Step 137200] Mesh Raycast HIT at T=0.24 | Z=80.00
t=1469805 SteerL changed to 0.00
t=1469895 SteerL changed to -1.00
t=1470345 SteerL changed to 0.00
t=1470525 SteerR changed to 1.00
[Step 137300] Mesh Raycast HIT at T=0.24 | Z=80.00
t=1470845 Gas changed to 0.00
t=1471055 Gas changed to 1.00
t=1471485 Gas changed to 0.00
t=1471655 Gas changed to 1.00
[Step 137400] Mesh Raycast HIT at T=0.24 | Z=80.00
[Step 137500] Mesh Raycast HIT at T=0.24 | Z=80.00
T: 1375.00s | Pos: (483, 1.29, -36378) | Spd: 95 km/h | Yaw: 1.57 | Steer: 1.00
t=1473675 SteerR changed to 0.00
[Step 137600] Mesh Raycast HIT at T=0.24 | Z=80.00
t=1474575 SteerL changed to -1.00
[Step 137700] Mesh Raycast HIT at T=0.24 | Z=80.00
t=1475155 SteerL changed to 0.00
[Step 137800] Mesh Raycast HIT at T=0.24 | Z=80.00
t=1475765 SteerR changed to 1.00
t=1476355 SteerR changed to 0.00
[Step 137900] Mesh Raycast HIT at T=0.24 | Z=80.00
t=1476865 SteerL changed to -1.00
t=1476915 SteerL changed to 0.00
t=1477355 SteerR changed to 1.00
[Step 138000] Mesh Raycast HIT at T=0.24 | Z=80.00
T: 1380.00s | Pos: (483, 1.29, -36520) | Spd: 105 km/h | Yaw: 1.57 | Steer: 1.00
t=1478115 SteerR changed to 0.00
[Step 138100] Mesh Raycast HIT at T=0.24 | Z=80.00
[Step 138200] Mesh Raycast HIT at T=0.24 | Z=80.00
t=1480085 SteerR changed to 1.00
t=1480235 Gas changed to 0.00
[Step 138300] Mesh Raycast HIT at T=0.24 | Z=80.00
t=1480715 Gas changed to 1.00
[Step 138400] Mesh Raycast HIT at T=0.24 | Z=80.00
t=1481975 SteerR changed to 0.00
t=1482465 SteerR changed to 1.00
t=1482515 SteerR changed to 0.00
[Step 138500] Mesh Raycast HIT at T=0.24 | Z=80.00
T: 1385.00s | Pos: (483, 1.29, -36661) | Spd: 99 km/h | Yaw: 1.57 | Steer: 0.00
[Step 138600] Mesh Raycast HIT at T=0.24 | Z=80.00
[Step 138700] Mesh Raycast HIT at T=0.24 | Z=80.00
t=1485325 SteerR changed to 1.00
t=1485445 SteerR changed to 0.00
t=1485575 SteerR changed to 1.00
[Step 138800] Mesh Raycast HIT at T=0.24 | Z=80.00
t=1485805 SteerR changed to 0.00
t=1486385 SteerL changed to -1.00
[Step 138900] Mesh Raycast HIT at T=0.24 | Z=80.00
t=1486735 SteerL changed to 0.00
t=1487345 SteerR changed to 1.00
[Step 139000] Mesh Raycast HIT at T=0.24 | Z=80.00
T: 1390.00s | Pos: (483, 1.29, -36805) | Spd: 106 km/h | Yaw: 1.57 | Steer: 1.00
t=1488305 SteerR changed to 0.00
[Step 139100] Mesh Raycast HIT at T=0.24 | Z=80.00
t=1489415 SteerR changed to 1.00
[Step 139200] Mesh Raycast HIT at T=0.24 | Z=80.00
[Step 139300] Mesh Raycast HIT at T=0.24 | Z=80.00
t=1491235 SteerR changed to 0.00
[Step 139400] Mesh Raycast HIT at T=0.24 | Z=80.00
t=1491835 SteerR changed to 1.00
t=1491875 SteerR changed to 0.00
[Step 139500] Mesh Raycast HIT at T=0.24 | Z=80.00
T: 1395.00s | Pos: (483, 1.29, -36954) | Spd: 107 km/h | Yaw: 1.57 | Steer: 0.00
[Step 139600] Mesh Raycast HIT at T=0.24 | Z=80.00
[Step 139700] Mesh Raycast HIT at T=0.24 | Z=80.00
t=1495355 SteerR changed to 1.00
t=1495515 SteerR changed to 0.00
[Step 139800] Mesh Raycast HIT at T=0.24 | Z=80.00
[Step 139900] Mesh Raycast HIT at T=0.24 | Z=80.00
t=1497055 SteerL changed to -1.00
t=1497295 SteerL changed to 0.00
[Step 140000] Mesh Raycast HIT at T=0.24 | Z=80.00
T: 1400.00s | Pos: (483, 1.29, -37104) | Spd: 107 km/h | Yaw: 1.57 | Steer: 0.00
t=1497875 SteerR changed to 1.00
t=1498055 SteerR changed to 0.00
[Step 140100] Mesh Raycast HIT at T=0.24 | Z=80.00
t=1499555 SteerR changed to 1.00
t=1499635 SteerR changed to 0.00
[Step 140200] Mesh Raycast HIT at T=0.24 | Z=80.00
t=1499835 SteerR changed to 1.00
t=1500295 SteerR changed to 0.00
t=1500395 SteerR changed to 1.00
[Step 140300] Mesh Raycast HIT at T=0.24 | Z=80.00
t=1501625 SteerR changed to 0.00
[Step 140400] Mesh Raycast HIT at T=0.24 | Z=80.00
t=1502295 SteerR changed to 1.00
t=1502395 SteerR changed to 0.00
t=1502575 SteerR changed to 1.00
[Step 140500] Mesh Raycast HIT at T=0.24 | Z=80.00
T: 1405.00s | Pos: (483, 1.29, -37254) | Spd: 107 km/h | Yaw: 1.57 | Steer: 1.00
t=1502875 SteerR changed to 0.00
t=1502925 SteerR changed to 1.00
t=1503485 Gas changed to 0.00
[Step 140600] Mesh Raycast HIT at T=0.24 | Z=80.00
t=1503705 Gas changed to 1.00
t=1504655 SteerR changed to 0.00
[Step 140700] Mesh Raycast HIT at T=0.24 | Z=80.00
t=1505135 SteerR changed to 1.00
t=1505195 SteerR changed to 0.00
[Step 140800] Mesh Raycast HIT at T=0.24 | Z=80.00
[Step 140900] Mesh Raycast HIT at T=0.24 | Z=80.00
[Step 141000] Mesh Raycast HIT at T=0.24 | Z=80.00
T: 1410.00s | Pos: (483, 1.29, -37400) | Spd: 105 km/h | Yaw: 1.57 | Steer: 0.00
[Step 141100] Mesh Raycast HIT at T=0.24 | Z=80.00
t=1508745 Gas changed to 0.00
t=1509275 SteerR changed to 1.00
[Step 141200] Mesh Raycast HIT at T=0.24 | Z=80.00
[Step 141300] Mesh Raycast HIT at T=0.24 | Z=80.00
t=1511255 Gas changed to 1.00
[Step 141400] Mesh Raycast HIT at T=0.23 | Z=80.00
t=1511805 SteerR changed to 0.00
[Step 141500] Mesh Raycast HIT at T=0.23 | Z=80.00
T: 1415.00s | Pos: (483, 1.29, -37504) | Spd: 69 km/h | Yaw: 1.57 | Steer: 0.00
[Step 141600] Mesh Raycast HIT at T=0.23 | Z=80.00
[Step 141700] Mesh Raycast HIT at T=0.23 | Z=80.00
t=1514855 SteerR changed to 1.00
t=1515385 SteerR changed to 0.00
t=1515495 SteerR changed to 1.00
[Step 141800] Mesh Raycast HIT at T=0.23 | Z=80.00
t=1516155 SteerR changed to 0.00
[Step 141900] Mesh Raycast HIT at T=0.23 | Z=80.00
t=1517185 Gas changed to 0.00
t=1517185 SteerR changed to 1.00
t=1517655 Gas changed to 1.00
[Step 142000] Mesh Raycast HIT at T=0.23 | Z=80.00
T: 1420.00s | Pos: (483, 1.29, -37627) | Spd: 85 km/h | Yaw: 1.57 | Steer: 1.00
t=1517945 SteerR changed to 0.00
t=1518065 Gas changed to 0.00
t=1518085 SteerL changed to -1.00
[Step 142100] Mesh Raycast HIT at T=0.23 | Z=80.00
t=1518925 Gas changed to 1.00
t=1519595 Gas changed to 0.00
[Step 142200] Mesh Raycast HIT at T=0.23 | Z=80.00
t=1519755 Gas changed to 1.00
[Step 142300] Mesh Raycast HIT at T=0.23 | Z=80.00
t=1520845 SteerL changed to 0.00
t=1521225 SteerR changed to 1.00
[Step 142400] Mesh Raycast HIT at T=0.23 | Z=80.00
t=1521715 SteerR changed to 0.00
t=1522395 SteerL changed to -1.00
[Step 142500] Mesh Raycast HIT at T=0.23 | Z=80.00
T: 1425.00s | Pos: (483, 1.29, -37740) | Spd: 94 km/h | Yaw: 1.57 | Steer: -1.00
t=1522815 SteerL changed to 0.00
t=1523075 Gas changed to 0.00
t=1523125 SteerR changed to 1.00
[Step 142600] Mesh Raycast HIT at T=0.23 | Z=80.00
t=1524105 Gas changed to 1.00
[Step 142700] Mesh Raycast HIT at T=0.23 | Z=80.00
t=1525495 SteerR changed to 0.00
[Step 142800] Mesh Raycast HIT at T=0.23 | Z=80.00
t=1526055 SteerL changed to -1.00
t=1526365 SteerL changed to 0.00
[Step 142900] Mesh Raycast HIT at T=0.23 | Z=80.00
t=1527135 SteerL changed to -1.00
t=1527305 SteerL changed to 0.00
[Step 143000] Mesh Raycast HIT at T=0.23 | Z=80.00
T: 1430.00s | Pos: (483, 1.29, -37857) | Spd: 95 km/h | Yaw: 1.57 | Steer: 0.00
t=1527945 SteerL changed to -1.00
t=1528105 SteerL changed to 0.00
t=1528225 SteerL changed to -1.00
t=1528335 SteerL changed to 0.00
t=1528425 SteerL changed to -1.00
[Step 143100] Mesh Raycast HIT at T=0.23 | Z=80.00
t=1529175 SteerL changed to 0.00
t=1529335 SteerR changed to 1.00
[Step 143200] Mesh Raycast HIT at T=0.23 | Z=80.00
t=1530145 Gas changed to 0.00
t=1530285 Gas changed to 1.00
[Step 143300] Mesh Raycast HIT at T=0.23 | Z=80.00
t=1530875 Gas changed to 0.00
t=1530895 Gas changed to 1.00
t=1531115 Gas changed to 0.00
t=1531315 Gas changed to 1.00
t=1531615 Gas changed to 0.00
[Step 143400] Mesh Raycast HIT at T=0.23 | Z=80.00
t=1531815 Gas changed to 1.00
t=1532635 SteerR changed to 0.00
[Step 143500] Mesh Raycast HIT at T=0.23 | Z=80.00
T: 1435.00s | Pos: (483, 1.29, -37992) | Spd: 93 km/h | Yaw: 1.57 | Steer: 0.00
t=1533125 SteerL changed to -1.00
t=1533265 SteerL changed to 0.00
t=1533405 SteerL changed to -1.00
t=1533465 SteerL changed to 0.00
[Step 143600] Mesh Raycast HIT at T=0.23 | Z=80.00
t=1533885 SteerL changed to -1.00
t=1534375 SteerL changed to 0.00
[Step 143700] Mesh Raycast HIT at T=0.23 | Z=80.00
t=1534795 SteerR changed to 1.00
t=1535355 SteerR changed to 0.00
[Step 143800] Mesh Raycast HIT at T=0.23 | Z=80.00
t=1535975 SteerR changed to 1.00
t=1536045 SteerR changed to 0.00
t=1536505 SteerL changed to -1.00
[Step 143900] Mesh Raycast HIT at T=0.23 | Z=80.00
[Step 144000] Mesh Raycast HIT at T=0.23 | Z=80.00
T: 1440.00s | Pos: (483, 1.29, -38133) | Spd: 105 km/h | Yaw: 1.57 | Steer: -1.00
t=1537865 SteerL changed to 0.00
t=1538585 SteerL changed to -1.00
[Step 144100] Mesh Raycast HIT at T=0.23 | Z=80.00
t=1538735 SteerL changed to 0.00
t=1539275 SteerR changed to 1.00
[Step 144200] Mesh Raycast HIT at T=0.23 | Z=80.00
t=1540395 Gas changed to 0.00
t=1540615 Gas changed to 1.00
[Step 144300] Mesh Raycast HIT at T=0.23 | Z=80.00
t=1541205 SteerR changed to 0.00
[Step 144400] Mesh Raycast HIT at T=0.23 | Z=80.00
[Step 144500] Mesh Raycast HIT at T=0.23 | Z=80.00
T: 1445.00s | Pos: (483, 1.29, -38277) | Spd: 103 km/h | Yaw: 1.57 | Steer: 0.00
[Step 144600] Mesh Raycast HIT at T=0.23 | Z=80.00
t=1544525 SteerR changed to 1.00
[Step 144700] Mesh Raycast HIT at T=0.23 | Z=80.00
t=1544855 SteerR changed to 0.00
t=1545155 SteerL changed to -1.00
t=1545475 SteerL changed to 0.00
[Step 144800] Mesh Raycast HIT at T=0.23 | Z=80.00
t=1546415 Gas changed to 0.00
t=1546445 SteerR changed to 1.00
[Step 144900] Mesh Raycast HIT at T=0.23 | Z=80.00
t=1547445 Gas changed to 1.00
[Step 145000] Mesh Raycast HIT at T=0.23 | Z=80.00
T: 1450.00s | Pos: (483, 1.29, -38418) | Spd: 78 km/h | Yaw: 1.57 | Steer: 1.00
t=1547775 SteerR changed to 0.00
t=1548065 SteerR changed to 1.00
t=1548515 SteerR changed to 0.00
t=1548595 SteerR changed to 1.00
[Step 145100] Mesh Raycast HIT at T=0.23 | Z=80.00
t=1549065 SteerR changed to 0.00
t=1549165 SteerR changed to 1.00
t=1549315 SteerR changed to 0.00
t=1549405 SteerR changed to 1.00
[Step 145200] Mesh Raycast HIT at T=0.23 | Z=80.00
t=1549925 SteerR changed to 0.00
t=1550055 SteerR changed to 1.00
t=1550295 SteerR changed to 0.00
[Step 145300] Mesh Raycast HIT at T=0.23 | Z=80.00
[Step 145400] Mesh Raycast HIT at T=0.23 | Z=80.00
[Step 145500] Mesh Raycast HIT at T=0.23 | Z=80.00
T: 1455.00s | Pos: (483, 1.29, -38548) | Spd: 102 km/h | Yaw: 1.57 | Steer: 0.00
[Step 145600] Mesh Raycast HIT at T=0.23 | Z=80.00
t=1554095 SteerR changed to 1.00
t=1554165 SteerR changed to 0.00
[Step 145700] Mesh Raycast HIT at T=0.23 | Z=80.00
[Step 145800] Mesh Raycast HIT at T=0.23 | Z=80.00
[Step 145900] Mesh Raycast HIT at T=0.23 | Z=80.00
t=1556895 SteerL changed to -1.00
t=1556965 SteerL changed to 0.00
[Step 146000] Mesh Raycast HIT at T=0.23 | Z=80.00
T: 1460.00s | Pos: (483, 1.29, -38694) | Spd: 106 km/h | Yaw: 1.57 | Steer: 0.00
t=1558245 SteerR changed to 1.00
t=1558315 SteerR changed to 0.00
[Step 146100] Mesh Raycast HIT at T=0.23 | Z=80.00
t=1559025 SteerR changed to 1.00
t=1559485 SteerR changed to 0.00
t=1559595 SteerR changed to 1.00
[Step 146200] Mesh Raycast HIT at T=0.23 | Z=80.00
t=1560075 SteerR changed to 0.00
t=1560175 SteerR changed to 1.00
[Step 146300] Mesh Raycast HIT at T=0.23 | Z=80.00
t=1561035 SteerR changed to 0.00
t=1561185 SteerR changed to 1.00
t=1561285 SteerR changed to 0.00
t=1561465 SteerL changed to -1.00
t=1561565 SteerL changed to 0.00
[Step 146400] Mesh Raycast HIT at T=0.23 | Z=80.00
t=1561855 SteerR changed to 1.00
t=1562455 Gas changed to 0.00
t=1562605 Gas changed to 1.00
[Step 146500] Mesh Raycast HIT at T=0.23 | Z=80.00
T: 1465.00s | Pos: (483, 1.29, -38843) | Spd: 102 km/h | Yaw: 1.57 | Steer: 1.00
[Step 146600] Mesh Raycast HIT at T=0.23 | Z=80.00
t=1563985 SteerR changed to 0.00
[Step 146700] Mesh Raycast HIT at T=0.23 | Z=80.00
[Step 146800] Mesh Raycast HIT at T=0.23 | Z=80.00
[Step 146900] Mesh Raycast HIT at T=0.23 | Z=80.00
t=1567055 Gas changed to 0.00
t=1567165 Gas changed to 1.00
t=1567225 Gas changed to 0.00
[Step 147000] Mesh Raycast HIT at T=0.23 | Z=80.00
T: 1470.00s | Pos: (483, 1.29, -38988) | Spd: 87 km/h | Yaw: 1.57 | Steer: 0.00
t=1567925 Gas changed to 1.00
t=1568395 Gas changed to 0.00
[Step 147100] Mesh Raycast HIT at T=0.23 | Z=80.00
t=1568875 SteerR changed to 1.00
[Step 147200] Mesh Raycast HIT at T=0.23 | Z=80.00
[Step 147300] Mesh Raycast HIT at T=0.23 | Z=80.00
t=1570705 Gas changed to 1.00
t=1571295 SteerR changed to 0.00
[Step 147400] Mesh Raycast HIT at T=0.23 | Z=80.00
t=1571935 SteerL changed to -1.00
t=1572075 SteerL changed to 0.00
t=1572275 SteerL changed to -1.00
[Step 147500] Mesh Raycast HIT at T=0.23 | Z=80.00
T: 1475.00s | Pos: (483, 1.29, -39074) | Spd: 72 km/h | Yaw: 1.57 | Steer: -1.00
t=1572985 SteerL changed to 0.00
[Step 147600] Mesh Raycast HIT at T=0.23 | Z=80.00
t=1573875 SteerR changed to 1.00
t=1574035 SteerR changed to 0.00
t=1574165 SteerR changed to 1.00
t=1574335 SteerR changed to 0.00
t=1574445 SteerR changed to 1.00
[Step 147700] Mesh Raycast HIT at T=0.23 | Z=80.00
t=1575275 SteerR changed to 0.00
[Step 147800] Mesh Raycast HIT at T=0.23 | Z=80.00
t=1576295 SteerR changed to 1.00
t=1576495 Gas changed to 0.00
[Step 147900] Mesh Raycast HIT at T=0.23 | Z=80.00
t=1577075 SteerR changed to 0.00
t=1577225 SteerL changed to -1.00
t=1577445 SteerL changed to 0.00
t=1577555 SteerL changed to -1.00
t=1577695 SteerL changed to 0.00
[Step 148000] Mesh Raycast HIT at T=0.23 | Z=80.00
T: 1480.00s | Pos: (483, 1.29, -39194) | Spd: 65 km/h | Yaw: 1.57 | Steer: 0.00
t=1577755 SteerL changed to -1.00
t=1578065 Gas changed to 1.00
[Step 148100] Mesh Raycast HIT at T=0.23 | Z=80.00
t=1579425 SteerL changed to 0.00
[Step 148200] Mesh Raycast HIT at T=0.23 | Z=80.00
t=1579925 SteerL changed to -1.00
t=1579985 SteerL changed to 0.00
[Step 148300] Mesh Raycast HIT at T=0.23 | Z=80.00
[Step 148400] Mesh Raycast HIT at T=0.23 | Z=80.00
t=1581855 SteerL changed to -1.00
t=1582235 SteerL changed to 0.00
t=1582275 Gas changed to 0.00
t=1582425 SteerR changed to 1.00
[Step 148500] Mesh Raycast HIT at T=0.23 | Z=80.00
T: 1485.00s | Pos: (483, 1.29, -39306) | Spd: 82 km/h | Yaw: 1.57 | Steer: 1.00
t=1583215 Gas changed to 1.00
[Step 148600] Mesh Raycast HIT at T=0.23 | Z=80.00
[Step 148700] Mesh Raycast HIT at T=0.23 | Z=80.00
t=1584775 SteerR changed to 0.00
t=1585255 SteerL changed to -1.00
t=1585475 SteerL changed to 0.00
t=1585635 SteerL changed to -1.00
[Step 148800] Mesh Raycast HIT at T=0.23 | Z=80.00
t=1585745 SteerL changed to 0.00
[Step 148900] Mesh Raycast HIT at T=0.23 | Z=80.00
t=1587265 SteerL changed to -1.00
[Step 149000] Mesh Raycast HIT at T=0.23 | Z=80.00
T: 1490.00s | Pos: (483, 1.29, -39427) | Spd: 99 km/h | Yaw: 1.57 | Steer: -1.00
t=1588395 SteerL changed to 0.00
t=1588555 SteerR changed to 1.00
[Step 149100] Mesh Raycast HIT at T=0.23 | Z=80.00
t=1588865 Gas changed to 0.00
t=1589315 Gas changed to 1.00
[Step 149200] Mesh Raycast HIT at T=0.23 | Z=80.00
t=1590285 SteerR changed to 0.00
t=1590395 SteerR changed to 1.00
[Step 149300] Mesh Raycast HIT at T=0.23 | Z=80.00
[Step 149400] Mesh Raycast HIT at T=0.23 | Z=80.00
t=1591915 SteerR changed to 0.00
t=1592625 SteerL changed to -1.00
[Step 149500] Mesh Raycast HIT at T=0.23 | Z=80.00
T: 1495.00s | Pos: (483, 1.29, -39561) | Spd: 101 km/h | Yaw: 1.57 | Steer: -1.00
t=1592805 SteerL changed to 0.00
t=1592935 SteerL changed to -1.00
t=1593415 SteerL changed to 0.00
[Step 149600] Mesh Raycast HIT at T=0.23 | Z=80.00
t=1593765 SteerR changed to 1.00
t=1593945 SteerR changed to 0.00
t=1594045 SteerR changed to 1.00
t=1594445 SteerR changed to 0.00
[Step 149700] Mesh Raycast HIT at T=0.23 | Z=80.00
t=1594835 SteerR changed to 1.00
t=1594865 SteerR changed to 0.00
[Step 149800] Mesh Raycast HIT at T=0.23 | Z=80.00
[Step 149900] Mesh Raycast HIT at T=0.23 | Z=80.00
[Step 150000] Mesh Raycast HIT at T=0.23 | Z=80.00
T: 1500.00s | Pos: (483, 1.29, -39707) | Spd: 106 km/h | Yaw: 1.57 | Steer: 0.00
t=1598305 SteerR changed to 1.00
[Step 150100] Mesh Raycast HIT at T=0.23 | Z=80.00
t=1598975 Gas changed to 0.00
t=1599195 Gas changed to 1.00
[Step 150200] Mesh Raycast HIT at T=0.23 | Z=80.00
t=1600205 SteerR changed to 0.00
t=1600575 SteerL changed to -1.00
t=1600615 SteerL changed to 0.00
[Step 150300] Mesh Raycast HIT at T=0.23 | Z=80.00
t=1600985 SteerR changed to 1.00
t=1601245 SteerR changed to 0.00
[Step 150400] Mesh Raycast HIT at T=0.23 | Z=80.00
[Step 150500] Mesh Raycast HIT at T=0.23 | Z=80.00
T: 1505.00s | Pos: (483, 1.29, -39852) | Spd: 105 km/h | Yaw: 1.57 | Steer: 0.00
t=1603365 SteerR changed to 1.00
[Step 150600] Mesh Raycast HIT at T=0.23 | Z=80.00
t=1603775 SteerR changed to 0.00
t=1604045 SteerL changed to -1.00
t=1604365 SteerL changed to 0.00
[Step 150700] Mesh Raycast HIT at T=0.23 | Z=80.00
t=1605625 Gas changed to 0.00
t=1605635 SteerR changed to 1.00
[Step 150800] Mesh Raycast HIT at T=0.23 | Z=80.00
t=1606555 Gas changed to 1.00
[Step 150900] Mesh Raycast HIT at T=0.23 | Z=80.00
t=1606845 SteerR changed to 0.00
t=1607345 SteerR changed to 1.00
t=1607475 SteerR changed to 0.00
t=1607595 SteerR changed to 1.00
[Step 151000] Mesh Raycast HIT at T=0.23 | Z=80.00
T: 1510.00s | Pos: (483, 1.29, -39988) | Spd: 87 km/h | Yaw: 1.57 | Steer: 1.00
t=1607945 SteerR changed to 0.00
t=1608015 SteerR changed to 1.00
t=1608625 SteerR changed to 0.00
t=1608655 SteerR changed to 1.00
[Step 151100] Mesh Raycast HIT at T=0.23 | Z=80.00
t=1608845 SteerR changed to 0.00
t=1608935 SteerR changed to 1.00
t=1609345 SteerR changed to 0.00
[Step 151200] Mesh Raycast HIT at T=0.23 | Z=80.00
[Step 151300] Mesh Raycast HIT at T=0.23 | Z=80.00
[Step 151400] Mesh Raycast HIT at T=0.23 | Z=80.00
[Step 151500] Mesh Raycast HIT at T=0.23 | Z=80.00
T: 1515.00s | Pos: (483, 1.29, -40125) | Spd: 104 km/h | Yaw: 1.57 | Steer: 0.00
[Step 151600] Mesh Raycast HIT at T=0.23 | Z=80.00
t=1613735 SteerR changed to 1.00
t=1613835 SteerR changed to 0.00
[Step 151700] Mesh Raycast HIT at T=0.23 | Z=80.00
[Step 151800] Mesh Raycast HIT at T=0.23 | Z=80.00
[Step 151900] Mesh Raycast HIT at T=0.23 | Z=80.00
t=1616785 SteerL changed to -1.00
t=1616845 SteerL changed to 0.00
[Step 152000] Mesh Raycast HIT at T=0.23 | Z=80.00
T: 1520.00s | Pos: (483, 1.29, -40272) | Spd: 107 km/h | Yaw: 1.57 | Steer: 0.00
t=1618325 SteerR changed to 1.00
[Step 152100] Mesh Raycast HIT at T=0.23 | Z=80.00
[Step 152200] Mesh Raycast HIT at T=0.23 | Z=80.00
t=1620315 SteerR changed to 0.00
t=1620495 SteerL changed to -1.00
t=1620605 SteerL changed to 0.00
[Step 152300] Mesh Raycast HIT at T=0.23 | Z=80.00
t=1620875 SteerR changed to 1.00
t=1621025 SteerR changed to 0.00
t=1621235 SteerR changed to 1.00
t=1621435 SteerR changed to 0.00
t=1621495 SteerR changed to 1.00
t=1621635 Gas changed to 0.00
[Step 152400] Mesh Raycast HIT at T=0.23 | Z=80.00
t=1621795 Gas changed to 1.00
[Step 152500] Mesh Raycast HIT at T=0.23 | Z=80.00
T: 1525.00s | Pos: (483, 1.29, -40421) | Spd: 103 km/h | Yaw: 1.57 | Steer: 1.00
t=1623195 SteerR changed to 0.00
t=1623635 SteerR changed to 1.00
t=1623685 SteerR changed to 0.00
[Step 152600] Mesh Raycast HIT at T=0.23 | Z=80.00
[Step 152700] Mesh Raycast HIT at T=0.23 | Z=80.00
[Step 152800] Mesh Raycast HIT at T=0.23 | Z=80.00
[Step 152900] Mesh Raycast HIT at T=0.23 | Z=80.00
t=1626985 Gas changed to 0.00
t=1627665 SteerR changed to 1.00
[Step 153000] Mesh Raycast HIT at T=0.23 | Z=80.00
T: 1530.00s | Pos: (483, 1.29, -40565) | Spd: 84 km/h | Yaw: 1.57 | Steer: 1.00
[Step 153100] Mesh Raycast HIT at T=0.23 | Z=80.00
t=1629565 Gas changed to 1.00
[Step 153200] Mesh Raycast HIT at T=0.23 | Z=80.00
t=1629955 Gas changed to 0.00
t=1630175 Gas changed to 1.00
t=1630455 SteerR changed to 0.00
[Step 153300] Mesh Raycast HIT at T=0.23 | Z=80.00
[Step 153400] Mesh Raycast HIT at T=0.23 | Z=80.00
[Step 153500] Mesh Raycast HIT at T=0.23 | Z=80.00
T: 1535.00s | Pos: (483, 1.29, -40654) | Spd: 82 km/h | Yaw: 1.57 | Steer: 0.00
t=1632915 SteerR changed to 1.00
t=1633395 SteerR changed to 0.00
t=1633525 SteerR changed to 1.00
[Step 153600] Mesh Raycast HIT at T=0.23 | Z=80.00
t=1634255 SteerR changed to 0.00
t=1634685 SteerL changed to -1.00
[Step 153700] Mesh Raycast HIT at T=0.23 | Z=80.00
t=1634855 SteerL changed to 0.00
t=1635375 SteerR changed to 1.00
t=1635425 Gas changed to 0.00
[Step 153800] Mesh Raycast HIT at T=0.23 | Z=80.00
t=1636105 Gas changed to 1.00
t=1636145 SteerR changed to 0.00
t=1636305 SteerL changed to -1.00
[Step 153900] Mesh Raycast HIT at T=0.23 | Z=80.00
t=1636725 SteerL changed to 0.00
t=1636885 SteerR changed to 1.00
t=1637225 SteerR changed to 0.00
t=1637255 SteerL changed to -1.00
[Step 154000] Mesh Raycast HIT at T=0.23 | Z=80.00
T: 1540.00s | Pos: (483, 1.29, -40777) | Spd: 90 km/h | Yaw: 1.57 | Steer: -1.00
t=1638285 SteerL changed to 0.00
t=1638505 SteerL changed to -1.00
t=1638685 SteerL changed to 0.00
[Step 154100] Mesh Raycast HIT at T=0.23 | Z=80.00
t=1638795 SteerL changed to -1.00
t=1639015 SteerL changed to 0.00
t=1639145 SteerL changed to -1.00
t=1639255 SteerL changed to 0.00
[Step 154200] Mesh Raycast HIT at T=0.23 | Z=80.00
[Step 154300] Mesh Raycast HIT at T=0.23 | Z=80.00
t=1640905 SteerL changed to -1.00
t=1641095 SteerL changed to 0.00
t=1641455 SteerR changed to 1.00
t=1641525 SteerR changed to 0.00
[Step 154400] Mesh Raycast HIT at T=0.23 | Z=80.00
t=1642355 SteerL changed to -1.00
t=1642685 SteerL changed to 0.00
[Step 154500] Mesh Raycast HIT at T=0.23 | Z=80.00
T: 1545.00s | Pos: (483, 1.29, -40915) | Spd: 104 km/h | Yaw: 1.57 | Steer: 0.00
t=1642975 SteerR changed to 1.00
t=1643025 Gas changed to 0.00
[Step 154600] Mesh Raycast HIT at T=0.23 | Z=80.00
t=1643835 Gas changed to 1.00
t=1644085 Gas changed to 0.00
t=1644135 Gas changed to 1.00
t=1644475 Gas changed to 0.00
t=1644615 Gas changed to 1.00
[Step 154700] Mesh Raycast HIT at T=0.23 | Z=80.00
t=1645305 SteerR changed to 0.00
[Step 154800] Mesh Raycast HIT at T=0.23 | Z=80.00
t=1646255 SteerL changed to -1.00
t=1646365 SteerL changed to 0.00
[Step 154900] Mesh Raycast HIT at T=0.23 | Z=80.00
t=1646945 SteerL changed to -1.00
t=1647145 SteerL changed to 0.00
[Step 155000] Mesh Raycast HIT at T=0.23 | Z=80.00
T: 1550.00s | Pos: (483, 1.29, -41041) | Spd: 98 km/h | Yaw: 1.57 | Steer: 0.00
t=1647735 SteerL changed to -1.00
t=1647885 SteerL changed to 0.00
t=1648075 SteerL changed to -1.00
[Step 155100] Mesh Raycast HIT at T=0.23 | Z=80.00
t=1648945 SteerL changed to 0.00
t=1649155 SteerR changed to 1.00
[Step 155200] Mesh Raycast HIT at T=0.23 | Z=80.00
t=1649845 Gas changed to 0.00
t=1650155 Gas changed to 1.00
[Step 155300] Mesh Raycast HIT at T=0.23 | Z=80.00
t=1650775 Gas changed to 0.00
t=1650915 Gas changed to 1.00
[Step 155400] Mesh Raycast HIT at T=0.23 | Z=80.00
t=1652335 SteerR changed to 0.00
[Step 155500] Mesh Raycast HIT at T=0.23 | Z=80.00
T: 1555.00s | Pos: (483, 1.29, -41177) | Spd: 98 km/h | Yaw: 1.57 | Steer: 0.00
t=1653265 SteerL changed to -1.00
[Step 155600] Mesh Raycast HIT at T=0.23 | Z=80.00
t=1653855 SteerL changed to 0.00
t=1654445 SteerR changed to 1.00
[Step 155700] Mesh Raycast HIT at T=0.23 | Z=80.00
t=1655105 SteerR changed to 0.00
t=1655515 SteerL changed to -1.00
t=1655585 SteerL changed to 0.00
[Step 155800] Mesh Raycast HIT at T=0.23 | Z=80.00
[Step 155900] Mesh Raycast HIT at T=0.23 | Z=80.00
[Step 156000] Mesh Raycast HIT at T=0.23 | Z=80.00
T: 1560.00s | Pos: (483, 1.29, -41320) | Spd: 106 km/h | Yaw: 1.57 | Steer: 0.00
[Step 156100] Mesh Raycast HIT at T=0.23 | Z=80.00
t=1658885 SteerR changed to 1.00
t=1658905 Gas changed to 0.00
t=1659265 Gas changed to 1.00
t=1659335 Gas changed to 0.00
t=1659545 Gas changed to 1.00
[Step 156200] Mesh Raycast HIT at T=0.23 | Z=80.00
t=1660245 SteerR changed to 0.00
t=1660325 SteerR changed to 1.00
[Step 156300] Mesh Raycast HIT at T=0.23 | Z=80.00
t=1660875 SteerR changed to 0.00
t=1661025 SteerR changed to 1.00
t=1661105 SteerR changed to 0.00
t=1661415 SteerL changed to -1.00
t=1661495 SteerL changed to 0.00
[Step 156400] Mesh Raycast HIT at T=0.23 | Z=80.00
t=1661775 SteerR changed to 1.00
t=1661915 SteerR changed to 0.00
t=1662135 SteerR changed to 1.00
[Step 156500] Mesh Raycast HIT at T=0.23 | Z=80.00
T: 1565.00s | Pos: (483, 1.29, -41458) | Spd: 101 km/h | Yaw: 1.57 | Steer: 1.00
t=1662715 SteerR changed to 0.00
t=1663145 SteerR changed to 1.00
t=1663275 SteerR changed to 0.00
[Step 156600] Mesh Raycast HIT at T=0.23 | Z=80.00
t=1663965 SteerR changed to 1.00
t=1664075 SteerR changed to 0.00
t=1664225 SteerR changed to 1.00
t=1664385 SteerR changed to 0.00
[Step 156700] Mesh Raycast HIT at T=0.23 | Z=80.00
t=1664895 SteerR changed to 1.00
t=1664985 SteerR changed to 0.00
t=1665335 SteerL changed to -1.00
t=1665585 SteerL changed to 0.00
[Step 156800] Mesh Raycast HIT at T=0.23 | Z=80.00
[Step 156900] Mesh Raycast HIT at T=0.23 | Z=80.00
[Step 157000] Mesh Raycast HIT at T=0.23 | Z=80.00
T: 1570.00s | Pos: (483, 1.29, -41603) | Spd: 106 km/h | Yaw: 1.57 | Steer: 0.00
t=1668295 SteerR changed to 1.00
t=1668475 SteerR changed to 0.00
t=1668615 SteerR changed to 1.00
[Step 157100] Mesh Raycast HIT at T=0.23 | Z=80.00
t=1669405 SteerR changed to 0.00
t=1669595 SteerR changed to 1.00
[Step 157200] Mesh Raycast HIT at T=0.23 | Z=80.00
t=1669765 SteerR changed to 0.00
t=1669845 SteerR changed to 1.00
t=1670405 SteerR changed to 0.00
[Step 157300] Mesh Raycast HIT at T=0.23 | Z=80.00
t=1670785 SteerR changed to 1.00
t=1670875 SteerR changed to 0.00
[Step 157400] Mesh Raycast HIT at T=0.23 | Z=80.00
[Step 157500] Mesh Raycast HIT at T=0.23 | Z=80.00
T: 1575.00s | Pos: (483, 1.29, -41752) | Spd: 107 km/h | Yaw: 1.57 | Steer: 0.00
[Step 157600] Mesh Raycast HIT at T=0.23 | Z=80.00
t=1674275 SteerR changed to 1.00
t=1674425 SteerR changed to 0.00
[Step 157700] Mesh Raycast HIT at T=0.23 | Z=80.00
t=1674925 SteerL changed to -1.00
t=1674975 SteerL changed to 0.00
[Step 157800] Mesh Raycast HIT at T=0.23 | Z=80.00
[Step 157900] Mesh Raycast HIT at T=0.23 | Z=80.00
t=1677225 SteerL changed to -1.00
t=1677285 SteerL changed to 0.00
[Step 158000] Mesh Raycast HIT at T=0.23 | Z=80.00
T: 1580.00s | Pos: (483, 1.29, -41903) | Spd: 107 km/h | Yaw: 1.57 | Steer: 0.00
t=1678205 SteerR changed to 1.00
t=1678315 SteerR changed to 0.00
[Step 158100] Mesh Raycast HIT at T=0.23 | Z=80.00
t=1679025 SteerR changed to 1.00
[Step 158200] Mesh Raycast HIT at T=0.23 | Z=80.00
t=1679905 SteerR changed to 0.00
t=1679995 SteerR changed to 1.00
[Step 158300] Mesh Raycast HIT at T=0.23 | Z=80.00
t=1680895 SteerR changed to 0.00
t=1681215 SteerR changed to 1.00
t=1681275 SteerR changed to 0.00
[Step 158400] Mesh Raycast HIT at T=0.23 | Z=80.00
t=1681835 SteerR changed to 1.00
t=1682295 Gas changed to 0.00
t=1682435 Gas changed to 1.00
[Step 158500] Mesh Raycast HIT at T=0.23 | Z=80.00
T: 1585.00s | Pos: (483, 1.29, -42053) | Spd: 103 km/h | Yaw: 1.57 | Steer: 1.00
t=1683215 Gas changed to 0.00
t=1683325 Gas changed to 1.00
[Step 158600] Mesh Raycast HIT at T=0.23 | Z=80.00
t=1683935 SteerR changed to 0.00
[Step 158700] Mesh Raycast HIT at T=0.23 | Z=80.00
t=1685225 SteerL changed to -1.00
t=1685275 SteerL changed to 0.00
[Step 158800] Mesh Raycast HIT at T=0.23 | Z=80.00
[Step 158900] Mesh Raycast HIT at T=0.23 | Z=80.00
[Step 159000] Mesh Raycast HIT at T=0.23 | Z=80.00
T: 1590.00s | Pos: (483, 1.29, -42197) | Spd: 106 km/h | Yaw: 1.57 | Steer: 0.00
t=1688045 Gas changed to 0.00
t=1688315 SteerR changed to 1.00
[Step 159100] Mesh Raycast HIT at T=0.23 | Z=80.00
[Step 159200] Mesh Raycast HIT at T=0.23 | Z=80.00
t=1690415 Gas changed to 1.00
[Step 159300] Mesh Raycast HIT at T=0.23 | Z=80.00
t=1691045 SteerR changed to 0.00
[Step 159400] Mesh Raycast HIT at T=0.23 | Z=80.00
[Step 159500] Mesh Raycast HIT at T=0.23 | Z=80.00
T: 1595.00s | Pos: (483, 1.29, -42297) | Spd: 80 km/h | Yaw: 1.57 | Steer: 0.00
[Step 159600] Mesh Raycast HIT at T=0.23 | Z=80.00
t=1693745 SteerR changed to 1.00
t=1694005 SteerR changed to 0.00
t=1694115 SteerR changed to 1.00
t=1694255 SteerR changed to 0.00
t=1694475 SteerR changed to 1.00
t=1694675 SteerR changed to 0.00
[Step 159700] Mesh Raycast HIT at T=0.23 | Z=80.00
t=1694755 SteerR changed to 1.00
t=1695445 SteerR changed to 0.00
[Step 159800] Mesh Raycast HIT at T=0.23 | Z=80.00
t=1696055 SteerL changed to -1.00
t=1696165 SteerL changed to 0.00
t=1696365 Gas changed to 0.00
t=1696395 SteerR changed to 1.00
[Step 159900] Mesh Raycast HIT at T=0.23 | Z=80.00
t=1696845 Gas changed to 1.00
t=1697205 SteerR changed to 0.00
t=1697375 SteerL changed to -1.00
[Step 160000] Mesh Raycast HIT at T=0.23 | Z=80.00
T: 1600.00s | Pos: (483, 1.29, -42424) | Spd: 90 km/h | Yaw: 1.57 | Steer: -1.00
t=1697735 Gas changed to 0.00
[Step 160100] Mesh Raycast HIT at T=0.23 | Z=80.00
t=1698995 Gas changed to 1.00
[Step 160200] Mesh Raycast HIT at T=0.23 | Z=80.00
t=1700045 SteerL changed to 0.00
[Step 160300] Mesh Raycast HIT at T=0.23 | Z=80.00
t=1700705 SteerR changed to 1.00
t=1700845 SteerR changed to 0.00
t=1701105 SteerR changed to 1.00
t=1701215 SteerR changed to 0.00
[Step 160400] Mesh Raycast HIT at T=0.23 | Z=80.00
t=1702055 SteerR changed to 1.00
t=1702085 SteerR changed to 0.00
t=1702555 SteerL changed to -1.00
[Step 160500] Mesh Raycast HIT at T=0.23 | Z=80.00
T: 1605.00s | Pos: (483, 1.28, -42534) | Spd: 94 km/h | Yaw: 1.57 | Steer: -1.00
t=1702725 SteerL changed to 0.00
t=1702745 Gas changed to 0.00
t=1702885 SteerR changed to 1.00
t=1703355 SteerR changed to 0.00
t=1703695 SteerR changed to 1.00
[Step 160600] Mesh Raycast HIT at T=0.23 | Z=80.00
t=1704285 Gas changed to 1.00
[Step 160700] Mesh Raycast HIT at T=0.23 | Z=80.00
t=1705155 SteerR changed to 0.00
[Step 160800] Mesh Raycast HIT at T=0.23 | Z=80.00
t=1705775 SteerL changed to -1.00
t=1705915 SteerL changed to 0.00
t=1706315 SteerL changed to -1.00
t=1706455 SteerL changed to 0.00
[Step 160900] Mesh Raycast HIT at T=0.23 | Z=80.00
[Step 161000] Mesh Raycast HIT at T=0.23 | Z=80.00
T: 1610.00s | Pos: (483, 1.28, -42640) | Spd: 91 km/h | Yaw: 1.57 | Steer: 0.00
t=1708235 SteerL changed to -1.00
t=1708405 SteerL changed to 0.00
t=1708565 SteerL changed to -1.00
t=1708685 SteerL changed to 0.00
[Step 161100] Mesh Raycast HIT at T=0.23 | Z=80.00
t=1708785 SteerL changed to -1.00
t=1709045 SteerL changed to 0.00
t=1709135 SteerL changed to -1.00
t=1709605 SteerL changed to 0.00
[Step 161200] Mesh Raycast HIT at T=0.23 | Z=80.00
t=1709855 SteerR changed to 1.00
t=1710325 Gas changed to 0.00
t=1710545 Gas changed to 1.00
[Step 161300] Mesh Raycast HIT at T=0.23 | Z=80.00
t=1711575 SteerR changed to 0.00
t=1711665 SteerR changed to 1.00
[Step 161400] Mesh Raycast HIT at T=0.23 | Z=80.00
t=1712085 Gas changed to 0.00
t=1712235 Gas changed to 1.00
[Step 161500] Mesh Raycast HIT at T=0.23 | Z=80.00
T: 1615.00s | Pos: (483, 1.28, -42774) | Spd: 96 km/h | Yaw: 1.57 | Steer: 1.00
t=1713165 SteerR changed to 0.00
[Step 161600] Mesh Raycast HIT at T=0.23 | Z=80.00
t=1713995 SteerL changed to -1.00
t=1714195 SteerL changed to 0.00
t=1714255 SteerL changed to -1.00
t=1714355 SteerL changed to 0.00
t=1714445 SteerL changed to -1.00
[Step 161700] Mesh Raycast HIT at T=0.23 | Z=80.00
t=1714725 SteerL changed to 0.00
t=1715325 SteerR changed to 1.00
[Step 161800] Mesh Raycast HIT at T=0.23 | Z=80.00
t=1715815 SteerR changed to 0.00
t=1716085 SteerR changed to 1.00
t=1716155 SteerR changed to 0.00
[Step 161900] Mesh Raycast HIT at T=0.23 | Z=80.00
[Step 162000] Mesh Raycast HIT at T=0.23 | Z=80.00
T: 1620.00s | Pos: (483, 1.28, -42917) | Spd: 105 km/h | Yaw: 1.57 | Steer: 0.00
[Step 162100] Mesh Raycast HIT at T=0.23 | Z=80.00
t=1718765 SteerL changed to -1.00
t=1719355 SteerL changed to 0.00
t=1719575 SteerR changed to 1.00
[Step 162200] Mesh Raycast HIT at T=0.23 | Z=80.00
t=1719715 Gas changed to 0.00
t=1720305 Gas changed to 1.00
[Step 162300] Mesh Raycast HIT at T=0.23 | Z=80.00
t=1721595 SteerR changed to 0.00
[Step 162400] Mesh Raycast HIT at T=0.23 | Z=80.00
t=1722185 SteerR changed to 1.00
t=1722225 SteerR changed to 0.00
[Step 162500] Mesh Raycast HIT at T=0.23 | Z=80.00
T: 1625.00s | Pos: (483, 1.28, -43055) | Spd: 98 km/h | Yaw: 1.57 | Steer: 0.00
[Step 162600] Mesh Raycast HIT at T=0.23 | Z=80.00
[Step 162700] Mesh Raycast HIT at T=0.23 | Z=80.00
t=1724725 SteerL changed to -1.00
t=1724795 SteerL changed to 0.00
t=1725305 SteerR changed to 1.00
t=1725475 SteerR changed to 0.00
t=1725665 SteerR changed to 1.00
[Step 162800] Mesh Raycast HIT at T=0.23 | Z=80.00
t=1725835 SteerR changed to 0.00
t=1726185 SteerL changed to -1.00
t=1726445 SteerL changed to 0.00
[Step 162900] Mesh Raycast HIT at T=0.23 | Z=80.00
[Step 163000] Mesh Raycast HIT at T=0.23 | Z=80.00
T: 1630.00s | Pos: (483, 1.28, -43199) | Spd: 106 km/h | Yaw: 1.57 | Steer: 0.00
[Step 163100] Mesh Raycast HIT at T=0.23 | Z=80.00
t=1729185 SteerR changed to 1.00
t=1729295 SteerR changed to 0.00
t=1729405 SteerR changed to 1.00
t=1729555 SteerR changed to 0.00
t=1729655 SteerR changed to 1.00
[Step 163200] Mesh Raycast HIT at T=0.23 | Z=80.00
[Step 163300] Mesh Raycast HIT at T=0.23 | Z=80.00
t=1731115 SteerR changed to 0.00
[Step 163400] Mesh Raycast HIT at T=0.23 | Z=80.00
[Step 163500] Mesh Raycast HIT at T=0.23 | Z=80.00
T: 1635.00s | Pos: (483, 1.28, -43347) | Spd: 107 km/h | Yaw: 1.57 | Steer: 0.00
[Step 163600] Mesh Raycast HIT at T=0.23 | Z=80.00
[Step 163700] Mesh Raycast HIT at T=0.23 | Z=80.00
[Step 163800] Mesh Raycast HIT at T=0.23 | Z=80.00
[Step 163900] Mesh Raycast HIT at T=0.23 | Z=80.00
t=1736975 SteerL changed to -1.00
t=1737045 SteerL changed to 0.00
[Step 164000] Mesh Raycast HIT at T=0.23 | Z=80.00
T: 1640.00s | Pos: (483, 1.28, -43498) | Spd: 107 km/h | Yaw: 1.57 | Steer: 0.00
[Step 164100] Mesh Raycast HIT at T=0.23 | Z=80.00
t=1738885 SteerR changed to 1.00
t=1738975 SteerR changed to 0.00
t=1739525 SteerR changed to 1.00
[Step 164200] Mesh Raycast HIT at T=0.23 | Z=80.00
t=1739825 SteerR changed to 0.00
t=1739895 SteerR changed to 1.00
[Step 164300] Mesh Raycast HIT at T=0.23 | Z=80.00
t=1741435 SteerR changed to 0.00
[Step 164400] Mesh Raycast HIT at T=0.23 | Z=80.00
t=1741715 SteerL changed to -1.00
t=1741775 SteerL changed to 0.00
t=1742005 SteerR changed to 1.00
t=1742085 SteerR changed to 0.00
t=1742395 SteerR changed to 1.00
t=1742555 Gas changed to 0.00
[Step 164500] Mesh Raycast HIT at T=0.23 | Z=80.00
T: 1645.00s | Pos: (483, 1.28, -43648) | Spd: 102 km/h | Yaw: 1.57 | Steer: 1.00
t=1742925 Gas changed to 1.00
[Step 164600] Mesh Raycast HIT at T=0.23 | Z=80.00
t=1744205 SteerR changed to 0.00
t=1744345 SteerR changed to 1.00
t=1744555 SteerR changed to 0.00
[Step 164700] Mesh Raycast HIT at T=0.23 | Z=80.00
t=1744755 SteerR changed to 1.00
t=1744815 SteerR changed to 0.00
[Step 164800] Mesh Raycast HIT at T=0.23 | Z=80.00
t=1745895 SteerL changed to -1.00
t=1745945 SteerL changed to 0.00
[Step 164900] Mesh Raycast HIT at T=0.23 | Z=80.00
[Step 165000] Mesh Raycast HIT at T=0.23 | Z=80.00
T: 1650.00s | Pos: (483, 1.28, -43789) | Spd: 105 km/h | Yaw: 1.57 | Steer: 0.00
[Step 165100] Mesh Raycast HIT at T=0.23 | Z=80.00
t=1748705 Gas changed to 0.00
t=1748975 SteerR changed to 1.00
[Step 165200] Mesh Raycast HIT at T=0.23 | Z=80.00
[Step 165300] Mesh Raycast HIT at T=0.23 | Z=80.00
t=1751215 Gas changed to 1.00
[Step 165400] Mesh Raycast HIT at T=0.24 | Z=80.00
t=1751815 SteerR changed to 0.00
[Step 165500] Mesh Raycast HIT at T=0.24 | Z=80.00
T: 1655.00s | Pos: (483, 1.28, -43893) | Spd: 70 km/h | Yaw: 1.57 | Steer: 0.00
[Step 165600] Mesh Raycast HIT at T=0.24 | Z=80.00
t=1753735 SteerR changed to 1.00
t=1754055 SteerR changed to 0.00
t=1754265 SteerL changed to -1.00
[Step 165700] Mesh Raycast HIT at T=0.24 | Z=80.00
t=1754865 SteerL changed to 0.00
t=1755115 SteerL changed to -1.00
t=1755175 SteerL changed to 0.00
t=1755675 SteerR changed to 1.00
[Step 165800] Mesh Raycast HIT at T=0.24 | Z=80.00
t=1755895 SteerR changed to 0.00
t=1756005 SteerR changed to 1.00
t=1756425 SteerR changed to 0.00
t=1756595 SteerR changed to 1.00
[Step 165900] Mesh Raycast HIT at T=0.24 | Z=80.00
t=1756895 SteerR changed to 0.00
t=1757235 SteerL changed to -1.00
t=1757505 SteerL changed to 0.00
[Step 166000] Mesh Raycast HIT at T=0.24 | Z=80.00
T: 1660.00s | Pos: (483, 1.28, -44018) | Spd: 100 km/h | Yaw: 1.57 | Steer: 0.00
t=1757765 SteerR changed to 1.00
t=1757795 Gas changed to 0.00
t=1758345 Gas changed to 1.00
t=1758575 SteerR changed to 0.00
[Step 166100] Mesh Raycast HIT at T=0.24 | Z=80.00
t=1758815 SteerL changed to -1.00
t=1759165 SteerL changed to 0.00
t=1759345 SteerL changed to -1.00
[Step 166200] Mesh Raycast HIT at T=0.24 | Z=80.00
t=1759805 Gas changed to 0.00
t=1759915 Gas changed to 1.00
t=1760135 Gas changed to 0.00
t=1760265 Gas changed to 1.00
[Step 166300] Mesh Raycast HIT at T=0.24 | Z=80.00
t=1760835 Gas changed to 0.00
t=1761075 Gas changed to 1.00
[Step 166400] Mesh Raycast HIT at T=0.24 | Z=80.00
t=1761935 SteerL changed to 0.00
t=1762135 SteerR changed to 1.00
t=1762595 SteerR changed to 0.00
[Step 166500] Mesh Raycast HIT at T=0.24 | Z=80.00
T: 1665.00s | Pos: (483, 1.28, -44142) | Spd: 94 km/h | Yaw: 1.57 | Steer: 0.00
t=1763225 SteerR changed to 1.00
t=1763275 SteerR changed to 0.00
t=1763665 SteerL changed to -1.00
[Step 166600] Mesh Raycast HIT at T=0.24 | Z=80.00
t=1763845 SteerL changed to 0.00
t=1763925 SteerL changed to -1.00
t=1763985 Gas changed to 0.00
t=1764035 SteerL changed to 0.00
t=1764095 SteerR changed to 1.00
[Step 166700] Mesh Raycast HIT at T=0.24 | Z=80.00
t=1765145 Gas changed to 1.00
[Step 166800] Mesh Raycast HIT at T=0.24 | Z=80.00
t=1766575 SteerR changed to 0.00
[Step 166900] Mesh Raycast HIT at T=0.24 | Z=80.00
t=1767185 SteerL changed to -1.00
t=1767595 SteerL changed to 0.00
[Step 167000] Mesh Raycast HIT at T=0.24 | Z=80.00
T: 1670.00s | Pos: (483, 1.28, -44260) | Spd: 90 km/h | Yaw: 1.57 | Steer: 0.00
[Step 167100] Mesh Raycast HIT at T=0.24 | Z=80.00
t=1768965 SteerL changed to -1.00
t=1769195 SteerL changed to 0.00
t=1769275 SteerL changed to -1.00
t=1769515 SteerL changed to 0.00
t=1769625 SteerL changed to -1.00
[Step 167200] Mesh Raycast HIT at T=0.24 | Z=80.00
t=1770325 SteerL changed to 0.00
t=1770385 SteerR changed to 1.00
t=1770435 Gas changed to 0.00
[Step 167300] Mesh Raycast HIT at T=0.24 | Z=80.00
t=1770775 Gas changed to 1.00
[Step 167400] Mesh Raycast HIT at T=0.24 | Z=80.00
t=1771785 SteerR changed to 0.00
t=1771885 SteerR changed to 1.00
t=1772395 Gas changed to 0.00
[Step 167500] Mesh Raycast HIT at T=0.24 | Z=80.00
T: 1675.00s | Pos: (483, 1.28, -44393) | Spd: 88 km/h | Yaw: 1.57 | Steer: 1.00
t=1772745 Gas changed to 1.00
[Step 167600] Mesh Raycast HIT at T=0.24 | Z=80.00
t=1773705 SteerR changed to 0.00
t=1774285 SteerL changed to -1.00
t=1774425 SteerL changed to 0.00
[Step 167700] Mesh Raycast HIT at T=0.24 | Z=80.00
t=1774815 SteerL changed to -1.00
t=1775365 SteerL changed to 0.00
[Step 167800] Mesh Raycast HIT at T=0.24 | Z=80.00
t=1775895 SteerR changed to 1.00
t=1776555 SteerR changed to 0.00
[Step 167900] Mesh Raycast HIT at T=0.24 | Z=80.00
[Step 168000] Mesh Raycast HIT at T=0.24 | Z=80.00
T: 1680.00s | Pos: (483, 1.28, -44529) | Spd: 103 km/h | Yaw: 1.57 | Steer: 0.00
t=1778135 Gas changed to 0.00
t=1778195 SteerL changed to -1.00
t=1778685 Gas changed to 1.00
[Step 168100] Mesh Raycast HIT at T=0.24 | Z=80.00
t=1779305 SteerL changed to 0.00
[Step 168200] Mesh Raycast HIT at T=0.24 | Z=80.00
t=1779755 SteerR changed to 1.00
t=1779995 SteerR changed to 0.00
t=1780085 SteerR changed to 1.00
t=1780145 SteerR changed to 0.00
[Step 168300] Mesh Raycast HIT at T=0.24 | Z=80.00
t=1780775 SteerR changed to 1.00
t=1780965 SteerR changed to 0.00
t=1780995 SteerR changed to 1.00
t=1781195 SteerR changed to 0.00
t=1781325 SteerR changed to 1.00
[Step 168400] Mesh Raycast HIT at T=0.24 | Z=80.00
t=1781965 Gas changed to 0.00
t=1782135 Gas changed to 1.00
[Step 168500] Mesh Raycast HIT at T=0.24 | Z=80.00
T: 1685.00s | Pos: (483, 1.28, -44662) | Spd: 97 km/h | Yaw: 1.57 | Steer: 1.00
t=1782815 SteerR changed to 0.00
t=1783315 SteerL changed to -1.00
t=1783335 SteerL changed to 0.00
[Step 168600] Mesh Raycast HIT at T=0.24 | Z=80.00
[Step 168700] Mesh Raycast HIT at T=0.24 | Z=80.00
t=1785235 SteerL changed to -1.00
t=1785295 SteerL changed to 0.00
[Step 168800] Mesh Raycast HIT at T=0.24 | Z=80.00
t=1786145 SteerR changed to 1.00
t=1786535 SteerR changed to 0.00
[Step 168900] Mesh Raycast HIT at T=0.24 | Z=80.00
t=1786875 SteerL changed to -1.00
t=1787155 SteerL changed to 0.00
t=1787375 SteerL changed to -1.00
t=1787415 SteerL changed to 0.00
[Step 169000] Mesh Raycast HIT at T=0.24 | Z=80.00
T: 1690.00s | Pos: (483, 1.28, -44805) | Spd: 106 km/h | Yaw: 1.57 | Steer: 0.00
t=1787855 SteerR changed to 1.00
t=1788205 SteerR changed to 0.00
[Step 169100] Mesh Raycast HIT at T=0.24 | Z=80.00
t=1788805 SteerR changed to 1.00
t=1788845 Gas changed to 0.00
t=1789235 Gas changed to 1.00
[Step 169200] Mesh Raycast HIT at T=0.24 | Z=80.00
[Step 169300] Mesh Raycast HIT at T=0.24 | Z=80.00
t=1790945 SteerR changed to 0.00
t=1791055 SteerR changed to 1.00
t=1791305 SteerR changed to 0.00
t=1791415 SteerR changed to 1.00
t=1791575 SteerR changed to 0.00
t=1791685 SteerR changed to 1.00
[Step 169400] Mesh Raycast HIT at T=0.24 | Z=80.00
t=1791975 SteerR changed to 0.00
t=1792085 SteerR changed to 1.00
t=1792235 SteerR changed to 0.00
t=1792645 SteerR changed to 1.00
[Step 169500] Mesh Raycast HIT at T=0.24 | Z=80.00
T: 1695.00s | Pos: (483, 1.28, -44946) | Spd: 103 km/h | Yaw: 1.57 | Steer: 1.00
t=1792725 SteerR changed to 0.00
[Step 169600] Mesh Raycast HIT at T=0.24 | Z=80.00
[Step 169700] Mesh Raycast HIT at T=0.24 | Z=80.00
[Step 169800] Mesh Raycast HIT at T=0.24 | Z=80.00
t=1796045 SteerR changed to 1.00
t=1796125 SteerR changed to 0.00
[Step 169900] Mesh Raycast HIT at T=0.24 | Z=80.00
t=1796845 SteerR changed to 1.00
t=1796925 SteerR changed to 0.00
[Step 170000] Mesh Raycast HIT at T=0.24 | Z=80.00
T: 1700.00s | Pos: (483, 1.28, -45093) | Spd: 107 km/h | Yaw: 1.57 | Steer: 0.00
t=1798525 SteerL changed to -1.00
t=1798635 SteerL changed to 0.00
[Step 170100] Mesh Raycast HIT at T=0.24 | Z=80.00
[Step 170200] Mesh Raycast HIT at T=0.24 | Z=80.00
[Step 170300] Mesh Raycast HIT at T=0.24 | Z=80.00
t=1800975 SteerR changed to 1.00
t=1801055 SteerR changed to 0.00
t=1801185 SteerR changed to 1.00
[Step 170400] Mesh Raycast HIT at T=0.24 | Z=80.00
t=1801915 SteerR changed to 0.00
t=1802005 SteerR changed to 1.00
[Step 170500] Mesh Raycast HIT at T=0.24 | Z=80.00
T: 1705.00s | Pos: (483, 1.28, -45242) | Spd: 107 km/h | Yaw: 1.57 | Steer: 1.00
t=1803025 SteerR changed to 0.00
t=1803485 SteerR changed to 1.00
t=1803565 SteerR changed to 0.00
t=1803665 SteerR changed to 1.00
[Step 170600] Mesh Raycast HIT at T=0.24 | Z=80.00
t=1803735 SteerR changed to 0.00
t=1804055 SteerR changed to 1.00
[Step 170700] Mesh Raycast HIT at T=0.24 | Z=80.00
t=1804705 Gas changed to 0.00
t=1805065 Gas changed to 1.00
[Step 170800] Mesh Raycast HIT at T=0.24 | Z=80.00
t=1805795 SteerR changed to 0.00
t=1805985 SteerR changed to 1.00
t=1806105 SteerR changed to 0.00
t=1806215 SteerR changed to 1.00
t=1806375 SteerR changed to 0.00
t=1806665 SteerL changed to -1.00
[Step 170900] Mesh Raycast HIT at T=0.24 | Z=80.00
t=1806715 SteerL changed to 0.00
[Step 171000] Mesh Raycast HIT at T=0.24 | Z=80.00
T: 1710.00s | Pos: (483, 1.28, -45386) | Spd: 102 km/h | Yaw: 1.57 | Steer: 0.00
[Step 171100] Mesh Raycast HIT at T=0.24 | Z=80.00
[Step 171200] Mesh Raycast HIT at T=0.24 | Z=80.00
t=1810605 Gas changed to 0.00
[Step 171300] Mesh Raycast HIT at T=0.24 | Z=80.00
t=1810715 SteerR changed to 1.00
[Step 171400] Mesh Raycast HIT at T=0.24 | Z=80.00
t=1812585 Gas changed to 1.00
[Step 171500] Mesh Raycast HIT at T=0.24 | Z=80.00
T: 1715.00s | Pos: (483, 1.28, -45515) | Spd: 56 km/h | Yaw: 1.57 | Steer: 1.00
t=1813375 SteerR changed to 0.00
[Step 171600] Mesh Raycast HIT at T=0.24 | Z=80.00
[Step 171700] Mesh Raycast HIT at T=0.24 | Z=80.00
[Step 171800] Mesh Raycast HIT at T=0.24 | Z=80.00
t=1816065 SteerR changed to 1.00
t=1816655 SteerR changed to 0.00
[Step 171900] Mesh Raycast HIT at T=0.24 | Z=80.00
t=1816745 SteerR changed to 1.00
t=1816955 SteerR changed to 0.00
t=1817055 SteerR changed to 1.00
t=1817515 SteerR changed to 0.00
[Step 172000] Mesh Raycast HIT at T=0.24 | Z=80.00
T: 1720.00s | Pos: (483, 1.28, -45630) | Spd: 98 km/h | Yaw: 1.57 | Steer: 0.00
t=1817965 SteerL changed to -1.00
t=1818145 SteerL changed to 0.00
t=1818405 Gas changed to 0.00
t=1818415 SteerR changed to 1.00
[Step 172100] Mesh Raycast HIT at T=0.24 | Z=80.00
t=1819305 SteerR changed to 0.00
t=1819325 Gas changed to 1.00
t=1819545 SteerL changed to -1.00
t=1819655 Gas changed to 0.00
[Step 172200] Mesh Raycast HIT at T=0.24 | Z=80.00
t=1820525 Gas changed to 1.00
[Step 172300] Mesh Raycast HIT at T=0.24 | Z=80.00
[Step 172400] Mesh Raycast HIT at T=0.24 | Z=80.00
t=1821915 SteerL changed to 0.00
[Step 172500] Mesh Raycast HIT at T=0.24 | Z=80.00
T: 1725.00s | Pos: (483, 1.28, -45739) | Spd: 83 km/h | Yaw: 1.57 | Steer: 0.00
t=1823345 SteerR changed to 1.00
t=1823455 SteerR changed to 0.00
[Step 172600] Mesh Raycast HIT at T=0.24 | Z=80.00
t=1824375 SteerL changed to -1.00
[Step 172700] Mesh Raycast HIT at T=0.24 | Z=80.00
t=1824705 Gas changed to 0.00
t=1824705 SteerL changed to 0.00
t=1824765 SteerR changed to 1.00
[Step 172800] Mesh Raycast HIT at T=0.24 | Z=80.00
t=1826175 Gas changed to 1.00
[Step 172900] Mesh Raycast HIT at T=0.24 | Z=80.00
t=1826855 SteerR changed to 0.00
[Step 173000] Mesh Raycast HIT at T=0.24 | Z=80.00
T: 1730.00s | Pos: (483, 1.28, -45849) | Spd: 78 km/h | Yaw: 1.57 | Steer: 0.00
t=1828245 SteerL changed to -1.00
t=1828405 SteerL changed to 0.00
[Step 173100] Mesh Raycast HIT at T=0.24 | Z=80.00
t=1829445 SteerL changed to -1.00
t=1829575 SteerL changed to 0.00
[Step 173200] Mesh Raycast HIT at T=0.24 | Z=80.00
t=1829995 SteerL changed to -1.00
t=1830245 SteerL changed to 0.00
t=1830335 SteerL changed to -1.00
t=1830535 SteerL changed to 0.00
t=1830635 SteerL changed to -1.00
[Step 173300] Mesh Raycast HIT at T=0.24 | Z=80.00
t=1831115 SteerL changed to 0.00
t=1831305 SteerR changed to 1.00
[Step 173400] Mesh Raycast HIT at T=0.24 | Z=80.00
t=1832005 Gas changed to 0.00
t=1832305 Gas changed to 1.00
[Step 173500] Mesh Raycast HIT at T=0.24 | Z=80.00
T: 1735.00s | Pos: (483, 1.28, -45978) | Spd: 93 km/h | Yaw: 1.57 | Steer: 1.00
[Step 173600] Mesh Raycast HIT at T=0.24 | Z=80.00
t=1834565 SteerR changed to 0.00
[Step 173700] Mesh Raycast HIT at T=0.24 | Z=80.00
t=1835315 SteerL changed to -1.00
[Step 173800] Mesh Raycast HIT at T=0.24 | Z=80.00
t=1836015 SteerL changed to 0.00
t=1836415 SteerR changed to 1.00
[Step 173900] Mesh Raycast HIT at T=0.24 | Z=80.00
t=1837065 SteerR changed to 0.00
[Step 174000] Mesh Raycast HIT at T=0.24 | Z=80.00
T: 1740.00s | Pos: (483, 1.28, -46118) | Spd: 105 km/h | Yaw: 1.57 | Steer: 0.00
[Step 174100] Mesh Raycast HIT at T=0.24 | Z=80.00
[Step 174200] Mesh Raycast HIT at T=0.24 | Z=80.00
[Step 174300] Mesh Raycast HIT at T=0.24 | Z=80.00
t=1840865 SteerR changed to 1.00
t=1841435 Gas changed to 0.00
t=1841625 Gas changed to 1.00
[Step 174400] Mesh Raycast HIT at T=0.24 | Z=80.00
[Step 174500] Mesh Raycast HIT at T=0.24 | Z=80.00
T: 1745.00s | Pos: (483, 1.28, -46264) | Spd: 102 km/h | Yaw: 1.57 | Steer: 1.00
t=1842795 SteerR changed to 0.00
[Step 174600] Mesh Raycast HIT at T=0.24 | Z=80.00
[Step 174700] Mesh Raycast HIT at T=0.24 | Z=80.00
t=1845245 SteerL changed to -1.00
t=1845295 SteerL changed to 0.00
[Step 174800] Mesh Raycast HIT at T=0.24 | Z=80.00
t=1846095 SteerR changed to 1.00
t=1846455 SteerR changed to 0.00
[Step 174900] Mesh Raycast HIT at T=0.24 | Z=80.00
t=1846775 SteerL changed to -1.00
t=1847075 SteerL changed to 0.00
[Step 175000] Mesh Raycast HIT at T=0.24 | Z=80.00
T: 1750.00s | Pos: (483, 1.28, -46411) | Spd: 107 km/h | Yaw: 1.57 | Steer: 0.00
t=1847885 Gas changed to 0.00
t=1847905 SteerR changed to 1.00
[Step 175100] Mesh Raycast HIT at T=0.24 | Z=80.00
t=1848935 Gas changed to 1.00
t=1849395 SteerR changed to 0.00
t=1849675 SteerR changed to 1.00
[Step 175200] Mesh Raycast HIT at T=0.24 | Z=80.00
t=1850055 SteerR changed to 0.00
t=1850145 SteerR changed to 1.00
t=1850425 SteerR changed to 0.00
t=1850505 SteerR changed to 1.00
[Step 175300] Mesh Raycast HIT at T=0.24 | Z=80.00
t=1851605 SteerR changed to 0.00
[Step 175400] Mesh Raycast HIT at T=0.24 | Z=80.00
[Step 175500] Mesh Raycast HIT at T=0.24 | Z=80.00
T: 1755.00s | Pos: (483, 1.28, -46536) | Spd: 98 km/h | Yaw: 1.57 | Steer: 0.00
[Step 175600] Mesh Raycast HIT at T=0.24 | Z=80.00
[Step 175700] Mesh Raycast HIT at T=0.24 | Z=80.00
t=1855345 SteerR changed to 1.00
t=1855495 SteerR changed to 0.00
[Step 175800] Mesh Raycast HIT at T=0.24 | Z=80.00
[Step 175900] Mesh Raycast HIT at T=0.24 | Z=80.00
[Step 176000] Mesh Raycast HIT at T=0.24 | Z=80.00
T: 1760.00s | Pos: (483, 1.28, -46680) | Spd: 106 km/h | Yaw: 1.57 | Steer: 0.00
t=1857865 SteerL changed to -1.00
t=1857935 SteerL changed to 0.00
[Step 176100] Mesh Raycast HIT at T=0.24 | Z=80.00
t=1858795 SteerL changed to -1.00
t=1858855 SteerL changed to 0.00
[Step 176200] Mesh Raycast HIT at T=0.24 | Z=80.00
t=1859775 SteerR changed to 1.00
t=1859875 SteerR changed to 0.00
t=1860335 SteerR changed to 1.00
[Step 176300] Mesh Raycast HIT at T=0.24 | Z=80.00
t=1860915 SteerR changed to 0.00
t=1861005 SteerR changed to 1.00
t=1861335 SteerR changed to 0.00
t=1861425 SteerR changed to 1.00
[Step 176400] Mesh Raycast HIT at T=0.24 | Z=80.00
t=1862425 SteerR changed to 0.00
t=1862685 SteerL changed to -1.00
[Step 176500] Mesh Raycast HIT at T=0.24 | Z=80.00
T: 1765.00s | Pos: (483, 1.28, -46828) | Spd: 107 km/h | Yaw: 1.57 | Steer: -1.00
t=1862775 SteerL changed to 0.00
t=1863155 SteerR changed to 1.00
[Step 176600] Mesh Raycast HIT at T=0.24 | Z=80.00
t=1863705 Gas changed to 0.00
t=1863955 Gas changed to 1.00
[Step 176700] Mesh Raycast HIT at T=0.24 | Z=80.00
t=1865265 SteerR changed to 0.00
[Step 176800] Mesh Raycast HIT at T=0.24 | Z=80.00
[Step 176900] Mesh Raycast HIT at T=0.24 | Z=80.00
[Step 177000] Mesh Raycast HIT at T=0.24 | Z=80.00
T: 1770.00s | Pos: (483, 1.28, -46973) | Spd: 105 km/h | Yaw: 1.57 | Steer: 0.00
[Step 177100] Mesh Raycast HIT at T=0.24 | Z=80.00
t=1869495 Gas changed to 0.00
[Step 177200] Mesh Raycast HIT at T=0.24 | Z=80.00
t=1869725 SteerR changed to 1.00
[Step 177300] Mesh Raycast HIT at T=0.24 | Z=80.00
[Step 177400] Mesh Raycast HIT at T=0.23 | Z=80.00
t=1871915 Gas changed to 1.00
t=1872585 SteerR changed to 0.00
[Step 177500] Mesh Raycast HIT at T=0.23 | Z=80.00
T: 1775.00s | Pos: (483, 1.28, -47087) | Spd: 61 km/h | Yaw: 1.57 | Steer: 0.00
[Step 177600] Mesh Raycast HIT at T=0.23 | Z=80.00
t=1874585 SteerL changed to -1.00
[Step 177700] Mesh Raycast HIT at T=0.23 | Z=80.00
t=1874735 SteerL changed to 0.00
t=1875585 SteerR changed to 1.00
[Step 177800] Mesh Raycast HIT at T=0.23 | Z=80.00
t=1876605 SteerR changed to 0.00
[Step 177900] Mesh Raycast HIT at T=0.23 | Z=80.00
t=1876775 SteerR changed to 1.00
t=1876935 SteerR changed to 0.00
t=1877045 SteerL changed to -1.00
t=1877215 SteerL changed to 0.00
t=1877385 SteerR changed to 1.00
t=1877445 Gas changed to 0.00
[Step 178000] Mesh Raycast HIT at T=0.23 | Z=80.00
T: 1780.00s | Pos: (483, 1.28, -47205) | Spd: 90 km/h | Yaw: 1.57 | Steer: 1.00
t=1877715 SteerR changed to 0.00
t=1877875 SteerR changed to 1.00
t=1877885 SteerR changed to 0.00
t=1877925 SteerR changed to 1.00
t=1878305 Gas changed to 1.00
t=1878415 SteerR changed to 0.00
t=1878525 SteerL changed to -1.00
t=1878635 Gas changed to 0.00
[Step 178100] Mesh Raycast HIT at T=0.23 | Z=80.00
t=1879385 Gas changed to 1.00
[Step 178200] Mesh Raycast HIT at T=0.23 | Z=80.00
[Step 178300] Mesh Raycast HIT at T=0.23 | Z=80.00
t=1880885 SteerL changed to 0.00
t=1881275 SteerL changed to -1.00
t=1881385 SteerL changed to 0.00
[Step 178400] Mesh Raycast HIT at T=0.23 | Z=80.00
t=1882085 SteerR changed to 1.00
t=1882205 SteerR changed to 0.00
[Step 178500] Mesh Raycast HIT at T=0.23 | Z=80.00
T: 1785.00s | Pos: (483, 1.28, -47313) | Spd: 92 km/h | Yaw: 1.57 | Steer: 0.00
t=1883015 SteerL changed to -1.00
t=1883325 SteerL changed to 0.00
t=1883365 Gas changed to 0.00
t=1883475 SteerR changed to 1.00
[Step 178600] Mesh Raycast HIT at T=0.23 | Z=80.00
t=1884085 SteerR changed to 0.00
t=1884185 SteerR changed to 1.00
t=1884485 Gas changed to 1.00
[Step 178700] Mesh Raycast HIT at T=0.23 | Z=80.00
[Step 178800] Mesh Raycast HIT at T=0.23 | Z=80.00
t=1885765 SteerR changed to 0.00
t=1886465 SteerL changed to -1.00
[Step 178900] Mesh Raycast HIT at T=0.23 | Z=80.00
t=1886715 SteerL changed to 0.00
[Step 179000] Mesh Raycast HIT at T=0.23 | Z=80.00
T: 1790.00s | Pos: (483, 1.28, -47428) | Spd: 93 km/h | Yaw: 1.57 | Steer: 0.00
t=1888185 SteerL changed to -1.00
t=1888435 SteerL changed to 0.00
t=1888545 SteerL changed to -1.00
t=1888645 SteerL changed to 0.00
[Step 179100] Mesh Raycast HIT at T=0.23 | Z=80.00
t=1888775 SteerL changed to -1.00
t=1888855 SteerL changed to 0.00
t=1888935 SteerL changed to -1.00
t=1889555 SteerL changed to 0.00
[Step 179200] Mesh Raycast HIT at T=0.23 | Z=80.00
t=1889785 SteerR changed to 1.00
t=1890515 Gas changed to 0.00
[Step 179300] Mesh Raycast HIT at T=0.23 | Z=80.00
t=1890755 Gas changed to 1.00
t=1891165 Gas changed to 0.00
t=1891385 Gas changed to 1.00
[Step 179400] Mesh Raycast HIT at T=0.23 | Z=80.00
[Step 179500] Mesh Raycast HIT at T=0.23 | Z=80.00
T: 1795.00s | Pos: (483, 1.28, -47563) | Spd: 96 km/h | Yaw: 1.57 | Steer: 1.00
t=1892895 SteerR changed to 0.00
[Step 179600] Mesh Raycast HIT at T=0.23 | Z=80.00
t=1894125 SteerL changed to -1.00
[Step 179700] Mesh Raycast HIT at T=0.23 | Z=80.00
t=1894705 SteerL changed to 0.00
t=1895065 SteerR changed to 1.00
[Step 179800] Mesh Raycast HIT at T=0.23 | Z=80.00
t=1895715 SteerR changed to 0.00
t=1895955 SteerL changed to -1.00
t=1896015 SteerL changed to 0.00
[Step 179900] Mesh Raycast HIT at T=0.23 | Z=80.00
[Step 180000] Mesh Raycast HIT at T=0.23 | Z=80.00
T: 1800.00s | Pos: (483, 1.28, -47704) | Spd: 105 km/h | Yaw: 1.57 | Steer: 0.00
[Step 180100] Mesh Raycast HIT at T=0.23 | Z=80.00
t=1899465 SteerR changed to 1.00
[Step 180200] Mesh Raycast HIT at T=0.23 | Z=80.00
t=1899785 Gas changed to 0.00
t=1899995 Gas changed to 1.00
[Step 180300] Mesh Raycast HIT at T=0.23 | Z=80.00
t=1901345 SteerR changed to 0.00
t=1901675 SteerR changed to 1.00
[Step 180400] Mesh Raycast HIT at T=0.23 | Z=80.00
t=1901735 SteerR changed to 0.00
[Step 180500] Mesh Raycast HIT at T=0.23 | Z=80.00
T: 1805.00s | Pos: (483, 1.28, -47849) | Spd: 104 km/h | Yaw: 1.57 | Steer: 0.00
[Step 180600] Mesh Raycast HIT at T=0.23 | Z=80.00
t=1904665 SteerR changed to 1.00
[Step 180700] Mesh Raycast HIT at T=0.23 | Z=80.00
t=1904965 SteerR changed to 0.00
t=1905345 SteerL changed to -1.00
t=1905635 SteerL changed to 0.00
[Step 180800] Mesh Raycast HIT at T=0.23 | Z=80.00
t=1906575 SteerR changed to 1.00
t=1906625 Gas changed to 0.00
[Step 180900] Mesh Raycast HIT at T=0.23 | Z=80.00
t=1907615 Gas changed to 1.00
[Step 181000] Mesh Raycast HIT at T=0.23 | Z=80.00
T: 1810.00s | Pos: (483, 1.28, -47992) | Spd: 77 km/h | Yaw: 1.57 | Steer: 1.00
t=1908675 SteerR changed to 0.00
[Step 181100] Mesh Raycast HIT at T=0.23 | Z=80.00
t=1908805 SteerR changed to 1.00
t=1908945 SteerR changed to 0.00
t=1909055 SteerR changed to 1.00
t=1909465 SteerR changed to 0.00
t=1909555 SteerR changed to 1.00
[Step 181200] Mesh Raycast HIT at T=0.23 | Z=80.00
t=1910465 SteerR changed to 0.00
[Step 181300] Mesh Raycast HIT at T=0.23 | Z=80.00
[Step 181400] Mesh Raycast HIT at T=0.23 | Z=80.00
[Step 181500] Mesh Raycast HIT at T=0.23 | Z=80.00
T: 1815.00s | Pos: (483, 1.28, -48121) | Spd: 102 km/h | Yaw: 1.57 | Steer: 0.00
[Step 181600] Mesh Raycast HIT at T=0.23 | Z=80.00
[Step 181700] Mesh Raycast HIT at T=0.23 | Z=80.00
t=1915245 SteerR changed to 1.00
t=1915295 SteerR changed to 0.00
[Step 181800] Mesh Raycast HIT at T=0.23 | Z=80.00
[Step 181900] Mesh Raycast HIT at T=0.23 | Z=80.00
t=1917475 SteerL changed to -1.00
t=1917555 SteerL changed to 0.00
[Step 182000] Mesh Raycast HIT at T=0.23 | Z=80.00
T: 1820.00s | Pos: (483, 1.28, -48268) | Spd: 106 km/h | Yaw: 1.57 | Steer: 0.00
t=1918675 SteerR changed to 1.00
[Step 182100] Mesh Raycast HIT at T=0.23 | Z=80.00
t=1918765 SteerR changed to 0.00
t=1919365 SteerR changed to 1.00
t=1919605 SteerR changed to 0.00
[Step 182200] Mesh Raycast HIT at T=0.23 | Z=80.00
t=1919705 SteerR changed to 1.00
t=1919995 SteerR changed to 0.00
t=1920065 SteerR changed to 1.00
[Step 182300] Mesh Raycast HIT at T=0.23 | Z=80.00
t=1921315 SteerR changed to 0.00
[Step 182400] Mesh Raycast HIT at T=0.23 | Z=80.00
t=1922015 SteerR changed to 1.00
t=1922095 SteerR changed to 0.00
t=1922265 SteerR changed to 1.00
[Step 182500] Mesh Raycast HIT at T=0.23 | Z=80.00
T: 1825.00s | Pos: (483, 1.28, -48417) | Spd: 107 km/h | Yaw: 1.57 | Steer: 1.00
[Step 182600] Mesh Raycast HIT at T=0.23 | Z=80.00
t=1923755 Gas changed to 0.00
t=1923845 Gas changed to 1.00
t=1924325 SteerR changed to 0.00
t=1924545 SteerR changed to 1.00
t=1924605 SteerR changed to 0.00
[Step 182700] Mesh Raycast HIT at T=0.23 | Z=80.00
t=1925655 SteerL changed to -1.00
[Step 182800] Mesh Raycast HIT at T=0.23 | Z=80.00
t=1925705 SteerL changed to 0.00
[Step 182900] Mesh Raycast HIT at T=0.23 | Z=80.00
t=1927505 Gas changed to 0.00
[Step 183000] Mesh Raycast HIT at T=0.23 | Z=80.00
T: 1830.00s | Pos: (483, 1.28, -48565) | Spd: 100 km/h | Yaw: 1.57 | Steer: 0.00
t=1927775 SteerR changed to 1.00
t=1927865 SteerR changed to 0.00
[Step 183100] Mesh Raycast HIT at T=0.23 | Z=80.00
t=1928755 SteerR changed to 1.00
[Step 183200] Mesh Raycast HIT at T=0.23 | Z=80.00
t=1930315 Gas changed to 1.00
[Step 183300] Mesh Raycast HIT at T=0.23 | Z=80.00
t=1930725 Gas changed to 0.00
[Step 183400] Mesh Raycast HIT at T=0.24 | Z=80.00
t=1931855 Gas changed to 1.00
t=1931925 SteerR changed to 0.00
[Step 183500] Mesh Raycast HIT at T=0.24 | Z=80.00
T: 1835.00s | Pos: (483, 1.27, -48642) | Spd: 52 km/h | Yaw: 1.57 | Steer: 0.00
[Step 183600] Mesh Raycast HIT at T=0.24 | Z=80.00
[Step 183700] Mesh Raycast HIT at T=0.24 | Z=80.00
t=1934855 SteerR changed to 1.00
t=1935095 SteerR changed to 0.00
t=1935215 SteerR changed to 1.00
t=1935325 SteerR changed to 0.00
t=1935455 SteerR changed to 1.00
[Step 183800] Mesh Raycast HIT at T=0.24 | Z=80.00
t=1936275 SteerR changed to 0.00
t=1936615 SteerL changed to -1.00
[Step 183900] Mesh Raycast HIT at T=0.24 | Z=80.00
t=1936745 SteerL changed to 0.00
t=1937105 Gas changed to 0.00
t=1937115 SteerR changed to 1.00
t=1937545 Gas changed to 1.00
[Step 184000] Mesh Raycast HIT at T=0.24 | Z=80.00
T: 1840.00s | Pos: (483, 1.27, -48753) | Spd: 83 km/h | Yaw: 1.57 | Steer: 1.00
t=1937905 SteerR changed to 0.00
t=1937965 Gas changed to 0.00
t=1938005 SteerL changed to -1.00
t=1938385 SteerL changed to 0.00
t=1938465 SteerL changed to -1.00
[Step 184100] Mesh Raycast HIT at T=0.24 | Z=80.00
t=1939085 Gas changed to 1.00
[Step 184200] Mesh Raycast HIT at T=0.24 | Z=80.00
t=1940645 SteerL changed to 0.00
[Step 184300] Mesh Raycast HIT at T=0.24 | Z=80.00
t=1941195 SteerR changed to 1.00
t=1941365 SteerR changed to 0.00
[Step 184400] Mesh Raycast HIT at T=0.24 | Z=80.00
t=1942225 SteerR changed to 1.00
t=1942315 SteerR changed to 0.00
t=1942655 SteerL changed to -1.00
[Step 184500] Mesh Raycast HIT at T=0.24 | Z=80.00
T: 1845.00s | Pos: (483, 1.27, -48861) | Spd: 93 km/h | Yaw: 1.57 | Steer: -1.00
t=1942845 SteerL changed to 0.00
t=1942905 SteerL changed to -1.00
t=1943095 Gas changed to 0.00
t=1943095 SteerL changed to 0.00
t=1943145 SteerR changed to 1.00
[Step 184600] Mesh Raycast HIT at T=0.24 | Z=80.00
t=1944415 Gas changed to 1.00
[Step 184700] Mesh Raycast HIT at T=0.24 | Z=80.00
t=1945325 SteerR changed to 0.00
[Step 184800] Mesh Raycast HIT at T=0.24 | Z=80.00
t=1946515 SteerL changed to -1.00
t=1946695 SteerL changed to 0.00
[Step 184900] Mesh Raycast HIT at T=0.24 | Z=80.00
t=1947405 SteerL changed to -1.00
t=1947525 SteerL changed to 0.00
[Step 185000] Mesh Raycast HIT at T=0.24 | Z=80.00
T: 1850.00s | Pos: (483, 1.27, -48973) | Spd: 92 km/h | Yaw: 1.57 | Steer: 0.00
t=1948165 SteerL changed to -1.00
t=1948285 SteerL changed to 0.00
t=1948455 SteerL changed to -1.00
t=1948565 SteerL changed to 0.00
t=1948675 SteerL changed to -1.00
[Step 185100] Mesh Raycast HIT at T=0.24 | Z=80.00
t=1949415 SteerL changed to 0.00
[Step 185200] Mesh Raycast HIT at T=0.24 | Z=80.00
t=1949725 SteerR changed to 1.00
t=1949985 Gas changed to 0.00
t=1950235 Gas changed to 1.00
[Step 185300] Mesh Raycast HIT at T=0.24 | Z=80.00
t=1951515 Gas changed to 0.00
[Step 185400] Mesh Raycast HIT at T=0.24 | Z=80.00
t=1951875 Gas changed to 1.00
[Step 185500] Mesh Raycast HIT at T=0.24 | Z=80.00
T: 1855.00s | Pos: (483, 1.27, -49105) | Spd: 92 km/h | Yaw: 1.57 | Steer: 1.00
t=1952815 SteerR changed to 0.00
t=1953515 SteerL changed to -1.00
t=1953645 SteerL changed to 0.00
[Step 185600] Mesh Raycast HIT at T=0.24 | Z=80.00
t=1954035 SteerL changed to -1.00
t=1954565 SteerL changed to 0.00
[Step 185700] Mesh Raycast HIT at T=0.24 | Z=80.00
t=1954985 SteerR changed to 1.00
t=1955605 SteerR changed to 0.00
[Step 185800] Mesh Raycast HIT at T=0.24 | Z=80.00
t=1956155 SteerR changed to 1.00
t=1956195 SteerR changed to 0.00
[Step 185900] Mesh Raycast HIT at T=0.24 | Z=80.00
[Step 186000] Mesh Raycast HIT at T=0.24 | Z=80.00
T: 1860.00s | Pos: (483, 1.27, -49244) | Spd: 104 km/h | Yaw: 1.57 | Steer: 0.00
t=1958605 SteerL changed to -1.00
[Step 186100] Mesh Raycast HIT at T=0.24 | Z=80.00
t=1959025 SteerL changed to 0.00
t=1959425 SteerR changed to 1.00
[Step 186200] Mesh Raycast HIT at T=0.24 | Z=80.00
t=1960115 Gas changed to 0.00
t=1960285 Gas changed to 1.00
[Step 186300] Mesh Raycast HIT at T=0.24 | Z=80.00
t=1961215 Gas changed to 0.00
t=1961385 Gas changed to 1.00
t=1961625 SteerR changed to 0.00
[Step 186400] Mesh Raycast HIT at T=0.24 | Z=80.00
t=1961875 SteerL changed to -1.00
t=1961955 SteerL changed to 0.00
[Step 186500] Mesh Raycast HIT at T=0.24 | Z=80.00
T: 1865.00s | Pos: (483, 1.27, -49387) | Spd: 100 km/h | Yaw: 1.57 | Steer: 0.00
t=1962925 SteerL changed to -1.00
t=1962965 Gas changed to 0.00
t=1963155 Gas changed to 1.00
[Step 186600] Mesh Raycast HIT at T=0.24 | Z=80.00
t=1964195 SteerL changed to 0.00
t=1964445 SteerR changed to 1.00
t=1964655 SteerR changed to 0.00
[Step 186700] Mesh Raycast HIT at T=0.24 | Z=80.00
t=1964825 SteerR changed to 1.00
t=1964885 SteerR changed to 0.00
t=1964965 SteerR changed to 1.00
t=1965325 SteerR changed to 0.00
t=1965655 SteerL changed to -1.00
[Step 186800] Mesh Raycast HIT at T=0.24 | Z=80.00
t=1965965 SteerL changed to 0.00
t=1966165 SteerL changed to -1.00
t=1966185 SteerL changed to 0.00
[Step 186900] Mesh Raycast HIT at T=0.24 | Z=80.00
[Step 187000] Mesh Raycast HIT at T=0.24 | Z=80.00
T: 1870.00s | Pos: (483, 1.27, -49528) | Spd: 105 km/h | Yaw: 1.57 | Steer: 0.00
t=1968625 Gas changed to 0.00
t=1968635 SteerR changed to 1.00
[Step 187100] Mesh Raycast HIT at T=0.24 | Z=80.00
t=1968815 Gas changed to 1.00
[Step 187200] Mesh Raycast HIT at T=0.24 | Z=80.00
t=1969815 SteerR changed to 0.00
t=1970085 SteerR changed to 1.00
t=1970645 SteerR changed to 0.00
[Step 187300] Mesh Raycast HIT at T=0.24 | Z=80.00
t=1971005 SteerR changed to 1.00
t=1971085 SteerR changed to 0.00
[Step 187400] Mesh Raycast HIT at T=0.24 | Z=80.00
[Step 187500] Mesh Raycast HIT at T=0.24 | Z=80.00
T: 1875.00s | Pos: (483, 1.27, -49672) | Spd: 105 km/h | Yaw: 1.57 | Steer: 0.00
[Step 187600] Mesh Raycast HIT at T=0.24 | Z=80.00
t=1974205 SteerR changed to 1.00
t=1974435 SteerR changed to 0.00
[Step 187700] Mesh Raycast HIT at T=0.24 | Z=80.00
t=1975395 SteerL changed to -1.00
t=1975445 SteerL changed to 0.00
[Step 187800] Mesh Raycast HIT at T=0.24 | Z=80.00
[Step 187900] Mesh Raycast HIT at T=0.24 | Z=80.00
t=1977285 SteerL changed to -1.00
t=1977345 SteerL changed to 0.00
[Step 188000] Mesh Raycast HIT at T=0.24 | Z=80.00
T: 1880.00s | Pos: (483, 1.27, -49820) | Spd: 107 km/h | Yaw: 1.57 | Steer: 0.00
[Step 188100] Mesh Raycast HIT at T=0.24 | Z=80.00
t=1978865 SteerR changed to 1.00
t=1978935 SteerR changed to 0.00
t=1979355 SteerR changed to 1.00
t=1979695 SteerR changed to 0.00
[Step 188200] Mesh Raycast HIT at T=0.24 | Z=80.00
t=1979715 SteerR changed to 1.00
t=1979805 SteerR changed to 0.00
t=1979895 SteerR changed to 1.00
t=1980055 SteerR changed to 0.00
t=1980115 SteerR changed to 1.00
[Step 188300] Mesh Raycast HIT at T=0.24 | Z=80.00
t=1981295 SteerR changed to 0.00
t=1981575 SteerR changed to 1.00
t=1981625 SteerR changed to 0.00
[Step 188400] Mesh Raycast HIT at T=0.24 | Z=80.00
t=1982045 SteerR changed to 1.00
t=1982145 SteerR changed to 0.00
t=1982295 SteerR changed to 1.00
t=1982565 SteerR changed to 0.00
t=1982655 SteerR changed to 1.00
[Step 188500] Mesh Raycast HIT at T=0.24 | Z=80.00
T: 1885.00s | Pos: (483, 1.27, -49970) | Spd: 107 km/h | Yaw: 1.57 | Steer: 1.00
t=1982815 Gas changed to 0.00
t=1983035 Gas changed to 1.00
t=1983435 Gas changed to 0.00
t=1983635 Gas changed to 1.00
[Step 188600] Mesh Raycast HIT at T=0.24 | Z=80.00
t=1984395 SteerR changed to 0.00
[Step 188700] Mesh Raycast HIT at T=0.24 | Z=80.00
t=1984945 SteerR changed to 1.00
t=1985015 SteerR changed to 0.00
[Step 188800] Mesh Raycast HIT at T=0.24 | Z=80.00
t=1985885 SteerL changed to -1.00
t=1985925 SteerL changed to 0.00
[Step 188900] Mesh Raycast HIT at T=0.24 | Z=80.00
[Step 189000] Mesh Raycast HIT at T=0.24 | Z=80.00
T: 1890.00s | Pos: (483, 1.27, -50110) | Spd: 104 km/h | Yaw: 1.57 | Steer: 0.00
[Step 189100] Mesh Raycast HIT at T=0.24 | Z=80.00
t=1988945 Gas changed to 0.00
t=1989165 SteerR changed to 1.00
[Step 189200] Mesh Raycast HIT at T=0.24 | Z=80.00
[Step 189300] Mesh Raycast HIT at T=0.24 | Z=80.00
[Step 189400] Mesh Raycast HIT at T=0.23 | Z=80.00
t=1991875 Gas changed to 1.00
t=1992185 SteerR changed to 0.00
t=1992435 SteerL changed to -1.00
t=1992495 SteerL changed to 0.00
[Step 189500] Mesh Raycast HIT at T=0.23 | Z=80.00
T: 1895.00s | Pos: (483, 1.27, -50213) | Spd: 56 km/h | Yaw: 1.57 | Steer: 0.00
[Step 189600] Mesh Raycast HIT at T=0.23 | Z=80.00
[Step 189700] Mesh Raycast HIT at T=0.23 | Z=80.00
t=1994945 SteerR changed to 1.00
t=1995165 SteerR changed to 0.00
t=1995325 SteerR changed to 1.00
t=1995405 SteerR changed to 0.00
t=1995485 SteerR changed to 1.00
[Step 189800] Mesh Raycast HIT at T=0.23 | Z=80.00
t=1996305 SteerR changed to 0.00
[Step 189900] Mesh Raycast HIT at T=0.23 | Z=80.00
t=1997055 SteerL changed to -1.00
t=1997105 SteerL changed to 0.00
t=1997195 Gas changed to 0.00
t=1997335 SteerR changed to 1.00
[Step 190000] Mesh Raycast HIT at T=0.23 | Z=80.00
T: 1900.00s | Pos: (483, 1.27, -50326) | Spd: 81 km/h | Yaw: 1.57 | Steer: 1.00
t=1997945 Gas changed to 1.00
t=1998115 SteerR changed to 0.00
t=1998315 SteerL changed to -1.00
t=1998615 Gas changed to 0.00
[Step 190100] Mesh Raycast HIT at T=0.23 | Z=80.00
t=1999415 Gas changed to 1.00
[Step 190200] Mesh Raycast HIT at T=0.23 | Z=80.00
[Step 190300] Mesh Raycast HIT at T=0.23 | Z=80.00
t=2000755 SteerL changed to 0.00
t=2001175 SteerL changed to -1.00
t=2001245 SteerL changed to 0.00
t=2001355 SteerL changed to -1.00
t=2001425 SteerL changed to 0.00
t=2001675 SteerR changed to 1.00
[Step 190400] Mesh Raycast HIT at T=0.23 | Z=80.00
t=2001895 SteerR changed to 0.00
[Step 190500] Mesh Raycast HIT at T=0.23 | Z=80.00
T: 1905.00s | Pos: (483, 1.27, -50436) | Spd: 92 km/h | Yaw: 1.57 | Steer: 0.00
t=2002795 SteerL changed to -1.00
t=2003065 SteerL changed to 0.00
t=2003105 Gas changed to 0.00
t=2003255 SteerR changed to 1.00
[Step 190600] Mesh Raycast HIT at T=0.23 | Z=80.00
t=2004105 Gas changed to 1.00
[Step 190700] Mesh Raycast HIT at T=0.23 | Z=80.00
t=2005425 SteerR changed to 0.00
[Step 190800] Mesh Raycast HIT at T=0.23 | Z=80.00
t=2006135 SteerL changed to -1.00
t=2006325 SteerL changed to 0.00
[Step 190900] Mesh Raycast HIT at T=0.23 | Z=80.00
[Step 191000] Mesh Raycast HIT at T=0.23 | Z=80.00
T: 1910.00s | Pos: (483, 1.27, -50553) | Spd: 95 km/h | Yaw: 1.57 | Steer: 0.00
t=2007755 SteerL changed to -1.00
t=2007915 SteerL changed to 0.00
t=2008035 SteerL changed to -1.00
t=2008365 SteerL changed to 0.00
t=2008565 SteerL changed to -1.00
[Step 191100] Mesh Raycast HIT at T=0.23 | Z=80.00
t=2009235 SteerL changed to 0.00
t=2009425 SteerR changed to 1.00
t=2009595 Gas changed to 0.00
[Step 191200] Mesh Raycast HIT at T=0.23 | Z=80.00
t=2009905 Gas changed to 1.00
[Step 191300] Mesh Raycast HIT at T=0.23 | Z=80.00
[Step 191400] Mesh Raycast HIT at T=0.23 | Z=80.00
[Step 191500] Mesh Raycast HIT at T=0.23 | Z=80.00
T: 1915.00s | Pos: (483, 1.27, -50689) | Spd: 101 km/h | Yaw: 1.57 | Steer: 1.00
t=2012735 SteerR changed to 0.00
t=2013165 SteerL changed to -1.00
t=2013315 SteerL changed to 0.00
t=2013545 SteerL changed to -1.00
[Step 191600] Mesh Raycast HIT at T=0.23 | Z=80.00
t=2014135 SteerL changed to 0.00
t=2014495 SteerR changed to 1.00
[Step 191700] Mesh Raycast HIT at T=0.23 | Z=80.00
t=2015145 SteerR changed to 0.00
t=2015395 SteerR changed to 1.00
t=2015445 SteerR changed to 0.00
[Step 191800] Mesh Raycast HIT at T=0.23 | Z=80.00
t=2016605 Gas changed to 0.00
t=2016615 SteerL changed to -1.00
[Step 191900] Mesh Raycast HIT at T=0.23 | Z=80.00
t=2017395 Gas changed to 1.00
[Step 192000] Mesh Raycast HIT at T=0.23 | Z=80.00
T: 1920.00s | Pos: (483, 1.27, -50830) | Spd: 84 km/h | Yaw: 1.57 | Steer: -1.00
t=2018585 SteerL changed to 0.00
[Step 192100] Mesh Raycast HIT at T=0.23 | Z=80.00
t=2019035 SteerR changed to 1.00
t=2019395 Gas changed to 0.00
t=2019505 Gas changed to 1.00
[Step 192200] Mesh Raycast HIT at T=0.23 | Z=80.00
t=2020125 SteerR changed to 0.00
t=2020255 SteerR changed to 1.00
t=2020395 SteerR changed to 0.00
t=2020505 SteerR changed to 1.00
[Step 192300] Mesh Raycast HIT at T=0.23 | Z=80.00
t=2021375 SteerR changed to 0.00
[Step 192400] Mesh Raycast HIT at T=0.23 | Z=80.00
[Step 192500] Mesh Raycast HIT at T=0.23 | Z=80.00
T: 1925.00s | Pos: (483, 1.27, -50962) | Spd: 102 km/h | Yaw: 1.57 | Steer: 0.00
[Step 192600] Mesh Raycast HIT at T=0.23 | Z=80.00
t=2024475 SteerR changed to 1.00
t=2024665 SteerR changed to 0.00
[Step 192700] Mesh Raycast HIT at T=0.23 | Z=80.00
t=2024775 SteerR changed to 1.00
t=2024965 SteerR changed to 0.00
t=2025415 SteerL changed to -1.00
[Step 192800] Mesh Raycast HIT at T=0.23 | Z=80.00
t=2025725 SteerL changed to 0.00
[Step 192900] Mesh Raycast HIT at T=0.23 | Z=80.00
t=2026835 Gas changed to 0.00
t=2026865 SteerR changed to 1.00
[Step 193000] Mesh Raycast HIT at T=0.23 | Z=80.00
T: 1930.00s | Pos: (483, 1.27, -51104) | Spd: 79 km/h | Yaw: 1.57 | Steer: 1.00
t=2027875 Gas changed to 1.00
t=2028335 SteerR changed to 0.00
[Step 193100] Mesh Raycast HIT at T=0.23 | Z=80.00
t=2028745 SteerR changed to 1.00
t=2028875 SteerR changed to 0.00
t=2028975 SteerR changed to 1.00
t=2029365 SteerR changed to 0.00
t=2029505 SteerR changed to 1.00
[Step 193200] Mesh Raycast HIT at T=0.23 | Z=80.00
t=2029725 SteerR changed to 0.00
t=2029835 SteerR changed to 1.00
t=2030425 SteerR changed to 0.00
t=2030595 SteerR changed to 1.00
[Step 193300] Mesh Raycast HIT at T=0.23 | Z=80.00
t=2030755 SteerR changed to 0.00
t=2031155 SteerR changed to 1.00
t=2031215 SteerR changed to 0.00
[Step 193400] Mesh Raycast HIT at T=0.23 | Z=80.00
[Step 193500] Mesh Raycast HIT at T=0.23 | Z=80.00
T: 1935.00s | Pos: (483, 1.27, -51231) | Spd: 101 km/h | Yaw: 1.57 | Steer: 0.00
[Step 193600] Mesh Raycast HIT at T=0.23 | Z=80.00
[Step 193700] Mesh Raycast HIT at T=0.23 | Z=80.00
t=2034935 SteerL changed to -1.00
t=2035005 SteerL changed to 0.00
[Step 193800] Mesh Raycast HIT at T=0.23 | Z=80.00
[Step 193900] Mesh Raycast HIT at T=0.23 | Z=80.00
[Step 194000] Mesh Raycast HIT at T=0.23 | Z=80.00
T: 1940.00s | Pos: (483, 1.27, -51377) | Spd: 106 km/h | Yaw: 1.57 | Steer: 0.00
[Step 194100] Mesh Raycast HIT at T=0.23 | Z=80.00
[Step 194200] Mesh Raycast HIT at T=0.23 | Z=80.00
t=2040085 SteerR changed to 1.00
[Step 194300] Mesh Raycast HIT at T=0.23 | Z=80.00
t=2040865 Gas changed to 0.00
t=2041005 Gas changed to 1.00
[Step 194400] Mesh Raycast HIT at T=0.23 | Z=80.00
t=2041985 SteerR changed to 0.00
t=2042565 SteerR changed to 1.00
t=2042655 SteerR changed to 0.00
[Step 194500] Mesh Raycast HIT at T=0.23 | Z=80.00
T: 1945.00s | Pos: (483, 1.27, -51524) | Spd: 104 km/h | Yaw: 1.57 | Steer: 0.00
t=2043105 SteerR changed to 1.00
[Step 194600] Mesh Raycast HIT at T=0.23 | Z=80.00
[Step 194700] Mesh Raycast HIT at T=0.23 | Z=80.00
t=2045125 SteerR changed to 0.00
[Step 194800] Mesh Raycast HIT at T=0.23 | Z=80.00
t=2045755 SteerL changed to -1.00
t=2045805 SteerL changed to 0.00
[Step 194900] Mesh Raycast HIT at T=0.23 | Z=80.00
[Step 195000] Mesh Raycast HIT at T=0.23 | Z=80.00
T: 1950.00s | Pos: (483, 1.27, -51672) | Spd: 107 km/h | Yaw: 1.57 | Steer: 0.00
t=2047945 Gas changed to 0.00
t=2048275 Gas changed to 1.00
[Step 195100] Mesh Raycast HIT at T=0.23 | Z=80.00
t=2048875 Gas changed to 0.00
t=2048955 SteerR changed to 1.00
[Step 195200] Mesh Raycast HIT at T=0.23 | Z=80.00
[Step 195300] Mesh Raycast HIT at T=0.24 | Z=80.00
[Step 195400] Mesh Raycast HIT at T=0.24 | Z=80.00
t=2052385 Gas changed to 1.00
t=2052465 SteerR changed to 0.00
[Step 195500] Mesh Raycast HIT at T=0.24 | Z=80.00
T: 1955.00s | Pos: (483, 1.27, -51764) | Spd: 38 km/h | Yaw: 1.57 | Steer: 0.00
[Step 195600] Mesh Raycast HIT at T=0.23 | Z=80.00
t=2054125 SteerL changed to -1.00
t=2054235 SteerL changed to 0.00
[Step 195700] Mesh Raycast HIT at T=0.23 | Z=80.00
t=2055665 SteerR changed to 1.00
[Step 195800] Mesh Raycast HIT at T=0.23 | Z=80.00
[Step 195900] Mesh Raycast HIT at T=0.23 | Z=80.00
t=2056805 SteerR changed to 0.00
t=2057205 SteerL changed to -1.00
t=2057335 SteerL changed to 0.00
t=2057645 Gas changed to 0.00
t=2057675 SteerR changed to 1.00
[Step 196000] Mesh Raycast HIT at T=0.23 | Z=80.00
T: 1960.00s | Pos: (483, 1.27, -51867) | Spd: 92 km/h | Yaw: 1.57 | Steer: 1.00
t=2058175 Gas changed to 1.00
t=2058485 SteerR changed to 0.00
t=2058675 SteerL changed to -1.00
[Step 196100] Mesh Raycast HIT at T=0.23 | Z=80.00
t=2058785 Gas changed to 0.00
[Step 196200] Mesh Raycast HIT at T=0.23 | Z=80.00
t=2060065 Gas changed to 1.00
[Step 196300] Mesh Raycast HIT at T=0.23 | Z=80.00
t=2061045 SteerL changed to 0.00
[Step 196400] Mesh Raycast HIT at T=0.23 | Z=80.00
t=2062685 SteerR changed to 1.00
[Step 196500] Mesh Raycast HIT at T=0.23 | Z=80.00
T: 1965.00s | Pos: (483, 1.27, -51970) | Spd: 86 km/h | Yaw: 1.57 | Steer: 1.00
t=2062775 SteerR changed to 0.00
t=2063465 SteerL changed to -1.00
[Step 196600] Mesh Raycast HIT at T=0.23 | Z=80.00
t=2063765 SteerL changed to 0.00
t=2063825 Gas changed to 0.00
t=2064035 SteerR changed to 1.00
[Step 196700] Mesh Raycast HIT at T=0.23 | Z=80.00
t=2064935 Gas changed to 1.00
[Step 196800] Mesh Raycast HIT at T=0.23 | Z=80.00
t=2066115 SteerR changed to 0.00
[Step 196900] Mesh Raycast HIT at T=0.23 | Z=80.00
t=2067225 SteerL changed to -1.00
t=2067345 SteerL changed to 0.00
[Step 197000] Mesh Raycast HIT at T=0.23 | Z=80.00
T: 1970.00s | Pos: (483, 1.27, -52083) | Spd: 90 km/h | Yaw: 1.57 | Steer: 0.00
t=2068695 SteerL changed to -1.00
[Step 197100] Mesh Raycast HIT at T=0.23 | Z=80.00
t=2068985 SteerL changed to 0.00
t=2069125 SteerL changed to -1.00
t=2069285 SteerL changed to 0.00
t=2069385 SteerL changed to -1.00
t=2069555 SteerL changed to 0.00
t=2069645 SteerL changed to -1.00
[Step 197200] Mesh Raycast HIT at T=0.23 | Z=80.00
t=2070095 SteerL changed to 0.00
t=2070315 SteerR changed to 1.00
t=2070535 Gas changed to 0.00
[Step 197300] Mesh Raycast HIT at T=0.23 | Z=80.00
t=2070955 Gas changed to 1.00
t=2071455 SteerR changed to 0.00
t=2071515 SteerR changed to 1.00
[Step 197400] Mesh Raycast HIT at T=0.23 | Z=80.00
[Step 197500] Mesh Raycast HIT at T=0.23 | Z=80.00
T: 1975.00s | Pos: (483, 1.27, -52215) | Spd: 96 km/h | Yaw: 1.57 | Steer: 1.00
t=2073465 SteerR changed to 0.00
[Step 197600] Mesh Raycast HIT at T=0.23 | Z=80.00
t=2074435 SteerL changed to -1.00
[Step 197700] Mesh Raycast HIT at T=0.23 | Z=80.00
t=2074975 SteerL changed to 0.00
t=2075535 SteerR changed to 1.00
[Step 197800] Mesh Raycast HIT at T=0.23 | Z=80.00
t=2076115 SteerR changed to 0.00
[Step 197900] Mesh Raycast HIT at T=0.23 | Z=80.00
t=2077695 Gas changed to 0.00
[Step 198000] Mesh Raycast HIT at T=0.23 | Z=80.00
T: 1980.00s | Pos: (483, 1.27, -52357) | Spd: 105 km/h | Yaw: 1.57 | Steer: 0.00
t=2077725 SteerL changed to -1.00
t=2078175 Gas changed to 1.00
[Step 198100] Mesh Raycast HIT at T=0.23 | Z=80.00
t=2078785 SteerL changed to 0.00
t=2079205 SteerL changed to -1.00
t=2079395 SteerL changed to 0.00
[Step 198200] Mesh Raycast HIT at T=0.23 | Z=80.00
t=2080035 SteerR changed to 1.00
[Step 198300] Mesh Raycast HIT at T=0.23 | Z=80.00
[Step 198400] Mesh Raycast HIT at T=0.23 | Z=80.00
t=2082015 SteerR changed to 0.00
t=2082435 SteerR changed to 1.00
t=2082495 SteerR changed to 0.00
[Step 198500] Mesh Raycast HIT at T=0.23 | Z=80.00
T: 1985.00s | Pos: (483, 1.27, -52494) | Spd: 104 km/h | Yaw: 1.57 | Steer: 0.00
t=2082985 SteerL changed to -1.00
t=2083405 SteerL changed to 0.00
[Step 198600] Mesh Raycast HIT at T=0.23 | Z=80.00
t=2084525 SteerL changed to -1.00
t=2084605 SteerL changed to 0.00
[Step 198700] Mesh Raycast HIT at T=0.23 | Z=80.00
t=2085215 SteerR changed to 1.00
t=2085615 SteerR changed to 0.00
[Step 198800] Mesh Raycast HIT at T=0.23 | Z=80.00
t=2085875 SteerL changed to -1.00
t=2086275 SteerL changed to 0.00
t=2086535 SteerR changed to 1.00
t=2086575 SteerR changed to 0.00
[Step 198900] Mesh Raycast HIT at T=0.23 | Z=80.00
t=2087205 Gas changed to 0.00
t=2087445 SteerR changed to 1.00
t=2087625 Gas changed to 1.00
[Step 199000] Mesh Raycast HIT at T=0.23 | Z=80.00
T: 1990.00s | Pos: (483, 1.27, -52641) | Spd: 93 km/h | Yaw: 1.57 | Steer: 1.00
t=2088545 Gas changed to 0.00
t=2088685 Gas changed to 1.00
[Step 199100] Mesh Raycast HIT at T=0.23 | Z=80.00
t=2088845 SteerR changed to 0.00
t=2089105 SteerR changed to 1.00
t=2089265 SteerR changed to 0.00
t=2089375 SteerR changed to 1.00
t=2089565 SteerR changed to 0.00
t=2089665 SteerR changed to 1.00
[Step 199200] Mesh Raycast HIT at T=0.23 | Z=80.00
t=2090575 Gas changed to 0.00
[Step 199300] Mesh Raycast HIT at T=0.23 | Z=80.00
t=2090885 Gas changed to 1.00
[Step 199400] Mesh Raycast HIT at T=0.23 | Z=80.00
t=2091845 SteerR changed to 0.00
[Step 199500] Mesh Raycast HIT at T=0.23 | Z=80.00
T: 1995.00s | Pos: (483, 1.27, -52773) | Spd: 98 km/h | Yaw: 1.57 | Steer: 0.00
[Step 199600] Mesh Raycast HIT at T=0.23 | Z=80.00
[Step 199700] Mesh Raycast HIT at T=0.23 | Z=80.00
[Step 199800] Mesh Raycast HIT at T=0.23 | Z=80.00
t=2096105 SteerL changed to -1.00
t=2096425 SteerL changed to 0.00
[Step 199900] Mesh Raycast HIT at T=0.23 | Z=80.00
[Step 200000] Mesh Raycast HIT at T=0.23 | Z=80.00
T: 2000.00s | Pos: (483, 1.27, -52917) | Spd: 106 km/h | Yaw: 1.57 | Steer: 0.00
t=2098145 SteerR changed to 1.00
t=2098535 SteerR changed to 0.00
[Step 200100] Mesh Raycast HIT at T=0.23 | Z=80.00
[Step 200200] Mesh Raycast HIT at T=0.23 | Z=80.00
[Step 200300] Mesh Raycast HIT at T=0.23 | Z=80.00
[Step 200400] Mesh Raycast HIT at T=0.23 | Z=80.00
[Step 200500] Mesh Raycast HIT at T=0.23 | Z=80.00
T: 2005.00s | Pos: (483, 1.27, -53065) | Spd: 107 km/h | Yaw: 1.57 | Steer: 0.00
t=2103375 SteerR changed to 1.00
[Step 200600] Mesh Raycast HIT at T=0.23 | Z=80.00
t=2104215 SteerR changed to 0.00
t=2104305 SteerR changed to 1.00
[Step 200700] Mesh Raycast HIT at T=0.23 | Z=80.00
t=2105315 SteerR changed to 0.00
[Step 200800] Mesh Raycast HIT at T=0.23 | Z=80.00
t=2105725 SteerR changed to 1.00
t=2105785 SteerR changed to 0.00
[Step 200900] Mesh Raycast HIT at T=0.23 | Z=80.00
[Step 201000] Mesh Raycast HIT at T=0.23 | Z=80.00
T: 2010.00s | Pos: (483, 1.27, -53216) | Spd: 107 km/h | Yaw: 1.57 | Steer: 0.00
t=2108155 SteerL changed to -1.00
t=2108225 SteerL changed to 0.00
t=2108595 SteerR changed to 1.00
[Step 201100] Mesh Raycast HIT at T=0.23 | Z=80.00
t=2108745 SteerR changed to 0.00
t=2108845 SteerR changed to 1.00
t=2109035 SteerR changed to 0.00
t=2109315 SteerL changed to -1.00
t=2109595 SteerL changed to 0.00
[Step 201200] Mesh Raycast HIT at T=0.23 | Z=80.00
t=2110445 Gas changed to 0.00
t=2110465 SteerR changed to 1.00
[Step 201300] Mesh Raycast HIT at T=0.23 | Z=80.00
t=2110915 Gas changed to 1.00
[Step 201400] Mesh Raycast HIT at T=0.23 | Z=80.00
[Step 201500] Mesh Raycast HIT at T=0.23 | Z=80.00
T: 2015.00s | Pos: (483, 1.27, -53359) | Spd: 99 km/h | Yaw: 1.57 | Steer: 1.00
t=2112775 Gas changed to 0.00
t=2113135 Gas changed to 1.00
[Step 201600] Mesh Raycast HIT at T=0.23 | Z=80.00
t=2114115 SteerR changed to 0.00
[Step 201700] Mesh Raycast HIT at T=0.23 | Z=80.00
[Step 201800] Mesh Raycast HIT at T=0.23 | Z=80.00
[Step 201900] Mesh Raycast HIT at T=0.23 | Z=80.00
[Step 202000] Mesh Raycast HIT at T=0.23 | Z=80.00
T: 2020.00s | Pos: (483, 1.27, -53495) | Spd: 103 km/h | Yaw: 1.57 | Steer: 0.00
t=2118015 SteerR changed to 1.00
t=2118105 SteerR changed to 0.00
[Step 202100] Mesh Raycast HIT at T=0.23 | Z=80.00
[Step 202200] Mesh Raycast HIT at T=0.23 | Z=80.00
[Step 202300] Mesh Raycast HIT at T=0.23 | Z=80.00
t=2121075 SteerL changed to -1.00
t=2121205 SteerL changed to 0.00
[Step 202400] Mesh Raycast HIT at T=0.23 | Z=80.00
t=2121985 SteerR changed to 1.00
t=2122125 SteerR changed to 0.00
[Step 202500] Mesh Raycast HIT at T=0.23 | Z=80.00
T: 2025.00s | Pos: (483, 1.27, -53642) | Spd: 107 km/h | Yaw: 1.57 | Steer: 0.00
t=2122995 SteerR changed to 1.00
t=2123445 SteerR changed to 0.00
t=2123555 SteerR changed to 1.00
[Step 202600] Mesh Raycast HIT at T=0.23 | Z=80.00
[Step 202700] Mesh Raycast HIT at T=0.23 | Z=80.00
t=2124865 SteerR changed to 0.00
t=2125195 SteerR changed to 1.00
t=2125255 SteerR changed to 0.00
[Step 202800] Mesh Raycast HIT at T=0.23 | Z=80.00
t=2125815 SteerR changed to 1.00
t=2126595 Gas changed to 0.00
[Step 202900] Mesh Raycast HIT at T=0.23 | Z=80.00
t=2126945 Gas changed to 1.00
[Step 203000] Mesh Raycast HIT at T=0.23 | Z=80.00
T: 2030.00s | Pos: (483, 1.27, -53788) | Spd: 98 km/h | Yaw: 1.57 | Steer: 1.00
t=2127925 SteerR changed to 0.00
t=2128225 SteerL changed to -1.00
t=2128285 SteerL changed to 0.00
[Step 203100] Mesh Raycast HIT at T=0.23 | Z=80.00
[Step 203200] Mesh Raycast HIT at T=0.23 | Z=80.00
[Step 203300] Mesh Raycast HIT at T=0.23 | Z=80.00
[Step 203400] Mesh Raycast HIT at T=0.23 | Z=80.00
t=2132175 Gas changed to 0.00
t=2132435 SteerR changed to 1.00
[Step 203500] Mesh Raycast HIT at T=0.23 | Z=80.00
T: 2035.00s | Pos: (483, 1.27, -53931) | Spd: 88 km/h | Yaw: 1.57 | Steer: 1.00
[Step 203600] Mesh Raycast HIT at T=0.23 | Z=80.00
t=2134415 Gas changed to 1.00
[Step 203700] Mesh Raycast HIT at T=0.24 | Z=80.00
t=2135005 SteerR changed to 0.00
[Step 203800] Mesh Raycast HIT at T=0.24 | Z=80.00
[Step 203900] Mesh Raycast HIT at T=0.24 | Z=80.00
t=2136715 SteerR changed to 1.00
t=2137155 SteerR changed to 0.00
[Step 204000] Mesh Raycast HIT at T=0.24 | Z=80.00
T: 2040.00s | Pos: (483, 1.27, -54029) | Spd: 88 km/h | Yaw: 1.57 | Steer: 0.00
t=2137985 SteerR changed to 1.00
[Step 204100] Mesh Raycast HIT at T=0.24 | Z=80.00
t=2138935 SteerR changed to 0.00
t=2139405 SteerL changed to -1.00
t=2139545 SteerL changed to 0.00
[Step 204200] Mesh Raycast HIT at T=0.24 | Z=80.00
t=2139925 Gas changed to 0.00
t=2139925 SteerR changed to 1.00
[Step 204300] Mesh Raycast HIT at T=0.24 | Z=80.00
t=2140745 Gas changed to 1.00
t=2140795 SteerR changed to 0.00
t=2140915 SteerL changed to -1.00
t=2141045 Gas changed to 0.00
t=2141425 Gas changed to 1.00
[Step 204400] Mesh Raycast HIT at T=0.24 | Z=80.00
t=2142015 Gas changed to 0.00
t=2142265 Gas changed to 1.00
[Step 204500] Mesh Raycast HIT at T=0.24 | Z=80.00
T: 2045.00s | Pos: (483, 1.27, -54147) | Spd: 75 km/h | Yaw: 1.57 | Steer: -1.00
t=2143675 SteerL changed to 0.00
[Step 204600] Mesh Raycast HIT at T=0.24 | Z=80.00
t=2144115 SteerR changed to 1.00
t=2144355 SteerR changed to 0.00
t=2144475 SteerR changed to 1.00
t=2144645 SteerR changed to 0.00
[Step 204700] Mesh Raycast HIT at T=0.24 | Z=80.00
t=2145255 SteerL changed to -1.00
[Step 204800] Mesh Raycast HIT at T=0.24 | Z=80.00
t=2145735 SteerL changed to 0.00
t=2145755 Gas changed to 0.00
t=2145815 SteerR changed to 1.00
[Step 204900] Mesh Raycast HIT at T=0.24 | Z=80.00
t=2147015 Gas changed to 1.00
[Step 205000] Mesh Raycast HIT at T=0.24 | Z=80.00
T: 2050.00s | Pos: (483, 1.27, -54262) | Spd: 72 km/h | Yaw: 1.57 | Steer: 1.00
t=2147955 SteerR changed to 0.00
t=2148265 SteerR changed to 1.00
t=2148375 SteerR changed to 0.00
[Step 205100] Mesh Raycast HIT at T=0.24 | Z=80.00
t=2149015 SteerL changed to -1.00
t=2149285 SteerL changed to 0.00
[Step 205200] Mesh Raycast HIT at T=0.24 | Z=80.00
[Step 205300] Mesh Raycast HIT at T=0.24 | Z=80.00
t=2150875 SteerL changed to -1.00
t=2151165 SteerL changed to 0.00
t=2151245 SteerL changed to -1.00
t=2151495 SteerL changed to 0.00
t=2151575 SteerL changed to -1.00
[Step 205400] Mesh Raycast HIT at T=0.24 | Z=80.00
t=2152105 SteerL changed to 0.00
t=2152275 SteerR changed to 1.00
t=2152545 Gas changed to 0.00
[Step 205500] Mesh Raycast HIT at T=0.24 | Z=80.00
T: 2055.00s | Pos: (483, 1.27, -54387) | Spd: 95 km/h | Yaw: 1.57 | Steer: 1.00
t=2152885 Gas changed to 1.00
[Step 205600] Mesh Raycast HIT at T=0.24 | Z=80.00
t=2154335 SteerR changed to 0.00
t=2154415 SteerR changed to 1.00
[Step 205700] Mesh Raycast HIT at T=0.24 | Z=80.00
t=2155595 SteerR changed to 0.00
[Step 205800] Mesh Raycast HIT at T=0.24 | Z=80.00
t=2156365 SteerL changed to -1.00
[Step 205900] Mesh Raycast HIT at T=0.24 | Z=80.00
t=2157065 SteerL changed to 0.00
t=2157475 SteerR changed to 1.00
[Step 206000] Mesh Raycast HIT at T=0.24 | Z=80.00
T: 2060.00s | Pos: (483, 1.27, -54525) | Spd: 104 km/h | Yaw: 1.57 | Steer: 1.00
t=2158115 SteerR changed to 0.00
[Step 206100] Mesh Raycast HIT at T=0.24 | Z=80.00
[Step 206200] Mesh Raycast HIT at T=0.24 | Z=80.00
[Step 206300] Mesh Raycast HIT at T=0.24 | Z=80.00
[Step 206400] Mesh Raycast HIT at T=0.24 | Z=80.00
t=2161935 SteerR changed to 1.00
t=2162145 Gas changed to 0.00
t=2162475 Gas changed to 1.00
[Step 206500] Mesh Raycast HIT at T=0.24 | Z=80.00
T: 2065.00s | Pos: (483, 1.27, -54671) | Spd: 96 km/h | Yaw: 1.57 | Steer: 1.00
t=2163335 Gas changed to 0.00
t=2163505 Gas changed to 1.00
[Step 206600] Mesh Raycast HIT at T=0.24 | Z=80.00
t=2163835 SteerR changed to 0.00
t=2164065 SteerL changed to -1.00
t=2164145 SteerL changed to 0.00
[Step 206700] Mesh Raycast HIT at T=0.24 | Z=80.00
t=2164955 SteerR changed to 1.00
t=2165585 SteerR changed to 0.00
[Step 206800] Mesh Raycast HIT at T=0.24 | Z=80.00
[Step 206900] Mesh Raycast HIT at T=0.24 | Z=80.00
t=2166765 SteerR changed to 1.00
t=2166895 SteerR changed to 0.00
t=2167285 SteerR changed to 1.00
t=2167555 SteerR changed to 0.00
[Step 207000] Mesh Raycast HIT at T=0.24 | Z=80.00
T: 2070.00s | Pos: (483, 1.26, -54810) | Spd: 104 km/h | Yaw: 1.57 | Steer: 0.00
t=2168035 SteerL changed to -1.00
t=2168285 SteerL changed to 0.00
t=2168685 SteerL changed to -1.00
[Step 207100] Mesh Raycast HIT at T=0.24 | Z=80.00
t=2168735 SteerL changed to 0.00
[Step 207200] Mesh Raycast HIT at T=0.24 | Z=80.00
t=2169955 SteerR changed to 1.00
t=2169985 Gas changed to 0.00
t=2170165 Gas changed to 1.00
[Step 207300] Mesh Raycast HIT at T=0.24 | Z=80.00
t=2171655 SteerR changed to 0.00
[Step 207400] Mesh Raycast HIT at T=0.24 | Z=80.00
t=2171885 SteerR changed to 1.00
t=2172015 SteerR changed to 0.00
t=2172115 SteerR changed to 1.00
[Step 207500] Mesh Raycast HIT at T=0.24 | Z=80.00
T: 2075.00s | Pos: (483, 1.26, -54954) | Spd: 104 km/h | Yaw: 1.57 | Steer: 1.00
t=2173185 SteerR changed to 0.00
t=2173505 SteerR changed to 1.00
t=2173625 SteerR changed to 0.00
[Step 207600] Mesh Raycast HIT at T=0.24 | Z=80.00
[Step 207700] Mesh Raycast HIT at T=0.24 | Z=80.00
[Step 207800] Mesh Raycast HIT at T=0.24 | Z=80.00
[Step 207900] Mesh Raycast HIT at T=0.24 | Z=80.00
[Step 208000] Mesh Raycast HIT at T=0.24 | Z=80.00
T: 2080.00s | Pos: (483, 1.26, -55102) | Spd: 107 km/h | Yaw: 1.57 | Steer: 0.00
[Step 208100] Mesh Raycast HIT at T=0.24 | Z=80.00
t=2179315 SteerR changed to 1.00
t=2179385 SteerR changed to 0.00
[Step 208200] Mesh Raycast HIT at T=0.24 | Z=80.00
t=2180045 SteerL changed to -1.00
t=2180125 SteerL changed to 0.00
t=2180575 SteerR changed to 1.00
t=2180655 SteerR changed to 0.00
[Step 208300] Mesh Raycast HIT at T=0.24 | Z=80.00
t=2181545 SteerR changed to 1.00
[Step 208400] Mesh Raycast HIT at T=0.24 | Z=80.00
t=2182005 SteerR changed to 0.00
t=2182105 SteerR changed to 1.00
t=2182525 SteerR changed to 0.00
t=2182625 SteerR changed to 1.00
[Step 208500] Mesh Raycast HIT at T=0.24 | Z=80.00
T: 2085.00s | Pos: (483, 1.26, -55252) | Spd: 107 km/h | Yaw: 1.57 | Steer: 1.00
t=2183615 SteerR changed to 0.00
[Step 208600] Mesh Raycast HIT at T=0.24 | Z=80.00
t=2184535 SteerR changed to 1.00
[Step 208700] Mesh Raycast HIT at T=0.24 | Z=80.00
t=2184845 Gas changed to 0.00
t=2185165 Gas changed to 1.00
[Step 208800] Mesh Raycast HIT at T=0.24 | Z=80.00
t=2185975 Gas changed to 0.00
t=2186085 Gas changed to 1.00
t=2186585 SteerR changed to 0.00
[Step 208900] Mesh Raycast HIT at T=0.24 | Z=80.00
[Step 209000] Mesh Raycast HIT at T=0.24 | Z=80.00
T: 2090.00s | Pos: (483, 1.26, -55395) | Spd: 101 km/h | Yaw: 1.57 | Steer: 0.00
[Step 209100] Mesh Raycast HIT at T=0.24 | Z=80.00
[Step 209200] Mesh Raycast HIT at T=0.24 | Z=80.00
[Step 209300] Mesh Raycast HIT at T=0.24 | Z=80.00
t=2191055 SteerL changed to -1.00
t=2191155 Gas changed to 0.00
t=2191185 SteerL changed to 0.00
t=2191335 SteerR changed to 1.00
[Step 209400] Mesh Raycast HIT at T=0.24 | Z=80.00
[Step 209500] Mesh Raycast HIT at T=0.24 | Z=80.00
T: 2095.00s | Pos: (483, 1.26, -55530) | Spd: 63 km/h | Yaw: 1.57 | Steer: 1.00
t=2193355 Gas changed to 1.00
[Step 209600] Mesh Raycast HIT at T=0.23 | Z=80.00
t=2193945 SteerR changed to 0.00
[Step 209700] Mesh Raycast HIT at T=0.23 | Z=80.00
[Step 209800] Mesh Raycast HIT at T=0.23 | Z=80.00
[Step 209900] Mesh Raycast HIT at T=0.23 | Z=80.00
t=2196925 SteerR changed to 1.00
[Step 210000] Mesh Raycast HIT at T=0.23 | Z=80.00
T: 2100.00s | Pos: (483, 1.26, -55634) | Spd: 94 km/h | Yaw: 1.57 | Steer: 1.00
t=2198215 SteerR changed to 0.00
[Step 210100] Mesh Raycast HIT at T=0.23 | Z=80.00
t=2198745 SteerL changed to -1.00
t=2198965 SteerL changed to 0.00
t=2199185 Gas changed to 0.00
t=2199215 SteerR changed to 1.00
[Step 210200] Mesh Raycast HIT at T=0.23 | Z=80.00
t=2200025 Gas changed to 1.00
t=2200135 SteerR changed to 0.00
t=2200275 SteerL changed to -1.00
t=2200435 Gas changed to 0.00
[Step 210300] Mesh Raycast HIT at T=0.23 | Z=80.00
t=2201355 Gas changed to 1.00
[Step 210400] Mesh Raycast HIT at T=0.23 | Z=80.00
t=2202685 SteerL changed to 0.00
[Step 210500] Mesh Raycast HIT at T=0.23 | Z=80.00
T: 2105.00s | Pos: (483, 1.26, -55746) | Spd: 76 km/h | Yaw: 1.57 | Steer: 0.00
[Step 210600] Mesh Raycast HIT at T=0.23 | Z=80.00
t=2203875 SteerR changed to 1.00
t=2203975 SteerR changed to 0.00
[Step 210700] Mesh Raycast HIT at T=0.23 | Z=80.00
t=2205205 SteerL changed to -1.00
t=2205365 SteerL changed to 0.00
t=2205395 Gas changed to 0.00
t=2205535 SteerR changed to 1.00
[Step 210800] Mesh Raycast HIT at T=0.23 | Z=80.00
t=2206025 SteerR changed to 0.00
t=2206095 SteerR changed to 1.00
t=2206675 Gas changed to 1.00
[Step 210900] Mesh Raycast HIT at T=0.23 | Z=80.00
t=2207545 SteerR changed to 0.00
[Step 211000] Mesh Raycast HIT at T=0.23 | Z=80.00
T: 2110.00s | Pos: (483, 1.26, -55859) | Spd: 75 km/h | Yaw: 1.57 | Steer: 0.00
t=2208635 SteerL changed to -1.00
[Step 211100] Mesh Raycast HIT at T=0.23 | Z=80.00
t=2208815 SteerL changed to 0.00
[Step 211200] Mesh Raycast HIT at T=0.23 | Z=80.00
t=2210215 SteerL changed to -1.00
t=2210415 SteerL changed to 0.00
t=2210665 SteerL changed to -1.00
[Step 211300] Mesh Raycast HIT at T=0.23 | Z=80.00
t=2210815 SteerL changed to 0.00
t=2210885 SteerL changed to -1.00
t=2211265 SteerL changed to 0.00
t=2211365 SteerL changed to -1.00
t=2211615 SteerL changed to 0.00
[Step 211400] Mesh Raycast HIT at T=0.23 | Z=80.00
t=2212005 SteerR changed to 1.00
t=2212185 Gas changed to 0.00
t=2212505 Gas changed to 1.00
[Step 211500] Mesh Raycast HIT at T=0.23 | Z=80.00
T: 2115.00s | Pos: (483, 1.26, -55986) | Spd: 91 km/h | Yaw: 1.57 | Steer: 1.00
[Step 211600] Mesh Raycast HIT at T=0.23 | Z=80.00
[Step 211700] Mesh Raycast HIT at T=0.23 | Z=80.00
t=2215055 SteerR changed to 0.00
[Step 211800] Mesh Raycast HIT at T=0.23 | Z=80.00
t=2216055 SteerL changed to -1.00
[Step 211900] Mesh Raycast HIT at T=0.23 | Z=80.00
t=2216735 SteerL changed to 0.00
t=2217015 SteerR changed to 1.00
[Step 212000] Mesh Raycast HIT at T=0.23 | Z=80.00
T: 2120.00s | Pos: (483, 1.26, -56125) | Spd: 104 km/h | Yaw: 1.57 | Steer: 1.00
t=2217765 SteerR changed to 0.00
[Step 212100] Mesh Raycast HIT at T=0.23 | Z=80.00
t=2218955 Gas changed to 0.00
t=2218965 SteerL changed to -1.00
t=2219605 Gas changed to 1.00
[Step 212200] Mesh Raycast HIT at T=0.23 | Z=80.00
t=2220685 SteerL changed to 0.00
[Step 212300] Mesh Raycast HIT at T=0.23 | Z=80.00
t=2221195 SteerR changed to 1.00
t=2221435 SteerR changed to 0.00
[Step 212400] Mesh Raycast HIT at T=0.23 | Z=80.00
t=2221865 SteerR changed to 1.00
t=2222145 Gas changed to 0.00
t=2222345 Gas changed to 1.00
t=2222585 Gas changed to 0.00
[Step 212500] Mesh Raycast HIT at T=0.23 | Z=80.00
T: 2125.00s | Pos: (483, 1.26, -56258) | Spd: 89 km/h | Yaw: 1.57 | Steer: 1.00
t=2222725 Gas changed to 1.00
t=2223125 SteerR changed to 0.00
t=2223225 SteerR changed to 1.00
[Step 212600] Mesh Raycast HIT at T=0.23 | Z=80.00
t=2223795 SteerR changed to 0.00
[Step 212700] Mesh Raycast HIT at T=0.23 | Z=80.00
[Step 212800] Mesh Raycast HIT at T=0.23 | Z=80.00
[Step 212900] Mesh Raycast HIT at T=0.23 | Z=80.00
t=2227265 SteerR changed to 1.00
t=2227595 SteerR changed to 0.00
[Step 213000] Mesh Raycast HIT at T=0.23 | Z=80.00
T: 2130.00s | Pos: (483, 1.26, -56395) | Spd: 104 km/h | Yaw: 1.57 | Steer: 0.00
t=2228045 SteerL changed to -1.00
t=2228325 SteerL changed to 0.00
[Step 213100] Mesh Raycast HIT at T=0.23 | Z=80.00
t=2229525 SteerR changed to 1.00
t=2229625 SteerR changed to 0.00
[Step 213200] Mesh Raycast HIT at T=0.23 | Z=80.00
t=2229705 SteerR changed to 1.00
t=2229795 SteerR changed to 0.00
t=2229895 SteerR changed to 1.00
t=2230055 Gas changed to 0.00
t=2230335 Gas changed to 1.00
t=2230595 SteerR changed to 0.00
[Step 213300] Mesh Raycast HIT at T=0.23 | Z=80.00
t=2230835 SteerR changed to 1.00
t=2231095 SteerR changed to 0.00
t=2231245 SteerR changed to 1.00
t=2231385 SteerR changed to 0.00
t=2231465 SteerR changed to 1.00
[Step 213400] Mesh Raycast HIT at T=0.23 | Z=80.00
t=2231785 SteerR changed to 0.00
t=2231835 SteerR changed to 1.00
t=2231965 SteerR changed to 0.00
t=2232075 SteerR changed to 1.00
t=2232325 SteerR changed to 0.00
t=2232385 SteerR changed to 1.00
[Step 213500] Mesh Raycast HIT at T=0.23 | Z=80.00
T: 2135.00s | Pos: (483, 1.26, -56538) | Spd: 102 km/h | Yaw: 1.57 | Steer: 1.00
t=2233165 SteerR changed to 0.00
[Step 213600] Mesh Raycast HIT at T=0.23 | Z=80.00
[Step 213700] Mesh Raycast HIT at T=0.23 | Z=80.00
[Step 213800] Mesh Raycast HIT at T=0.23 | Z=80.00
[Step 213900] Mesh Raycast HIT at T=0.23 | Z=80.00
t=2237555 SteerR changed to 1.00
t=2237595 SteerR changed to 0.00
[Step 214000] Mesh Raycast HIT at T=0.23 | Z=80.00
T: 2140.00s | Pos: (483, 1.26, -56685) | Spd: 107 km/h | Yaw: 1.57 | Steer: 0.00
[Step 214100] Mesh Raycast HIT at T=0.23 | Z=80.00
[Step 214200] Mesh Raycast HIT at T=0.23 | Z=80.00
[Step 214300] Mesh Raycast HIT at T=0.23 | Z=80.00
[Step 214400] Mesh Raycast HIT at T=0.23 | Z=80.00
t=2242155 SteerR changed to 1.00
t=2242555 SteerR changed to 0.00
t=2242665 SteerR changed to 1.00
[Step 214500] Mesh Raycast HIT at T=0.23 | Z=80.00
T: 2145.00s | Pos: (483, 1.26, -56834) | Spd: 107 km/h | Yaw: 1.57 | Steer: 1.00
[Step 214600] Mesh Raycast HIT at T=0.23 | Z=80.00
t=2244035 SteerR changed to 0.00
t=2244235 SteerR changed to 1.00
t=2244335 SteerR changed to 0.00
[Step 214700] Mesh Raycast HIT at T=0.23 | Z=80.00
t=2244925 SteerR changed to 1.00
t=2245395 SteerR changed to 0.00
t=2245495 SteerR changed to 1.00
[Step 214800] Mesh Raycast HIT at T=0.23 | Z=80.00
t=2245895 Gas changed to 0.00
t=2246235 Gas changed to 1.00
[Step 214900] Mesh Raycast HIT at T=0.23 | Z=80.00
t=2247065 SteerR changed to 0.00
t=2247635 SteerR changed to 1.00
t=2247685 SteerR changed to 0.00
[Step 215000] Mesh Raycast HIT at T=0.23 | Z=80.00
T: 2150.00s | Pos: (483, 1.26, -56980) | Spd: 100 km/h | Yaw: 1.57 | Steer: 0.00
[Step 215100] Mesh Raycast HIT at T=0.23 | Z=80.00
[Step 215200] Mesh Raycast HIT at T=0.23 | Z=80.00
t=2249805 SteerL changed to -1.00
t=2250025 Gas changed to 0.00
[Step 215300] Mesh Raycast HIT at T=0.23 | Z=80.00
t=2250995 Gas changed to 1.00
[Step 215400] Mesh Raycast HIT at T=0.23 | Z=80.00
t=2251925 SteerL changed to 0.00
t=2252065 Gas changed to 0.00
t=2252195 SteerR changed to 1.00
[Step 215500] Mesh Raycast HIT at T=0.23 | Z=80.00
T: 2155.00s | Pos: (483, 1.26, -57108) | Spd: 68 km/h | Yaw: 1.57 | Steer: 1.00
[Step 215600] Mesh Raycast HIT at T=0.23 | Z=80.00
t=2254305 Gas changed to 1.00
[Step 215700] Mesh Raycast HIT at T=0.23 | Z=80.00
t=2254745 SteerR changed to 0.00
t=2255545 SteerL changed to -1.00
[Step 215800] Mesh Raycast HIT at T=0.24 | Z=80.00
t=2255755 SteerL changed to 0.00
t=2256205 SteerL changed to -1.00
t=2256295 SteerL changed to 0.00
[Step 215900] Mesh Raycast HIT at T=0.24 | Z=80.00
t=2257425 SteerR changed to 1.00
t=2257665 SteerR changed to 0.00
[Step 216000] Mesh Raycast HIT at T=0.24 | Z=80.00
T: 2160.00s | Pos: (483, 1.26, -57196) | Spd: 86 km/h | Yaw: 1.57 | Steer: 0.00
t=2257765 SteerR changed to 1.00
t=2257945 SteerR changed to 0.00
t=2257995 SteerR changed to 1.00
t=2258215 SteerR changed to 0.00
t=2258345 SteerR changed to 1.00
[Step 216100] Mesh Raycast HIT at T=0.24 | Z=80.00
t=2258885 SteerR changed to 0.00
t=2259105 SteerL changed to -1.00
t=2259245 SteerL changed to 0.00
t=2259575 Gas changed to 0.00
t=2259585 SteerR changed to 1.00
[Step 216200] Mesh Raycast HIT at T=0.24 | Z=80.00
t=2259835 SteerR changed to 0.00
t=2259945 SteerR changed to 1.00
t=2260305 Gas changed to 1.00
t=2260525 SteerR changed to 0.00
t=2260605 SteerL changed to -1.00
[Step 216300] Mesh Raycast HIT at T=0.24 | Z=80.00
t=2260745 Gas changed to 0.00
t=2261465 Gas changed to 1.00
[Step 216400] Mesh Raycast HIT at T=0.24 | Z=80.00
[Step 216500] Mesh Raycast HIT at T=0.24 | Z=80.00
T: 2165.00s | Pos: (483, 1.26, -57309) | Spd: 78 km/h | Yaw: 1.57 | Steer: -1.00
t=2263255 SteerL changed to 0.00
t=2263585 SteerR changed to 1.00
t=2263695 SteerR changed to 0.00
[Step 216600] Mesh Raycast HIT at T=0.24 | Z=80.00
t=2263815 SteerR changed to 1.00
t=2263885 SteerR changed to 0.00
t=2264175 SteerR changed to 1.00
t=2264275 SteerR changed to 0.00
[Step 216700] Mesh Raycast HIT at T=0.24 | Z=80.00
t=2264975 SteerL changed to -1.00
t=2265335 SteerL changed to 0.00
t=2265435 SteerL changed to -1.00
t=2265535 SteerL changed to 0.00
t=2265645 Gas changed to 0.00
t=2265675 SteerR changed to 1.00
[Step 216800] Mesh Raycast HIT at T=0.24 | Z=80.00
[Step 216900] Mesh Raycast HIT at T=0.24 | Z=80.00
t=2266735 Gas changed to 1.00
[Step 217000] Mesh Raycast HIT at T=0.24 | Z=80.00
T: 2170.00s | Pos: (483, 1.26, -57426) | Spd: 78 km/h | Yaw: 1.57 | Steer: 1.00
t=2267955 SteerR changed to 0.00
[Step 217100] Mesh Raycast HIT at T=0.24 | Z=80.00
t=2269215 SteerL changed to -1.00
t=2269335 SteerL changed to 0.00
[Step 217200] Mesh Raycast HIT at T=0.24 | Z=80.00
t=2270045 SteerL changed to -1.00
t=2270195 SteerL changed to 0.00
[Step 217300] Mesh Raycast HIT at T=0.24 | Z=80.00
t=2270835 SteerL changed to -1.00
t=2271025 SteerL changed to 0.00
t=2271115 SteerL changed to -1.00
t=2271595 SteerL changed to 0.00
t=2271695 SteerL changed to -1.00
[Step 217400] Mesh Raycast HIT at T=0.24 | Z=80.00
t=2272085 SteerL changed to 0.00
t=2272275 SteerR changed to 1.00
t=2272415 Gas changed to 0.00
[Step 217500] Mesh Raycast HIT at T=0.24 | Z=80.00
T: 2175.00s | Pos: (483, 1.26, -57556) | Spd: 92 km/h | Yaw: 1.57 | Steer: 1.00
t=2272775 Gas changed to 1.00
[Step 217600] Mesh Raycast HIT at T=0.24 | Z=80.00
[Step 217700] Mesh Raycast HIT at T=0.24 | Z=80.00
t=2275515 SteerR changed to 0.00
[Step 217800] Mesh Raycast HIT at T=0.24 | Z=80.00
t=2276015 SteerL changed to -1.00
t=2276135 SteerL changed to 0.00
t=2276275 SteerL changed to -1.00
t=2276405 SteerL changed to 0.00
t=2276595 SteerL changed to -1.00
[Step 217900] Mesh Raycast HIT at T=0.24 | Z=80.00
t=2277045 SteerL changed to 0.00
t=2277345 SteerR changed to 1.00
[Step 218000] Mesh Raycast HIT at T=0.24 | Z=80.00
T: 2180.00s | Pos: (483, 1.26, -57694) | Spd: 104 km/h | Yaw: 1.57 | Steer: 1.00
t=2277965 SteerR changed to 0.00
[Step 218100] Mesh Raycast HIT at T=0.24 | Z=80.00
t=2279495 Gas changed to 0.00
t=2279575 SteerR changed to 1.00
[Step 218200] Mesh Raycast HIT at T=0.24 | Z=80.00
t=2280155 Gas changed to 1.00
t=2280295 SteerR changed to 0.00
[Step 218300] Mesh Raycast HIT at T=0.24 | Z=80.00
[Step 218400] Mesh Raycast HIT at T=0.24 | Z=80.00
t=2281985 SteerR changed to 1.00
t=2282145 SteerR changed to 0.00
t=2282275 SteerR changed to 1.00
t=2282585 Gas changed to 0.00
[Step 218500] Mesh Raycast HIT at T=0.24 | Z=80.00
T: 2185.00s | Pos: (483, 1.26, -57829) | Spd: 94 km/h | Yaw: 1.57 | Steer: 1.00
t=2282725 Gas changed to 1.00
t=2283195 SteerR changed to 0.00
t=2283305 SteerR changed to 1.00
[Step 218600] Mesh Raycast HIT at T=0.24 | Z=80.00
t=2284035 SteerR changed to 0.00
t=2284515 SteerR changed to 1.00
t=2284575 SteerR changed to 0.00
[Step 218700] Mesh Raycast HIT at T=0.24 | Z=80.00
t=2285015 SteerL changed to -1.00
t=2285285 SteerL changed to 0.00
[Step 218800] Mesh Raycast HIT at T=0.24 | Z=80.00
[Step 218900] Mesh Raycast HIT at T=0.24 | Z=80.00
t=2286925 SteerL changed to -1.00
t=2287005 SteerL changed to 0.00
t=2287415 SteerR changed to 1.00
[Step 219000] Mesh Raycast HIT at T=0.24 | Z=80.00
T: 2190.00s | Pos: (483, 1.26, -57969) | Spd: 105 km/h | Yaw: 1.57 | Steer: 1.00
t=2287765 SteerR changed to 0.00
t=2288245 SteerL changed to -1.00
t=2288555 SteerL changed to 0.00
[Step 219100] Mesh Raycast HIT at T=0.24 | Z=80.00
t=2289245 SteerR changed to 1.00
t=2289365 Gas changed to 0.00
[Step 219200] Mesh Raycast HIT at T=0.24 | Z=80.00
t=2290015 Gas changed to 1.00
t=2290525 SteerR changed to 0.00
[Step 219300] Mesh Raycast HIT at T=0.24 | Z=80.00
t=2291145 SteerR changed to 1.00
t=2291295 Gas changed to 0.00
t=2291465 Gas changed to 1.00
[Step 219400] Mesh Raycast HIT at T=0.24 | Z=80.00
[Step 219500] Mesh Raycast HIT at T=0.24 | Z=80.00
T: 2195.00s | Pos: (483, 1.26, -58103) | Spd: 94 km/h | Yaw: 1.57 | Steer: 1.00
t=2293015 SteerR changed to 0.00
[Step 219600] Mesh Raycast HIT at T=0.24 | Z=80.00
[Step 219700] Mesh Raycast HIT at T=0.24 | Z=80.00
[Step 219800] Mesh Raycast HIT at T=0.24 | Z=80.00
[Step 219900] Mesh Raycast HIT at T=0.24 | Z=80.00
[Step 220000] Mesh Raycast HIT at T=0.24 | Z=80.00
T: 2200.00s | Pos: (483, 1.26, -58244) | Spd: 105 km/h | Yaw: 1.57 | Steer: 0.00
[Step 220100] Mesh Raycast HIT at T=0.24 | Z=80.00
t=2298985 SteerL changed to -1.00
t=2299075 SteerL changed to 0.00
[Step 220200] Mesh Raycast HIT at T=0.24 | Z=80.00
t=2300245 SteerR changed to 1.00
t=2300365 SteerR changed to 0.00
[Step 220300] Mesh Raycast HIT at T=0.24 | Z=80.00
t=2301655 SteerR changed to 1.00
[Step 220400] Mesh Raycast HIT at T=0.24 | Z=80.00
[Step 220500] Mesh Raycast HIT at T=0.24 | Z=80.00
T: 2205.00s | Pos: (483, 1.26, -58392) | Spd: 107 km/h | Yaw: 1.57 | Steer: 1.00
t=2303415 SteerR changed to 0.00
[Step 220600] Mesh Raycast HIT at T=0.24 | Z=80.00
t=2303955 SteerR changed to 1.00
t=2304055 SteerR changed to 0.00
t=2304375 SteerR changed to 1.00
[Step 220700] Mesh Raycast HIT at T=0.24 | Z=80.00
t=2305405 Gas changed to 0.00
t=2305555 Gas changed to 1.00
[Step 220800] Mesh Raycast HIT at T=0.24 | Z=80.00
t=2306435 SteerR changed to 0.00
[Step 220900] Mesh Raycast HIT at T=0.24 | Z=80.00
t=2306925 SteerR changed to 1.00
t=2306965 SteerR changed to 0.00
[Step 221000] Mesh Raycast HIT at T=0.24 | Z=80.00
T: 2210.00s | Pos: (483, 1.26, -58540) | Spd: 105 km/h | Yaw: 1.57 | Steer: 0.00
t=2307705 SteerL changed to -1.00
t=2307765 SteerL changed to 0.00
[Step 221100] Mesh Raycast HIT at T=0.24 | Z=80.00
t=2309405 Gas changed to 0.00
t=2309695 Gas changed to 1.00
[Step 221200] Mesh Raycast HIT at T=0.24 | Z=80.00
t=2310165 Gas changed to 0.00
[Step 221300] Mesh Raycast HIT at T=0.24 | Z=80.00
t=2311315 SteerR changed to 1.00
[Step 221400] Mesh Raycast HIT at T=0.24 | Z=80.00
[Step 221500] Mesh Raycast HIT at T=0.23 | Z=80.00
T: 2215.00s | Pos: (483, 1.26, -58658) | Spd: 42 km/h | Yaw: 1.57 | Steer: 1.00
t=2312755 Gas changed to 1.00
t=2313085 Gas changed to 0.00
t=2313235 Gas changed to 1.00
[Step 221600] Mesh Raycast HIT at T=0.24 | Z=80.00
t=2313815 SteerR changed to 0.00
[Step 221700] Mesh Raycast HIT at T=0.24 | Z=80.00
[Step 221800] Mesh Raycast HIT at T=0.24 | Z=80.00
t=2316365 SteerR changed to 1.00
[Step 221900] Mesh Raycast HIT at T=0.24 | Z=80.00
t=2316705 SteerR changed to 0.00
t=2316785 SteerR changed to 1.00
t=2317605 SteerR changed to 0.00
[Step 222000] Mesh Raycast HIT at T=0.24 | Z=80.00
T: 2220.00s | Pos: (483, 1.26, -58759) | Spd: 94 km/h | Yaw: 1.57 | Steer: 0.00
t=2318185 SteerL changed to -1.00
t=2318295 SteerL changed to 0.00
t=2318515 Gas changed to 0.00
t=2318645 SteerR changed to 1.00
[Step 222100] Mesh Raycast HIT at T=0.24 | Z=80.00
t=2318935 SteerR changed to 0.00
t=2319015 SteerR changed to 1.00
t=2319305 Gas changed to 1.00
t=2319575 SteerR changed to 0.00
t=2319645 SteerL changed to -1.00
[Step 222200] Mesh Raycast HIT at T=0.24 | Z=80.00
t=2319795 Gas changed to 0.00
t=2319905 SteerL changed to 0.00
t=2319995 SteerL changed to -1.00
t=2320555 Gas changed to 1.00
[Step 222300] Mesh Raycast HIT at T=0.24 | Z=80.00
[Step 222400] Mesh Raycast HIT at T=0.24 | Z=80.00
t=2322115 SteerL changed to 0.00
t=2322525 SteerL changed to -1.00
t=2322675 SteerL changed to 0.00
[Step 222500] Mesh Raycast HIT at T=0.24 | Z=80.00
T: 2225.00s | Pos: (483, 1.26, -58869) | Spd: 85 km/h | Yaw: 1.57 | Steer: 0.00
t=2323205 SteerR changed to 1.00
t=2323475 SteerR changed to 0.00
[Step 222600] Mesh Raycast HIT at T=0.24 | Z=80.00
t=2324035 SteerL changed to -1.00
t=2324545 SteerL changed to 0.00
t=2324575 Gas changed to 0.00
[Step 222700] Mesh Raycast HIT at T=0.24 | Z=80.00
t=2324735 SteerR changed to 1.00
[Step 222800] Mesh Raycast HIT at T=0.24 | Z=80.00
t=2325875 Gas changed to 1.00
[Step 222900] Mesh Raycast HIT at T=0.24 | Z=80.00
t=2326855 SteerR changed to 0.00
t=2327385 SteerL changed to -1.00
t=2327495 SteerL changed to 0.00
[Step 223000] Mesh Raycast HIT at T=0.24 | Z=80.00
T: 2230.00s | Pos: (483, 1.26, -58982) | Spd: 83 km/h | Yaw: 1.57 | Steer: 0.00
t=2328165 SteerL changed to -1.00
t=2328305 SteerL changed to 0.00
[Step 223100] Mesh Raycast HIT at T=0.24 | Z=80.00
[Step 223200] Mesh Raycast HIT at T=0.24 | Z=80.00
t=2329995 SteerL changed to -1.00
t=2330195 SteerL changed to 0.00
t=2330295 SteerL changed to -1.00
[Step 223300] Mesh Raycast HIT at T=0.24 | Z=80.00
t=2331065 SteerL changed to 0.00
t=2331335 SteerR changed to 1.00
t=2331365 Gas changed to 0.00
t=2331645 Gas changed to 1.00
[Step 223400] Mesh Raycast HIT at T=0.24 | Z=80.00
t=2331845 SteerR changed to 0.00
t=2331955 SteerR changed to 1.00
t=2332455 SteerR changed to 0.00
t=2332535 SteerR changed to 1.00
[Step 223500] Mesh Raycast HIT at T=0.24 | Z=80.00
T: 2235.00s | Pos: (483, 1.26, -59113) | Spd: 96 km/h | Yaw: 1.57 | Steer: 1.00
t=2332735 Gas changed to 0.00
t=2332985 Gas changed to 1.00
[Step 223600] Mesh Raycast HIT at T=0.24 | Z=80.00
t=2334335 SteerR changed to 0.00
t=2334655 SteerR changed to 1.00
[Step 223700] Mesh Raycast HIT at T=0.24 | Z=80.00
t=2334765 SteerR changed to 0.00
t=2335265 SteerR changed to 1.00
t=2335335 SteerR changed to 0.00
t=2335685 SteerL changed to -1.00
[Step 223800] Mesh Raycast HIT at T=0.24 | Z=80.00
t=2335835 SteerL changed to 0.00
t=2335915 SteerL changed to -1.00
t=2336425 SteerL changed to 0.00
t=2336685 SteerR changed to 1.00
[Step 223900] Mesh Raycast HIT at T=0.24 | Z=80.00
t=2337415 SteerR changed to 0.00
[Step 224000] Mesh Raycast HIT at T=0.24 | Z=80.00
T: 2240.00s | Pos: (483, 1.26, -59249) | Spd: 104 km/h | Yaw: 1.57 | Steer: 0.00
t=2337855 SteerL changed to -1.00
t=2337935 SteerL changed to 0.00
t=2338305 SteerR changed to 1.00
[Step 224100] Mesh Raycast HIT at T=0.24 | Z=80.00
[Step 224200] Mesh Raycast HIT at T=0.24 | Z=80.00
t=2340115 SteerR changed to 0.00
t=2340675 SteerR changed to 1.00
[Step 224300] Mesh Raycast HIT at T=0.24 | Z=80.00
t=2340775 SteerR changed to 0.00
t=2341035 SteerR changed to 1.00
t=2341195 SteerR changed to 0.00
t=2341285 SteerR changed to 1.00
[Step 224400] Mesh Raycast HIT at T=0.24 | Z=80.00
t=2342225 Gas changed to 0.00
t=2342585 Gas changed to 1.00
[Step 224500] Mesh Raycast HIT at T=0.24 | Z=80.00
T: 2245.00s | Pos: (483, 1.26, -59395) | Spd: 95 km/h | Yaw: 1.57 | Steer: 1.00
t=2343065 SteerR changed to 0.00
t=2343485 SteerR changed to 1.00
t=2343535 SteerR changed to 0.00
[Step 224600] Mesh Raycast HIT at T=0.24 | Z=80.00
[Step 224700] Mesh Raycast HIT at T=0.24 | Z=80.00
[Step 224800] Mesh Raycast HIT at T=0.24 | Z=80.00
t=2346505 SteerR changed to 1.00
[Step 224900] Mesh Raycast HIT at T=0.24 | Z=80.00
t=2346855 SteerR changed to 0.00
t=2347205 SteerL changed to -1.00
t=2347575 SteerL changed to 0.00
[Step 225000] Mesh Raycast HIT at T=0.24 | Z=80.00
T: 2250.00s | Pos: (483, 1.26, -59537) | Spd: 105 km/h | Yaw: 1.57 | Steer: 0.00
[Step 225100] Mesh Raycast HIT at T=0.24 | Z=80.00
t=2348755 Gas changed to 0.00
t=2348795 SteerR changed to 1.00
t=2349575 Gas changed to 1.00
[Step 225200] Mesh Raycast HIT at T=0.24 | Z=80.00
t=2350555 SteerR changed to 0.00
t=2350695 SteerR changed to 1.00
[Step 225300] Mesh Raycast HIT at T=0.24 | Z=80.00
t=2351085 SteerR changed to 0.00
t=2351165 SteerR changed to 1.00
t=2351645 SteerR changed to 0.00
[Step 225400] Mesh Raycast HIT at T=0.24 | Z=80.00
t=2351795 SteerR changed to 1.00
t=2351925 SteerR changed to 0.00
t=2352085 SteerR changed to 1.00
t=2352425 SteerR changed to 0.00
t=2352585 SteerR changed to 1.00
[Step 225500] Mesh Raycast HIT at T=0.24 | Z=80.00
T: 2255.00s | Pos: (483, 1.26, -59668) | Spd: 98 km/h | Yaw: 1.57 | Steer: 1.00
t=2352735 SteerR changed to 0.00
t=2353095 SteerL changed to -1.00
t=2353155 SteerL changed to 0.00
t=2353515 SteerR changed to 1.00
[Step 225600] Mesh Raycast HIT at T=0.24 | Z=80.00
t=2354545 SteerR changed to 0.00
[Step 225700] Mesh Raycast HIT at T=0.24 | Z=80.00
[Step 225800] Mesh Raycast HIT at T=0.24 | Z=80.00
[Step 225900] Mesh Raycast HIT at T=0.24 | Z=80.00
[Step 226000] Mesh Raycast HIT at T=0.24 | Z=80.00
T: 2260.00s | Pos: (483, 1.26, -59812) | Spd: 106 km/h | Yaw: 1.57 | Steer: 0.00
[Step 226100] Mesh Raycast HIT at T=0.24 | Z=80.00
t=2358765 SteerL changed to -1.00
t=2358825 SteerL changed to 0.00
[Step 226200] Mesh Raycast HIT at T=0.24 | Z=80.00
t=2360175 SteerR changed to 1.00
t=2360315 SteerR changed to 0.00
[Step 226300] Mesh Raycast HIT at T=0.24 | Z=80.00
t=2361345 SteerR changed to 1.00
[Step 226400] Mesh Raycast HIT at T=0.24 | Z=80.00
t=2361845 SteerR changed to 0.00
t=2361955 SteerR changed to 1.00
[Step 226500] Mesh Raycast HIT at T=0.24 | Z=80.00
T: 2265.00s | Pos: (483, 1.26, -59960) | Spd: 107 km/h | Yaw: 1.57 | Steer: 1.00
t=2363265 SteerR changed to 0.00
[Step 226600] Mesh Raycast HIT at T=0.24 | Z=80.00
t=2364065 SteerR changed to 1.00
t=2364255 SteerR changed to 0.00
t=2364345 SteerR changed to 1.00
t=2364645 Gas changed to 0.00
[Step 226700] Mesh Raycast HIT at T=0.24 | Z=80.00
t=2364815 Gas changed to 1.00
[Step 226800] Mesh Raycast HIT at T=0.24 | Z=80.00
t=2366045 SteerR changed to 0.00
t=2366155 SteerR changed to 1.00
t=2366435 SteerR changed to 0.00
[Step 226900] Mesh Raycast HIT at T=0.24 | Z=80.00
t=2366775 SteerL changed to -1.00
t=2366845 SteerL changed to 0.00
t=2367575 SteerL changed to -1.00
t=2367625 SteerL changed to 0.00
[Step 227000] Mesh Raycast HIT at T=0.24 | Z=80.00
T: 2270.00s | Pos: (483, 1.26, -60107) | Spd: 105 km/h | Yaw: 1.57 | Steer: 0.00
t=2368135 SteerR changed to 1.00
t=2368585 Gas changed to 0.00
[Step 227100] Mesh Raycast HIT at T=0.24 | Z=80.00
[Step 227200] Mesh Raycast HIT at T=0.24 | Z=80.00
t=2369775 Gas changed to 1.00
t=2370355 SteerR changed to 0.00
[Step 227300] Mesh Raycast HIT at T=0.24 | Z=80.00
t=2370885 SteerR changed to 1.00
t=2371075 SteerR changed to 0.00
t=2371175 SteerR changed to 1.00
t=2371675 Gas changed to 0.00
[Step 227400] Mesh Raycast HIT at T=0.24 | Z=80.00
[Step 227500] Mesh Raycast HIT at T=0.24 | Z=80.00
T: 2275.00s | Pos: (483, 1.26, -60226) | Spd: 62 km/h | Yaw: 1.57 | Steer: 1.00
t=2373475 Gas changed to 1.00
[Step 227600] Mesh Raycast HIT at T=0.24 | Z=80.00
t=2373955 SteerR changed to 0.00
[Step 227700] Mesh Raycast HIT at T=0.24 | Z=80.00
[Step 227800] Mesh Raycast HIT at T=0.24 | Z=80.00
t=2376485 SteerR changed to 1.00
t=2376665 SteerR changed to 0.00
[Step 227900] Mesh Raycast HIT at T=0.24 | Z=80.00
t=2376885 SteerR changed to 1.00
t=2377525 SteerR changed to 0.00
t=2377685 SteerR changed to 1.00
[Step 228000] Mesh Raycast HIT at T=0.24 | Z=80.00
T: 2280.00s | Pos: (483, 1.26, -60328) | Spd: 93 km/h | Yaw: 1.57 | Steer: 1.00
t=2377875 SteerR changed to 0.00
t=2378505 SteerR changed to 1.00
t=2378575 SteerR changed to 0.00
[Step 228100] Mesh Raycast HIT at T=0.24 | Z=80.00
t=2378975 Gas changed to 0.00
t=2378975 SteerR changed to 1.00
t=2379365 Gas changed to 1.00
[Step 228200] Mesh Raycast HIT at T=0.24 | Z=80.00
t=2379735 SteerR changed to 0.00
t=2379785 Gas changed to 0.00
t=2379885 SteerL changed to -1.00
[Step 228300] Mesh Raycast HIT at T=0.24 | Z=80.00
t=2380845 Gas changed to 1.00
[Step 228400] Mesh Raycast HIT at T=0.24 | Z=80.00
t=2382625 SteerL changed to 0.00
[Step 228500] Mesh Raycast HIT at T=0.24 | Z=80.00
T: 2285.00s | Pos: (483, 1.26, -60442) | Spd: 83 km/h | Yaw: 1.57 | Steer: 0.00
t=2383155 SteerR changed to 1.00
t=2383555 SteerR changed to 0.00
[Step 228600] Mesh Raycast HIT at T=0.24 | Z=80.00
t=2384305 SteerL changed to -1.00
[Step 228700] Mesh Raycast HIT at T=0.24 | Z=80.00
t=2384735 SteerL changed to 0.00
t=2384765 Gas changed to 0.00
t=2384835 SteerR changed to 1.00
[Step 228800] Mesh Raycast HIT at T=0.24 | Z=80.00
t=2385915 Gas changed to 1.00
[Step 228900] Mesh Raycast HIT at T=0.24 | Z=80.00
t=2387055 SteerR changed to 0.00
t=2387545 SteerL changed to -1.00
t=2387655 SteerL changed to 0.00
[Step 229000] Mesh Raycast HIT at T=0.24 | Z=80.00
T: 2290.00s | Pos: (483, 1.26, -60557) | Spd: 84 km/h | Yaw: 1.57 | Steer: 0.00
t=2387985 SteerL changed to -1.00
t=2388175 SteerL changed to 0.00
[Step 229100] Mesh Raycast HIT at T=0.24 | Z=80.00
[Step 229200] Mesh Raycast HIT at T=0.24 | Z=80.00
t=2389895 SteerL changed to -1.00
t=2390115 SteerL changed to 0.00
t=2390205 SteerL changed to -1.00
[Step 229300] Mesh Raycast HIT at T=0.24 | Z=80.00
t=2391115 SteerL changed to 0.00
t=2391225 SteerR changed to 1.00
t=2391305 Gas changed to 0.00
[Step 229400] Mesh Raycast HIT at T=0.24 | Z=80.00
t=2391725 Gas changed to 1.00
t=2392625 SteerR changed to 0.00
[Step 229500] Mesh Raycast HIT at T=0.24 | Z=80.00
T: 2295.00s | Pos: (483, 1.26, -60687) | Spd: 93 km/h | Yaw: 1.57 | Steer: 0.00
t=2392725 SteerR changed to 1.00
[Step 229600] Mesh Raycast HIT at T=0.24 | Z=80.00
t=2394515 SteerR changed to 0.00
[Step 229700] Mesh Raycast HIT at T=0.24 | Z=80.00
t=2395315 SteerL changed to -1.00
t=2395485 SteerL changed to 0.00
t=2395575 SteerL changed to -1.00
[Step 229800] Mesh Raycast HIT at T=0.24 | Z=80.00
t=2396045 SteerL changed to 0.00
t=2396325 SteerR changed to 1.00
t=2396525 SteerR changed to 0.00
t=2396635 SteerR changed to 1.00
[Step 229900] Mesh Raycast HIT at T=0.24 | Z=80.00
t=2397125 SteerR changed to 0.00
t=2397365 SteerL changed to -1.00
t=2397445 SteerL changed to 0.00
[Step 230000] Mesh Raycast HIT at T=0.24 | Z=80.00
T: 2300.00s | Pos: (483, 1.26, -60827) | Spd: 105 km/h | Yaw: 1.57 | Steer: 0.00
[Step 230100] Mesh Raycast HIT at T=0.24 | Z=80.00
[Step 230200] Mesh Raycast HIT at T=0.24 | Z=80.00
t=2400665 SteerR changed to 1.00
[Step 230300] Mesh Raycast HIT at T=0.24 | Z=80.00
t=2400935 SteerR changed to 0.00
t=2401035 SteerR changed to 1.00
[Step 230400] Mesh Raycast HIT at T=0.24 | Z=80.00
t=2401805 SteerR changed to 0.00
t=2401925 SteerR changed to 1.00
t=2402155 Gas changed to 0.00
t=2402545 Gas changed to 1.00
[Step 230500] Mesh Raycast HIT at T=0.24 | Z=80.00
T: 2305.00s | Pos: (483, 1.26, -60974) | Spd: 94 km/h | Yaw: 1.57 | Steer: 1.00
t=2402905 SteerR changed to 0.00
[Step 230600] Mesh Raycast HIT at T=0.24 | Z=80.00
[Step 230700] Mesh Raycast HIT at T=0.24 | Z=80.00
t=2405245 SteerL changed to -1.00
t=2405295 SteerL changed to 0.00
[Step 230800] Mesh Raycast HIT at T=0.24 | Z=80.00
t=2406325 SteerR changed to 1.00
t=2406675 SteerR changed to 0.00
[Step 230900] Mesh Raycast HIT at T=0.24 | Z=80.00
t=2406975 SteerL changed to -1.00
t=2407295 SteerL changed to 0.00
[Step 231000] Mesh Raycast HIT at T=0.24 | Z=80.00
T: 2310.00s | Pos: (483, 1.26, -61115) | Spd: 105 km/h | Yaw: 1.57 | Steer: 0.00
t=2408305 SteerR changed to 1.00
t=2408325 Gas changed to 0.00
t=2408575 Gas changed to 1.00
[Step 231100] Mesh Raycast HIT at T=0.24 | Z=80.00
[Step 231200] Mesh Raycast HIT at T=0.24 | Z=80.00
t=2409795 SteerR changed to 0.00
t=2409975 SteerR changed to 1.00
t=2410245 SteerR changed to 0.00
t=2410335 SteerR changed to 1.00
t=2410515 SteerR changed to 0.00
t=2410615 SteerR changed to 1.00
[Step 231300] Mesh Raycast HIT at T=0.24 | Z=80.00
t=2411465 Gas changed to 0.00
t=2411595 Gas changed to 1.00
[Step 231400] Mesh Raycast HIT at T=0.24 | Z=80.00
t=2412035 SteerR changed to 0.00
t=2412345 SteerR changed to 1.00
t=2412455 SteerR changed to 0.00
t=2412585 SteerL changed to -1.00
t=2412665 SteerL changed to 0.00
[Step 231500] Mesh Raycast HIT at T=0.24 | Z=80.00
T: 2315.00s | Pos: (483, 1.25, -61257) | Spd: 102 km/h | Yaw: 1.57 | Steer: 0.00
t=2413115 SteerR changed to 1.00
[Step 231600] Mesh Raycast HIT at T=0.24 | Z=80.00
[Step 231700] Mesh Raycast HIT at T=0.24 | Z=80.00
t=2415485 SteerR changed to 0.00
[Step 231800] Mesh Raycast HIT at T=0.24 | Z=80.00
t=2416575 SteerL changed to -1.00
t=2416635 SteerL changed to 0.00
[Step 231900] Mesh Raycast HIT at T=0.24 | Z=80.00
[Step 232000] Mesh Raycast HIT at T=0.24 | Z=80.00
T: 2320.00s | Pos: (483, 1.25, -61403) | Spd: 106 km/h | Yaw: 1.57 | Steer: 0.00
[Step 232100] Mesh Raycast HIT at T=0.24 | Z=80.00
[Step 232200] Mesh Raycast HIT at T=0.24 | Z=80.00
t=2420315 SteerR changed to 1.00
t=2420425 SteerR changed to 0.00
t=2420585 SteerR changed to 1.00
[Step 232300] Mesh Raycast HIT at T=0.24 | Z=80.00
t=2420705 SteerR changed to 0.00
t=2420785 SteerR changed to 1.00
t=2421085 SteerR changed to 0.00
t=2421165 SteerR changed to 1.00
[Step 232400] Mesh Raycast HIT at T=0.24 | Z=80.00
t=2422485 SteerR changed to 0.00
[Step 232500] Mesh Raycast HIT at T=0.24 | Z=80.00
T: 2325.00s | Pos: (483, 1.25, -61552) | Spd: 107 km/h | Yaw: 1.57 | Steer: 0.00
t=2423455 SteerR changed to 1.00
t=2423675 Gas changed to 0.00
[Step 232600] Mesh Raycast HIT at T=0.24 | Z=80.00
t=2423975 Gas changed to 1.00
[Step 232700] Mesh Raycast HIT at T=0.24 | Z=80.00
t=2425495 SteerR changed to 0.00
[Step 232800] Mesh Raycast HIT at T=0.24 | Z=80.00
t=2425785 SteerR changed to 1.00
t=2425825 SteerR changed to 0.00
t=2426375 SteerR changed to 1.00
t=2426405 SteerR changed to 0.00
[Step 232900] Mesh Raycast HIT at T=0.24 | Z=80.00
[Step 233000] Mesh Raycast HIT at T=0.24 | Z=80.00
T: 2330.00s | Pos: (483, 1.25, -61695) | Spd: 104 km/h | Yaw: 1.57 | Steer: 0.00
[Step 233100] Mesh Raycast HIT at T=0.24 | Z=80.00
[Step 233200] Mesh Raycast HIT at T=0.24 | Z=80.00
t=2429725 Gas changed to 0.00
t=2430135 SteerR changed to 1.00
[Step 233300] Mesh Raycast HIT at T=0.24 | Z=80.00
[Step 233400] Mesh Raycast HIT at T=0.24 | Z=80.00
t=2432145 Gas changed to 1.00
t=2432655 SteerR changed to 0.00
[Step 233500] Mesh Raycast HIT at T=0.23 | Z=80.00
T: 2335.00s | Pos: (483, 1.26, -61812) | Spd: 57 km/h | Yaw: 1.57 | Steer: 0.00
[Step 233600] Mesh Raycast HIT at T=0.23 | Z=80.00
t=2434445 SteerL changed to -1.00
t=2434605 SteerL changed to 0.00
[Step 233700] Mesh Raycast HIT at T=0.23 | Z=80.00
t=2435625 SteerR changed to 1.00
[Step 233800] Mesh Raycast HIT at T=0.23 | Z=80.00
t=2435965 SteerR changed to 0.00
t=2436055 SteerR changed to 1.00
[Step 233900] Mesh Raycast HIT at T=0.23 | Z=80.00
t=2436965 SteerR changed to 0.00
t=2437545 SteerL changed to -1.00
t=2437645 SteerL changed to 0.00
[Step 234000] Mesh Raycast HIT at T=0.23 | Z=80.00
T: 2340.00s | Pos: (483, 1.25, -61928) | Spd: 98 km/h | Yaw: 1.57 | Steer: 0.00
t=2437835 Gas changed to 0.00
t=2437835 SteerR changed to 1.00
t=2438615 Gas changed to 1.00
[Step 234100] Mesh Raycast HIT at T=0.23 | Z=80.00
t=2438725 SteerR changed to 0.00
t=2438855 SteerL changed to -1.00
t=2438885 Gas changed to 0.00
[Step 234200] Mesh Raycast HIT at T=0.23 | Z=80.00
t=2439755 Gas changed to 1.00
[Step 234300] Mesh Raycast HIT at T=0.23 | Z=80.00
t=2441245 SteerL changed to 0.00
[Step 234400] Mesh Raycast HIT at T=0.23 | Z=80.00
[Step 234500] Mesh Raycast HIT at T=0.23 | Z=80.00
T: 2345.00s | Pos: (483, 1.25, -62036) | Spd: 89 km/h | Yaw: 1.57 | Steer: 0.00
t=2442815 SteerR changed to 1.00
t=2442935 SteerR changed to 0.00
t=2443645 SteerL changed to -1.00
[Step 234600] Mesh Raycast HIT at T=0.23 | Z=80.00
t=2443925 Gas changed to 0.00
t=2443935 SteerL changed to 0.00
t=2444035 SteerR changed to 1.00
[Step 234700] Mesh Raycast HIT at T=0.23 | Z=80.00
t=2444965 Gas changed to 1.00
[Step 234800] Mesh Raycast HIT at T=0.23 | Z=80.00
t=2446135 SteerR changed to 0.00
[Step 234900] Mesh Raycast HIT at T=0.23 | Z=80.00
t=2447155 SteerL changed to -1.00
t=2447335 SteerL changed to 0.00
[Step 235000] Mesh Raycast HIT at T=0.23 | Z=80.00
T: 2350.00s | Pos: (483, 1.25, -62153) | Spd: 91 km/h | Yaw: 1.57 | Steer: 0.00
t=2448405 SteerL changed to -1.00
t=2448535 SteerL changed to 0.00
[Step 235100] Mesh Raycast HIT at T=0.23 | Z=80.00
t=2448865 SteerL changed to -1.00
t=2448975 SteerL changed to 0.00
t=2449085 SteerL changed to -1.00
t=2449275 SteerL changed to 0.00
t=2449345 SteerL changed to -1.00
t=2449485 SteerL changed to 0.00
t=2449565 SteerL changed to -1.00
[Step 235200] Mesh Raycast HIT at T=0.23 | Z=80.00
t=2450005 SteerL changed to 0.00
t=2450235 SteerR changed to 1.00
t=2450505 Gas changed to 0.00
t=2450685 Gas changed to 1.00
[Step 235300] Mesh Raycast HIT at T=0.23 | Z=80.00
[Step 235400] Mesh Raycast HIT at T=0.23 | Z=80.00
t=2452075 Gas changed to 0.00
t=2452285 Gas changed to 1.00
[Step 235500] Mesh Raycast HIT at T=0.23 | Z=80.00
T: 2355.00s | Pos: (483, 1.25, -62288) | Spd: 95 km/h | Yaw: 1.57 | Steer: 1.00
t=2452855 Gas changed to 0.00
t=2452985 Gas changed to 1.00
t=2453515 SteerR changed to 0.00
[Step 235600] Mesh Raycast HIT at T=0.23 | Z=80.00
t=2454015 SteerL changed to -1.00
t=2454215 SteerL changed to 0.00
t=2454355 SteerL changed to -1.00
t=2454495 SteerL changed to 0.00
t=2454605 SteerL changed to -1.00
[Step 235700] Mesh Raycast HIT at T=0.23 | Z=80.00
t=2454985 SteerL changed to 0.00
t=2455515 SteerR changed to 1.00
[Step 235800] Mesh Raycast HIT at T=0.23 | Z=80.00
t=2456075 SteerR changed to 0.00
[Step 235900] Mesh Raycast HIT at T=0.23 | Z=80.00
[Step 236000] Mesh Raycast HIT at T=0.23 | Z=80.00
T: 2360.00s | Pos: (483, 1.25, -62427) | Spd: 104 km/h | Yaw: 1.57 | Steer: 0.00
[Step 236100] Mesh Raycast HIT at T=0.23 | Z=80.00
[Step 236200] Mesh Raycast HIT at T=0.23 | Z=80.00
t=2459925 SteerR changed to 1.00
t=2460145 Gas changed to 0.00
t=2460275 Gas changed to 1.00
[Step 236300] Mesh Raycast HIT at T=0.23 | Z=80.00
t=2460905 SteerR changed to 0.00
t=2460945 SteerR changed to 1.00
t=2461075 SteerR changed to 0.00
t=2461145 SteerR changed to 1.00
[Step 236400] Mesh Raycast HIT at T=0.23 | Z=80.00
t=2461895 SteerR changed to 0.00
t=2462275 SteerR changed to 1.00
t=2462315 SteerR changed to 0.00
[Step 236500] Mesh Raycast HIT at T=0.23 | Z=80.00
T: 2365.00s | Pos: (483, 1.25, -62572) | Spd: 105 km/h | Yaw: 1.57 | Steer: 0.00
[Step 236600] Mesh Raycast HIT at T=0.23 | Z=80.00
[Step 236700] Mesh Raycast HIT at T=0.23 | Z=80.00
t=2465015 SteerR changed to 1.00
t=2465295 SteerR changed to 0.00
t=2465575 SteerL changed to -1.00
[Step 236800] Mesh Raycast HIT at T=0.23 | Z=80.00
t=2465885 SteerL changed to 0.00
t=2466195 SteerR changed to 1.00
t=2466265 SteerR changed to 0.00
t=2466525 SteerL changed to -1.00
[Step 236900] Mesh Raycast HIT at T=0.23 | Z=80.00
[Step 237000] Mesh Raycast HIT at T=0.23 | Z=80.00
T: 2370.00s | Pos: (483, 1.25, -62720) | Spd: 107 km/h | Yaw: 1.57 | Steer: -1.00
t=2467795 SteerL changed to 0.00
[Step 237100] Mesh Raycast HIT at T=0.23 | Z=80.00
t=2468785 SteerR changed to 1.00
t=2469095 Gas changed to 0.00
t=2469255 Gas changed to 1.00
[Step 237200] Mesh Raycast HIT at T=0.23 | Z=80.00
t=2469995 SteerR changed to 0.00
t=2470235 SteerR changed to 1.00
t=2470405 SteerR changed to 0.00
t=2470565 SteerR changed to 1.00
t=2470675 SteerR changed to 0.00
[Step 237300] Mesh Raycast HIT at T=0.23 | Z=80.00
[Step 237400] Mesh Raycast HIT at T=0.23 | Z=80.00
[Step 237500] Mesh Raycast HIT at T=0.23 | Z=80.00
T: 2375.00s | Pos: (483, 1.25, -62867) | Spd: 106 km/h | Yaw: 1.57 | Steer: 0.00
[Step 237600] Mesh Raycast HIT at T=0.23 | Z=80.00
t=2474455 SteerL changed to -1.00
t=2474575 SteerL changed to 0.00
[Step 237700] Mesh Raycast HIT at T=0.23 | Z=80.00
[Step 237800] Mesh Raycast HIT at T=0.23 | Z=80.00
[Step 237900] Mesh Raycast HIT at T=0.23 | Z=80.00
[Step 238000] Mesh Raycast HIT at T=0.23 | Z=80.00
T: 2380.00s | Pos: (483, 1.25, -63015) | Spd: 107 km/h | Yaw: 1.57 | Steer: 0.00
t=2478145 SteerR changed to 1.00
t=2478225 SteerR changed to 0.00
[Step 238100] Mesh Raycast HIT at T=0.23 | Z=80.00
t=2479035 SteerR changed to 1.00
t=2479665 SteerR changed to 0.00
[Step 238200] Mesh Raycast HIT at T=0.23 | Z=80.00
t=2479805 SteerR changed to 1.00
t=2479955 SteerR changed to 0.00
t=2480055 SteerR changed to 1.00
t=2480345 Gas changed to 0.00
t=2480485 Gas changed to 1.00
[Step 238300] Mesh Raycast HIT at T=0.23 | Z=80.00
t=2481125 SteerR changed to 0.00
t=2481515 SteerL changed to -1.00
t=2481625 SteerL changed to 0.00
[Step 238400] Mesh Raycast HIT at T=0.23 | Z=80.00
t=2481875 SteerR changed to 1.00
t=2482345 SteerR changed to 0.00
t=2482455 SteerR changed to 1.00
t=2482665 Gas changed to 0.00
[Step 238500] Mesh Raycast HIT at T=0.23 | Z=80.00
T: 2385.00s | Pos: (483, 1.25, -63163) | Spd: 104 km/h | Yaw: 1.57 | Steer: 1.00
t=2482825 Gas changed to 1.00
t=2483115 Gas changed to 0.00
t=2483305 Gas changed to 1.00
[Step 238600] Mesh Raycast HIT at T=0.23 | Z=80.00
t=2484135 SteerR changed to 0.00
t=2484375 SteerR changed to 1.00
t=2484415 SteerR changed to 0.00
[Step 238700] Mesh Raycast HIT at T=0.23 | Z=80.00
t=2485575 SteerL changed to -1.00
t=2485635 SteerL changed to 0.00
[Step 238800] Mesh Raycast HIT at T=0.23 | Z=80.00
t=2486045 SteerR changed to 1.00
[Step 238900] Mesh Raycast HIT at T=0.23 | Z=80.00
t=2487475 SteerR changed to 0.00
[Step 239000] Mesh Raycast HIT at T=0.23 | Z=80.00
T: 2390.00s | Pos: (483, 1.25, -63303) | Spd: 104 km/h | Yaw: 1.57 | Steer: 0.00
t=2488495 Gas changed to 0.00
[Step 239100] Mesh Raycast HIT at T=0.23 | Z=80.00
t=2488905 SteerR changed to 1.00
[Step 239200] Mesh Raycast HIT at T=0.23 | Z=80.00
[Step 239300] Mesh Raycast HIT at T=0.23 | Z=80.00
t=2491455 Gas changed to 1.00
t=2491565 SteerR changed to 0.00
[Step 239400] Mesh Raycast HIT at T=0.23 | Z=80.00
[Step 239500] Mesh Raycast HIT at T=0.24 | Z=80.00
T: 2395.00s | Pos: (483, 1.25, -63400) | Spd: 62 km/h | Yaw: 1.57 | Steer: 0.00
[Step 239600] Mesh Raycast HIT at T=0.24 | Z=80.00
t=2494495 SteerR changed to 1.00
[Step 239700] Mesh Raycast HIT at T=0.24 | Z=80.00
t=2494785 SteerR changed to 0.00
t=2494885 SteerR changed to 1.00
t=2495685 SteerR changed to 0.00
[Step 239800] Mesh Raycast HIT at T=0.24 | Z=80.00
t=2496335 SteerL changed to -1.00
t=2496395 SteerL changed to 0.00
t=2496475 Gas changed to 0.00
t=2496525 SteerR changed to 1.00
[Step 239900] Mesh Raycast HIT at T=0.24 | Z=80.00
t=2496725 SteerR changed to 0.00
t=2496835 SteerR changed to 1.00
t=2497285 Gas changed to 1.00
t=2497415 SteerR changed to 0.00
t=2497495 SteerL changed to -1.00
t=2497555 Gas changed to 0.00
[Step 240000] Mesh Raycast HIT at T=0.24 | Z=80.00
T: 2400.00s | Pos: (483, 1.25, -63513) | Spd: 71 km/h | Yaw: 1.57 | Steer: -1.00
t=2497715 SteerL changed to 0.00
t=2497745 SteerL changed to -1.00
t=2497935 SteerL changed to 0.00
t=2498085 SteerL changed to -1.00
t=2498315 Gas changed to 1.00
[Step 240100] Mesh Raycast HIT at T=0.24 | Z=80.00
[Step 240200] Mesh Raycast HIT at T=0.24 | Z=80.00
t=2500115 SteerL changed to 0.00
t=2500375 SteerL changed to -1.00
t=2500485 SteerL changed to 0.00
[Step 240300] Mesh Raycast HIT at T=0.24 | Z=80.00
t=2501095 SteerR changed to 1.00
t=2501305 SteerR changed to 0.00
[Step 240400] Mesh Raycast HIT at T=0.24 | Z=80.00
t=2502215 SteerL changed to -1.00
t=2502465 Gas changed to 0.00
t=2502465 SteerL changed to 0.00
t=2502575 SteerR changed to 1.00
[Step 240500] Mesh Raycast HIT at T=0.24 | Z=80.00
T: 2405.00s | Pos: (483, 1.25, -63624) | Spd: 88 km/h | Yaw: 1.57 | Steer: 1.00
t=2503595 Gas changed to 1.00
[Step 240600] Mesh Raycast HIT at T=0.24 | Z=80.00
[Step 240700] Mesh Raycast HIT at T=0.24 | Z=80.00
t=2504775 SteerR changed to 0.00
[Step 240800] Mesh Raycast HIT at T=0.24 | Z=80.00
t=2505715 SteerL changed to -1.00
t=2505875 SteerL changed to 0.00
t=2506605 SteerL changed to -1.00
[Step 240900] Mesh Raycast HIT at T=0.24 | Z=80.00
t=2506735 SteerL changed to 0.00
t=2507365 SteerL changed to -1.00
t=2507495 SteerL changed to 0.00
t=2507635 SteerL changed to -1.00
[Step 241000] Mesh Raycast HIT at T=0.24 | Z=80.00
T: 2410.00s | Pos: (483, 1.25, -63740) | Spd: 97 km/h | Yaw: 1.57 | Steer: -1.00
t=2507945 SteerL changed to 0.00
t=2508005 SteerL changed to -1.00
t=2508145 SteerL changed to 0.00
t=2508235 SteerL changed to -1.00
[Step 241100] Mesh Raycast HIT at T=0.24 | Z=80.00
t=2508705 SteerL changed to 0.00
t=2508845 SteerR changed to 1.00
t=2509195 Gas changed to 0.00
t=2509565 Gas changed to 1.00
[Step 241200] Mesh Raycast HIT at T=0.24 | Z=80.00
[Step 241300] Mesh Raycast HIT at T=0.24 | Z=80.00
[Step 241400] Mesh Raycast HIT at T=0.24 | Z=80.00
t=2512095 SteerR changed to 0.00
[Step 241500] Mesh Raycast HIT at T=0.24 | Z=80.00
T: 2415.00s | Pos: (483, 1.25, -63875) | Spd: 101 km/h | Yaw: 1.57 | Steer: 0.00
t=2512775 SteerL changed to -1.00
t=2512935 SteerL changed to 0.00
t=2513075 SteerL changed to -1.00
t=2513635 SteerL changed to 0.00
[Step 241600] Mesh Raycast HIT at T=0.24 | Z=80.00
t=2513855 SteerR changed to 1.00
t=2514265 SteerR changed to 0.00
t=2514395 SteerR changed to 1.00
[Step 241700] Mesh Raycast HIT at T=0.24 | Z=80.00
t=2514725 SteerR changed to 0.00
[Step 241800] Mesh Raycast HIT at T=0.24 | Z=80.00
t=2516225 Gas changed to 0.00
t=2516255 SteerL changed to -1.00
[Step 241900] Mesh Raycast HIT at T=0.24 | Z=80.00
t=2516825 Gas changed to 1.00
[Step 242000] Mesh Raycast HIT at T=0.24 | Z=80.00
T: 2420.00s | Pos: (483, 1.25, -64015) | Spd: 92 km/h | Yaw: 1.57 | Steer: -1.00
t=2517915 SteerL changed to 0.00
[Step 242100] Mesh Raycast HIT at T=0.24 | Z=80.00
t=2518845 SteerR changed to 1.00
t=2519205 Gas changed to 0.00
t=2519505 Gas changed to 1.00
[Step 242200] Mesh Raycast HIT at T=0.24 | Z=80.00
t=2519815 Gas changed to 0.00
t=2519945 Gas changed to 1.00
[Step 242300] Mesh Raycast HIT at T=0.24 | Z=80.00
t=2520705 SteerR changed to 0.00
t=2521195 SteerL changed to -1.00
t=2521205 SteerL changed to 0.00
[Step 242400] Mesh Raycast HIT at T=0.24 | Z=80.00
[Step 242500] Mesh Raycast HIT at T=0.24 | Z=80.00
T: 2425.00s | Pos: (483, 1.25, -64146) | Spd: 99 km/h | Yaw: 1.57 | Steer: 0.00
[Step 242600] Mesh Raycast HIT at T=0.24 | Z=80.00
t=2523795 SteerR changed to 1.00
t=2523945 SteerR changed to 0.00
t=2524165 SteerR changed to 1.00
t=2524275 SteerR changed to 0.00
t=2524585 SteerR changed to 1.00
[Step 242700] Mesh Raycast HIT at T=0.24 | Z=80.00
t=2524745 SteerR changed to 0.00
t=2525315 SteerL changed to -1.00
t=2525605 SteerL changed to 0.00
[Step 242800] Mesh Raycast HIT at T=0.24 | Z=80.00
[Step 242900] Mesh Raycast HIT at T=0.24 | Z=80.00
[Step 243000] Mesh Raycast HIT at T=0.24 | Z=80.00
T: 2430.00s | Pos: (483, 1.25, -64290) | Spd: 106 km/h | Yaw: 1.57 | Steer: 0.00
t=2528395 SteerR changed to 1.00
t=2528485 SteerR changed to 0.00
t=2528695 SteerR changed to 1.00
[Step 243100] Mesh Raycast HIT at T=0.24 | Z=80.00
[Step 243200] Mesh Raycast HIT at T=0.24 | Z=80.00
t=2530185 SteerR changed to 0.00
t=2530505 SteerR changed to 1.00
t=2530615 SteerR changed to 0.00
[Step 243300] Mesh Raycast HIT at T=0.24 | Z=80.00
[Step 243400] Mesh Raycast HIT at T=0.24 | Z=80.00
[Step 243500] Mesh Raycast HIT at T=0.24 | Z=80.00
T: 2435.00s | Pos: (483, 1.25, -64439) | Spd: 107 km/h | Yaw: 1.57 | Steer: 0.00
[Step 243600] Mesh Raycast HIT at T=0.24 | Z=80.00
t=2534585 SteerL changed to -1.00
t=2534685 SteerL changed to 0.00
[Step 243700] Mesh Raycast HIT at T=0.24 | Z=80.00
[Step 243800] Mesh Raycast HIT at T=0.24 | Z=80.00
[Step 243900] Mesh Raycast HIT at T=0.24 | Z=80.00
[Step 244000] Mesh Raycast HIT at T=0.24 | Z=80.00
T: 2440.00s | Pos: (483, 1.25, -64590) | Spd: 107 km/h | Yaw: 1.57 | Steer: 0.00
t=2538485 SteerR changed to 1.00
t=2538555 SteerR changed to 0.00
[Step 244100] Mesh Raycast HIT at T=0.24 | Z=80.00
t=2538875 SteerR changed to 1.00
[Step 244200] Mesh Raycast HIT at T=0.24 | Z=80.00
t=2540645 SteerR changed to 0.00
[Step 244300] Mesh Raycast HIT at T=0.24 | Z=80.00
t=2541565 SteerR changed to 1.00
[Step 244400] Mesh Raycast HIT at T=0.24 | Z=80.00
t=2541935 Gas changed to 0.00
t=2542075 Gas changed to 1.00
t=2542435 SteerR changed to 0.00
t=2542455 SteerR changed to 1.00
[Step 244500] Mesh Raycast HIT at T=0.24 | Z=80.00
T: 2445.00s | Pos: (483, 1.25, -64739) | Spd: 103 km/h | Yaw: 1.57 | Steer: 1.00
t=2543695 SteerR changed to 0.00
[Step 244600] Mesh Raycast HIT at T=0.24 | Z=80.00
[Step 244700] Mesh Raycast HIT at T=0.24 | Z=80.00
[Step 244800] Mesh Raycast HIT at T=0.24 | Z=80.00
[Step 244900] Mesh Raycast HIT at T=0.24 | Z=80.00
t=2547185 Gas changed to 0.00
[Step 245000] Mesh Raycast HIT at T=0.24 | Z=80.00
T: 2450.00s | Pos: (483, 1.25, -64885) | Spd: 90 km/h | Yaw: 1.57 | Steer: 0.00
t=2548265 SteerR changed to 1.00
[Step 245100] Mesh Raycast HIT at T=0.24 | Z=80.00
t=2549675 Gas changed to 1.00
[Step 245200] Mesh Raycast HIT at T=0.23 | Z=80.00
t=2550455 SteerR changed to 0.00
t=2550685 SteerR changed to 1.00
[Step 245300] Mesh Raycast HIT at T=0.24 | Z=80.00
t=2551065 SteerR changed to 0.00
t=2551345 SteerL changed to -1.00
t=2551455 SteerL changed to 0.00
t=2551605 SteerL changed to -1.00
[Step 245400] Mesh Raycast HIT at T=0.24 | Z=80.00
[Step 245500] Mesh Raycast HIT at T=0.24 | Z=80.00
T: 2455.00s | Pos: (483, 1.25, -64980) | Spd: 85 km/h | Yaw: 1.57 | Steer: -1.00
t=2552805 SteerL changed to 0.00
t=2553235 SteerL changed to -1.00
t=2553325 SteerL changed to 0.00
t=2553655 SteerR changed to 1.00
[Step 245600] Mesh Raycast HIT at T=0.24 | Z=80.00
t=2554165 SteerR changed to 0.00
t=2554275 SteerR changed to 1.00
[Step 245700] Mesh Raycast HIT at T=0.24 | Z=80.00
t=2554905 SteerR changed to 0.00
t=2555185 SteerR changed to 1.00
t=2555275 SteerR changed to 0.00
t=2555455 SteerL changed to -1.00
t=2555555 SteerL changed to 0.00
[Step 245800] Mesh Raycast HIT at T=0.24 | Z=80.00
t=2555755 Gas changed to 0.00
t=2555835 SteerR changed to 1.00
t=2556135 Gas changed to 1.00
t=2556615 SteerR changed to 0.00
[Step 245900] Mesh Raycast HIT at T=0.24 | Z=80.00
t=2556725 SteerL changed to -1.00
t=2556795 Gas changed to 0.00
[Step 246000] Mesh Raycast HIT at T=0.24 | Z=80.00
T: 2460.00s | Pos: (483, 1.25, -65106) | Spd: 67 km/h | Yaw: 1.57 | Steer: -1.00
t=2557755 Gas changed to 1.00
[Step 246100] Mesh Raycast HIT at T=0.24 | Z=80.00
t=2559495 SteerL changed to 0.00
[Step 246200] Mesh Raycast HIT at T=0.24 | Z=80.00
t=2559995 SteerR changed to 1.00
t=2560395 SteerR changed to 0.00
[Step 246300] Mesh Raycast HIT at T=0.24 | Z=80.00
t=2561105 SteerL changed to -1.00
t=2561555 SteerL changed to 0.00
t=2561605 Gas changed to 0.00
t=2561635 SteerR changed to 1.00
[Step 246400] Mesh Raycast HIT at T=0.24 | Z=80.00
[Step 246500] Mesh Raycast HIT at T=0.24 | Z=80.00
T: 2465.00s | Pos: (483, 1.25, -65222) | Spd: 66 km/h | Yaw: 1.57 | Steer: 1.00
t=2562855 Gas changed to 1.00
[Step 246600] Mesh Raycast HIT at T=0.24 | Z=80.00
t=2563855 SteerR changed to 0.00
[Step 246700] Mesh Raycast HIT at T=0.24 | Z=80.00
t=2565285 SteerL changed to -1.00
t=2565415 SteerL changed to 0.00
[Step 246800] Mesh Raycast HIT at T=0.24 | Z=80.00
[Step 246900] Mesh Raycast HIT at T=0.24 | Z=80.00
t=2566835 SteerL changed to -1.00
t=2567365 SteerL changed to 0.00
t=2567465 SteerL changed to -1.00
[Step 247000] Mesh Raycast HIT at T=0.24 | Z=80.00
T: 2470.00s | Pos: (483, 1.25, -65341) | Spd: 99 km/h | Yaw: 1.57 | Steer: -1.00
t=2567835 SteerL changed to 0.00
t=2568215 SteerR changed to 1.00
[Step 247100] Mesh Raycast HIT at T=0.24 | Z=80.00
t=2569375 Gas changed to 0.00
[Step 247200] Mesh Raycast HIT at T=0.24 | Z=80.00
t=2569735 Gas changed to 1.00
[Step 247300] Mesh Raycast HIT at T=0.24 | Z=80.00
t=2571325 SteerR changed to 0.00
[Step 247400] Mesh Raycast HIT at T=0.24 | Z=80.00
t=2572245 SteerL changed to -1.00
t=2572415 SteerL changed to 0.00
t=2572495 SteerL changed to -1.00
[Step 247500] Mesh Raycast HIT at T=0.24 | Z=80.00
T: 2475.00s | Pos: (483, 1.25, -65478) | Spd: 101 km/h | Yaw: 1.57 | Steer: -1.00
t=2572945 SteerL changed to 0.00
t=2573385 SteerR changed to 1.00
[Step 247600] Mesh Raycast HIT at T=0.24 | Z=80.00
t=2574005 SteerR changed to 0.00
t=2574355 SteerL changed to -1.00
t=2574415 SteerL changed to 0.00
[Step 247700] Mesh Raycast HIT at T=0.24 | Z=80.00
t=2575615 SteerR changed to 1.00
t=2575645 Gas changed to 0.00
[Step 247800] Mesh Raycast HIT at T=0.24 | Z=80.00
t=2575795 Gas changed to 1.00
[Step 247900] Mesh Raycast HIT at T=0.24 | Z=80.00
t=2576705 SteerR changed to 0.00
t=2577305 SteerR changed to 1.00
t=2577365 SteerR changed to 0.00
[Step 248000] Mesh Raycast HIT at T=0.24 | Z=80.00
T: 2480.00s | Pos: (483, 1.25, -65621) | Spd: 104 km/h | Yaw: 1.57 | Steer: 0.00
t=2577805 SteerR changed to 1.00
t=2578075 Gas changed to 0.00
t=2578225 Gas changed to 1.00
t=2578585 SteerR changed to 0.00
[Step 248100] Mesh Raycast HIT at T=0.24 | Z=80.00
t=2578705 SteerR changed to 1.00
t=2578965 SteerR changed to 0.00
t=2579035 SteerR changed to 1.00
t=2579165 Gas changed to 0.00
t=2579265 Gas changed to 1.00
[Step 248200] Mesh Raycast HIT at T=0.24 | Z=80.00
t=2579895 SteerR changed to 0.00
[Step 248300] Mesh Raycast HIT at T=0.24 | Z=80.00
[Step 248400] Mesh Raycast HIT at T=0.24 | Z=80.00
[Step 248500] Mesh Raycast HIT at T=0.24 | Z=80.00
T: 2485.00s | Pos: (483, 1.25, -65763) | Spd: 104 km/h | Yaw: 1.57 | Steer: 0.00
t=2583035 SteerR changed to 1.00
t=2583355 SteerR changed to 0.00
[Step 248600] Mesh Raycast HIT at T=0.24 | Z=80.00
t=2583735 SteerL changed to -1.00
t=2584045 SteerL changed to 0.00
[Step 248700] Mesh Raycast HIT at T=0.24 | Z=80.00
t=2584885 SteerR changed to 1.00
t=2584945 Gas changed to 0.00
t=2585255 Gas changed to 1.00
[Step 248800] Mesh Raycast HIT at T=0.24 | Z=80.00
t=2585745 Gas changed to 0.00
t=2586095 Gas changed to 1.00
t=2586485 SteerR changed to 0.00
t=2586695 SteerR changed to 1.00
[Step 248900] Mesh Raycast HIT at T=0.24 | Z=80.00
[Step 249000] Mesh Raycast HIT at T=0.24 | Z=80.00
T: 2490.00s | Pos: (483, 1.25, -65901) | Spd: 95 km/h | Yaw: 1.57 | Steer: 1.00
t=2588675 SteerR changed to 0.00
[Step 249100] Mesh Raycast HIT at T=0.24 | Z=80.00
[Step 249200] Mesh Raycast HIT at T=0.24 | Z=80.00
[Step 249300] Mesh Raycast HIT at T=0.24 | Z=80.00
[Step 249400] Mesh Raycast HIT at T=0.24 | Z=80.00
[Step 249500] Mesh Raycast HIT at T=0.24 | Z=80.00
T: 2495.00s | Pos: (483, 1.25, -66043) | Spd: 105 km/h | Yaw: 1.57 | Steer: 0.00
t=2592775 SteerR changed to 1.00
t=2592865 SteerR changed to 0.00
[Step 249600] Mesh Raycast HIT at T=0.24 | Z=80.00
[Step 249700] Mesh Raycast HIT at T=0.24 | Z=80.00
[Step 249800] Mesh Raycast HIT at T=0.24 | Z=80.00
t=2596105 SteerL changed to -1.00
t=2596175 SteerL changed to 0.00
[Step 249900] Mesh Raycast HIT at T=0.24 | Z=80.00
t=2596955 SteerR changed to 1.00
t=2597055 SteerR changed to 0.00
t=2597275 SteerR changed to 1.00
t=2597415 SteerR changed to 0.00
t=2597515 SteerR changed to 1.00
[Step 250000] Mesh Raycast HIT at T=0.24 | Z=80.00
T: 2500.00s | Pos: (483, 1.25, -66191) | Spd: 107 km/h | Yaw: 1.57 | Steer: 1.00
t=2598175 SteerR changed to 0.00
t=2598285 SteerR changed to 1.00
[Step 250100] Mesh Raycast HIT at T=0.24 | Z=80.00
t=2599385 SteerR changed to 0.00
t=2599655 SteerL changed to -1.00
[Step 250200] Mesh Raycast HIT at T=0.24 | Z=80.00
t=2599755 SteerL changed to 0.00
t=2600205 SteerR changed to 1.00
t=2600675 Gas changed to 0.00
[Step 250300] Mesh Raycast HIT at T=0.24 | Z=80.00
t=2600995 Gas changed to 1.00
[Step 250400] Mesh Raycast HIT at T=0.24 | Z=80.00
t=2602305 SteerR changed to 0.00
[Step 250500] Mesh Raycast HIT at T=0.24 | Z=80.00
T: 2505.00s | Pos: (483, 1.25, -66336) | Spd: 101 km/h | Yaw: 1.57 | Steer: 0.00
[Step 250600] Mesh Raycast HIT at T=0.24 | Z=80.00
[Step 250700] Mesh Raycast HIT at T=0.24 | Z=80.00
t=2605525 Gas changed to 0.00
t=2605615 SteerL changed to -1.00
[Step 250800] Mesh Raycast HIT at T=0.24 | Z=80.00
[Step 250900] Mesh Raycast HIT at T=0.24 | Z=80.00
t=2607595 SteerL changed to 0.00
t=2607655 SteerR changed to 1.00
[Step 251000] Mesh Raycast HIT at T=0.23 | Z=80.00
T: 2510.00s | Pos: (483, 1.25, -66462) | Spd: 50 km/h | Yaw: 1.57 | Steer: 1.00
t=2608425 Gas changed to 1.00
[Step 251100] Mesh Raycast HIT at T=0.23 | Z=80.00
t=2608715 SteerR changed to 0.00
t=2608785 SteerR changed to 1.00
t=2609235 Gas changed to 0.00
[Step 251200] Mesh Raycast HIT at T=0.23 | Z=80.00
t=2610155 Gas changed to 1.00
t=2610435 SteerR changed to 0.00
[Step 251300] Mesh Raycast HIT at T=0.24 | Z=80.00
[Step 251400] Mesh Raycast HIT at T=0.24 | Z=80.00
t=2612505 SteerR changed to 1.00
[Step 251500] Mesh Raycast HIT at T=0.24 | Z=80.00
T: 2515.00s | Pos: (483, 1.25, -66539) | Spd: 79 km/h | Yaw: 1.57 | Steer: 1.00
t=2612815 SteerR changed to 0.00
t=2612905 SteerR changed to 1.00
t=2613265 SteerR changed to 0.00
t=2613365 SteerR changed to 1.00
[Step 251600] Mesh Raycast HIT at T=0.24 | Z=80.00
t=2613975 SteerR changed to 0.00
t=2614385 SteerL changed to -1.00
t=2614605 SteerL changed to 0.00
[Step 251700] Mesh Raycast HIT at T=0.24 | Z=80.00
t=2614885 Gas changed to 0.00
t=2614885 SteerR changed to 1.00
[Step 251800] Mesh Raycast HIT at T=0.24 | Z=80.00
t=2615845 SteerR changed to 0.00
t=2615895 SteerL changed to -1.00
t=2616025 Gas changed to 1.00
t=2616235 SteerL changed to 0.00
t=2616445 SteerL changed to -1.00
t=2616555 Gas changed to 0.00
[Step 251900] Mesh Raycast HIT at T=0.24 | Z=80.00
t=2617125 Gas changed to 1.00
[Step 252000] Mesh Raycast HIT at T=0.24 | Z=80.00
T: 2520.00s | Pos: (483, 1.25, -66648) | Spd: 67 km/h | Yaw: 1.57 | Steer: -1.00
[Step 252100] Mesh Raycast HIT at T=0.24 | Z=80.00
t=2618735 SteerL changed to 0.00
t=2618985 SteerL changed to -1.00
t=2619055 SteerL changed to 0.00
t=2619505 SteerR changed to 1.00
[Step 252200] Mesh Raycast HIT at T=0.24 | Z=80.00
t=2619855 SteerR changed to 0.00
[Step 252300] Mesh Raycast HIT at T=0.24 | Z=80.00
t=2620715 SteerL changed to -1.00
t=2621155 SteerL changed to 0.00
t=2621275 Gas changed to 0.00
t=2621345 SteerR changed to 1.00
[Step 252400] Mesh Raycast HIT at T=0.24 | Z=80.00
t=2622495 Gas changed to 1.00
[Step 252500] Mesh Raycast HIT at T=0.24 | Z=80.00
T: 2525.00s | Pos: (483, 1.25, -66762) | Spd: 66 km/h | Yaw: 1.57 | Steer: 1.00
t=2623475 SteerR changed to 0.00
[Step 252600] Mesh Raycast HIT at T=0.24 | Z=80.00
[Step 252700] Mesh Raycast HIT at T=0.24 | Z=80.00
t=2625115 SteerL changed to -1.00
t=2625235 SteerL changed to 0.00
t=2625645 SteerL changed to -1.00
[Step 252800] Mesh Raycast HIT at T=0.24 | Z=80.00
t=2625785 SteerL changed to 0.00
t=2626345 SteerL changed to -1.00
t=2626575 SteerL changed to 0.00
t=2626675 SteerL changed to -1.00
[Step 252900] Mesh Raycast HIT at T=0.24 | Z=80.00
t=2626815 SteerL changed to 0.00
t=2626875 SteerL changed to -1.00
t=2627025 SteerL changed to 0.00
t=2627085 SteerL changed to -1.00
t=2627585 SteerL changed to 0.00
[Step 253000] Mesh Raycast HIT at T=0.24 | Z=80.00
T: 2530.00s | Pos: (483, 1.25, -66884) | Spd: 100 km/h | Yaw: 1.57 | Steer: 0.00
t=2627835 SteerR changed to 1.00
t=2628025 Gas changed to 0.00
t=2628225 Gas changed to 1.00
[Step 253100] Mesh Raycast HIT at T=0.24 | Z=80.00
t=2629625 Gas changed to 0.00
[Step 253200] Mesh Raycast HIT at T=0.24 | Z=80.00
t=2629825 Gas changed to 1.00
[Step 253300] Mesh Raycast HIT at T=0.24 | Z=80.00
t=2631125 SteerR changed to 0.00
[Step 253400] Mesh Raycast HIT at T=0.24 | Z=80.00
t=2631715 SteerL changed to -1.00
t=2632245 SteerL changed to 0.00
t=2632435 SteerL changed to -1.00
t=2632605 SteerL changed to 0.00
[Step 253500] Mesh Raycast HIT at T=0.24 | Z=80.00
T: 2535.00s | Pos: (483, 1.25, -67020) | Spd: 102 km/h | Yaw: 1.57 | Steer: 0.00
t=2633025 SteerR changed to 1.00
t=2633635 SteerR changed to 0.00
[Step 253600] Mesh Raycast HIT at T=0.24 | Z=80.00
[Step 253700] Mesh Raycast HIT at T=0.24 | Z=80.00
[Step 253800] Mesh Raycast HIT at T=0.24 | Z=80.00
[Step 253900] Mesh Raycast HIT at T=0.24 | Z=80.00
t=2637545 SteerR changed to 1.00
t=2637615 Gas changed to 0.00
[Step 254000] Mesh Raycast HIT at T=0.24 | Z=80.00
T: 2540.00s | Pos: (483, 1.25, -67167) | Spd: 103 km/h | Yaw: 1.57 | Steer: 1.00
t=2637925 Gas changed to 1.00
t=2638185 Gas changed to 0.00
t=2638315 Gas changed to 1.00
[Step 254100] Mesh Raycast HIT at T=0.24 | Z=80.00
t=2638805 Gas changed to 0.00
t=2638915 Gas changed to 1.00
t=2639345 SteerR changed to 0.00
t=2639675 SteerR changed to 1.00
[Step 254200] Mesh Raycast HIT at T=0.24 | Z=80.00
t=2639715 SteerR changed to 0.00
[Step 254300] Mesh Raycast HIT at T=0.24 | Z=80.00
[Step 254400] Mesh Raycast HIT at T=0.24 | Z=80.00
[Step 254500] Mesh Raycast HIT at T=0.24 | Z=80.00
T: 2545.00s | Pos: (483, 1.25, -67303) | Spd: 103 km/h | Yaw: 1.57 | Steer: 0.00
t=2642995 SteerR changed to 1.00
t=2643335 SteerR changed to 0.00
[Step 254600] Mesh Raycast HIT at T=0.24 | Z=80.00
t=2643725 SteerL changed to -1.00
t=2643915 SteerL changed to 0.00
t=2644085 SteerL changed to -1.00
t=2644225 SteerL changed to 0.00
[Step 254700] Mesh Raycast HIT at T=0.24 | Z=80.00
[Step 254800] Mesh Raycast HIT at T=0.24 | Z=80.00
t=2646235 Gas changed to 0.00
t=2646345 SteerR changed to 1.00
t=2646515 Gas changed to 1.00
[Step 254900] Mesh Raycast HIT at T=0.24 | Z=80.00
t=2646865 SteerR changed to 0.00
t=2647285 SteerR changed to 1.00
[Step 255000] Mesh Raycast HIT at T=0.24 | Z=80.00
T: 2550.00s | Pos: (483, 1.25, -67447) | Spd: 100 km/h | Yaw: 1.57 | Steer: 1.00
t=2648155 SteerR changed to 0.00
t=2648235 SteerR changed to 1.00
[Step 255100] Mesh Raycast HIT at T=0.24 | Z=80.00
t=2648965 SteerR changed to 0.00
t=2649585 SteerL changed to -1.00
t=2649605 SteerL changed to 0.00
[Step 255200] Mesh Raycast HIT at T=0.24 | Z=80.00
[Step 255300] Mesh Raycast HIT at T=0.24 | Z=80.00
[Step 255400] Mesh Raycast HIT at T=0.24 | Z=80.00
[Step 255500] Mesh Raycast HIT at T=0.24 | Z=80.00
T: 2555.00s | Pos: (483, 1.25, -67593) | Spd: 106 km/h | Yaw: 1.57 | Steer: 0.00
[Step 255600] Mesh Raycast HIT at T=0.24 | Z=80.00
t=2653865 SteerR changed to 1.00
t=2653915 SteerR changed to 0.00
[Step 255700] Mesh Raycast HIT at T=0.24 | Z=80.00
[Step 255800] Mesh Raycast HIT at T=0.24 | Z=80.00
[Step 255900] Mesh Raycast HIT at T=0.24 | Z=80.00
[Step 256000] Mesh Raycast HIT at T=0.24 | Z=80.00
T: 2560.00s | Pos: (483, 1.24, -67741) | Spd: 107 km/h | Yaw: 1.57 | Steer: 0.00
t=2657725 SteerR changed to 1.00
[Step 256100] Mesh Raycast HIT at T=0.24 | Z=80.00
t=2659435 SteerR changed to 0.00
[Step 256200] Mesh Raycast HIT at T=0.24 | Z=80.00
t=2659865 SteerR changed to 1.00
t=2659965 SteerR changed to 0.00
t=2660075 SteerR changed to 1.00
t=2660185 SteerR changed to 0.00
t=2660635 SteerR changed to 1.00
[Step 256300] Mesh Raycast HIT at T=0.24 | Z=80.00
t=2660905 Gas changed to 0.00
t=2661075 Gas changed to 1.00
[Step 256400] Mesh Raycast HIT at T=0.24 | Z=80.00
[Step 256500] Mesh Raycast HIT at T=0.24 | Z=80.00
T: 2565.00s | Pos: (483, 1.24, -67888) | Spd: 104 km/h | Yaw: 1.57 | Steer: 1.00
t=2662715 SteerR changed to 0.00
t=2663245 SteerL changed to -1.00
t=2663275 SteerL changed to 0.00
[Step 256600] Mesh Raycast HIT at T=0.24 | Z=80.00
t=2663925 SteerL changed to -1.00
t=2663975 SteerL changed to 0.00
t=2664415 SteerR changed to 1.00
[Step 256700] Mesh Raycast HIT at T=0.24 | Z=80.00
t=2665485 Gas changed to 0.00
[Step 256800] Mesh Raycast HIT at T=0.24 | Z=80.00
t=2666395 Gas changed to 1.00
[Step 256900] Mesh Raycast HIT at T=0.24 | Z=80.00
t=2666905 SteerR changed to 0.00
t=2667235 SteerR changed to 1.00
t=2667295 Gas changed to 0.00
[Step 257000] Mesh Raycast HIT at T=0.24 | Z=80.00
T: 2570.00s | Pos: (483, 1.24, -68023) | Spd: 75 km/h | Yaw: 1.57 | Steer: 1.00
[Step 257100] Mesh Raycast HIT at T=0.23 | Z=80.00
t=2668845 Gas changed to 1.00
t=2669175 Gas changed to 0.00
[Step 257200] Mesh Raycast HIT at T=0.23 | Z=80.00
t=2669905 Gas changed to 1.00
t=2669935 SteerR changed to 0.00
t=2670625 SteerL changed to -1.00
[Step 257300] Mesh Raycast HIT at T=0.23 | Z=80.00
t=2671065 SteerL changed to 0.00
[Step 257400] Mesh Raycast HIT at T=0.23 | Z=80.00
[Step 257500] Mesh Raycast HIT at T=0.23 | Z=80.00
T: 2575.00s | Pos: (483, 1.25, -68110) | Spd: 83 km/h | Yaw: 1.57 | Steer: 0.00
t=2673025 SteerR changed to 1.00
t=2673525 SteerR changed to 0.00
t=2673575 SteerR changed to 1.00
[Step 257600] Mesh Raycast HIT at T=0.23 | Z=80.00
t=2674085 SteerR changed to 0.00
t=2674475 SteerL changed to -1.00
t=2674655 SteerL changed to 0.00
[Step 257700] Mesh Raycast HIT at T=0.23 | Z=80.00
t=2674845 SteerR changed to 1.00
t=2674875 Gas changed to 0.00
t=2675625 Gas changed to 1.00
[Step 257800] Mesh Raycast HIT at T=0.23 | Z=80.00
t=2675805 SteerR changed to 0.00
t=2675945 SteerL changed to -1.00
t=2676095 Gas changed to 0.00
[Step 257900] Mesh Raycast HIT at T=0.23 | Z=80.00
t=2676755 Gas changed to 1.00
[Step 258000] Mesh Raycast HIT at T=0.23 | Z=80.00
T: 2580.00s | Pos: (483, 1.25, -68224) | Spd: 75 km/h | Yaw: 1.57 | Steer: -1.00
t=2678685 SteerL changed to 0.00
[Step 258100] Mesh Raycast HIT at T=0.23 | Z=80.00
t=2679125 SteerR changed to 1.00
t=2679355 SteerR changed to 0.00
[Step 258200] Mesh Raycast HIT at T=0.23 | Z=80.00
t=2680685 SteerL changed to -1.00
[Step 258300] Mesh Raycast HIT at T=0.23 | Z=80.00
t=2680795 Gas changed to 0.00
t=2680885 SteerL changed to 0.00
t=2680935 SteerR changed to 1.00
[Step 258400] Mesh Raycast HIT at T=0.23 | Z=80.00
t=2681745 Gas changed to 1.00
[Step 258500] Mesh Raycast HIT at T=0.23 | Z=80.00
T: 2585.00s | Pos: (483, 1.24, -68341) | Spd: 80 km/h | Yaw: 1.57 | Steer: 1.00
t=2683425 SteerR changed to 0.00
[Step 258600] Mesh Raycast HIT at T=0.23 | Z=80.00
t=2683795 SteerL changed to -1.00
t=2683925 SteerL changed to 0.00
t=2684005 SteerL changed to -1.00
t=2684225 SteerL changed to 0.00
[Step 258700] Mesh Raycast HIT at T=0.23 | Z=80.00
t=2685235 SteerL changed to -1.00
t=2685415 SteerL changed to 0.00
t=2685555 SteerL changed to -1.00
t=2685695 SteerL changed to 0.00
[Step 258800] Mesh Raycast HIT at T=0.23 | Z=80.00
t=2685875 SteerL changed to -1.00
t=2686005 SteerL changed to 0.00
t=2686085 SteerL changed to -1.00
[Step 258900] Mesh Raycast HIT at T=0.23 | Z=80.00
t=2686795 SteerL changed to 0.00
t=2686985 SteerR changed to 1.00
t=2687425 Gas changed to 0.00
[Step 259000] Mesh Raycast HIT at T=0.23 | Z=80.00
T: 2590.00s | Pos: (483, 1.24, -68472) | Spd: 93 km/h | Yaw: 1.57 | Steer: 1.00
t=2687795 Gas changed to 1.00
[Step 259100] Mesh Raycast HIT at T=0.23 | Z=80.00
[Step 259200] Mesh Raycast HIT at T=0.23 | Z=80.00
t=2690255 SteerR changed to 0.00
[Step 259300] Mesh Raycast HIT at T=0.23 | Z=80.00
t=2690715 SteerL changed to -1.00
t=2690815 SteerL changed to 0.00
t=2691025 SteerL changed to -1.00
t=2691105 SteerL changed to 0.00
t=2691225 SteerL changed to -1.00
t=2691695 SteerL changed to 0.00
[Step 259400] Mesh Raycast HIT at T=0.23 | Z=80.00
t=2692105 SteerR changed to 1.00
t=2692675 SteerR changed to 0.00
[Step 259500] Mesh Raycast HIT at T=0.23 | Z=80.00
T: 2595.00s | Pos: (483, 1.24, -68610) | Spd: 104 km/h | Yaw: 1.57 | Steer: 0.00
t=2693115 SteerR changed to 1.00
t=2693165 SteerR changed to 0.00
[Step 259600] Mesh Raycast HIT at T=0.23 | Z=80.00
[Step 259700] Mesh Raycast HIT at T=0.23 | Z=80.00
[Step 259800] Mesh Raycast HIT at T=0.23 | Z=80.00
t=2696455 SteerR changed to 1.00
[Step 259900] Mesh Raycast HIT at T=0.23 | Z=80.00
t=2696775 Gas changed to 0.00
t=2696975 Gas changed to 1.00
[Step 260000] Mesh Raycast HIT at T=0.23 | Z=80.00
T: 2600.00s | Pos: (483, 1.24, -68757) | Spd: 101 km/h | Yaw: 1.57 | Steer: 1.00
t=2698395 SteerR changed to 0.00
t=2698605 SteerL changed to -1.00
t=2698685 SteerL changed to 0.00
[Step 260100] Mesh Raycast HIT at T=0.23 | Z=80.00
t=2699215 SteerR changed to 1.00
t=2699295 SteerR changed to 0.00
[Step 260200] Mesh Raycast HIT at T=0.23 | Z=80.00
[Step 260300] Mesh Raycast HIT at T=0.23 | Z=80.00
t=2700935 SteerR changed to 1.00
t=2701025 SteerR changed to 0.00
t=2701445 SteerR changed to 1.00
t=2701605 SteerR changed to 0.00
[Step 260400] Mesh Raycast HIT at T=0.23 | Z=80.00
t=2701725 SteerR changed to 1.00
t=2701885 SteerR changed to 0.00
t=2702275 SteerL changed to -1.00
t=2702585 SteerL changed to 0.00
[Step 260500] Mesh Raycast HIT at T=0.23 | Z=80.00
T: 2605.00s | Pos: (483, 1.24, -68903) | Spd: 106 km/h | Yaw: 1.57 | Steer: 0.00
t=2703455 SteerR changed to 1.00
t=2703495 Gas changed to 0.00
[Step 260600] Mesh Raycast HIT at T=0.23 | Z=80.00
t=2703815 Gas changed to 1.00
t=2704205 Gas changed to 0.00
t=2704645 Gas changed to 1.00
[Step 260700] Mesh Raycast HIT at T=0.23 | Z=80.00
[Step 260800] Mesh Raycast HIT at T=0.23 | Z=80.00
[Step 260900] Mesh Raycast HIT at T=0.23 | Z=80.00
t=2707025 SteerR changed to 0.00
t=2707215 SteerR changed to 1.00
t=2707405 SteerR changed to 0.00
[Step 261000] Mesh Raycast HIT at T=0.23 | Z=80.00
T: 2610.00s | Pos: (483, 1.24, -69036) | Spd: 99 km/h | Yaw: 1.57 | Steer: 0.00
[Step 261100] Mesh Raycast HIT at T=0.23 | Z=80.00
[Step 261200] Mesh Raycast HIT at T=0.23 | Z=80.00
t=2710635 SteerR changed to 1.00
[Step 261300] Mesh Raycast HIT at T=0.23 | Z=80.00
t=2710705 SteerR changed to 0.00
t=2711475 SteerR changed to 1.00
t=2711545 SteerR changed to 0.00
[Step 261400] Mesh Raycast HIT at T=0.23 | Z=80.00
[Step 261500] Mesh Raycast HIT at T=0.23 | Z=80.00
T: 2615.00s | Pos: (483, 1.24, -69180) | Spd: 106 km/h | Yaw: 1.57 | Steer: 0.00
t=2713485 SteerL changed to -1.00
t=2713585 SteerL changed to 0.00
[Step 261600] Mesh Raycast HIT at T=0.23 | Z=80.00
[Step 261700] Mesh Raycast HIT at T=0.23 | Z=80.00
[Step 261800] Mesh Raycast HIT at T=0.23 | Z=80.00
t=2716115 SteerR changed to 1.00
[Step 261900] Mesh Raycast HIT at T=0.23 | Z=80.00
[Step 262000] Mesh Raycast HIT at T=0.23 | Z=80.00
T: 2620.00s | Pos: (483, 1.24, -69329) | Spd: 107 km/h | Yaw: 1.57 | Steer: 1.00
t=2718065 SteerR changed to 0.00
[Step 262100] Mesh Raycast HIT at T=0.23 | Z=80.00
t=2719025 SteerR changed to 1.00
t=2719215 Gas changed to 0.00
t=2719445 Gas changed to 1.00
[Step 262200] Mesh Raycast HIT at T=0.23 | Z=80.00
t=2720015 Gas changed to 0.00
t=2720185 Gas changed to 1.00
[Step 262300] Mesh Raycast HIT at T=0.23 | Z=80.00
t=2720995 SteerR changed to 0.00
t=2721385 SteerR changed to 1.00
t=2721435 SteerR changed to 0.00
[Step 262400] Mesh Raycast HIT at T=0.23 | Z=80.00
[Step 262500] Mesh Raycast HIT at T=0.23 | Z=80.00
T: 2625.00s | Pos: (483, 1.24, -69471) | Spd: 102 km/h | Yaw: 1.57 | Steer: 0.00
[Step 262600] Mesh Raycast HIT at T=0.23 | Z=80.00
[Step 262700] Mesh Raycast HIT at T=0.23 | Z=80.00
t=2725445 Gas changed to 0.00
t=2725695 SteerR changed to 1.00
[Step 262800] Mesh Raycast HIT at T=0.23 | Z=80.00
[Step 262900] Mesh Raycast HIT at T=0.23 | Z=80.00
[Step 263000] Mesh Raycast HIT at T=0.24 | Z=80.00
T: 2630.00s | Pos: (483, 1.24, -69597) | Spd: 49 km/h | Yaw: 1.57 | Steer: 1.00
t=2728295 Gas changed to 1.00
t=2728395 SteerR changed to 0.00
[Step 263100] Mesh Raycast HIT at T=0.24 | Z=80.00
[Step 263200] Mesh Raycast HIT at T=0.23 | Z=80.00
[Step 263300] Mesh Raycast HIT at T=0.23 | Z=80.00
t=2731325 SteerR changed to 1.00
t=2731635 SteerR changed to 0.00
t=2731685 SteerR changed to 1.00
[Step 263400] Mesh Raycast HIT at T=0.23 | Z=80.00
t=2732415 SteerR changed to 0.00
[Step 263500] Mesh Raycast HIT at T=0.23 | Z=80.00
T: 2635.00s | Pos: (483, 1.24, -69694) | Spd: 92 km/h | Yaw: 1.57 | Steer: 0.00
t=2733055 SteerR changed to 1.00
t=2733135 SteerR changed to 0.00
t=2733455 Gas changed to 0.00
t=2733535 SteerR changed to 1.00
[Step 263600] Mesh Raycast HIT at T=0.23 | Z=80.00
t=2733955 Gas changed to 1.00
t=2734275 SteerR changed to 0.00
t=2734295 Gas changed to 0.00
t=2734445 SteerL changed to -1.00
[Step 263700] Mesh Raycast HIT at T=0.23 | Z=80.00
t=2735125 Gas changed to 1.00
[Step 263800] Mesh Raycast HIT at T=0.23 | Z=80.00
[Step 263900] Mesh Raycast HIT at T=0.23 | Z=80.00
t=2736835 SteerL changed to 0.00
t=2737605 SteerR changed to 1.00
[Step 264000] Mesh Raycast HIT at T=0.23 | Z=80.00
T: 2640.00s | Pos: (483, 1.24, -69806) | Spd: 89 km/h | Yaw: 1.57 | Steer: 1.00
t=2737875 SteerR changed to 0.00
t=2738645 SteerL changed to -1.00
[Step 264100] Mesh Raycast HIT at T=0.23 | Z=80.00
t=2739045 SteerL changed to 0.00
t=2739155 SteerL changed to -1.00
t=2739215 SteerL changed to 0.00
t=2739465 Gas changed to 0.00
t=2739555 SteerR changed to 1.00
[Step 264200] Mesh Raycast HIT at T=0.23 | Z=80.00
t=2740295 Gas changed to 1.00
t=2740675 Gas changed to 0.00
[Step 264300] Mesh Raycast HIT at T=0.23 | Z=80.00
t=2740965 Gas changed to 1.00
[Step 264400] Mesh Raycast HIT at T=0.23 | Z=80.00
t=2742005 SteerR changed to 0.00
t=2742315 SteerR changed to 1.00
t=2742395 SteerR changed to 0.00
t=2742665 SteerL changed to -1.00
[Step 264500] Mesh Raycast HIT at T=0.23 | Z=80.00
T: 2645.00s | Pos: (483, 1.24, -69925) | Spd: 87 km/h | Yaw: 1.57 | Steer: -1.00
t=2742915 SteerL changed to 0.00
t=2743205 SteerL changed to -1.00
t=2743255 SteerL changed to 0.00
t=2743675 SteerL changed to -1.00
[Step 264600] Mesh Raycast HIT at T=0.23 | Z=80.00
t=2743835 SteerL changed to 0.00
t=2744655 SteerL changed to -1.00
[Step 264700] Mesh Raycast HIT at T=0.23 | Z=80.00
t=2744905 SteerL changed to 0.00
t=2744975 SteerL changed to -1.00
[Step 264800] Mesh Raycast HIT at T=0.23 | Z=80.00
t=2745795 SteerL changed to 0.00
t=2745845 SteerR changed to 1.00
t=2746045 Gas changed to 0.00
t=2746315 Gas changed to 1.00
[Step 264900] Mesh Raycast HIT at T=0.23 | Z=80.00
t=2746815 Gas changed to 0.00
t=2746955 Gas changed to 1.00
t=2747595 SteerR changed to 0.00
t=2747655 SteerR changed to 1.00
[Step 265000] Mesh Raycast HIT at T=0.23 | Z=80.00
T: 2650.00s | Pos: (483, 1.24, -70056) | Spd: 94 km/h | Yaw: 1.57 | Steer: 1.00
t=2748135 Gas changed to 0.00
t=2748275 Gas changed to 1.00
[Step 265100] Mesh Raycast HIT at T=0.23 | Z=80.00
t=2749085 SteerR changed to 0.00
[Step 265200] Mesh Raycast HIT at T=0.23 | Z=80.00
t=2750265 SteerL changed to -1.00
[Step 265300] Mesh Raycast HIT at T=0.23 | Z=80.00
t=2750805 SteerL changed to 0.00
t=2751245 SteerR changed to 1.00
[Step 265400] Mesh Raycast HIT at T=0.23 | Z=80.00
t=2751895 SteerR changed to 0.00
t=2752315 SteerL changed to -1.00
t=2752385 SteerL changed to 0.00
[Step 265500] Mesh Raycast HIT at T=0.23 | Z=80.00
T: 2655.00s | Pos: (483, 1.24, -70194) | Spd: 104 km/h | Yaw: 1.57 | Steer: 0.00
[Step 265600] Mesh Raycast HIT at T=0.23 | Z=80.00
[Step 265700] Mesh Raycast HIT at T=0.23 | Z=80.00
t=2755205 SteerL changed to -1.00
t=2755215 SteerL changed to 0.00
t=2755635 SteerR changed to 1.00
[Step 265800] Mesh Raycast HIT at T=0.23 | Z=80.00
t=2756155 Gas changed to 0.00
t=2756255 Gas changed to 1.00
t=2756625 Gas changed to 0.00
[Step 265900] Mesh Raycast HIT at T=0.23 | Z=80.00
t=2756875 Gas changed to 1.00
t=2757495 SteerR changed to 0.00
[Step 266000] Mesh Raycast HIT at T=0.23 | Z=80.00
T: 2660.00s | Pos: (483, 1.24, -70338) | Spd: 98 km/h | Yaw: 1.57 | Steer: 0.00
t=2757775 SteerR changed to 1.00
t=2757845 SteerR changed to 0.00
[Step 266100] Mesh Raycast HIT at T=0.23 | Z=80.00
[Step 266200] Mesh Raycast HIT at T=0.23 | Z=80.00
[Step 266300] Mesh Raycast HIT at T=0.23 | Z=80.00
t=2760805 SteerR changed to 1.00
t=2761115 SteerR changed to 0.00
[Step 266400] Mesh Raycast HIT at T=0.23 | Z=80.00
t=2761755 SteerL changed to -1.00
t=2762015 SteerL changed to 0.00
[Step 266500] Mesh Raycast HIT at T=0.23 | Z=80.00
T: 2665.00s | Pos: (483, 1.24, -70482) | Spd: 106 km/h | Yaw: 1.57 | Steer: 0.00
t=2762745 SteerR changed to 1.00
t=2763045 Gas changed to 0.00
[Step 266600] Mesh Raycast HIT at T=0.23 | Z=80.00
t=2763835 Gas changed to 1.00
t=2764305 SteerR changed to 0.00
[Step 266700] Mesh Raycast HIT at T=0.23 | Z=80.00
t=2764795 SteerR changed to 1.00
t=2764975 SteerR changed to 0.00
t=2765045 SteerR changed to 1.00
t=2765645 SteerR changed to 0.00
[Step 266800] Mesh Raycast HIT at T=0.23 | Z=80.00
t=2765715 SteerR changed to 1.00
[Step 266900] Mesh Raycast HIT at T=0.23 | Z=80.00
t=2766705 SteerR changed to 0.00
[Step 267000] Mesh Raycast HIT at T=0.23 | Z=80.00
T: 2670.00s | Pos: (483, 1.24, -70613) | Spd: 100 km/h | Yaw: 1.57 | Steer: 0.00
[Step 267100] Mesh Raycast HIT at T=0.23 | Z=80.00
[Step 267200] Mesh Raycast HIT at T=0.23 | Z=80.00
[Step 267300] Mesh Raycast HIT at T=0.23 | Z=80.00
[Step 267400] Mesh Raycast HIT at T=0.23 | Z=80.00
t=2772665 SteerL changed to -1.00
[Step 267500] Mesh Raycast HIT at T=0.23 | Z=80.00
T: 2675.00s | Pos: (483, 1.24, -70758) | Spd: 106 km/h | Yaw: 1.57 | Steer: -1.00
t=2772755 SteerL changed to 0.00
[Step 267600] Mesh Raycast HIT at T=0.23 | Z=80.00
t=2773945 SteerR changed to 1.00
t=2774035 SteerR changed to 0.00
[Step 267700] Mesh Raycast HIT at T=0.23 | Z=80.00
t=2775185 SteerR changed to 1.00
t=2775485 SteerR changed to 0.00
t=2775535 SteerR changed to 1.00
[Step 267800] Mesh Raycast HIT at T=0.23 | Z=80.00
t=2775795 SteerR changed to 0.00
t=2775855 SteerR changed to 1.00
[Step 267900] Mesh Raycast HIT at T=0.23 | Z=80.00
t=2777095 SteerR changed to 0.00
[Step 268000] Mesh Raycast HIT at T=0.23 | Z=80.00
T: 2680.00s | Pos: (483, 1.24, -70907) | Spd: 107 km/h | Yaw: 1.57 | Steer: 0.00
t=2777845 SteerR changed to 1.00
t=2778195 SteerR changed to 0.00
t=2778295 SteerR changed to 1.00
t=2778525 SteerR changed to 0.00
t=2778605 SteerR changed to 1.00
[Step 268100] Mesh Raycast HIT at T=0.23 | Z=80.00
t=2778785 Gas changed to 0.00
t=2779275 Gas changed to 1.00
[Step 268200] Mesh Raycast HIT at T=0.23 | Z=80.00
t=2780275 SteerR changed to 0.00
t=2780445 SteerL changed to -1.00
t=2780575 SteerL changed to 0.00
[Step 268300] Mesh Raycast HIT at T=0.23 | Z=80.00
t=2781635 SteerL changed to -1.00
t=2781645 SteerL changed to 0.00
[Step 268400] Mesh Raycast HIT at T=0.23 | Z=80.00
t=2782345 SteerL changed to -1.00
[Step 268500] Mesh Raycast HIT at T=0.23 | Z=80.00
T: 2685.00s | Pos: (483, 1.24, -71046) | Spd: 102 km/h | Yaw: 1.57 | Steer: -1.00
t=2782715 SteerL changed to 0.00
t=2782945 SteerL changed to -1.00
t=2783305 SteerL changed to 0.00
[Step 268600] Mesh Raycast HIT at T=0.23 | Z=80.00
t=2784455 SteerL changed to -1.00
[Step 268700] Mesh Raycast HIT at T=0.23 | Z=80.00
t=2784905 Gas changed to 0.00
t=2784925 SteerL changed to 0.00
t=2785035 SteerR changed to 1.00
[Step 268800] Mesh Raycast HIT at T=0.23 | Z=80.00
t=2786545 Gas changed to 1.00
[Step 268900] Mesh Raycast HIT at T=0.23 | Z=80.00
[Step 269000] Mesh Raycast HIT at T=0.23 | Z=80.00
T: 2690.00s | Pos: (483, 1.24, -71169) | Spd: 76 km/h | Yaw: 1.57 | Steer: 1.00
t=2788105 SteerR changed to 0.00
t=2788155 Gas changed to 0.00
t=2788375 Gas changed to 1.00
[Step 269100] Mesh Raycast HIT at T=0.23 | Z=80.00
[Step 269200] Mesh Raycast HIT at T=0.23 | Z=80.00
[Step 269300] Mesh Raycast HIT at T=0.23 | Z=80.00
t=2790805 SteerR changed to 1.00
t=2791515 SteerR changed to 0.00
t=2791635 SteerR changed to 1.00
[Step 269400] Mesh Raycast HIT at T=0.23 | Z=80.00
t=2792005 SteerR changed to 0.00
t=2792415 SteerL changed to -1.00
t=2792665 SteerL changed to 0.00
[Step 269500] Mesh Raycast HIT at T=0.23 | Z=80.00
T: 2695.00s | Pos: (483, 1.24, -71292) | Spd: 100 km/h | Yaw: 1.57 | Steer: 0.00
t=2792915 SteerR changed to 1.00
t=2792925 Gas changed to 0.00
[Step 269600] Mesh Raycast HIT at T=0.23 | Z=80.00
t=2793905 Gas changed to 1.00
t=2793945 SteerR changed to 0.00
t=2794015 Gas changed to 0.00
t=2794035 SteerL changed to -1.00
t=2794585 Gas changed to 1.00
[Step 269700] Mesh Raycast HIT at T=0.23 | Z=80.00
t=2794975 SteerL changed to 0.00
t=2795075 SteerL changed to -1.00
[Step 269800] Mesh Raycast HIT at T=0.23 | Z=80.00
t=2796605 SteerL changed to 0.00
[Step 269900] Mesh Raycast HIT at T=0.23 | Z=80.00
[Step 270000] Mesh Raycast HIT at T=0.23 | Z=80.00
T: 2700.00s | Pos: (483, 1.24, -71403) | Spd: 91 km/h | Yaw: 1.57 | Steer: 0.00
t=2798435 SteerR changed to 1.00
t=2798565 SteerR changed to 0.00
[Step 270100] Mesh Raycast HIT at T=0.23 | Z=80.00
t=2799285 SteerL changed to -1.00
t=2799695 Gas changed to 0.00
[Step 270200] Mesh Raycast HIT at T=0.23 | Z=80.00
t=2799745 SteerL changed to 0.00
t=2799825 SteerR changed to 1.00
t=2800395 Gas changed to 1.00
[Step 270300] Mesh Raycast HIT at T=0.23 | Z=80.00
t=2800795 Gas changed to 0.00
t=2801045 Gas changed to 1.00
[Step 270400] Mesh Raycast HIT at T=0.23 | Z=80.00
t=2802185 SteerR changed to 0.00
t=2802675 SteerL changed to -1.00
[Step 270500] Mesh Raycast HIT at T=0.23 | Z=80.00
T: 2705.00s | Pos: (483, 1.24, -71526) | Spd: 89 km/h | Yaw: 1.57 | Steer: -1.00
t=2802835 SteerL changed to 0.00
[Step 270600] Mesh Raycast HIT at T=0.23 | Z=80.00
t=2803765 SteerL changed to -1.00
t=2803985 SteerL changed to 0.00
t=2804655 SteerL changed to -1.00
[Step 270700] Mesh Raycast HIT at T=0.23 | Z=80.00
t=2804865 SteerL changed to 0.00
t=2804895 SteerL changed to -1.00
t=2805045 SteerL changed to 0.00
t=2805175 SteerL changed to -1.00
[Step 270800] Mesh Raycast HIT at T=0.23 | Z=80.00
t=2805915 SteerL changed to 0.00
t=2805935 SteerR changed to 1.00
t=2805965 Gas changed to 0.00
t=2806205 Gas changed to 1.00
[Step 270900] Mesh Raycast HIT at T=0.23 | Z=80.00
t=2807185 Gas changed to 0.00
t=2807305 Gas changed to 1.00
[Step 271000] Mesh Raycast HIT at T=0.23 | Z=80.00
T: 2710.00s | Pos: (483, 1.24, -71660) | Spd: 95 km/h | Yaw: 1.57 | Steer: 1.00
[Step 271100] Mesh Raycast HIT at T=0.23 | Z=80.00
t=2809255 SteerR changed to 0.00
[Step 271200] Mesh Raycast HIT at T=0.23 | Z=80.00
t=2810145 SteerL changed to -1.00
t=2810415 SteerL changed to 0.00
t=2810465 SteerL changed to -1.00
[Step 271300] Mesh Raycast HIT at T=0.23 | Z=80.00
t=2810805 SteerL changed to 0.00
t=2811195 SteerR changed to 1.00
[Step 271400] Mesh Raycast HIT at T=0.23 | Z=80.00
t=2811795 SteerR changed to 0.00
[Step 271500] Mesh Raycast HIT at T=0.23 | Z=80.00
T: 2715.00s | Pos: (483, 1.24, -71802) | Spd: 105 km/h | Yaw: 1.57 | Steer: 0.00
[Step 271600] Mesh Raycast HIT at T=0.23 | Z=80.00
[Step 271700] Mesh Raycast HIT at T=0.23 | Z=80.00
t=2815685 SteerR changed to 1.00
[Step 271800] Mesh Raycast HIT at T=0.23 | Z=80.00
t=2815735 Gas changed to 0.00
t=2816355 Gas changed to 1.00
[Step 271900] Mesh Raycast HIT at T=0.23 | Z=80.00
t=2817515 SteerR changed to 0.00
[Step 272000] Mesh Raycast HIT at T=0.23 | Z=80.00
T: 2720.00s | Pos: (483, 1.24, -71942) | Spd: 94 km/h | Yaw: 1.57 | Steer: 0.00
t=2817855 SteerL changed to -1.00
t=2817925 SteerL changed to 0.00
[Step 272100] Mesh Raycast HIT at T=0.23 | Z=80.00
[Step 272200] Mesh Raycast HIT at T=0.23 | Z=80.00
t=2820585 SteerR changed to 1.00
[Step 272300] Mesh Raycast HIT at T=0.23 | Z=80.00
t=2820745 SteerR changed to 0.00
t=2821175 SteerR changed to 1.00
t=2821445 SteerR changed to 0.00
[Step 272400] Mesh Raycast HIT at T=0.23 | Z=80.00
t=2822205 SteerL changed to -1.00
t=2822485 SteerL changed to 0.00
[Step 272500] Mesh Raycast HIT at T=0.23 | Z=80.00
T: 2725.00s | Pos: (483, 1.24, -72083) | Spd: 105 km/h | Yaw: 1.57 | Steer: 0.00
[Step 272600] Mesh Raycast HIT at T=0.23 | Z=80.00
[Step 272700] Mesh Raycast HIT at T=0.23 | Z=80.00
t=2825185 SteerR changed to 1.00
t=2825325 SteerR changed to 0.00
t=2825435 SteerR changed to 1.00
[Step 272800] Mesh Raycast HIT at T=0.23 | Z=80.00
t=2825985 SteerR changed to 0.00
t=2826075 SteerR changed to 1.00
t=2826665 SteerR changed to 0.00
[Step 272900] Mesh Raycast HIT at T=0.23 | Z=80.00
t=2826745 SteerR changed to 1.00
t=2827215 SteerR changed to 0.00
t=2827585 SteerR changed to 1.00
t=2827665 SteerR changed to 0.00
[Step 273000] Mesh Raycast HIT at T=0.23 | Z=80.00
T: 2730.00s | Pos: (483, 1.24, -72232) | Spd: 107 km/h | Yaw: 1.57 | Steer: 0.00
[Step 273100] Mesh Raycast HIT at T=0.23 | Z=80.00
[Step 273200] Mesh Raycast HIT at T=0.23 | Z=80.00
[Step 273300] Mesh Raycast HIT at T=0.23 | Z=80.00
[Step 273400] Mesh Raycast HIT at T=0.23 | Z=80.00
t=2832595 SteerR changed to 1.00
t=2832695 SteerR changed to 0.00
[Step 273500] Mesh Raycast HIT at T=0.23 | Z=80.00
T: 2735.00s | Pos: (483, 1.24, -72380) | Spd: 107 km/h | Yaw: 1.57 | Steer: 0.00
t=2833255 SteerL changed to -1.00
t=2833365 SteerL changed to 0.00
[Step 273600] Mesh Raycast HIT at T=0.23 | Z=80.00
t=2833755 SteerL changed to -1.00
t=2833845 SteerL changed to 0.00
t=2834395 SteerR changed to 1.00
t=2834515 SteerR changed to 0.00
[Step 273700] Mesh Raycast HIT at T=0.23 | Z=80.00
t=2835305 SteerR changed to 1.00
t=2835395 SteerR changed to 0.00
[Step 273800] Mesh Raycast HIT at T=0.23 | Z=80.00
t=2835765 SteerR changed to 1.00
t=2836295 SteerR changed to 0.00
t=2836375 SteerR changed to 1.00
[Step 273900] Mesh Raycast HIT at T=0.23 | Z=80.00
t=2837555 SteerR changed to 0.00
[Step 274000] Mesh Raycast HIT at T=0.23 | Z=80.00
T: 2740.00s | Pos: (483, 1.24, -72529) | Spd: 107 km/h | Yaw: 1.57 | Steer: 0.00
t=2837795 SteerL changed to -1.00
t=2837885 SteerL changed to 0.00
t=2838235 SteerR changed to 1.00
[Step 274100] Mesh Raycast HIT at T=0.23 | Z=80.00
t=2838935 SteerR changed to 0.00
t=2839055 SteerR changed to 1.00
t=2839185 Gas changed to 0.00
t=2839215 SteerR changed to 0.00
t=2839335 SteerR changed to 1.00
[Step 274200] Mesh Raycast HIT at T=0.23 | Z=80.00
t=2839825 Gas changed to 1.00
[Step 274300] Mesh Raycast HIT at T=0.23 | Z=80.00
t=2840725 SteerR changed to 0.00
[Step 274400] Mesh Raycast HIT at T=0.23 | Z=80.00
t=2842195 SteerL changed to -1.00
t=2842235 SteerL changed to 0.00
[Step 274500] Mesh Raycast HIT at T=0.23 | Z=80.00
T: 2745.00s | Pos: (483, 1.24, -72665) | Spd: 100 km/h | Yaw: 1.57 | Steer: 0.00
t=2842785 SteerR changed to 1.00
[Step 274600] Mesh Raycast HIT at T=0.23 | Z=80.00
t=2843855 SteerR changed to 0.00
[Step 274700] Mesh Raycast HIT at T=0.23 | Z=80.00
t=2845265 SteerL changed to -1.00
t=2845375 SteerL changed to 0.00
t=2845455 Gas changed to 0.00
[Step 274800] Mesh Raycast HIT at T=0.23 | Z=80.00
t=2845705 SteerR changed to 1.00
t=2846345 SteerR changed to 0.00
t=2846455 SteerR changed to 1.00
[Step 274900] Mesh Raycast HIT at T=0.23 | Z=80.00
t=2847345 Gas changed to 1.00
t=2847465 SteerR changed to 0.00
t=2847635 SteerR changed to 1.00
[Step 275000] Mesh Raycast HIT at T=0.23 | Z=80.00
T: 2750.00s | Pos: (483, 1.24, -72791) | Spd: 61 km/h | Yaw: 1.57 | Steer: 1.00
t=2847965 Gas changed to 0.00
t=2848195 Gas changed to 1.00
t=2848405 SteerR changed to 0.00
[Step 275100] Mesh Raycast HIT at T=0.23 | Z=80.00
[Step 275200] Mesh Raycast HIT at T=0.23 | Z=80.00
t=2850365 SteerR changed to 1.00
t=2850555 SteerR changed to 0.00
[Step 275300] Mesh Raycast HIT at T=0.23 | Z=80.00
t=2850725 SteerR changed to 1.00
t=2850895 SteerR changed to 0.00
t=2850995 SteerR changed to 1.00
t=2851455 SteerR changed to 0.00
t=2851615 SteerR changed to 1.00
[Step 275400] Mesh Raycast HIT at T=0.23 | Z=80.00
t=2852015 SteerR changed to 0.00
t=2852655 SteerL changed to -1.00
[Step 275500] Mesh Raycast HIT at T=0.23 | Z=80.00
T: 2755.00s | Pos: (483, 1.24, -72904) | Spd: 97 km/h | Yaw: 1.57 | Steer: -1.00
t=2852745 SteerL changed to 0.00
t=2852865 Gas changed to 0.00
t=2852985 SteerR changed to 1.00
[Step 275600] Mesh Raycast HIT at T=0.23 | Z=80.00
t=2853825 SteerR changed to 0.00
t=2854095 SteerL changed to -1.00
t=2854145 Gas changed to 1.00
t=2854235 Gas changed to 0.00
t=2854315 Gas changed to 1.00
[Step 275700] Mesh Raycast HIT at T=0.23 | Z=80.00
[Step 275800] Mesh Raycast HIT at T=0.23 | Z=80.00
t=2856095 Gas changed to 0.00
t=2856465 Gas changed to 1.00
[Step 275900] Mesh Raycast HIT at T=0.23 | Z=80.00
t=2857235 SteerL changed to 0.00
t=2857265 SteerR changed to 1.00
[Step 276000] Mesh Raycast HIT at T=0.23 | Z=80.00
T: 2760.00s | Pos: (483, 1.24, -73012) | Spd: 85 km/h | Yaw: 1.57 | Steer: 1.00
t=2858165 SteerR changed to 0.00
t=2858615 SteerL changed to -1.00
[Step 276100] Mesh Raycast HIT at T=0.23 | Z=80.00
t=2859115 SteerL changed to 0.00
t=2859265 Gas changed to 0.00
t=2859285 SteerR changed to 1.00
[Step 276200] Mesh Raycast HIT at T=0.23 | Z=80.00
t=2860425 Gas changed to 1.00
[Step 276300] Mesh Raycast HIT at T=0.23 | Z=80.00
t=2861455 SteerR changed to 0.00
[Step 276400] Mesh Raycast HIT at T=0.23 | Z=80.00
t=2861735 SteerR changed to 1.00
t=2861835 SteerR changed to 0.00
t=2862485 SteerL changed to -1.00
t=2862595 SteerL changed to 0.00
[Step 276500] Mesh Raycast HIT at T=0.23 | Z=80.00
T: 2765.00s | Pos: (483, 1.24, -73126) | Spd: 87 km/h | Yaw: 1.57 | Steer: 0.00
t=2863285 SteerL changed to -1.00
t=2863475 SteerL changed to 0.00
[Step 276600] Mesh Raycast HIT at T=0.23 | Z=80.00
t=2864095 SteerL changed to -1.00
t=2864245 SteerL changed to 0.00
t=2864405 SteerL changed to -1.00
t=2864655 SteerL changed to 0.00
[Step 276700] Mesh Raycast HIT at T=0.23 | Z=80.00
t=2864745 SteerL changed to -1.00
t=2865405 SteerL changed to 0.00
t=2865505 SteerR changed to 1.00
[Step 276800] Mesh Raycast HIT at T=0.23 | Z=80.00
t=2866415 Gas changed to 0.00
t=2866585 Gas changed to 1.00
[Step 276900] Mesh Raycast HIT at T=0.23 | Z=80.00
t=2866825 Gas changed to 0.00
t=2867125 Gas changed to 1.00
[Step 277000] Mesh Raycast HIT at T=0.23 | Z=80.00
T: 2770.00s | Pos: (483, 1.24, -73258) | Spd: 91 km/h | Yaw: 1.57 | Steer: 1.00
t=2868575 SteerR changed to 0.00
[Step 277100] Mesh Raycast HIT at T=0.23 | Z=80.00
t=2868775 SteerR changed to 1.00
t=2868875 SteerR changed to 0.00
[Step 277200] Mesh Raycast HIT at T=0.23 | Z=80.00
t=2869755 SteerL changed to -1.00
t=2869945 SteerL changed to 0.00
t=2870035 SteerL changed to -1.00
t=2870475 SteerL changed to 0.00
[Step 277300] Mesh Raycast HIT at T=0.23 | Z=80.00
t=2870715 SteerR changed to 1.00
t=2871205 SteerR changed to 0.00
t=2871335 SteerR changed to 1.00
t=2871515 SteerR changed to 0.00
[Step 277400] Mesh Raycast HIT at T=0.23 | Z=80.00
t=2871955 SteerL changed to -1.00
t=2872025 SteerL changed to 0.00
[Step 277500] Mesh Raycast HIT at T=0.23 | Z=80.00
T: 2775.00s | Pos: (483, 1.24, -73397) | Spd: 104 km/h | Yaw: 1.57 | Steer: 0.00
[Step 277600] Mesh Raycast HIT at T=0.23 | Z=80.00
[Step 277700] Mesh Raycast HIT at T=0.23 | Z=80.00
t=2874735 SteerR changed to 1.00
t=2874935 SteerR changed to 0.00
t=2875355 SteerR changed to 1.00
t=2875575 Gas changed to 0.00
[Step 277800] Mesh Raycast HIT at T=0.23 | Z=80.00
t=2875705 Gas changed to 1.00
t=2876345 Gas changed to 0.00
t=2876445 Gas changed to 1.00
t=2876585 Gas changed to 0.00
t=2876685 Gas changed to 1.00
[Step 277900] Mesh Raycast HIT at T=0.23 | Z=80.00
t=2877185 SteerR changed to 0.00
t=2877555 SteerR changed to 1.00
t=2877615 SteerR changed to 0.00
[Step 278000] Mesh Raycast HIT at T=0.23 | Z=80.00
T: 2780.00s | Pos: (483, 1.24, -73541) | Spd: 100 km/h | Yaw: 1.57 | Steer: 0.00
[Step 278100] Mesh Raycast HIT at T=0.23 | Z=80.00
[Step 278200] Mesh Raycast HIT at T=0.23 | Z=80.00
t=2879735 SteerL changed to -1.00
t=2879805 SteerL changed to 0.00
t=2880675 SteerR changed to 1.00
[Step 278300] Mesh Raycast HIT at T=0.23 | Z=80.00
t=2881045 SteerR changed to 0.00
t=2881445 SteerL changed to -1.00
[Step 278400] Mesh Raycast HIT at T=0.23 | Z=80.00
t=2881785 SteerL changed to 0.00
t=2882045 SteerR changed to 1.00
t=2882145 SteerR changed to 0.00
t=2882455 SteerR changed to 1.00
[Step 278500] Mesh Raycast HIT at T=0.23 | Z=80.00
T: 2785.00s | Pos: (483, 1.24, -73686) | Spd: 106 km/h | Yaw: 1.57 | Steer: 1.00
t=2882795 Gas changed to 0.00
t=2883605 Gas changed to 1.00
[Step 278600] Mesh Raycast HIT at T=0.23 | Z=80.00
t=2883965 SteerR changed to 0.00
t=2884215 SteerR changed to 1.00
t=2884515 SteerR changed to 0.00
t=2884635 SteerR changed to 1.00
[Step 278700] Mesh Raycast HIT at T=0.23 | Z=80.00
t=2884985 SteerR changed to 0.00
t=2885075 SteerR changed to 1.00
[Step 278800] Mesh Raycast HIT at T=0.23 | Z=80.00
t=2886025 SteerR changed to 0.00
t=2886165 SteerR changed to 1.00
t=2886555 SteerR changed to 0.00
[Step 278900] Mesh Raycast HIT at T=0.23 | Z=80.00
[Step 279000] Mesh Raycast HIT at T=0.23 | Z=80.00
T: 2790.00s | Pos: (483, 1.24, -73817) | Spd: 101 km/h | Yaw: 1.57 | Steer: 0.00
[Step 279100] Mesh Raycast HIT at T=0.23 | Z=80.00
[Step 279200] Mesh Raycast HIT at T=0.23 | Z=80.00
t=2890385 SteerR changed to 1.00
t=2890455 SteerR changed to 0.00
[Step 279300] Mesh Raycast HIT at T=0.23 | Z=80.00
[Step 279400] Mesh Raycast HIT at T=0.23 | Z=80.00
[Step 279500] Mesh Raycast HIT at T=0.23 | Z=80.00
T: 2795.00s | Pos: (483, 1.24, -73962) | Spd: 106 km/h | Yaw: 1.57 | Steer: 0.00
[Step 279600] Mesh Raycast HIT at T=0.23 | Z=80.00
t=2894235 SteerL changed to -1.00
t=2894315 SteerL changed to 0.00
[Step 279700] Mesh Raycast HIT at T=0.23 | Z=80.00
t=2894825 SteerR changed to 1.00
t=2894905 SteerR changed to 0.00
t=2895435 SteerR changed to 1.00
t=2895685 Gas changed to 0.00
[Step 279800] Mesh Raycast HIT at T=0.23 | Z=80.00
t=2895875 Gas changed to 1.00
t=2896625 SteerR changed to 0.00
[Step 279900] Mesh Raycast HIT at T=0.23 | Z=80.00
t=2896745 SteerR changed to 1.00
t=2897145 SteerR changed to 0.00
t=2897255 SteerR changed to 1.00
t=2897475 SteerR changed to 0.00
t=2897655 SteerR changed to 1.00
[Step 280000] Mesh Raycast HIT at T=0.23 | Z=80.00
T: 2800.00s | Pos: (483, 1.24, -74108) | Spd: 104 km/h | Yaw: 1.57 | Steer: 1.00
t=2897775 SteerR changed to 0.00
t=2897975 SteerL changed to -1.00
t=2898035 SteerL changed to 0.00
t=2898355 SteerR changed to 1.00
[Step 280100] Mesh Raycast HIT at T=0.23 | Z=80.00
[Step 280200] Mesh Raycast HIT at T=0.23 | Z=80.00
t=2900455 SteerR changed to 0.00
[Step 280300] Mesh Raycast HIT at T=0.23 | Z=80.00
t=2901685 SteerL changed to -1.00
[Step 280400] Mesh Raycast HIT at T=0.23 | Z=80.00
t=2901735 SteerL changed to 0.00
t=2902305 SteerR changed to 1.00
[Step 280500] Mesh Raycast HIT at T=0.23 | Z=80.00
T: 2805.00s | Pos: (483, 1.24, -74256) | Spd: 107 km/h | Yaw: 1.57 | Steer: 1.00
t=2903155 Gas changed to 0.00
[Step 280600] Mesh Raycast HIT at T=0.23 | Z=80.00
t=2903725 SteerR changed to 0.00
t=2904025 SteerR changed to 1.00
t=2904185 Gas changed to 1.00
t=2904275 SteerR changed to 0.00
[Step 280700] Mesh Raycast HIT at T=0.23 | Z=80.00
t=2905065 Gas changed to 0.00
t=2905115 SteerR changed to 1.00
[Step 280800] Mesh Raycast HIT at T=0.23 | Z=80.00
t=2906265 Gas changed to 1.00
[Step 280900] Mesh Raycast HIT at T=0.23 | Z=80.00
t=2906755 Gas changed to 0.00
t=2906905 Gas changed to 1.00
t=2907195 Gas changed to 0.00
[Step 281000] Mesh Raycast HIT at T=0.23 | Z=80.00
T: 2810.00s | Pos: (483, 1.24, -74362) | Spd: 55 km/h | Yaw: 1.57 | Steer: 1.00
t=2908085 SteerR changed to 0.00
t=2908325 Gas changed to 1.00
t=2908495 SteerL changed to -1.00
[Step 281100] Mesh Raycast HIT at T=0.24 | Z=80.00
t=2909265 SteerL changed to 0.00
[Step 281200] Mesh Raycast HIT at T=0.24 | Z=80.00
t=2910135 SteerL changed to -1.00
t=2910215 SteerL changed to 0.00
[Step 281300] Mesh Raycast HIT at T=0.24 | Z=80.00
t=2911255 SteerR changed to 1.00
[Step 281400] Mesh Raycast HIT at T=0.24 | Z=80.00
t=2911725 SteerR changed to 0.00
t=2911835 SteerR changed to 1.00
t=2912405 SteerR changed to 0.00
t=2912655 SteerL changed to -1.00
[Step 281500] Mesh Raycast HIT at T=0.24 | Z=80.00
T: 2815.00s | Pos: (483, 1.23, -74462) | Spd: 93 km/h | Yaw: 1.57 | Steer: -1.00
t=2912795 SteerL changed to 0.00
t=2913135 Gas changed to 0.00
t=2913175 SteerR changed to 1.00
t=2913495 Gas changed to 1.00
t=2913595 SteerR changed to 0.00
[Step 281600] Mesh Raycast HIT at T=0.24 | Z=80.00
t=2913705 SteerR changed to 1.00
t=2913965 Gas changed to 0.00
t=2914175 Gas changed to 1.00
t=2914255 SteerR changed to 0.00
t=2914325 SteerL changed to -1.00
[Step 281700] Mesh Raycast HIT at T=0.24 | Z=80.00
t=2914715 SteerL changed to 0.00
t=2914805 SteerL changed to -1.00
t=2914935 SteerL changed to 0.00
t=2915045 SteerR changed to 1.00
t=2915435 SteerR changed to 0.00
t=2915465 SteerL changed to -1.00
[Step 281800] Mesh Raycast HIT at T=0.24 | Z=80.00
t=2916485 SteerL changed to 0.00
t=2916615 SteerL changed to -1.00
[Step 281900] Mesh Raycast HIT at T=0.24 | Z=80.00
t=2917115 SteerL changed to 0.00
[Step 282000] Mesh Raycast HIT at T=0.24 | Z=80.00
T: 2820.00s | Pos: (483, 1.23, -74589) | Spd: 99 km/h | Yaw: 1.57 | Steer: 0.00
t=2917825 SteerL changed to -1.00
t=2917985 SteerL changed to 0.00
[Step 282100] Mesh Raycast HIT at T=0.24 | Z=80.00
t=2919055 SteerL changed to -1.00
t=2919195 SteerL changed to 0.00
[Step 282200] Mesh Raycast HIT at T=0.24 | Z=80.00
t=2920315 SteerL changed to -1.00
t=2920615 SteerL changed to 0.00
t=2920635 Gas changed to 0.00
[Step 282300] Mesh Raycast HIT at T=0.24 | Z=80.00
t=2920835 SteerR changed to 1.00
t=2921425 Gas changed to 1.00
t=2921675 SteerR changed to 0.00
[Step 282400] Mesh Raycast HIT at T=0.24 | Z=80.00
t=2921735 SteerR changed to 1.00
[Step 282500] Mesh Raycast HIT at T=0.24 | Z=80.00
T: 2825.00s | Pos: (483, 1.23, -74724) | Spd: 90 km/h | Yaw: 1.57 | Steer: 1.00
t=2923195 SteerR changed to 0.00
[Step 282600] Mesh Raycast HIT at T=0.24 | Z=80.00
t=2924665 SteerL changed to -1.00
[Step 282700] Mesh Raycast HIT at T=0.24 | Z=80.00
t=2925045 SteerL changed to 0.00
t=2925585 SteerL changed to -1.00
[Step 282800] Mesh Raycast HIT at T=0.24 | Z=80.00
t=2925825 SteerL changed to 0.00
t=2925925 SteerL changed to -1.00
t=2926105 SteerL changed to 0.00
t=2926135 SteerL changed to -1.00
[Step 282900] Mesh Raycast HIT at T=0.24 | Z=80.00
t=2926725 SteerL changed to 0.00
t=2926885 SteerR changed to 1.00
[Step 283000] Mesh Raycast HIT at T=0.24 | Z=80.00
T: 2830.00s | Pos: (483, 1.23, -74862) | Spd: 104 km/h | Yaw: 1.57 | Steer: 1.00
t=2927835 Gas changed to 0.00
t=2928365 Gas changed to 1.00
[Step 283100] Mesh Raycast HIT at T=0.24 | Z=80.00
[Step 283200] Mesh Raycast HIT at T=0.24 | Z=80.00
t=2930105 SteerR changed to 0.00
[Step 283300] Mesh Raycast HIT at T=0.24 | Z=80.00
t=2930975 SteerL changed to -1.00
t=2931565 SteerL changed to 0.00
[Step 283400] Mesh Raycast HIT at T=0.24 | Z=80.00
t=2932235 SteerR changed to 1.00
[Step 283500] Mesh Raycast HIT at T=0.24 | Z=80.00
T: 2835.00s | Pos: (483, 1.23, -74997) | Spd: 103 km/h | Yaw: 1.57 | Steer: 1.00
t=2932715 SteerR changed to 0.00
t=2932915 SteerR changed to 1.00
t=2932965 SteerR changed to 0.00
[Step 283600] Mesh Raycast HIT at T=0.24 | Z=80.00
[Step 283700] Mesh Raycast HIT at T=0.24 | Z=80.00
[Step 283800] Mesh Raycast HIT at T=0.24 | Z=80.00
t=2936665 SteerR changed to 1.00
[Step 283900] Mesh Raycast HIT at T=0.24 | Z=80.00
t=2936965 Gas changed to 0.00
t=2937185 Gas changed to 1.00
t=2937545 Gas changed to 0.00
[Step 284000] Mesh Raycast HIT at T=0.24 | Z=80.00
T: 2840.00s | Pos: (483, 1.23, -75143) | Spd: 95 km/h | Yaw: 1.57 | Steer: 1.00
t=2937925 Gas changed to 1.00
t=2938355 SteerR changed to 0.00
t=2938575 SteerR changed to 1.00
t=2938675 SteerR changed to 0.00
[Step 284100] Mesh Raycast HIT at T=0.24 | Z=80.00
[Step 284200] Mesh Raycast HIT at T=0.24 | Z=80.00
[Step 284300] Mesh Raycast HIT at T=0.24 | Z=80.00
t=2941535 SteerR changed to 1.00
[Step 284400] Mesh Raycast HIT at T=0.24 | Z=80.00
t=2941705 SteerR changed to 0.00
t=2942215 SteerR changed to 1.00
t=2942425 SteerR changed to 0.00
[Step 284500] Mesh Raycast HIT at T=0.24 | Z=80.00
T: 2845.00s | Pos: (483, 1.23, -75279) | Spd: 104 km/h | Yaw: 1.57 | Steer: 0.00
t=2943045 SteerL changed to -1.00
t=2943315 SteerL changed to 0.00
[Step 284600] Mesh Raycast HIT at T=0.24 | Z=80.00
[Step 284700] Mesh Raycast HIT at T=0.24 | Z=80.00
[Step 284800] Mesh Raycast HIT at T=0.24 | Z=80.00
t=2946165 SteerR changed to 1.00
t=2946225 SteerR changed to 0.00
t=2946385 SteerR changed to 1.00
[Step 284900] Mesh Raycast HIT at T=0.24 | Z=80.00
t=2946705 Gas changed to 0.00
t=2946885 Gas changed to 1.00
[Step 285000] Mesh Raycast HIT at T=0.24 | Z=80.00
T: 2850.00s | Pos: (483, 1.23, -75425) | Spd: 102 km/h | Yaw: 1.57 | Steer: 1.00
t=2947745 SteerR changed to 0.00
t=2948035 SteerR changed to 1.00
t=2948285 SteerR changed to 0.00
t=2948535 SteerR changed to 1.00
t=2948615 SteerR changed to 0.00
[Step 285100] Mesh Raycast HIT at T=0.24 | Z=80.00
[Step 285200] Mesh Raycast HIT at T=0.24 | Z=80.00
[Step 285300] Mesh Raycast HIT at T=0.24 | Z=80.00
[Step 285400] Mesh Raycast HIT at T=0.24 | Z=80.00
t=2951735 SteerR changed to 1.00
t=2951825 SteerR changed to 0.00
[Step 285500] Mesh Raycast HIT at T=0.24 | Z=80.00
T: 2855.00s | Pos: (483, 1.23, -75571) | Spd: 106 km/h | Yaw: 1.57 | Steer: 0.00
[Step 285600] Mesh Raycast HIT at T=0.24 | Z=80.00
t=2954375 SteerL changed to -1.00
t=2954465 SteerL changed to 0.00
[Step 285700] Mesh Raycast HIT at T=0.24 | Z=80.00
t=2955545 SteerR changed to 1.00
t=2955615 SteerR changed to 0.00
[Step 285800] Mesh Raycast HIT at T=0.24 | Z=80.00
t=2956005 SteerL changed to -1.00
t=2956075 SteerL changed to 0.00
[Step 285900] Mesh Raycast HIT at T=0.24 | Z=80.00
t=2956805 SteerR changed to 1.00
t=2957445 SteerR changed to 0.00
t=2957535 SteerR changed to 1.00
[Step 286000] Mesh Raycast HIT at T=0.24 | Z=80.00
T: 2860.00s | Pos: (483, 1.23, -75720) | Spd: 107 km/h | Yaw: 1.57 | Steer: 1.00
t=2957865 SteerR changed to 0.00
t=2957955 SteerR changed to 1.00
[Step 286100] Mesh Raycast HIT at T=0.24 | Z=80.00
t=2958865 SteerR changed to 0.00
t=2959025 SteerR changed to 1.00
t=2959095 SteerR changed to 0.00
t=2959365 SteerL changed to -1.00
t=2959395 SteerL changed to 0.00
[Step 286200] Mesh Raycast HIT at T=0.24 | Z=80.00
t=2959755 SteerR changed to 1.00
t=2960175 SteerR changed to 0.00
t=2960255 SteerR changed to 1.00
t=2960365 Gas changed to 0.00
t=2960645 Gas changed to 1.00
[Step 286300] Mesh Raycast HIT at T=0.24 | Z=80.00
[Step 286400] Mesh Raycast HIT at T=0.24 | Z=80.00
t=2961925 SteerR changed to 0.00
[Step 286500] Mesh Raycast HIT at T=0.24 | Z=80.00
T: 2865.00s | Pos: (483, 1.23, -75864) | Spd: 103 km/h | Yaw: 1.57 | Steer: 0.00
t=2963135 SteerL changed to -1.00
t=2963235 SteerL changed to 0.00
t=2963655 SteerR changed to 1.00
[Step 286600] Mesh Raycast HIT at T=0.24 | Z=80.00
[Step 286700] Mesh Raycast HIT at T=0.24 | Z=80.00
t=2965445 Gas changed to 0.00
[Step 286800] Mesh Raycast HIT at T=0.24 | Z=80.00
[Step 286900] Mesh Raycast HIT at T=0.24 | Z=80.00
t=2966725 Gas changed to 1.00
t=2967145 Gas changed to 0.00
[Step 287000] Mesh Raycast HIT at T=0.24 | Z=80.00
T: 2870.00s | Pos: (483, 1.23, -75994) | Spd: 61 km/h | Yaw: 1.57 | Steer: 1.00
[Step 287100] Mesh Raycast HIT at T=0.24 | Z=80.00
t=2969345 SteerR changed to 0.00
t=2969365 Gas changed to 1.00
[Step 287200] Mesh Raycast HIT at T=0.23 | Z=80.00
t=2970265 SteerL changed to -1.00
t=2970375 SteerL changed to 0.00
[Step 287300] Mesh Raycast HIT at T=0.23 | Z=80.00
[Step 287400] Mesh Raycast HIT at T=0.23 | Z=80.00
t=2972155 SteerR changed to 1.00
[Step 287500] Mesh Raycast HIT at T=0.23 | Z=80.00
T: 2875.00s | Pos: (483, 1.23, -76075) | Spd: 84 km/h | Yaw: 1.57 | Steer: 1.00
t=2973245 SteerR changed to 0.00
t=2973455 SteerR changed to 1.00
t=2973575 SteerR changed to 0.00
[Step 287600] Mesh Raycast HIT at T=0.23 | Z=80.00
t=2973705 SteerL changed to -1.00
t=2973775 Gas changed to 0.00
t=2973885 SteerL changed to 0.00
t=2974195 SteerR changed to 1.00
t=2974335 Gas changed to 1.00
[Step 287700] Mesh Raycast HIT at T=0.23 | Z=80.00
t=2974995 SteerR changed to 0.00
t=2975155 SteerL changed to -1.00
t=2975185 Gas changed to 0.00
[Step 287800] Mesh Raycast HIT at T=0.23 | Z=80.00
t=2976135 Gas changed to 1.00
[Step 287900] Mesh Raycast HIT at T=0.23 | Z=80.00
[Step 288000] Mesh Raycast HIT at T=0.23 | Z=80.00
T: 2880.00s | Pos: (483, 1.23, -76183) | Spd: 80 km/h | Yaw: 1.57 | Steer: -1.00
t=2977925 SteerL changed to 0.00
t=2978315 SteerR changed to 1.00
[Step 288100] Mesh Raycast HIT at T=0.23 | Z=80.00
t=2978735 SteerR changed to 0.00
t=2979595 SteerL changed to -1.00
[Step 288200] Mesh Raycast HIT at T=0.23 | Z=80.00
t=2980045 Gas changed to 0.00
t=2980045 SteerL changed to 0.00
t=2980125 SteerR changed to 1.00
[Step 288300] Mesh Raycast HIT at T=0.23 | Z=80.00
t=2981375 Gas changed to 1.00
[Step 288400] Mesh Raycast HIT at T=0.23 | Z=80.00
t=2982255 SteerR changed to 0.00
[Step 288500] Mesh Raycast HIT at T=0.23 | Z=80.00
T: 2885.00s | Pos: (483, 1.23, -76295) | Spd: 77 km/h | Yaw: 1.57 | Steer: 0.00
t=2983375 SteerL changed to -1.00
t=2983595 SteerL changed to 0.00
[Step 288600] Mesh Raycast HIT at T=0.23 | Z=80.00
[Step 288700] Mesh Raycast HIT at T=0.23 | Z=80.00
t=2985335 SteerL changed to -1.00
[Step 288800] Mesh Raycast HIT at T=0.23 | Z=80.00
t=2985945 SteerL changed to 0.00
t=2986035 SteerL changed to -1.00
t=2986505 SteerL changed to 0.00
t=2986565 SteerR changed to 1.00
[Step 288900] Mesh Raycast HIT at T=0.23 | Z=80.00
t=2987355 SteerR changed to 0.00
t=2987445 SteerR changed to 1.00
t=2987585 Gas changed to 0.00
[Step 289000] Mesh Raycast HIT at T=0.23 | Z=80.00
T: 2890.00s | Pos: (483, 1.23, -76425) | Spd: 98 km/h | Yaw: 1.57 | Steer: 1.00
t=2987925 Gas changed to 1.00
t=2988485 Gas changed to 0.00
t=2988615 Gas changed to 1.00
[Step 289100] Mesh Raycast HIT at T=0.23 | Z=80.00
[Step 289200] Mesh Raycast HIT at T=0.23 | Z=80.00
t=2989825 SteerR changed to 0.00
[Step 289300] Mesh Raycast HIT at T=0.23 | Z=80.00
t=2990705 SteerL changed to -1.00
t=2990855 SteerL changed to 0.00
t=2990985 SteerL changed to -1.00
t=2991125 SteerL changed to 0.00
t=2991205 SteerL changed to -1.00
t=2991545 SteerL changed to 0.00
[Step 289400] Mesh Raycast HIT at T=0.23 | Z=80.00
t=2991905 SteerR changed to 1.00
t=2992555 SteerR changed to 0.00
[Step 289500] Mesh Raycast HIT at T=0.23 | Z=80.00
T: 2895.00s | Pos: (483, 1.23, -76560) | Spd: 103 km/h | Yaw: 1.57 | Steer: 0.00
t=2993085 SteerL changed to -1.00
t=2993125 SteerL changed to 0.00
[Step 289600] Mesh Raycast HIT at T=0.23 | Z=80.00
[Step 289700] Mesh Raycast HIT at T=0.23 | Z=80.00
[Step 289800] Mesh Raycast HIT at T=0.23 | Z=80.00
t=2995895 SteerL changed to -1.00
t=2995965 SteerL changed to 0.00
t=2996395 SteerR changed to 1.00
[Step 289900] Mesh Raycast HIT at T=0.23 | Z=80.00
t=2997205 Gas changed to 0.00
t=2997355 Gas changed to 1.00
[Step 290000] Mesh Raycast HIT at T=0.23 | Z=80.00
T: 2900.00s | Pos: (483, 1.23, -76706) | Spd: 102 km/h | Yaw: 1.57 | Steer: 1.00
t=2997755 Gas changed to 0.00
t=2997875 Gas changed to 1.00
t=2998365 SteerR changed to 0.00
[Step 290100] Mesh Raycast HIT at T=0.23 | Z=80.00
[Step 290200] Mesh Raycast HIT at T=0.23 | Z=80.00
[Step 290300] Mesh Raycast HIT at T=0.23 | Z=80.00
t=3001635 SteerR changed to 1.00
[Step 290400] Mesh Raycast HIT at T=0.23 | Z=80.00
t=3001965 SteerR changed to 0.00
t=3002405 SteerL changed to -1.00
[Step 290500] Mesh Raycast HIT at T=0.23 | Z=80.00
T: 2905.00s | Pos: (483, 1.23, -76849) | Spd: 106 km/h | Yaw: 1.57 | Steer: -1.00
t=3002715 SteerL changed to 0.00
t=3003385 SteerR changed to 1.00
[Step 290600] Mesh Raycast HIT at T=0.23 | Z=80.00
t=3003765 Gas changed to 0.00
t=3004515 Gas changed to 1.00
[Step 290700] Mesh Raycast HIT at T=0.23 | Z=80.00
t=3005225 SteerR changed to 0.00
t=3005415 SteerR changed to 1.00
[Step 290800] Mesh Raycast HIT at T=0.23 | Z=80.00
t=3005985 SteerR changed to 0.00
t=3006085 SteerR changed to 1.00
[Step 290900] Mesh Raycast HIT at T=0.23 | Z=80.00
t=3007285 SteerR changed to 0.00
[Step 291000] Mesh Raycast HIT at T=0.23 | Z=80.00
T: 2910.00s | Pos: (483, 1.23, -76983) | Spd: 99 km/h | Yaw: 1.57 | Steer: 0.00
[Step 291100] Mesh Raycast HIT at T=0.23 | Z=80.00
[Step 291200] Mesh Raycast HIT at T=0.23 | Z=80.00
[Step 291300] Mesh Raycast HIT at T=0.23 | Z=80.00
[Step 291400] Mesh Raycast HIT at T=0.23 | Z=80.00
[Step 291500] Mesh Raycast HIT at T=0.23 | Z=80.00
T: 2915.00s | Pos: (483, 1.23, -77127) | Spd: 106 km/h | Yaw: 1.57 | Steer: 0.00
t=3013325 SteerL changed to -1.00
t=3013435 SteerL changed to 0.00
[Step 291600] Mesh Raycast HIT at T=0.23 | Z=80.00
t=3014495 SteerR changed to 1.00
t=3014645 SteerR changed to 0.00
[Step 291700] Mesh Raycast HIT at T=0.23 | Z=80.00
[Step 291800] Mesh Raycast HIT at T=0.23 | Z=80.00
t=3015975 SteerR changed to 1.00
[Step 291900] Mesh Raycast HIT at T=0.23 | Z=80.00
t=3017375 SteerR changed to 0.00
t=3017485 SteerR changed to 1.00
[Step 292000] Mesh Raycast HIT at T=0.23 | Z=80.00
T: 2920.00s | Pos: (483, 1.23, -77275) | Spd: 107 km/h | Yaw: 1.57 | Steer: 1.00
t=3017785 SteerR changed to 0.00
t=3017955 SteerR changed to 1.00
t=3018065 SteerR changed to 0.00
[Step 292100] Mesh Raycast HIT at T=0.23 | Z=80.00
t=3018725 SteerR changed to 1.00
t=3019565 Gas changed to 0.00
[Step 292200] Mesh Raycast HIT at T=0.23 | Z=80.00
t=3019725 Gas changed to 1.00
[Step 292300] Mesh Raycast HIT at T=0.23 | Z=80.00
t=3020815 SteerR changed to 0.00
[Step 292400] Mesh Raycast HIT at T=0.23 | Z=80.00
[Step 292500] Mesh Raycast HIT at T=0.23 | Z=80.00
T: 2925.00s | Pos: (483, 1.23, -77422) | Spd: 105 km/h | Yaw: 1.57 | Steer: 0.00
[Step 292600] Mesh Raycast HIT at T=0.23 | Z=80.00
t=3024375 Gas changed to 0.00
[Step 292700] Mesh Raycast HIT at T=0.23 | Z=80.00
t=3025435 SteerR changed to 1.00
[Step 292800] Mesh Raycast HIT at T=0.23 | Z=80.00
[Step 292900] Mesh Raycast HIT at T=0.24 | Z=80.00
t=3026785 Gas changed to 1.00
t=3026925 Gas changed to 0.00
[Step 293000] Mesh Raycast HIT at T=0.23 | Z=80.00
T: 2930.00s | Pos: (483, 1.23, -77532) | Spd: 38 km/h | Yaw: 1.57 | Steer: 1.00
t=3027835 Gas changed to 1.00
t=3028055 SteerR changed to 0.00
[Step 293100] Mesh Raycast HIT at T=0.23 | Z=80.00
t=3029395 SteerL changed to -1.00
t=3029605 SteerL changed to 0.00
[Step 293200] Mesh Raycast HIT at T=0.23 | Z=80.00
t=3030605 SteerR changed to 1.00
[Step 293300] Mesh Raycast HIT at T=0.23 | Z=80.00
t=3030745 SteerR changed to 0.00
t=3030995 SteerR changed to 1.00
t=3031195 SteerR changed to 0.00
t=3031295 SteerR changed to 1.00
t=3031485 SteerR changed to 0.00
t=3031575 SteerR changed to 1.00
[Step 293400] Mesh Raycast HIT at T=0.23 | Z=80.00
t=3031795 SteerR changed to 0.00
t=3031885 SteerR changed to 1.00
t=3032375 SteerR changed to 0.00
[Step 293500] Mesh Raycast HIT at T=0.23 | Z=80.00
T: 2935.00s | Pos: (483, 1.23, -77632) | Spd: 94 km/h | Yaw: 1.57 | Steer: 0.00
t=3032755 SteerL changed to -1.00
t=3032875 SteerL changed to 0.00
t=3033035 Gas changed to 0.00
t=3033045 SteerR changed to 1.00
t=3033145 SteerR changed to 0.00
t=3033215 SteerR changed to 1.00
t=3033415 Gas changed to 1.00
[Step 293600] Mesh Raycast HIT at T=0.23 | Z=80.00
t=3033905 Gas changed to 0.00
t=3033935 SteerR changed to 0.00
t=3034075 SteerL changed to -1.00
t=3034475 SteerL changed to 0.00
t=3034525 SteerL changed to -1.00
t=3034685 Gas changed to 1.00
[Step 293700] Mesh Raycast HIT at T=0.23 | Z=80.00
[Step 293800] Mesh Raycast HIT at T=0.23 | Z=80.00
t=3036505 SteerL changed to 0.00
[Step 293900] Mesh Raycast HIT at T=0.23 | Z=80.00
t=3037365 SteerR changed to 1.00
t=3037535 SteerR changed to 0.00
[Step 294000] Mesh Raycast HIT at T=0.23 | Z=80.00
T: 2940.00s | Pos: (483, 1.23, -77748) | Spd: 93 km/h | Yaw: 1.57 | Steer: 0.00
t=3038555 SteerL changed to -1.00
[Step 294100] Mesh Raycast HIT at T=0.23 | Z=80.00
t=3039015 Gas changed to 0.00
t=3039065 SteerL changed to 0.00
t=3039115 SteerR changed to 1.00
[Step 294200] Mesh Raycast HIT at T=0.23 | Z=80.00
t=3039975 Gas changed to 1.00
[Step 294300] Mesh Raycast HIT at T=0.23 | Z=80.00
t=3041625 SteerR changed to 0.00
[Step 294400] Mesh Raycast HIT at T=0.23 | Z=80.00
t=3042245 SteerL changed to -1.00
t=3042485 SteerL changed to 0.00
[Step 294500] Mesh Raycast HIT at T=0.23 | Z=80.00
T: 2945.00s | Pos: (483, 1.23, -77869) | Spd: 93 km/h | Yaw: 1.57 | Steer: 0.00
t=3043285 SteerL changed to -1.00
t=3043465 SteerL changed to 0.00
[Step 294600] Mesh Raycast HIT at T=0.23 | Z=80.00
t=3043975 SteerL changed to -1.00
t=3044115 SteerL changed to 0.00
t=3044305 SteerL changed to -1.00
[Step 294700] Mesh Raycast HIT at T=0.23 | Z=80.00
t=3045265 SteerL changed to 0.00
t=3045415 SteerR changed to 1.00
t=3045615 Gas changed to 0.00
[Step 294800] Mesh Raycast HIT at T=0.23 | Z=80.00
t=3045945 Gas changed to 1.00
t=3046195 Gas changed to 0.00
t=3046325 Gas changed to 1.00
[Step 294900] Mesh Raycast HIT at T=0.23 | Z=80.00
t=3046955 SteerR changed to 0.00
t=3047035 SteerR changed to 1.00
[Step 295000] Mesh Raycast HIT at T=0.23 | Z=80.00
T: 2950.00s | Pos: (483, 1.23, -78003) | Spd: 96 km/h | Yaw: 1.57 | Steer: 1.00
[Step 295100] Mesh Raycast HIT at T=0.23 | Z=80.00
t=3048715 SteerR changed to 0.00
t=3049535 SteerL changed to -1.00
[Step 295200] Mesh Raycast HIT at T=0.23 | Z=80.00
t=3049785 SteerL changed to 0.00
t=3049875 SteerL changed to -1.00
t=3050045 SteerL changed to 0.00
t=3050145 SteerL changed to -1.00
t=3050315 SteerL changed to 0.00
[Step 295300] Mesh Raycast HIT at T=0.23 | Z=80.00
t=3050745 SteerR changed to 1.00
t=3051325 SteerR changed to 0.00
[Step 295400] Mesh Raycast HIT at T=0.23 | Z=80.00
[Step 295500] Mesh Raycast HIT at T=0.23 | Z=80.00
T: 2955.00s | Pos: (483, 1.23, -78145) | Spd: 105 km/h | Yaw: 1.57 | Steer: 0.00
[Step 295600] Mesh Raycast HIT at T=0.23 | Z=80.00
[Step 295700] Mesh Raycast HIT at T=0.23 | Z=80.00
t=3055115 SteerR changed to 1.00
t=3055385 Gas changed to 0.00
t=3055645 Gas changed to 1.00
[Step 295800] Mesh Raycast HIT at T=0.23 | Z=80.00
t=3056255 Gas changed to 0.00
t=3056385 Gas changed to 1.00
[Step 295900] Mesh Raycast HIT at T=0.23 | Z=80.00
t=3056945 SteerR changed to 0.00
t=3057205 SteerR changed to 1.00
t=3057255 SteerR changed to 0.00
[Step 296000] Mesh Raycast HIT at T=0.23 | Z=80.00
T: 2960.00s | Pos: (483, 1.23, -78288) | Spd: 100 km/h | Yaw: 1.57 | Steer: 0.00
[Step 296100] Mesh Raycast HIT at T=0.23 | Z=80.00
[Step 296200] Mesh Raycast HIT at T=0.23 | Z=80.00
t=3060205 SteerR changed to 1.00
t=3060545 SteerR changed to 0.00
[Step 296300] Mesh Raycast HIT at T=0.23 | Z=80.00
t=3061325 SteerL changed to -1.00
t=3061605 SteerL changed to 0.00
[Step 296400] Mesh Raycast HIT at T=0.23 | Z=80.00
t=3062325 SteerR changed to 1.00
[Step 296500] Mesh Raycast HIT at T=0.23 | Z=80.00
T: 2965.00s | Pos: (483, 1.23, -78433) | Spd: 106 km/h | Yaw: 1.57 | Steer: 1.00
t=3063295 Gas changed to 0.00
t=3063475 Gas changed to 1.00
[Step 296600] Mesh Raycast HIT at T=0.23 | Z=80.00
t=3063905 SteerR changed to 0.00
t=3064325 SteerR changed to 1.00
t=3064615 SteerR changed to 0.00
[Step 296700] Mesh Raycast HIT at T=0.23 | Z=80.00
t=3064705 SteerR changed to 1.00
t=3065055 SteerR changed to 0.00
t=3065145 SteerR changed to 1.00
[Step 296800] Mesh Raycast HIT at T=0.23 | Z=80.00
t=3066305 SteerR changed to 0.00
[Step 296900] Mesh Raycast HIT at T=0.23 | Z=80.00
t=3067625 SteerR changed to 1.00
[Step 297000] Mesh Raycast HIT at T=0.23 | Z=80.00
T: 2970.00s | Pos: (483, 1.23, -78578) | Spd: 106 km/h | Yaw: 1.57 | Steer: 1.00
[Step 297100] Mesh Raycast HIT at T=0.23 | Z=80.00
t=3069295 SteerR changed to 0.00
[Step 297200] Mesh Raycast HIT at T=0.23 | Z=80.00
t=3069935 SteerL changed to -1.00
t=3070085 SteerL changed to 0.00
t=3070235 SteerL changed to -1.00
t=3070325 SteerL changed to 0.00
[Step 297300] Mesh Raycast HIT at T=0.23 | Z=80.00
[Step 297400] Mesh Raycast HIT at T=0.23 | Z=80.00
t=3072315 SteerL changed to -1.00
t=3072385 SteerL changed to 0.00
[Step 297500] Mesh Raycast HIT at T=0.23 | Z=80.00
T: 2975.00s | Pos: (483, 1.23, -78726) | Spd: 107 km/h | Yaw: 1.57 | Steer: 0.00
t=3073285 SteerR changed to 1.00
t=3073445 SteerR changed to 0.00
[Step 297600] Mesh Raycast HIT at T=0.23 | Z=80.00
t=3073935 SteerL changed to -1.00
t=3074005 SteerL changed to 0.00
t=3074425 SteerR changed to 1.00
t=3074505 SteerR changed to 0.00
[Step 297700] Mesh Raycast HIT at T=0.23 | Z=80.00
t=3074855 SteerR changed to 1.00
[Step 297800] Mesh Raycast HIT at T=0.23 | Z=80.00
t=3076595 SteerR changed to 0.00
[Step 297900] Mesh Raycast HIT at T=0.23 | Z=80.00
t=3077555 SteerR changed to 1.00
[Step 298000] Mesh Raycast HIT at T=0.23 | Z=80.00
T: 2980.00s | Pos: (483, 1.23, -78875) | Spd: 107 km/h | Yaw: 1.57 | Steer: 1.00
t=3077835 SteerR changed to 0.00
t=3077905 SteerR changed to 1.00
t=3078065 Gas changed to 0.00
t=3078315 Gas changed to 1.00
[Step 298100] Mesh Raycast HIT at T=0.23 | Z=80.00
t=3078715 Gas changed to 0.00
t=3078815 Gas changed to 1.00
t=3079095 Gas changed to 0.00
t=3079235 Gas changed to 1.00
[Step 298200] Mesh Raycast HIT at T=0.23 | Z=80.00
t=3079795 SteerR changed to 0.00
[Step 298300] Mesh Raycast HIT at T=0.23 | Z=80.00
t=3081245 SteerL changed to -1.00
t=3081295 SteerL changed to 0.00
[Step 298400] Mesh Raycast HIT at T=0.23 | Z=80.00
[Step 298500] Mesh Raycast HIT at T=0.23 | Z=80.00
T: 2985.00s | Pos: (483, 1.23, -79014) | Spd: 103 km/h | Yaw: 1.57 | Steer: 0.00
[Step 298600] Mesh Raycast HIT at T=0.23 | Z=80.00
t=3084285 SteerL changed to -1.00
t=3084445 Gas changed to 0.00
t=3084495 SteerL changed to 0.00
t=3084595 SteerR changed to 1.00
[Step 298700] Mesh Raycast HIT at T=0.23 | Z=80.00
[Step 298800] Mesh Raycast HIT at T=0.23 | Z=80.00
t=3086525 Gas changed to 1.00
[Step 298900] Mesh Raycast HIT at T=0.24 | Z=80.00
t=3087405 SteerR changed to 0.00
[Step 299000] Mesh Raycast HIT at T=0.24 | Z=80.00
T: 2990.00s | Pos: (483, 1.23, -79128) | Spd: 70 km/h | Yaw: 1.57 | Steer: 0.00
[Step 299100] Mesh Raycast HIT at T=0.24 | Z=80.00
[Step 299200] Mesh Raycast HIT at T=0.24 | Z=80.00
t=3089785 SteerR changed to 1.00
t=3089995 SteerR changed to 0.00
t=3090105 SteerR changed to 1.00
t=3090265 SteerR changed to 0.00
t=3090385 SteerR changed to 1.00
[Step 299300] Mesh Raycast HIT at T=0.24 | Z=80.00
t=3090705 SteerR changed to 0.00
t=3090825 SteerR changed to 1.00
t=3091355 SteerR changed to 0.00
t=3091665 SteerL changed to -1.00
[Step 299400] Mesh Raycast HIT at T=0.24 | Z=80.00
t=3091995 SteerL changed to 0.00
t=3092175 SteerR changed to 1.00
t=3092275 Gas changed to 0.00
[Step 299500] Mesh Raycast HIT at T=0.24 | Z=80.00
T: 2995.00s | Pos: (483, 1.23, -79252) | Spd: 86 km/h | Yaw: 1.57 | Steer: 1.00
t=3093235 SteerR changed to 0.00
t=3093345 SteerL changed to -1.00
[Step 299600] Mesh Raycast HIT at T=0.24 | Z=80.00
t=3093745 Gas changed to 1.00
t=3093895 SteerL changed to 0.00
t=3093995 SteerL changed to -1.00
[Step 299700] Mesh Raycast HIT at T=0.24 | Z=80.00
[Step 299800] Mesh Raycast HIT at T=0.24 | Z=80.00
t=3095915 SteerL changed to 0.00
[Step 299900] Mesh Raycast HIT at T=0.24 | Z=80.00
t=3096805 SteerR changed to 1.00
t=3096945 SteerR changed to 0.00
[Step 300000] Mesh Raycast HIT at T=0.24 | Z=80.00
T: 3000.00s | Pos: (483, 1.23, -79364) | Spd: 95 km/h | Yaw: 1.57 | Steer: 0.00
t=3097815 SteerL changed to -1.00
t=3098235 SteerL changed to 0.00
t=3098265 Gas changed to 0.00
t=3098365 SteerR changed to 1.00
[Step 300100] Mesh Raycast HIT at T=0.24 | Z=80.00
t=3099155 Gas changed to 1.00
[Step 300200] Mesh Raycast HIT at T=0.24 | Z=80.00
[Step 300300] Mesh Raycast HIT at T=0.24 | Z=80.00
t=3100715 SteerR changed to 0.00
t=3101685 SteerL changed to -1.00
[Step 300400] Mesh Raycast HIT at T=0.24 | Z=80.00
t=3101795 SteerL changed to 0.00
[Step 300500] Mesh Raycast HIT at T=0.24 | Z=80.00
T: 3005.00s | Pos: (483, 1.23, -79485) | Spd: 97 km/h | Yaw: 1.57 | Steer: 0.00
t=3102725 SteerL changed to -1.00
t=3102905 SteerL changed to 0.00
t=3103115 SteerL changed to -1.00
t=3103225 SteerL changed to 0.00
t=3103325 SteerL changed to -1.00
t=3103535 SteerL changed to 0.00
t=3103615 SteerL changed to -1.00
[Step 300600] Mesh Raycast HIT at T=0.24 | Z=80.00
t=3103885 SteerL changed to 0.00
t=3103965 SteerL changed to -1.00
t=3104385 SteerL changed to 0.00
t=3104495 SteerR changed to 1.00
[Step 300700] Mesh Raycast HIT at T=0.24 | Z=80.00
t=3104815 Gas changed to 0.00
t=3104955 Gas changed to 1.00
t=3105085 Gas changed to 0.00
t=3105195 Gas changed to 1.00
[Step 300800] Mesh Raycast HIT at T=0.24 | Z=80.00
t=3105985 Gas changed to 0.00
t=3106235 Gas changed to 1.00
t=3106485 Gas changed to 0.00
t=3106525 Gas changed to 1.00
[Step 300900] Mesh Raycast HIT at T=0.24 | Z=80.00
t=3106775 Gas changed to 0.00
t=3106985 Gas changed to 1.00
t=3107615 SteerR changed to 0.00
[Step 301000] Mesh Raycast HIT at T=0.24 | Z=80.00
T: 3010.00s | Pos: (483, 1.23, -79619) | Spd: 90 km/h | Yaw: 1.57 | Steer: 0.00
[Step 301100] Mesh Raycast HIT at T=0.24 | Z=80.00
t=3109015 SteerL changed to -1.00
t=3109605 SteerL changed to 0.00
[Step 301200] Mesh Raycast HIT at T=0.24 | Z=80.00
t=3110025 SteerR changed to 1.00
t=3110665 SteerR changed to 0.00
[Step 301300] Mesh Raycast HIT at T=0.24 | Z=80.00
[Step 301400] Mesh Raycast HIT at T=0.24 | Z=80.00
[Step 301500] Mesh Raycast HIT at T=0.24 | Z=80.00
T: 3015.00s | Pos: (483, 1.23, -79757) | Spd: 104 km/h | Yaw: 1.57 | Steer: 0.00
[Step 301600] Mesh Raycast HIT at T=0.24 | Z=80.00
t=3113745 SteerL changed to -1.00
t=3113855 SteerL changed to 0.00
t=3114365 SteerR changed to 1.00
t=3114565 SteerR changed to 0.00
t=3114645 SteerR changed to 1.00
[Step 301700] Mesh Raycast HIT at T=0.24 | Z=80.00
t=3115495 Gas changed to 0.00
t=3115665 Gas changed to 1.00
[Step 301800] Mesh Raycast HIT at T=0.24 | Z=80.00
t=3116435 SteerR changed to 0.00
[Step 301900] Mesh Raycast HIT at T=0.24 | Z=80.00
t=3116785 SteerR changed to 1.00
t=3116865 SteerR changed to 0.00
t=3117235 SteerL changed to -1.00
[Step 302000] Mesh Raycast HIT at T=0.24 | Z=80.00
T: 3020.00s | Pos: (483, 1.23, -79902) | Spd: 104 km/h | Yaw: 1.57 | Steer: -1.00
[Step 302100] Mesh Raycast HIT at T=0.24 | Z=80.00
t=3119005 SteerL changed to 0.00
t=3119325 SteerL changed to -1.00
t=3119375 SteerL changed to 0.00
t=3119625 SteerR changed to 1.00
[Step 302200] Mesh Raycast HIT at T=0.24 | Z=80.00
t=3119765 SteerR changed to 0.00
t=3119875 SteerR changed to 1.00
t=3120135 SteerR changed to 0.00
t=3120405 SteerL changed to -1.00
[Step 302300] Mesh Raycast HIT at T=0.24 | Z=80.00
t=3120735 SteerL changed to 0.00
t=3121385 SteerR changed to 1.00
t=3121485 SteerR changed to 0.00
t=3121605 SteerR changed to 1.00
[Step 302400] Mesh Raycast HIT at T=0.24 | Z=80.00
t=3121785 Gas changed to 0.00
t=3122435 Gas changed to 1.00
[Step 302500] Mesh Raycast HIT at T=0.24 | Z=80.00
T: 3025.00s | Pos: (483, 1.23, -80046) | Spd: 88 km/h | Yaw: 1.57 | Steer: 1.00
t=3122945 SteerR changed to 0.00
t=3123145 SteerR changed to 1.00
t=3123555 SteerR changed to 0.00
t=3123645 SteerR changed to 1.00
[Step 302600] Mesh Raycast HIT at T=0.24 | Z=80.00
t=3124505 Gas changed to 0.00
t=3124605 Gas changed to 1.00
[Step 302700] Mesh Raycast HIT at T=0.24 | Z=80.00
t=3125345 SteerR changed to 0.00
[Step 302800] Mesh Raycast HIT at T=0.24 | Z=80.00
t=3125725 SteerL changed to -1.00
t=3125785 SteerL changed to 0.00
t=3126335 SteerR changed to 1.00
[Step 302900] Mesh Raycast HIT at T=0.24 | Z=80.00
[Step 303000] Mesh Raycast HIT at T=0.24 | Z=80.00
T: 3030.00s | Pos: (483, 1.23, -80181) | Spd: 102 km/h | Yaw: 1.57 | Steer: 1.00
t=3127955 SteerR changed to 0.00
t=3128515 SteerR changed to 1.00
t=3128645 SteerR changed to 0.00
[Step 303100] Mesh Raycast HIT at T=0.24 | Z=80.00
[Step 303200] Mesh Raycast HIT at T=0.24 | Z=80.00
t=3129985 SteerL changed to -1.00
t=3130045 SteerL changed to 0.00
[Step 303300] Mesh Raycast HIT at T=0.24 | Z=80.00
[Step 303400] Mesh Raycast HIT at T=0.24 | Z=80.00
t=3132575 SteerL changed to -1.00
t=3132665 SteerL changed to 0.00
[Step 303500] Mesh Raycast HIT at T=0.24 | Z=80.00
T: 3035.00s | Pos: (483, 1.23, -80328) | Spd: 107 km/h | Yaw: 1.57 | Steer: 0.00
t=3133085 SteerR changed to 1.00
t=3133185 SteerR changed to 0.00
t=3133695 SteerR changed to 1.00
[Step 303600] Mesh Raycast HIT at T=0.24 | Z=80.00
t=3133815 SteerR changed to 0.00
t=3133915 SteerR changed to 1.00
t=3133995 SteerR changed to 0.00
t=3134115 SteerR changed to 1.00
t=3134385 SteerR changed to 0.00
t=3134475 SteerR changed to 1.00
[Step 303700] Mesh Raycast HIT at T=0.24 | Z=80.00
[Step 303800] Mesh Raycast HIT at T=0.24 | Z=80.00
t=3135815 SteerR changed to 0.00
[Step 303900] Mesh Raycast HIT at T=0.24 | Z=80.00
t=3136725 SteerR changed to 1.00
t=3137435 Gas changed to 0.00
[Step 304000] Mesh Raycast HIT at T=0.24 | Z=80.00
T: 3040.00s | Pos: (483, 1.23, -80476) | Spd: 98 km/h | Yaw: 1.57 | Steer: 1.00
t=3137715 Gas changed to 1.00
[Step 304100] Mesh Raycast HIT at T=0.24 | Z=80.00
t=3138915 SteerR changed to 0.00
t=3139235 SteerL changed to -1.00
t=3139305 SteerL changed to 0.00
[Step 304200] Mesh Raycast HIT at T=0.24 | Z=80.00
[Step 304300] Mesh Raycast HIT at T=0.24 | Z=80.00
[Step 304400] Mesh Raycast HIT at T=0.24 | Z=80.00
[Step 304500] Mesh Raycast HIT at T=0.24 | Z=80.00
T: 3045.00s | Pos: (483, 1.23, -80619) | Spd: 106 km/h | Yaw: 1.57 | Steer: 0.00
t=3143075 Gas changed to 0.00
t=3143165 SteerL changed to -1.00
t=3143415 SteerL changed to 0.00
t=3143595 SteerR changed to 1.00
[Step 304600] Mesh Raycast HIT at T=0.24 | Z=80.00
[Step 304700] Mesh Raycast HIT at T=0.24 | Z=80.00
t=3145585 Gas changed to 1.00
[Step 304800] Mesh Raycast HIT at T=0.24 | Z=80.00
t=3146155 SteerR changed to 0.00
[Step 304900] Mesh Raycast HIT at T=0.23 | Z=80.00
[Step 305000] Mesh Raycast HIT at T=0.23 | Z=80.00
T: 3050.00s | Pos: (483, 1.23, -80718) | Spd: 77 km/h | Yaw: 1.57 | Steer: 0.00
t=3148575 SteerL changed to -1.00
t=3148635 SteerL changed to 0.00
[Step 305100] Mesh Raycast HIT at T=0.23 | Z=80.00
t=3149435 SteerR changed to 1.00
[Step 305200] Mesh Raycast HIT at T=0.23 | Z=80.00
t=3150585 SteerR changed to 0.00
[Step 305300] Mesh Raycast HIT at T=0.23 | Z=80.00
t=3151165 SteerR changed to 1.00
t=3151185 SteerR changed to 0.00
t=3151515 Gas changed to 0.00
t=3151575 SteerR changed to 1.00
[Step 305400] Mesh Raycast HIT at T=0.23 | Z=80.00
t=3152145 Gas changed to 1.00
t=3152295 SteerR changed to 0.00
t=3152445 SteerL changed to -1.00
t=3152535 Gas changed to 0.00
t=3152595 Gas changed to 1.00
t=3152645 SteerL changed to 0.00
t=3152685 Gas changed to 0.00
[Step 305500] Mesh Raycast HIT at T=0.23 | Z=80.00
T: 3055.00s | Pos: (483, 1.23, -80842) | Spd: 82 km/h | Yaw: 1.57 | Steer: 0.00
t=3152715 SteerL changed to -1.00
t=3153535 Gas changed to 1.00
[Step 305600] Mesh Raycast HIT at T=0.23 | Z=80.00
[Step 305700] Mesh Raycast HIT at T=0.23 | Z=80.00
t=3155055 SteerL changed to 0.00
t=3155655 SteerR changed to 1.00
[Step 305800] Mesh Raycast HIT at T=0.23 | Z=80.00
t=3155745 SteerR changed to 0.00
t=3155925 SteerR changed to 1.00
t=3156095 SteerR changed to 0.00
[Step 305900] Mesh Raycast HIT at T=0.23 | Z=80.00
t=3156845 SteerL changed to -1.00
t=3157265 SteerL changed to 0.00
t=3157505 Gas changed to 0.00
t=3157545 SteerR changed to 1.00
[Step 306000] Mesh Raycast HIT at T=0.23 | Z=80.00
T: 3060.00s | Pos: (483, 1.23, -80955) | Spd: 89 km/h | Yaw: 1.57 | Steer: 1.00
[Step 306100] Mesh Raycast HIT at T=0.23 | Z=80.00
t=3158705 Gas changed to 1.00
t=3159635 SteerR changed to 0.00
[Step 306200] Mesh Raycast HIT at T=0.23 | Z=80.00
t=3160525 SteerR changed to 1.00
t=3160585 SteerR changed to 0.00
[Step 306300] Mesh Raycast HIT at T=0.23 | Z=80.00
t=3161045 SteerL changed to -1.00
t=3161125 SteerL changed to 0.00
[Step 306400] Mesh Raycast HIT at T=0.23 | Z=80.00
t=3161745 SteerL changed to -1.00
t=3161885 SteerL changed to 0.00
t=3162615 SteerL changed to -1.00
[Step 306500] Mesh Raycast HIT at T=0.23 | Z=80.00
T: 3065.00s | Pos: (483, 1.23, -81070) | Spd: 96 km/h | Yaw: 1.57 | Steer: -1.00
t=3162835 SteerL changed to 0.00
t=3162925 SteerL changed to -1.00
[Step 306600] Mesh Raycast HIT at T=0.23 | Z=80.00
t=3163755 SteerL changed to 0.00
t=3163995 SteerR changed to 1.00
t=3164195 Gas changed to 0.00
t=3164425 Gas changed to 1.00
[Step 306700] Mesh Raycast HIT at T=0.23 | Z=80.00
[Step 306800] Mesh Raycast HIT at T=0.23 | Z=80.00
[Step 306900] Mesh Raycast HIT at T=0.23 | Z=80.00
t=3167325 SteerR changed to 0.00
[Step 307000] Mesh Raycast HIT at T=0.23 | Z=80.00
T: 3070.00s | Pos: (483, 1.23, -81207) | Spd: 103 km/h | Yaw: 1.57 | Steer: 0.00
t=3167925 SteerL changed to -1.00
t=3168695 SteerL changed to 0.00
[Step 307100] Mesh Raycast HIT at T=0.23 | Z=80.00
t=3169025 SteerR changed to 1.00
[Step 307200] Mesh Raycast HIT at T=0.23 | Z=80.00
t=3169705 SteerR changed to 0.00
t=3169985 SteerR changed to 1.00
t=3170045 SteerR changed to 0.00
[Step 307300] Mesh Raycast HIT at T=0.23 | Z=80.00
t=3170975 Gas changed to 0.00
t=3171015 SteerL changed to -1.00
t=3171445 Gas changed to 1.00
[Step 307400] Mesh Raycast HIT at T=0.23 | Z=80.00
[Step 307500] Mesh Raycast HIT at T=0.23 | Z=80.00
T: 3075.00s | Pos: (483, 1.22, -81349) | Spd: 96 km/h | Yaw: 1.57 | Steer: -1.00
t=3173085 SteerL changed to 0.00
t=3173505 SteerR changed to 1.00
[Step 307600] Mesh Raycast HIT at T=0.23 | Z=80.00
t=3174285 Gas changed to 0.00
t=3174365 Gas changed to 1.00
[Step 307700] Mesh Raycast HIT at T=0.23 | Z=80.00
t=3175645 SteerR changed to 0.00
[Step 307800] Mesh Raycast HIT at T=0.23 | Z=80.00
[Step 307900] Mesh Raycast HIT at T=0.23 | Z=80.00
[Step 308000] Mesh Raycast HIT at T=0.23 | Z=80.00
T: 3080.00s | Pos: (483, 1.22, -81489) | Spd: 104 km/h | Yaw: 1.57 | Steer: 0.00
t=3178075 SteerL changed to -1.00
t=3178165 SteerL changed to 0.00
[Step 308100] Mesh Raycast HIT at T=0.23 | Z=80.00
t=3178795 SteerR changed to 1.00
t=3179215 SteerR changed to 0.00
t=3179495 SteerL changed to -1.00
[Step 308200] Mesh Raycast HIT at T=0.23 | Z=80.00
t=3179845 SteerL changed to 0.00
[Step 308300] Mesh Raycast HIT at T=0.23 | Z=80.00
t=3180805 SteerR changed to 1.00
t=3180985 Gas changed to 0.00
t=3181585 Gas changed to 1.00
[Step 308400] Mesh Raycast HIT at T=0.23 | Z=80.00
t=3182315 SteerR changed to 0.00
t=3182525 SteerR changed to 1.00
[Step 308500] Mesh Raycast HIT at T=0.23 | Z=80.00
T: 3085.00s | Pos: (483, 1.22, -81631) | Spd: 93 km/h | Yaw: 1.57 | Steer: 1.00
[Step 308600] Mesh Raycast HIT at T=0.23 | Z=80.00
t=3184165 SteerR changed to 0.00
t=3184275 SteerR changed to 1.00
t=3184505 SteerR changed to 0.00
[Step 308700] Mesh Raycast HIT at T=0.23 | Z=80.00
[Step 308800] Mesh Raycast HIT at T=0.23 | Z=80.00
[Step 308900] Mesh Raycast HIT at T=0.23 | Z=80.00
[Step 309000] Mesh Raycast HIT at T=0.23 | Z=80.00
T: 3090.00s | Pos: (483, 1.22, -81771) | Spd: 105 km/h | Yaw: 1.57 | Steer: 0.00
[Step 309100] Mesh Raycast HIT at T=0.23 | Z=80.00
t=3188705 SteerR changed to 1.00
t=3188715 SteerR changed to 0.00
t=3189245 SteerR changed to 1.00
t=3189275 SteerR changed to 0.00
[Step 309200] Mesh Raycast HIT at T=0.23 | Z=80.00
[Step 309300] Mesh Raycast HIT at T=0.23 | Z=80.00
t=3190915 SteerL changed to -1.00
t=3190975 SteerL changed to 0.00
[Step 309400] Mesh Raycast HIT at T=0.23 | Z=80.00
t=3192675 SteerR changed to 1.00
[Step 309500] Mesh Raycast HIT at T=0.23 | Z=80.00
T: 3095.00s | Pos: (483, 1.22, -81919) | Spd: 107 km/h | Yaw: 1.57 | Steer: 1.00
t=3192745 SteerR changed to 0.00
t=3193255 SteerR changed to 1.00
[Step 309600] Mesh Raycast HIT at T=0.23 | Z=80.00
t=3194345 SteerR changed to 0.00
t=3194425 SteerR changed to 1.00
[Step 309700] Mesh Raycast HIT at T=0.23 | Z=80.00
t=3195045 SteerR changed to 0.00
t=3195655 SteerR changed to 1.00
[Step 309800] Mesh Raycast HIT at T=0.23 | Z=80.00
t=3195725 SteerR changed to 0.00
t=3195895 SteerR changed to 1.00
t=3196235 SteerR changed to 0.00
t=3196315 SteerR changed to 1.00
t=3196595 SteerR changed to 0.00
[Step 309900] Mesh Raycast HIT at T=0.23 | Z=80.00
t=3196715 SteerR changed to 1.00
t=3196835 Gas changed to 0.00
t=3197235 Gas changed to 1.00
[Step 310000] Mesh Raycast HIT at T=0.23 | Z=80.00
T: 3100.00s | Pos: (483, 1.22, -82066) | Spd: 96 km/h | Yaw: 1.57 | Steer: 1.00
t=3198245 SteerR changed to 0.00
[Step 310100] Mesh Raycast HIT at T=0.23 | Z=80.00
t=3199655 SteerL changed to -1.00
t=3199685 SteerL changed to 0.00
[Step 310200] Mesh Raycast HIT at T=0.23 | Z=80.00
[Step 310300] Mesh Raycast HIT at T=0.23 | Z=80.00
[Step 310400] Mesh Raycast HIT at T=0.23 | Z=80.00
t=3202455 Gas changed to 0.00
[Step 310500] Mesh Raycast HIT at T=0.23 | Z=80.00
T: 3105.00s | Pos: (483, 1.22, -82207) | Spd: 97 km/h | Yaw: 1.57 | Steer: 0.00
t=3203005 SteerR changed to 1.00
[Step 310600] Mesh Raycast HIT at T=0.23 | Z=80.00
t=3204445 Gas changed to 1.00
[Step 310700] Mesh Raycast HIT at T=0.23 | Z=80.00
t=3204795 Gas changed to 0.00
t=3205205 Gas changed to 1.00
t=3205625 SteerR changed to 0.00
[Step 310800] Mesh Raycast HIT at T=0.23 | Z=80.00
[Step 310900] Mesh Raycast HIT at T=0.23 | Z=80.00
[Step 311000] Mesh Raycast HIT at T=0.23 | Z=80.00
T: 3110.00s | Pos: (483, 1.22, -82304) | Spd: 83 km/h | Yaw: 1.57 | Steer: 0.00
t=3208415 SteerR changed to 1.00
[Step 311100] Mesh Raycast HIT at T=0.23 | Z=80.00
t=3209545 SteerR changed to 0.00
[Step 311200] Mesh Raycast HIT at T=0.23 | Z=80.00
t=3209975 SteerL changed to -1.00
t=3210155 SteerL changed to 0.00
t=3210445 SteerR changed to 1.00
t=3210495 Gas changed to 0.00
[Step 311300] Mesh Raycast HIT at T=0.23 | Z=80.00
t=3211105 Gas changed to 1.00
t=3211335 SteerR changed to 0.00
t=3211355 Gas changed to 0.00
t=3211605 SteerL changed to -1.00
[Step 311400] Mesh Raycast HIT at T=0.23 | Z=80.00
t=3211755 SteerL changed to 0.00
t=3211825 Gas changed to 1.00
t=3211855 SteerL changed to -1.00
t=3212105 Gas changed to 0.00
t=3212615 Gas changed to 1.00
[Step 311500] Mesh Raycast HIT at T=0.23 | Z=80.00
T: 3115.00s | Pos: (483, 1.22, -82423) | Spd: 63 km/h | Yaw: 1.57 | Steer: -1.00
[Step 311600] Mesh Raycast HIT at T=0.23 | Z=80.00
t=3213815 SteerL changed to 0.00
t=3213925 SteerL changed to -1.00
t=3214335 SteerL changed to 0.00
[Step 311700] Mesh Raycast HIT at T=0.23 | Z=80.00
t=3215235 SteerR changed to 1.00
t=3215545 SteerR changed to 0.00
[Step 311800] Mesh Raycast HIT at T=0.23 | Z=80.00
t=3216035 SteerL changed to -1.00
t=3216395 SteerL changed to 0.00
t=3216485 SteerL changed to -1.00
t=3216595 SteerL changed to 0.00
[Step 311900] Mesh Raycast HIT at T=0.23 | Z=80.00
t=3216705 Gas changed to 0.00
t=3216795 SteerR changed to 1.00
[Step 312000] Mesh Raycast HIT at T=0.23 | Z=80.00
T: 3120.00s | Pos: (483, 1.22, -82539) | Spd: 68 km/h | Yaw: 1.57 | Steer: 1.00
t=3217825 Gas changed to 1.00
[Step 312100] Mesh Raycast HIT at T=0.23 | Z=80.00
t=3219155 SteerR changed to 0.00
t=3219685 SteerL changed to -1.00
[Step 312200] Mesh Raycast HIT at T=0.23 | Z=80.00
t=3219905 SteerL changed to 0.00
t=3220105 SteerL changed to -1.00
t=3220115 SteerL changed to 0.00
[Step 312300] Mesh Raycast HIT at T=0.23 | Z=80.00
t=3220995 SteerL changed to -1.00
t=3221185 SteerL changed to 0.00
t=3221695 SteerL changed to -1.00
[Step 312400] Mesh Raycast HIT at T=0.23 | Z=80.00
t=3221895 SteerL changed to 0.00
t=3222035 SteerL changed to -1.00
t=3222185 SteerL changed to 0.00
t=3222225 SteerL changed to -1.00
t=3222345 SteerL changed to 0.00
t=3222425 SteerL changed to -1.00
t=3222635 SteerL changed to 0.00
t=3222695 SteerL changed to -1.00
[Step 312500] Mesh Raycast HIT at T=0.23 | Z=80.00
T: 3125.00s | Pos: (483, 1.22, -82659) | Spd: 99 km/h | Yaw: 1.57 | Steer: -1.00
t=3223085 SteerL changed to 0.00
t=3223135 SteerR changed to 1.00
t=3223395 Gas changed to 0.00
[Step 312600] Mesh Raycast HIT at T=0.23 | Z=80.00
t=3223895 Gas changed to 1.00
t=3224625 SteerR changed to 0.00
[Step 312700] Mesh Raycast HIT at T=0.23 | Z=80.00
t=3224725 SteerR changed to 1.00
[Step 312800] Mesh Raycast HIT at T=0.23 | Z=80.00
t=3226375 SteerR changed to 0.00
[Step 312900] Mesh Raycast HIT at T=0.23 | Z=80.00
t=3227155 SteerL changed to -1.00
t=3227375 SteerL changed to 0.00
t=3227495 SteerL changed to -1.00
[Step 313000] Mesh Raycast HIT at T=0.23 | Z=80.00
T: 3130.00s | Pos: (483, 1.22, -82793) | Spd: 101 km/h | Yaw: 1.57 | Steer: -1.00
t=3227735 SteerL changed to 0.00
t=3227885 SteerL changed to -1.00
t=3227995 SteerL changed to 0.00
t=3228385 SteerR changed to 1.00
[Step 313100] Mesh Raycast HIT at T=0.23 | Z=80.00
t=3228915 SteerR changed to 0.00
t=3229435 SteerR changed to 1.00
t=3229465 SteerR changed to 0.00
[Step 313200] Mesh Raycast HIT at T=0.23 | Z=80.00
[Step 313300] Mesh Raycast HIT at T=0.23 | Z=80.00
[Step 313400] Mesh Raycast HIT at T=0.23 | Z=80.00
t=3232475 SteerR changed to 1.00
t=3232605 SteerR changed to 0.00
[Step 313500] Mesh Raycast HIT at T=0.23 | Z=80.00
T: 3135.00s | Pos: (483, 1.22, -82939) | Spd: 106 km/h | Yaw: 1.57 | Steer: 0.00
t=3232975 SteerR changed to 1.00
[Step 313600] Mesh Raycast HIT at T=0.23 | Z=80.00
t=3233985 Gas changed to 0.00
t=3234195 Gas changed to 1.00
[Step 313700] Mesh Raycast HIT at T=0.23 | Z=80.00
t=3234765 SteerR changed to 0.00
t=3235045 SteerL changed to -1.00
t=3235095 SteerL changed to 0.00
t=3235545 SteerR changed to 1.00
[Step 313800] Mesh Raycast HIT at T=0.23 | Z=80.00
t=3236565 SteerR changed to 0.00
[Step 313900] Mesh Raycast HIT at T=0.23 | Z=80.00
t=3237235 SteerR changed to 1.00
t=3237345 SteerR changed to 0.00
[Step 314000] Mesh Raycast HIT at T=0.23 | Z=80.00
T: 3140.00s | Pos: (483, 1.22, -83083) | Spd: 105 km/h | Yaw: 1.57 | Steer: 0.00
t=3237955 SteerR changed to 1.00
t=3238235 SteerR changed to 0.00
t=3238635 SteerL changed to -1.00
[Step 314100] Mesh Raycast HIT at T=0.23 | Z=80.00
t=3238945 SteerL changed to 0.00
[Step 314200] Mesh Raycast HIT at T=0.23 | Z=80.00
t=3239885 SteerR changed to 1.00
[Step 314300] Mesh Raycast HIT at T=0.23 | Z=80.00
t=3240715 Gas changed to 0.00
t=3241025 Gas changed to 1.00
t=3241395 SteerR changed to 0.00
t=3241575 SteerR changed to 1.00
[Step 314400] Mesh Raycast HIT at T=0.23 | Z=80.00
[Step 314500] Mesh Raycast HIT at T=0.23 | Z=80.00
T: 3145.00s | Pos: (483, 1.22, -83228) | Spd: 101 km/h | Yaw: 1.57 | Steer: 1.00
t=3242745 SteerR changed to 0.00
t=3242865 SteerR changed to 1.00
t=3243005 SteerR changed to 0.00
t=3243175 SteerR changed to 1.00
[Step 314600] Mesh Raycast HIT at T=0.23 | Z=80.00
t=3243875 SteerR changed to 0.00
t=3244195 SteerL changed to -1.00
t=3244265 SteerL changed to 0.00
t=3244655 SteerR changed to 1.00
[Step 314700] Mesh Raycast HIT at T=0.23 | Z=80.00
[Step 314800] Mesh Raycast HIT at T=0.23 | Z=80.00
t=3245705 SteerR changed to 0.00
[Step 314900] Mesh Raycast HIT at T=0.23 | Z=80.00
[Step 315000] Mesh Raycast HIT at T=0.23 | Z=80.00
T: 3150.00s | Pos: (483, 1.22, -83374) | Spd: 106 km/h | Yaw: 1.57 | Steer: 0.00
t=3247835 SteerR changed to 1.00
t=3247885 SteerR changed to 0.00
[Step 315100] Mesh Raycast HIT at T=0.23 | Z=80.00
[Step 315200] Mesh Raycast HIT at T=0.23 | Z=80.00
t=3249905 SteerL changed to -1.00
t=3249985 SteerL changed to 0.00
[Step 315300] Mesh Raycast HIT at T=0.23 | Z=80.00
[Step 315400] Mesh Raycast HIT at T=0.23 | Z=80.00
t=3252595 SteerR changed to 1.00
[Step 315500] Mesh Raycast HIT at T=0.23 | Z=80.00
T: 3155.00s | Pos: (483, 1.22, -83522) | Spd: 107 km/h | Yaw: 1.57 | Steer: 1.00
[Step 315600] Mesh Raycast HIT at T=0.23 | Z=80.00
t=3254585 SteerR changed to 0.00
[Step 315700] Mesh Raycast HIT at T=0.23 | Z=80.00
t=3255285 SteerR changed to 1.00
t=3255375 SteerR changed to 0.00
t=3255585 SteerR changed to 1.00
[Step 315800] Mesh Raycast HIT at T=0.23 | Z=80.00
t=3255705 SteerR changed to 0.00
t=3255825 SteerR changed to 1.00
t=3255965 Gas changed to 0.00
t=3256075 Gas changed to 1.00
[Step 315900] Mesh Raycast HIT at T=0.23 | Z=80.00
t=3257555 SteerR changed to 0.00
[Step 316000] Mesh Raycast HIT at T=0.23 | Z=80.00
T: 3160.00s | Pos: (483, 1.22, -83670) | Spd: 105 km/h | Yaw: 1.57 | Steer: 0.00
t=3258045 SteerR changed to 1.00
t=3258065 SteerR changed to 0.00
[Step 316100] Mesh Raycast HIT at T=0.23 | Z=80.00
t=3258895 SteerR changed to 1.00
t=3258995 SteerR changed to 0.00
t=3259215 SteerL changed to -1.00
t=3259305 SteerL changed to 0.00
t=3259425 SteerL changed to -1.00
[Step 316200] Mesh Raycast HIT at T=0.23 | Z=80.00
t=3259755 SteerL changed to 0.00
t=3259885 SteerR changed to 1.00
t=3260695 Gas changed to 0.00
[Step 316300] Mesh Raycast HIT at T=0.23 | Z=80.00
t=3261665 Gas changed to 1.00
[Step 316400] Mesh Raycast HIT at T=0.23 | Z=80.00
t=3261895 SteerR changed to 0.00
t=3262345 SteerR changed to 1.00
t=3262445 Gas changed to 0.00
t=3262565 Gas changed to 1.00
[Step 316500] Mesh Raycast HIT at T=0.23 | Z=80.00
T: 3165.00s | Pos: (483, 1.22, -83806) | Spd: 82 km/h | Yaw: 1.57 | Steer: 1.00
t=3262855 Gas changed to 0.00
[Step 316600] Mesh Raycast HIT at T=0.23 | Z=80.00
[Step 316700] Mesh Raycast HIT at T=0.24 | Z=80.00
t=3264855 Gas changed to 1.00
t=3265355 SteerR changed to 0.00
[Step 316800] Mesh Raycast HIT at T=0.23 | Z=80.00
[Step 316900] Mesh Raycast HIT at T=0.23 | Z=80.00
[Step 317000] Mesh Raycast HIT at T=0.23 | Z=80.00
T: 3170.00s | Pos: (483, 1.22, -83896) | Spd: 82 km/h | Yaw: 1.57 | Steer: 0.00
t=3268125 SteerR changed to 1.00
t=3268585 SteerR changed to 0.00
[Step 317100] Mesh Raycast HIT at T=0.23 | Z=80.00
t=3268715 SteerR changed to 1.00
t=3269375 SteerR changed to 0.00
t=3269665 SteerL changed to -1.00
[Step 317200] Mesh Raycast HIT at T=0.23 | Z=80.00
t=3269925 SteerL changed to 0.00
t=3270225 SteerR changed to 1.00
t=3270255 Gas changed to 0.00
t=3270625 Gas changed to 1.00
[Step 317300] Mesh Raycast HIT at T=0.23 | Z=80.00
t=3271165 Gas changed to 0.00
t=3271175 SteerR changed to 0.00
t=3271285 SteerL changed to -1.00
t=3271425 SteerL changed to 0.00
t=3271495 SteerL changed to -1.00
[Step 317400] Mesh Raycast HIT at T=0.23 | Z=80.00
t=3271835 Gas changed to 1.00
t=3272255 Gas changed to 0.00
t=3272485 Gas changed to 1.00
[Step 317500] Mesh Raycast HIT at T=0.23 | Z=80.00
T: 3175.00s | Pos: (483, 1.22, -84016) | Spd: 73 km/h | Yaw: 1.57 | Steer: -1.00
[Step 317600] Mesh Raycast HIT at T=0.23 | Z=80.00
t=3273935 SteerL changed to 0.00
t=3274675 SteerR changed to 1.00
[Step 317700] Mesh Raycast HIT at T=0.23 | Z=80.00
t=3274955 SteerR changed to 0.00
t=3275675 SteerL changed to -1.00
[Step 317800] Mesh Raycast HIT at T=0.23 | Z=80.00
t=3275885 SteerL changed to 0.00
t=3275955 SteerL changed to -1.00
t=3276155 SteerL changed to 0.00
t=3276235 Gas changed to 0.00
t=3276355 SteerR changed to 1.00
[Step 317900] Mesh Raycast HIT at T=0.23 | Z=80.00
t=3277445 Gas changed to 1.00
[Step 318000] Mesh Raycast HIT at T=0.23 | Z=80.00
T: 3180.00s | Pos: (483, 1.22, -84133) | Spd: 68 km/h | Yaw: 1.57 | Steer: 1.00
t=3278385 SteerR changed to 0.00
t=3278585 SteerR changed to 1.00
[Step 318100] Mesh Raycast HIT at T=0.23 | Z=80.00
t=3278755 SteerR changed to 0.00
[Step 318200] Mesh Raycast HIT at T=0.23 | Z=80.00
t=3279755 SteerL changed to -1.00
t=3279915 SteerL changed to 0.00
[Step 318300] Mesh Raycast HIT at T=0.23 | Z=80.00
t=3281195 SteerL changed to -1.00
t=3281405 SteerL changed to 0.00
t=3281505 SteerL changed to -1.00
[Step 318400] Mesh Raycast HIT at T=0.23 | Z=80.00
t=3281705 SteerL changed to 0.00
t=3281785 SteerL changed to -1.00
t=3282005 SteerL changed to 0.00
t=3282095 SteerL changed to -1.00
t=3282515 SteerL changed to 0.00
[Step 318500] Mesh Raycast HIT at T=0.23 | Z=80.00
T: 3185.00s | Pos: (483, 1.22, -84257) | Spd: 100 km/h | Yaw: 1.57 | Steer: 0.00
t=3282765 SteerR changed to 1.00
[Step 318600] Mesh Raycast HIT at T=0.23 | Z=80.00
t=3284025 Gas changed to 0.00
t=3284455 Gas changed to 1.00
[Step 318700] Mesh Raycast HIT at T=0.23 | Z=80.00
[Step 318800] Mesh Raycast HIT at T=0.23 | Z=80.00
t=3286015 SteerR changed to 0.00
t=3286575 SteerL changed to -1.00
t=3286625 SteerL changed to 0.00
[Step 318900] Mesh Raycast HIT at T=0.23 | Z=80.00
t=3286875 SteerL changed to -1.00
t=3287605 SteerL changed to 0.00
[Step 319000] Mesh Raycast HIT at T=0.23 | Z=80.00
T: 3190.00s | Pos: (483, 1.22, -84393) | Spd: 101 km/h | Yaw: 1.57 | Steer: 0.00
t=3287915 SteerR changed to 1.00
t=3288615 SteerR changed to 0.00
[Step 319100] Mesh Raycast HIT at T=0.23 | Z=80.00
[Step 319200] Mesh Raycast HIT at T=0.23 | Z=80.00
[Step 319300] Mesh Raycast HIT at T=0.23 | Z=80.00
[Step 319400] Mesh Raycast HIT at T=0.23 | Z=80.00
t=3291985 SteerL changed to -1.00
t=3292125 SteerL changed to 0.00
t=3292445 SteerR changed to 1.00
t=3292625 Gas changed to 0.00
[Step 319500] Mesh Raycast HIT at T=0.23 | Z=80.00
T: 3195.00s | Pos: (483, 1.22, -84539) | Spd: 103 km/h | Yaw: 1.57 | Steer: 1.00
t=3292975 Gas changed to 1.00
[Step 319600] Mesh Raycast HIT at T=0.23 | Z=80.00
t=3294425 SteerR changed to 0.00
[Step 319700] Mesh Raycast HIT at T=0.23 | Z=80.00
t=3294895 SteerL changed to -1.00
t=3294945 SteerL changed to 0.00
t=3295315 SteerR changed to 1.00
[Step 319800] Mesh Raycast HIT at T=0.23 | Z=80.00
t=3296245 SteerR changed to 0.00
[Step 319900] Mesh Raycast HIT at T=0.23 | Z=80.00
t=3296915 SteerR changed to 1.00
t=3297015 SteerR changed to 0.00
t=3297485 SteerR changed to 1.00
t=3297585 SteerR changed to 0.00
[Step 320000] Mesh Raycast HIT at T=0.23 | Z=80.00
T: 3200.00s | Pos: (483, 1.22, -84680) | Spd: 105 km/h | Yaw: 1.57 | Steer: 0.00
t=3297725 SteerR changed to 1.00
t=3297995 SteerR changed to 0.00
t=3298385 SteerL changed to -1.00
t=3298695 SteerL changed to 0.00
[Step 320100] Mesh Raycast HIT at T=0.23 | Z=80.00
[Step 320200] Mesh Raycast HIT at T=0.23 | Z=80.00
[Step 320300] Mesh Raycast HIT at T=0.23 | Z=80.00
t=3301365 SteerR changed to 1.00
t=3301595 Gas changed to 0.00
[Step 320400] Mesh Raycast HIT at T=0.23 | Z=80.00
t=3301735 Gas changed to 1.00
t=3302015 SteerR changed to 0.00
t=3302115 SteerR changed to 1.00
[Step 320500] Mesh Raycast HIT at T=0.23 | Z=80.00
T: 3205.00s | Pos: (483, 1.22, -84827) | Spd: 103 km/h | Yaw: 1.57 | Steer: 1.00
t=3303425 SteerR changed to 0.00
[Step 320600] Mesh Raycast HIT at T=0.23 | Z=80.00
[Step 320700] Mesh Raycast HIT at T=0.23 | Z=80.00
[Step 320800] Mesh Raycast HIT at T=0.23 | Z=80.00
[Step 320900] Mesh Raycast HIT at T=0.23 | Z=80.00
t=3307085 SteerL changed to -1.00
t=3307295 SteerL changed to 0.00
t=3307685 SteerL changed to -1.00
[Step 321000] Mesh Raycast HIT at T=0.23 | Z=80.00
T: 3210.00s | Pos: (483, 1.22, -84974) | Spd: 107 km/h | Yaw: 1.57 | Steer: -1.00
t=3307765 SteerL changed to 0.00
[Step 321100] Mesh Raycast HIT at T=0.23 | Z=80.00
[Step 321200] Mesh Raycast HIT at T=0.23 | Z=80.00
t=3309825 SteerR changed to 1.00
t=3309935 SteerR changed to 0.00
[Step 321300] Mesh Raycast HIT at T=0.23 | Z=80.00
[Step 321400] Mesh Raycast HIT at T=0.23 | Z=80.00
t=3311725 SteerR changed to 1.00
t=3312035 SteerR changed to 0.00
t=3312125 SteerR changed to 1.00
t=3312485 SteerR changed to 0.00
t=3312535 SteerR changed to 1.00
[Step 321500] Mesh Raycast HIT at T=0.23 | Z=80.00
T: 3215.00s | Pos: (483, 1.22, -85123) | Spd: 107 km/h | Yaw: 1.57 | Steer: 1.00
t=3313015 SteerR changed to 0.00
t=3313095 SteerR changed to 1.00
t=3313695 SteerR changed to 0.00
[Step 321600] Mesh Raycast HIT at T=0.23 | Z=80.00
t=3313875 SteerR changed to 1.00
t=3313965 SteerR changed to 0.00
t=3314565 SteerR changed to 1.00
[Step 321700] Mesh Raycast HIT at T=0.23 | Z=80.00
t=3314745 SteerR changed to 0.00
t=3314765 SteerR changed to 1.00
[Step 321800] Mesh Raycast HIT at T=0.23 | Z=80.00
t=3316675 SteerR changed to 0.00
[Step 321900] Mesh Raycast HIT at T=0.23 | Z=80.00
[Step 322000] Mesh Raycast HIT at T=0.23 | Z=80.00
T: 3220.00s | Pos: (483, 1.22, -85271) | Spd: 107 km/h | Yaw: 1.57 | Steer: 0.00
t=3317805 SteerL changed to -1.00
t=3317865 SteerL changed to 0.00
t=3318255 SteerR changed to 1.00
[Step 322100] Mesh Raycast HIT at T=0.23 | Z=80.00
t=3318925 Gas changed to 0.00
t=3319035 Gas changed to 1.00
t=3319245 Gas changed to 0.00
[Step 322200] Mesh Raycast HIT at T=0.23 | Z=80.00
[Step 322300] Mesh Raycast HIT at T=0.23 | Z=80.00
t=3320825 Gas changed to 1.00
t=3321035 SteerR changed to 0.00
t=3321315 SteerR changed to 1.00
[Step 322400] Mesh Raycast HIT at T=0.23 | Z=80.00
t=3321895 Gas changed to 0.00
[Step 322500] Mesh Raycast HIT at T=0.23 | Z=80.00
T: 3225.00s | Pos: (483, 1.22, -85388) | Spd: 57 km/h | Yaw: 1.57 | Steer: 1.00
t=3323545 Gas changed to 1.00
[Step 322600] Mesh Raycast HIT at T=0.24 | Z=80.00
t=3324105 SteerR changed to 0.00
t=3324445 SteerL changed to -1.00
t=3324575 SteerL changed to 0.00
[Step 322700] Mesh Raycast HIT at T=0.23 | Z=80.00
t=3325555 SteerL changed to -1.00
t=3325665 SteerL changed to 0.00
[Step 322800] Mesh Raycast HIT at T=0.23 | Z=80.00
[Step 322900] Mesh Raycast HIT at T=0.23 | Z=80.00
t=3327105 SteerR changed to 1.00
[Step 323000] Mesh Raycast HIT at T=0.23 | Z=80.00
T: 3230.00s | Pos: (483, 1.22, -85484) | Spd: 91 km/h | Yaw: 1.57 | Steer: 1.00
t=3328165 SteerR changed to 0.00
[Step 323100] Mesh Raycast HIT at T=0.23 | Z=80.00
t=3328775 SteerL changed to -1.00
t=3328885 SteerL changed to 0.00
t=3328995 Gas changed to 0.00
t=3329035 SteerR changed to 1.00
t=3329365 Gas changed to 1.00
[Step 323200] Mesh Raycast HIT at T=0.23 | Z=80.00
t=3329865 SteerR changed to 0.00
t=3330055 SteerL changed to -1.00
t=3330065 Gas changed to 0.00
[Step 323300] Mesh Raycast HIT at T=0.23 | Z=80.00
t=3331115 Gas changed to 1.00
[Step 323400] Mesh Raycast HIT at T=0.23 | Z=80.00
[Step 323500] Mesh Raycast HIT at T=0.23 | Z=80.00
T: 3235.00s | Pos: (483, 1.22, -85599) | Spd: 82 km/h | Yaw: 1.57 | Steer: -1.00
t=3332905 SteerL changed to 0.00
t=3333235 SteerR changed to 1.00
[Step 323600] Mesh Raycast HIT at T=0.23 | Z=80.00
t=3333825 SteerR changed to 0.00
t=3334455 SteerL changed to -1.00
[Step 323700] Mesh Raycast HIT at T=0.23 | Z=80.00
t=3335065 Gas changed to 0.00
t=3335065 SteerL changed to 0.00
t=3335155 SteerR changed to 1.00
[Step 323800] Mesh Raycast HIT at T=0.23 | Z=80.00
t=3336055 Gas changed to 1.00
[Step 323900] Mesh Raycast HIT at T=0.23 | Z=80.00
t=3337605 SteerR changed to 0.00
[Step 324000] Mesh Raycast HIT at T=0.23 | Z=80.00
T: 3240.00s | Pos: (483, 1.22, -85717) | Spd: 85 km/h | Yaw: 1.57 | Steer: 0.00
t=3338055 SteerL changed to -1.00
t=3338325 SteerL changed to 0.00
[Step 324100] Mesh Raycast HIT at T=0.23 | Z=80.00
t=3339425 SteerL changed to -1.00
t=3339585 SteerL changed to 0.00
[Step 324200] Mesh Raycast HIT at T=0.23 | Z=80.00
t=3340245 SteerL changed to -1.00
t=3340635 SteerL changed to 0.00
[Step 324300] Mesh Raycast HIT at T=0.23 | Z=80.00
t=3340725 SteerL changed to -1.00
t=3340875 SteerL changed to 0.00
t=3340945 SteerL changed to -1.00
t=3341395 SteerL changed to 0.00
t=3341595 SteerR changed to 1.00
[Step 324400] Mesh Raycast HIT at T=0.23 | Z=80.00
t=3342385 Gas changed to 0.00
[Step 324500] Mesh Raycast HIT at T=0.23 | Z=80.00
T: 3245.00s | Pos: (483, 1.22, -85851) | Spd: 92 km/h | Yaw: 1.57 | Steer: 1.00
t=3342745 Gas changed to 1.00
t=3343365 Gas changed to 0.00
t=3343465 Gas changed to 1.00
[Step 324600] Mesh Raycast HIT at T=0.23 | Z=80.00
[Step 324700] Mesh Raycast HIT at T=0.23 | Z=80.00
t=3344745 SteerR changed to 0.00
t=3345245 SteerR changed to 1.00
t=3345345 SteerR changed to 0.00
[Step 324800] Mesh Raycast HIT at T=0.23 | Z=80.00
t=3345765 SteerL changed to -1.00
t=3345935 SteerL changed to 0.00
t=3346045 SteerL changed to -1.00
t=3346605 SteerL changed to 0.00
[Step 324900] Mesh Raycast HIT at T=0.23 | Z=80.00
t=3346885 SteerR changed to 1.00
t=3347495 SteerR changed to 0.00
[Step 325000] Mesh Raycast HIT at T=0.23 | Z=80.00
T: 3250.00s | Pos: (483, 1.22, -85988) | Spd: 104 km/h | Yaw: 1.57 | Steer: 0.00
t=3347795 SteerR changed to 1.00
t=3347845 SteerR changed to 0.00
[Step 325100] Mesh Raycast HIT at T=0.23 | Z=80.00
t=3348975 Gas changed to 0.00
t=3348995 SteerR changed to 1.00
t=3349455 Gas changed to 1.00
[Step 325200] Mesh Raycast HIT at T=0.23 | Z=80.00
t=3349725 SteerR changed to 0.00
[Step 325300] Mesh Raycast HIT at T=0.23 | Z=80.00
t=3351625 SteerR changed to 1.00
[Step 325400] Mesh Raycast HIT at T=0.23 | Z=80.00
t=3351955 Gas changed to 0.00
t=3352095 Gas changed to 1.00
[Step 325500] Mesh Raycast HIT at T=0.23 | Z=80.00
T: 3255.00s | Pos: (483, 1.22, -86124) | Spd: 97 km/h | Yaw: 1.57 | Steer: 1.00
t=3353395 SteerR changed to 0.00
[Step 325600] Mesh Raycast HIT at T=0.23 | Z=80.00
t=3353825 SteerR changed to 1.00
t=3353905 SteerR changed to 0.00
t=3354435 SteerL changed to -1.00
[Step 325700] Mesh Raycast HIT at T=0.23 | Z=80.00
t=3354745 SteerL changed to 0.00
[Step 325800] Mesh Raycast HIT at T=0.23 | Z=80.00
[Step 325900] Mesh Raycast HIT at T=0.23 | Z=80.00
t=3356775 SteerR changed to 1.00
t=3357085 SteerR changed to 0.00
t=3357365 SteerL changed to -1.00
[Step 326000] Mesh Raycast HIT at T=0.23 | Z=80.00
T: 3260.00s | Pos: (483, 1.22, -86267) | Spd: 106 km/h | Yaw: 1.57 | Steer: -1.00
t=3357715 SteerL changed to 0.00
t=3358665 SteerR changed to 1.00
[Step 326100] Mesh Raycast HIT at T=0.23 | Z=80.00
t=3359175 Gas changed to 0.00
t=3359665 Gas changed to 1.00
[Step 326200] Mesh Raycast HIT at T=0.23 | Z=80.00
t=3360135 SteerR changed to 0.00
t=3360385 SteerR changed to 1.00
[Step 326300] Mesh Raycast HIT at T=0.23 | Z=80.00
[Step 326400] Mesh Raycast HIT at T=0.23 | Z=80.00
t=3362365 SteerR changed to 0.00
[Step 326500] Mesh Raycast HIT at T=0.23 | Z=80.00
T: 3265.00s | Pos: (483, 1.22, -86406) | Spd: 101 km/h | Yaw: 1.57 | Steer: 0.00
[Step 326600] Mesh Raycast HIT at T=0.23 | Z=80.00
[Step 326700] Mesh Raycast HIT at T=0.23 | Z=80.00
[Step 326800] Mesh Raycast HIT at T=0.23 | Z=80.00
[Step 326900] Mesh Raycast HIT at T=0.23 | Z=80.00
t=3366965 SteerR changed to 1.00
t=3367025 SteerR changed to 0.00
[Step 327000] Mesh Raycast HIT at T=0.23 | Z=80.00
T: 3270.00s | Pos: (483, 1.22, -86552) | Spd: 106 km/h | Yaw: 1.57 | Steer: 0.00
t=3368465 SteerL changed to -1.00
t=3368555 SteerL changed to 0.00
[Step 327100] Mesh Raycast HIT at T=0.23 | Z=80.00
[Step 327200] Mesh Raycast HIT at T=0.23 | Z=80.00
t=3370065 SteerR changed to 1.00
t=3370115 SteerR changed to 0.00
t=3370615 SteerR changed to 1.00
[Step 327300] Mesh Raycast HIT at T=0.23 | Z=80.00
t=3370705 SteerR changed to 0.00
t=3371095 SteerR changed to 1.00
t=3371235 SteerR changed to 0.00
t=3371335 SteerR changed to 1.00
[Step 327400] Mesh Raycast HIT at T=0.23 | Z=80.00
[Step 327500] Mesh Raycast HIT at T=0.23 | Z=80.00
T: 3275.00s | Pos: (483, 1.22, -86701) | Spd: 107 km/h | Yaw: 1.57 | Steer: 1.00
t=3372815 SteerR changed to 0.00
t=3373155 SteerR changed to 1.00
t=3373265 SteerR changed to 0.00
t=3373435 SteerR changed to 1.00
t=3373545 SteerR changed to 0.00
[Step 327600] Mesh Raycast HIT at T=0.23 | Z=80.00
t=3373885 SteerR changed to 1.00
t=3374135 SteerR changed to 0.00
t=3374215 SteerR changed to 1.00
t=3374385 Gas changed to 0.00
t=3374495 Gas changed to 1.00
[Step 327700] Mesh Raycast HIT at T=0.23 | Z=80.00
t=3374825 Gas changed to 0.00
t=3374915 Gas changed to 1.00
[Step 327800] Mesh Raycast HIT at T=0.23 | Z=80.00
t=3376025 SteerR changed to 0.00
[Step 327900] Mesh Raycast HIT at T=0.23 | Z=80.00
t=3377195 SteerL changed to -1.00
t=3377295 SteerL changed to 0.00
t=3377615 SteerR changed to 1.00
[Step 328000] Mesh Raycast HIT at T=0.23 | Z=80.00
T: 3280.00s | Pos: (483, 1.22, -86846) | Spd: 105 km/h | Yaw: 1.57 | Steer: 1.00
t=3378425 Gas changed to 0.00
[Step 328100] Mesh Raycast HIT at T=0.23 | Z=80.00
t=3378885 Gas changed to 1.00
t=3379675 SteerR changed to 0.00
[Step 328200] Mesh Raycast HIT at T=0.23 | Z=80.00
t=3380485 SteerR changed to 1.00
[Step 328300] Mesh Raycast HIT at T=0.23 | Z=80.00
t=3380755 Gas changed to 0.00
[Step 328400] Mesh Raycast HIT at T=0.23 | Z=80.00
[Step 328500] Mesh Raycast HIT at T=0.23 | Z=80.00
T: 3285.00s | Pos: (483, 1.22, -86969) | Spd: 51 km/h | Yaw: 1.57 | Steer: 1.00
t=3383285 Gas changed to 1.00
t=3383375 SteerR changed to 0.00
[Step 328600] Mesh Raycast HIT at T=0.23 | Z=80.00
t=3384325 SteerL changed to -1.00
t=3384575 SteerL changed to 0.00
[Step 328700] Mesh Raycast HIT at T=0.24 | Z=80.00
[Step 328800] Mesh Raycast HIT at T=0.24 | Z=80.00
t=3386095 SteerR changed to 1.00
[Step 328900] Mesh Raycast HIT at T=0.24 | Z=80.00
t=3387445 SteerR changed to 0.00
[Step 329000] Mesh Raycast HIT at T=0.24 | Z=80.00
T: 3290.00s | Pos: (483, 1.22, -87067) | Spd: 93 km/h | Yaw: 1.57 | Steer: 0.00
t=3387745 SteerL changed to -1.00
t=3388065 SteerL changed to 0.00
t=3388135 Gas changed to 0.00
t=3388215 SteerR changed to 1.00
t=3388535 Gas changed to 1.00
[Step 329100] Mesh Raycast HIT at T=0.24 | Z=80.00
t=3388725 Gas changed to 0.00
t=3389155 SteerR changed to 0.00
t=3389175 SteerL changed to -1.00
t=3389225 Gas changed to 1.00
t=3389645 SteerL changed to 0.00
[Step 329200] Mesh Raycast HIT at T=0.24 | Z=80.00
t=3389785 SteerR changed to 1.00
t=3390105 SteerR changed to 0.00
t=3390105 SteerL changed to -1.00
[Step 329300] Mesh Raycast HIT at T=0.24 | Z=80.00
[Step 329400] Mesh Raycast HIT at T=0.24 | Z=80.00
t=3391825 SteerL changed to 0.00
[Step 329500] Mesh Raycast HIT at T=0.24 | Z=80.00
T: 3295.00s | Pos: (483, 1.21, -87187) | Spd: 96 km/h | Yaw: 1.57 | Steer: 0.00
[Step 329600] Mesh Raycast HIT at T=0.24 | Z=80.00
t=3394575 SteerL changed to -1.00
[Step 329700] Mesh Raycast HIT at T=0.24 | Z=80.00
t=3395025 SteerL changed to 0.00
t=3395045 Gas changed to 0.00
t=3395195 SteerR changed to 1.00
t=3395635 SteerR changed to 0.00
[Step 329800] Mesh Raycast HIT at T=0.24 | Z=80.00
t=3395745 SteerR changed to 1.00
t=3395855 SteerR changed to 0.00
t=3395945 SteerR changed to 1.00
t=3396015 SteerR changed to 0.00
t=3396075 SteerR changed to 1.00
t=3396175 SteerR changed to 0.00
t=3396195 SteerR changed to 1.00
t=3396215 Gas changed to 1.00
t=3396265 SteerR changed to 0.00
t=3396335 SteerR changed to 1.00
[Step 329900] Mesh Raycast HIT at T=0.24 | Z=80.00
t=3396945 SteerR changed to 0.00
t=3397345 SteerR changed to 1.00
[Step 330000] Mesh Raycast HIT at T=0.24 | Z=80.00
T: 3300.00s | Pos: (483, 1.21, -87312) | Spd: 84 km/h | Yaw: 1.57 | Steer: 1.00
t=3397895 SteerR changed to 0.00
t=3398585 SteerR changed to 1.00
t=3398635 SteerR changed to 0.00
[Step 330100] Mesh Raycast HIT at T=0.24 | Z=80.00
[Step 330200] Mesh Raycast HIT at T=0.24 | Z=80.00
t=3399845 SteerL changed to -1.00
t=3400035 SteerL changed to 0.00
[Step 330300] Mesh Raycast HIT at T=0.24 | Z=80.00
[Step 330400] Mesh Raycast HIT at T=0.24 | Z=80.00
t=3401795 SteerL changed to -1.00
t=3401985 SteerL changed to 0.00
t=3402075 SteerL changed to -1.00
t=3402295 SteerL changed to 0.00
t=3402405 SteerL changed to -1.00
t=3402515 SteerL changed to 0.00
t=3402635 SteerL changed to -1.00
[Step 330500] Mesh Raycast HIT at T=0.24 | Z=80.00
T: 3305.00s | Pos: (483, 1.21, -87446) | Spd: 103 km/h | Yaw: 1.57 | Steer: -1.00
t=3403075 SteerL changed to 0.00
t=3403315 SteerR changed to 1.00
[Step 330600] Mesh Raycast HIT at T=0.24 | Z=80.00
[Step 330700] Mesh Raycast HIT at T=0.24 | Z=80.00
t=3405625 Gas changed to 0.00
[Step 330800] Mesh Raycast HIT at T=0.24 | Z=80.00
t=3405765 Gas changed to 1.00
t=3406105 Gas changed to 0.00
t=3406195 Gas changed to 1.00
t=3406645 SteerR changed to 0.00
[Step 330900] Mesh Raycast HIT at T=0.24 | Z=80.00
t=3407365 SteerL changed to -1.00
[Step 331000] Mesh Raycast HIT at T=0.24 | Z=80.00
T: 3310.00s | Pos: (483, 1.21, -87590) | Spd: 102 km/h | Yaw: 1.57 | Steer: -1.00
t=3408215 SteerL changed to 0.00
t=3408445 SteerR changed to 1.00
[Step 331100] Mesh Raycast HIT at T=0.24 | Z=80.00
t=3409135 SteerR changed to 0.00
[Step 331200] Mesh Raycast HIT at T=0.24 | Z=80.00
[Step 331300] Mesh Raycast HIT at T=0.24 | Z=80.00
[Step 331400] Mesh Raycast HIT at T=0.24 | Z=80.00
t=3412395 SteerL changed to -1.00
t=3412595 SteerL changed to 0.00
[Step 331500] Mesh Raycast HIT at T=0.24 | Z=80.00
T: 3315.00s | Pos: (483, 1.21, -87736) | Spd: 106 km/h | Yaw: 1.57 | Steer: 0.00
t=3412905 SteerR changed to 1.00
[Step 331600] Mesh Raycast HIT at T=0.24 | Z=80.00
t=3414125 Gas changed to 0.00
t=3414265 Gas changed to 1.00
[Step 331700] Mesh Raycast HIT at T=0.24 | Z=80.00
t=3414985 SteerR changed to 0.00
t=3415355 SteerL changed to -1.00
t=3415435 SteerL changed to 0.00
[Step 331800] Mesh Raycast HIT at T=0.24 | Z=80.00
t=3415725 SteerR changed to 1.00
[Step 331900] Mesh Raycast HIT at T=0.24 | Z=80.00
t=3417135 SteerR changed to 0.00
[Step 332000] Mesh Raycast HIT at T=0.24 | Z=80.00
T: 3320.00s | Pos: (483, 1.21, -87883) | Spd: 106 km/h | Yaw: 1.57 | Steer: 0.00
t=3417865 SteerR changed to 1.00
t=3418415 SteerR changed to 0.00
t=3418695 SteerL changed to -1.00
[Step 332100] Mesh Raycast HIT at T=0.24 | Z=80.00
t=3418845 SteerL changed to 0.00
t=3419055 SteerL changed to -1.00
t=3419205 SteerL changed to 0.00
[Step 332200] Mesh Raycast HIT at T=0.24 | Z=80.00
t=3419845 SteerR changed to 1.00
t=3420145 Gas changed to 0.00
[Step 332300] Mesh Raycast HIT at T=0.24 | Z=80.00
t=3420705 Gas changed to 1.00
t=3421185 SteerR changed to 0.00
[Step 332400] Mesh Raycast HIT at T=0.24 | Z=80.00
t=3421715 SteerR changed to 1.00
[Step 332500] Mesh Raycast HIT at T=0.24 | Z=80.00
T: 3325.00s | Pos: (483, 1.21, -88023) | Spd: 98 km/h | Yaw: 1.57 | Steer: 1.00
[Step 332600] Mesh Raycast HIT at T=0.24 | Z=80.00
t=3423745 SteerR changed to 0.00
t=3424025 SteerL changed to -1.00
t=3424115 SteerL changed to 0.00
t=3424525 SteerR changed to 1.00
[Step 332700] Mesh Raycast HIT at T=0.24 | Z=80.00
[Step 332800] Mesh Raycast HIT at T=0.24 | Z=80.00
t=3425905 SteerR changed to 0.00
[Step 332900] Mesh Raycast HIT at T=0.24 | Z=80.00
[Step 333000] Mesh Raycast HIT at T=0.24 | Z=80.00
T: 3330.00s | Pos: (483, 1.21, -88166) | Spd: 106 km/h | Yaw: 1.57 | Steer: 0.00
t=3427995 SteerR changed to 1.00
t=3428055 SteerR changed to 0.00
[Step 333100] Mesh Raycast HIT at T=0.24 | Z=80.00
t=3429345 SteerL changed to -1.00
t=3429485 SteerL changed to 0.00
[Step 333200] Mesh Raycast HIT at T=0.24 | Z=80.00
t=3430595 SteerR changed to 1.00
t=3430695 SteerR changed to 0.00
[Step 333300] Mesh Raycast HIT at T=0.24 | Z=80.00
[Step 333400] Mesh Raycast HIT at T=0.24 | Z=80.00
t=3431985 SteerR changed to 1.00
t=3432495 SteerR changed to 0.00
t=3432585 SteerR changed to 1.00
[Step 333500] Mesh Raycast HIT at T=0.24 | Z=80.00
T: 3335.00s | Pos: (483, 1.21, -88315) | Spd: 107 km/h | Yaw: 1.57 | Steer: 1.00
[Step 333600] Mesh Raycast HIT at T=0.24 | Z=80.00
t=3433745 SteerR changed to 0.00
t=3434025 SteerR changed to 1.00
t=3434145 SteerR changed to 0.00
t=3434285 SteerR changed to 1.00
t=3434415 SteerR changed to 0.00
[Step 333700] Mesh Raycast HIT at T=0.24 | Z=80.00
t=3434915 SteerR changed to 1.00
t=3435055 Gas changed to 0.00
t=3435195 Gas changed to 1.00
[Step 333800] Mesh Raycast HIT at T=0.24 | Z=80.00
[Step 333900] Mesh Raycast HIT at T=0.24 | Z=80.00
t=3436945 SteerR changed to 0.00
[Step 334000] Mesh Raycast HIT at T=0.24 | Z=80.00
T: 3340.00s | Pos: (483, 1.21, -88462) | Spd: 105 km/h | Yaw: 1.57 | Steer: 0.00
t=3438135 SteerL changed to -1.00
t=3438205 SteerL changed to 0.00
t=3438575 SteerR changed to 1.00
[Step 334100] Mesh Raycast HIT at T=0.24 | Z=80.00
t=3439125 Gas changed to 0.00
[Step 334200] Mesh Raycast HIT at T=0.24 | Z=80.00
t=3440085 Gas changed to 1.00
[Step 334300] Mesh Raycast HIT at T=0.24 | Z=80.00
t=3440745 SteerR changed to 0.00
t=3441605 SteerR changed to 1.00
[Step 334400] Mesh Raycast HIT at T=0.24 | Z=80.00
t=3441825 Gas changed to 0.00
[Step 334500] Mesh Raycast HIT at T=0.24 | Z=80.00
T: 3345.00s | Pos: (483, 1.21, -88588) | Spd: 67 km/h | Yaw: 1.57 | Steer: 1.00
t=3443685 Gas changed to 1.00
[Step 334600] Mesh Raycast HIT at T=0.24 | Z=80.00
t=3444365 SteerR changed to 0.00
[Step 334700] Mesh Raycast HIT at T=0.23 | Z=80.00
[Step 334800] Mesh Raycast HIT at T=0.23 | Z=80.00
[Step 334900] Mesh Raycast HIT at T=0.23 | Z=80.00
t=3446885 SteerR changed to 1.00
t=3447035 SteerR changed to 0.00
t=3447195 SteerR changed to 1.00
t=3447525 SteerR changed to 0.00
t=3447565 SteerR changed to 1.00
[Step 335000] Mesh Raycast HIT at T=0.23 | Z=80.00
T: 3350.00s | Pos: (483, 1.21, -88688) | Spd: 92 km/h | Yaw: 1.57 | Steer: 1.00
t=3448315 SteerR changed to 0.00
t=3448535 SteerL changed to -1.00
[Step 335100] Mesh Raycast HIT at T=0.23 | Z=80.00
t=3448845 SteerL changed to 0.00
t=3449105 Gas changed to 0.00
t=3449115 SteerR changed to 1.00
t=3449585 Gas changed to 1.00
[Step 335200] Mesh Raycast HIT at T=0.23 | Z=80.00
t=3450065 SteerR changed to 0.00
t=3450085 Gas changed to 0.00
t=3450185 SteerL changed to -1.00
t=3450685 Gas changed to 1.00
[Step 335300] Mesh Raycast HIT at T=0.23 | Z=80.00
t=3450785 SteerL changed to 0.00
t=3450865 SteerL changed to -1.00
[Step 335400] Mesh Raycast HIT at T=0.23 | Z=80.00
[Step 335500] Mesh Raycast HIT at T=0.23 | Z=80.00
T: 3355.00s | Pos: (483, 1.21, -88808) | Spd: 89 km/h | Yaw: 1.57 | Steer: -1.00
t=3452855 SteerL changed to 0.00
t=3453015 SteerL changed to -1.00
t=3453155 SteerL changed to 0.00
t=3453455 SteerR changed to 1.00
[Step 335600] Mesh Raycast HIT at T=0.23 | Z=80.00
t=3453935 SteerR changed to 0.00
t=3454445 SteerL changed to -1.00
[Step 335700] Mesh Raycast HIT at T=0.23 | Z=80.00
t=3454855 SteerL changed to 0.00
t=3454945 Gas changed to 0.00
t=3455105 SteerR changed to 1.00
[Step 335800] Mesh Raycast HIT at T=0.23 | Z=80.00
t=3455975 Gas changed to 1.00
[Step 335900] Mesh Raycast HIT at T=0.23 | Z=80.00
t=3457345 SteerR changed to 0.00
[Step 336000] Mesh Raycast HIT at T=0.23 | Z=80.00
T: 3360.00s | Pos: (483, 1.21, -88930) | Spd: 86 km/h | Yaw: 1.57 | Steer: 0.00
t=3457795 SteerL changed to -1.00
t=3457865 SteerL changed to 0.00
t=3458055 SteerL changed to -1.00
t=3458145 SteerL changed to 0.00
[Step 336100] Mesh Raycast HIT at T=0.23 | Z=80.00
t=3459065 SteerL changed to -1.00
t=3459175 SteerL changed to 0.00
[Step 336200] Mesh Raycast HIT at T=0.23 | Z=80.00
t=3459705 SteerL changed to -1.00
t=3459835 SteerL changed to 0.00
t=3460005 SteerL changed to -1.00
t=3460125 SteerL changed to 0.00
t=3460165 SteerL changed to -1.00
[Step 336300] Mesh Raycast HIT at T=0.23 | Z=80.00
t=3460715 SteerL changed to 0.00
t=3460805 SteerL changed to -1.00
t=3460995 SteerL changed to 0.00
t=3461235 SteerR changed to 1.00
[Step 336400] Mesh Raycast HIT at T=0.23 | Z=80.00
t=3462255 Gas changed to 0.00
[Step 336500] Mesh Raycast HIT at T=0.23 | Z=80.00
T: 3365.00s | Pos: (483, 1.21, -89064) | Spd: 88 km/h | Yaw: 1.57 | Steer: 1.00
t=3462715 Gas changed to 1.00
[Step 336600] Mesh Raycast HIT at T=0.23 | Z=80.00
t=3464365 SteerR changed to 0.00
[Step 336700] Mesh Raycast HIT at T=0.23 | Z=80.00
t=3465475 SteerL changed to -1.00
[Step 336800] Mesh Raycast HIT at T=0.23 | Z=80.00
t=3466065 SteerL changed to 0.00
t=3466495 SteerR changed to 1.00
[Step 336900] Mesh Raycast HIT at T=0.23 | Z=80.00
t=3467085 SteerR changed to 0.00
[Step 337000] Mesh Raycast HIT at T=0.23 | Z=80.00
T: 3370.00s | Pos: (483, 1.21, -89201) | Spd: 104 km/h | Yaw: 1.57 | Steer: 0.00
[Step 337100] Mesh Raycast HIT at T=0.23 | Z=80.00
[Step 337200] Mesh Raycast HIT at T=0.23 | Z=80.00
t=3470395 SteerL changed to -1.00
t=3470455 SteerL changed to 0.00
[Step 337300] Mesh Raycast HIT at T=0.23 | Z=80.00
t=3470795 SteerR changed to 1.00
t=3471285 SteerR changed to 0.00
t=3471355 SteerR changed to 1.00
[Step 337400] Mesh Raycast HIT at T=0.23 | Z=80.00
t=3471955 Gas changed to 0.00
t=3472305 Gas changed to 1.00
[Step 337500] Mesh Raycast HIT at T=0.23 | Z=80.00
T: 3375.00s | Pos: (483, 1.21, -89347) | Spd: 96 km/h | Yaw: 1.57 | Steer: 1.00
t=3472795 SteerR changed to 0.00
[Step 337600] Mesh Raycast HIT at T=0.23 | Z=80.00
[Step 337700] Mesh Raycast HIT at T=0.23 | Z=80.00
t=3475035 SteerL changed to -1.00
t=3475175 SteerL changed to 0.00
[Step 337800] Mesh Raycast HIT at T=0.23 | Z=80.00
t=3475965 SteerR changed to 1.00
t=3476335 SteerR changed to 0.00
[Step 337900] Mesh Raycast HIT at T=0.23 | Z=80.00
t=3476925 SteerL changed to -1.00
t=3477225 SteerL changed to 0.00
[Step 338000] Mesh Raycast HIT at T=0.23 | Z=80.00
T: 3380.00s | Pos: (483, 1.21, -89490) | Spd: 105 km/h | Yaw: 1.57 | Steer: 0.00
t=3477805 SteerR changed to 1.00
t=3478645 Gas changed to 0.00
[Step 338100] Mesh Raycast HIT at T=0.23 | Z=80.00
t=3478795 Gas changed to 1.00
t=3479585 SteerR changed to 0.00
[Step 338200] Mesh Raycast HIT at T=0.23 | Z=80.00
t=3480015 SteerR changed to 1.00
[Step 338300] Mesh Raycast HIT at T=0.23 | Z=80.00
t=3480945 Gas changed to 0.00
t=3481065 Gas changed to 1.00
[Step 338400] Mesh Raycast HIT at T=0.23 | Z=80.00
t=3481795 SteerR changed to 0.00
[Step 338500] Mesh Raycast HIT at T=0.23 | Z=80.00
T: 3385.00s | Pos: (483, 1.21, -89634) | Spd: 103 km/h | Yaw: 1.57 | Steer: 0.00
[Step 338600] Mesh Raycast HIT at T=0.23 | Z=80.00
[Step 338700] Mesh Raycast HIT at T=0.23 | Z=80.00
[Step 338800] Mesh Raycast HIT at T=0.23 | Z=80.00
[Step 338900] Mesh Raycast HIT at T=0.23 | Z=80.00
[Step 339000] Mesh Raycast HIT at T=0.23 | Z=80.00
T: 3390.00s | Pos: (483, 1.21, -89781) | Spd: 107 km/h | Yaw: 1.57 | Steer: 0.00
t=3487805 SteerL changed to -1.00
t=3487925 SteerL changed to 0.00
[Step 339100] Mesh Raycast HIT at T=0.23 | Z=80.00
t=3488895 SteerR changed to 1.00
t=3489065 SteerR changed to 0.00
[Step 339200] Mesh Raycast HIT at T=0.23 | Z=80.00
t=3489745 SteerL changed to -1.00
t=3489815 SteerL changed to 0.00
t=3490345 SteerR changed to 1.00
t=3490405 SteerR changed to 0.00
t=3490575 SteerR changed to 1.00
[Step 339300] Mesh Raycast HIT at T=0.23 | Z=80.00
t=3491465 Gas changed to 0.00
t=3491565 Gas changed to 1.00
[Step 339400] Mesh Raycast HIT at T=0.23 | Z=80.00
t=3492375 SteerR changed to 0.00
[Step 339500] Mesh Raycast HIT at T=0.23 | Z=80.00
T: 3395.00s | Pos: (483, 1.21, -89928) | Spd: 105 km/h | Yaw: 1.57 | Steer: 0.00
t=3492795 SteerR changed to 1.00
t=3492875 SteerR changed to 0.00
t=3493495 SteerR changed to 1.00
[Step 339600] Mesh Raycast HIT at T=0.23 | Z=80.00
t=3493915 Gas changed to 0.00
t=3494055 Gas changed to 1.00
[Step 339700] Mesh Raycast HIT at T=0.23 | Z=80.00
t=3495435 SteerR changed to 0.00
t=3495635 SteerR changed to 1.00
t=3495695 SteerR changed to 0.00
[Step 339800] Mesh Raycast HIT at T=0.23 | Z=80.00
t=3496065 SteerR changed to 1.00
t=3496155 SteerR changed to 0.00
[Step 339900] Mesh Raycast HIT at T=0.23 | Z=80.00
t=3496775 SteerL changed to -1.00
t=3496885 SteerL changed to 0.00
[Step 340000] Mesh Raycast HIT at T=0.23 | Z=80.00
T: 3400.00s | Pos: (483, 1.21, -90074) | Spd: 106 km/h | Yaw: 1.57 | Steer: 0.00
t=3498025 Gas changed to 0.00
t=3498095 SteerL changed to -1.00
t=3498335 Gas changed to 1.00
[Step 340100] Mesh Raycast HIT at T=0.23 | Z=80.00
t=3499645 Gas changed to 0.00
[Step 340200] Mesh Raycast HIT at T=0.23 | Z=80.00
t=3499985 SteerL changed to 0.00
t=3500255 SteerR changed to 1.00
[Step 340300] Mesh Raycast HIT at T=0.23 | Z=80.00
[Step 340400] Mesh Raycast HIT at T=0.24 | Z=80.00
[Step 340500] Mesh Raycast HIT at T=0.23 | Z=80.00
T: 3405.00s | Pos: (483, 1.21, -90181) | Spd: 36 km/h | Yaw: 1.57 | Steer: 1.00
t=3502725 Gas changed to 1.00
t=3503075 SteerR changed to 0.00
[Step 340600] Mesh Raycast HIT at T=0.24 | Z=80.00
[Step 340700] Mesh Raycast HIT at T=0.24 | Z=80.00
[Step 340800] Mesh Raycast HIT at T=0.24 | Z=80.00
t=3506195 SteerR changed to 1.00
t=3506595 SteerR changed to 0.00
t=3506695 SteerR changed to 1.00
[Step 340900] Mesh Raycast HIT at T=0.24 | Z=80.00
t=3507345 SteerR changed to 0.00
[Step 341000] Mesh Raycast HIT at T=0.24 | Z=80.00
T: 3410.00s | Pos: (483, 1.21, -90282) | Spd: 94 km/h | Yaw: 1.57 | Steer: 0.00
t=3507815 SteerL changed to -1.00
t=3507925 SteerL changed to 0.00
t=3508165 Gas changed to 0.00
t=3508165 SteerR changed to 1.00
t=3508585 Gas changed to 1.00
[Step 341100] Mesh Raycast HIT at T=0.24 | Z=80.00
t=3509205 SteerR changed to 0.00
t=3509365 SteerL changed to -1.00
t=3509455 SteerL changed to 0.00
t=3509545 SteerL changed to -1.00
[Step 341200] Mesh Raycast HIT at T=0.24 | Z=80.00
t=3509765 SteerL changed to 0.00
t=3509875 SteerL changed to -1.00
t=3510435 Gas changed to 0.00
t=3510665 Gas changed to 1.00
[Step 341300] Mesh Raycast HIT at T=0.24 | Z=80.00
[Step 341400] Mesh Raycast HIT at T=0.24 | Z=80.00
t=3512265 SteerL changed to 0.00
[Step 341500] Mesh Raycast HIT at T=0.24 | Z=80.00
T: 3415.00s | Pos: (483, 1.21, -90410) | Spd: 97 km/h | Yaw: 1.57 | Steer: 0.00
t=3512785 SteerR changed to 1.00
t=3513195 SteerR changed to 0.00
[Step 341600] Mesh Raycast HIT at T=0.24 | Z=80.00
t=3513915 SteerL changed to -1.00
t=3514365 Gas changed to 0.00
t=3514385 SteerL changed to 0.00
t=3514395 SteerR changed to 1.00
[Step 341700] Mesh Raycast HIT at T=0.24 | Z=80.00
t=3515605 Gas changed to 1.00
[Step 341800] Mesh Raycast HIT at T=0.24 | Z=80.00
t=3516195 SteerR changed to 0.00
t=3516535 SteerR changed to 1.00
t=3516675 SteerR changed to 0.00
[Step 341900] Mesh Raycast HIT at T=0.24 | Z=80.00
t=3516865 SteerR changed to 1.00
t=3516945 SteerR changed to 0.00
[Step 342000] Mesh Raycast HIT at T=0.24 | Z=80.00
T: 3420.00s | Pos: (483, 1.21, -90531) | Spd: 87 km/h | Yaw: 1.57 | Steer: 0.00
t=3518235 SteerL changed to -1.00
t=3518395 SteerL changed to 0.00
[Step 342100] Mesh Raycast HIT at T=0.24 | Z=80.00
t=3519115 SteerR changed to 1.00
t=3519225 SteerR changed to 0.00
[Step 342200] Mesh Raycast HIT at T=0.24 | Z=80.00
t=3519835 SteerL changed to -1.00
t=3519995 SteerL changed to 0.00
t=3520095 SteerL changed to -1.00
t=3520245 SteerL changed to 0.00
t=3520325 SteerL changed to -1.00
[Step 342300] Mesh Raycast HIT at T=0.24 | Z=80.00
t=3521015 SteerL changed to 0.00
t=3521195 SteerR changed to 1.00
[Step 342400] Mesh Raycast HIT at T=0.24 | Z=80.00
[Step 342500] Mesh Raycast HIT at T=0.24 | Z=80.00
T: 3425.00s | Pos: (483, 1.21, -90667) | Spd: 104 km/h | Yaw: 1.57 | Steer: 1.00
t=3522975 Gas changed to 0.00
t=3523135 Gas changed to 1.00
t=3523305 Gas changed to 0.00
t=3523605 Gas changed to 1.00
[Step 342600] Mesh Raycast HIT at T=0.24 | Z=80.00
t=3524435 SteerR changed to 0.00
[Step 342700] Mesh Raycast HIT at T=0.24 | Z=80.00
t=3525395 SteerL changed to -1.00
[Step 342800] Mesh Raycast HIT at T=0.24 | Z=80.00
t=3526095 SteerL changed to 0.00
t=3526395 SteerR changed to 1.00
t=3526585 SteerR changed to 0.00
t=3526695 SteerR changed to 1.00
[Step 342900] Mesh Raycast HIT at T=0.24 | Z=80.00
t=3526875 SteerR changed to 0.00
t=3526975 SteerR changed to 1.00
t=3527255 SteerR changed to 0.00
[Step 343000] Mesh Raycast HIT at T=0.24 | Z=80.00
T: 3430.00s | Pos: (483, 1.21, -90804) | Spd: 103 km/h | Yaw: 1.57 | Steer: 0.00
[Step 343100] Mesh Raycast HIT at T=0.24 | Z=80.00
[Step 343200] Mesh Raycast HIT at T=0.24 | Z=80.00
t=3530605 SteerL changed to -1.00
t=3530635 SteerL changed to 0.00
[Step 343300] Mesh Raycast HIT at T=0.24 | Z=80.00
t=3531015 SteerR changed to 1.00
t=3531495 SteerR changed to 0.00
t=3531605 SteerR changed to 1.00
[Step 343400] Mesh Raycast HIT at T=0.24 | Z=80.00
t=3531905 Gas changed to 0.00
t=3532075 Gas changed to 1.00
[Step 343500] Mesh Raycast HIT at T=0.24 | Z=80.00
T: 3435.00s | Pos: (483, 1.21, -90950) | Spd: 102 km/h | Yaw: 1.57 | Steer: 1.00
t=3533075 SteerR changed to 0.00
[Step 343600] Mesh Raycast HIT at T=0.24 | Z=80.00
[Step 343700] Mesh Raycast HIT at T=0.24 | Z=80.00
[Step 343800] Mesh Raycast HIT at T=0.24 | Z=80.00
t=3536095 SteerR changed to 1.00
t=3536425 SteerR changed to 0.00
[Step 343900] Mesh Raycast HIT at T=0.24 | Z=80.00
t=3536925 SteerL changed to -1.00
t=3537195 SteerL changed to 0.00
[Step 344000] Mesh Raycast HIT at T=0.24 | Z=80.00
T: 3440.00s | Pos: (483, 1.21, -91096) | Spd: 106 km/h | Yaw: 1.57 | Steer: 0.00
t=3538635 SteerR changed to 1.00
[Step 344100] Mesh Raycast HIT at T=0.24 | Z=80.00
t=3538725 SteerR changed to 0.00
[Step 344200] Mesh Raycast HIT at T=0.24 | Z=80.00
t=3539715 Gas changed to 0.00
t=3539795 SteerR changed to 1.00
t=3540045 Gas changed to 1.00
[Step 344300] Mesh Raycast HIT at T=0.24 | Z=80.00
t=3540975 Gas changed to 0.00
t=3541095 Gas changed to 1.00
t=3541495 SteerR changed to 0.00
[Step 344400] Mesh Raycast HIT at T=0.24 | Z=80.00
t=3542065 SteerR changed to 1.00
t=3542155 SteerR changed to 0.00
[Step 344500] Mesh Raycast HIT at T=0.24 | Z=80.00
T: 3445.00s | Pos: (483, 1.21, -91238) | Spd: 100 km/h | Yaw: 1.57 | Steer: 0.00
[Step 344600] Mesh Raycast HIT at T=0.24 | Z=80.00
[Step 344700] Mesh Raycast HIT at T=0.24 | Z=80.00
[Step 344800] Mesh Raycast HIT at T=0.24 | Z=80.00
t=3545945 SteerL changed to -1.00
t=3546085 SteerL changed to 0.00
[Step 344900] Mesh Raycast HIT at T=0.24 | Z=80.00
[Step 345000] Mesh Raycast HIT at T=0.24 | Z=80.00
T: 3450.00s | Pos: (483, 1.21, -91383) | Spd: 106 km/h | Yaw: 1.57 | Steer: 0.00
[Step 345100] Mesh Raycast HIT at T=0.24 | Z=80.00
[Step 345200] Mesh Raycast HIT at T=0.24 | Z=80.00
t=3549715 SteerR changed to 1.00
t=3549795 SteerR changed to 0.00
[Step 345300] Mesh Raycast HIT at T=0.24 | Z=80.00
t=3550935 SteerR changed to 1.00
[Step 345400] Mesh Raycast HIT at T=0.24 | Z=80.00
t=3552685 SteerR changed to 0.00
[Step 345500] Mesh Raycast HIT at T=0.24 | Z=80.00
T: 3455.00s | Pos: (483, 1.21, -91531) | Spd: 107 km/h | Yaw: 1.57 | Steer: 0.00
t=3553555 SteerR changed to 1.00
[Step 345600] Mesh Raycast HIT at T=0.24 | Z=80.00
t=3554035 SteerR changed to 0.00
t=3554145 SteerR changed to 1.00
t=3554615 Gas changed to 0.00
[Step 345700] Mesh Raycast HIT at T=0.24 | Z=80.00
t=3554855 Gas changed to 1.00
[Step 345800] Mesh Raycast HIT at T=0.24 | Z=80.00
t=3555805 SteerR changed to 0.00
[Step 345900] Mesh Raycast HIT at T=0.24 | Z=80.00
t=3557565 SteerR changed to 1.00
[Step 346000] Mesh Raycast HIT at T=0.24 | Z=80.00
T: 3460.00s | Pos: (483, 1.21, -91676) | Spd: 104 km/h | Yaw: 1.57 | Steer: 1.00
t=3557895 Gas changed to 0.00
t=3558265 Gas changed to 1.00
[Step 346100] Mesh Raycast HIT at T=0.24 | Z=80.00
t=3558955 SteerR changed to 0.00
[Step 346200] Mesh Raycast HIT at T=0.24 | Z=80.00
t=3560275 Gas changed to 0.00
t=3560445 SteerR changed to 1.00
[Step 346300] Mesh Raycast HIT at T=0.24 | Z=80.00
t=3560855 SteerR changed to 0.00
t=3560905 SteerR changed to 1.00
t=3561215 SteerR changed to 0.00
t=3561245 SteerR changed to 1.00
[Step 346400] Mesh Raycast HIT at T=0.24 | Z=80.00
t=3562325 Gas changed to 1.00
[Step 346500] Mesh Raycast HIT at T=0.24 | Z=80.00
T: 3465.00s | Pos: (483, 1.21, -91793) | Spd: 57 km/h | Yaw: 1.57 | Steer: 1.00
t=3562895 SteerR changed to 0.00
[Step 346600] Mesh Raycast HIT at T=0.24 | Z=80.00
[Step 346700] Mesh Raycast HIT at T=0.24 | Z=80.00
t=3565485 SteerR changed to 1.00
t=3565645 SteerR changed to 0.00
[Step 346800] Mesh Raycast HIT at T=0.24 | Z=80.00
t=3565775 SteerR changed to 1.00
[Step 346900] Mesh Raycast HIT at T=0.24 | Z=80.00
t=3566815 SteerR changed to 0.00
t=3567295 SteerL changed to -1.00
t=3567425 SteerL changed to 0.00
[Step 347000] Mesh Raycast HIT at T=0.24 | Z=80.00
T: 3470.00s | Pos: (483, 1.21, -91909) | Spd: 98 km/h | Yaw: 1.57 | Steer: 0.00
t=3567815 SteerR changed to 1.00
t=3567845 Gas changed to 0.00
t=3568295 Gas changed to 1.00
t=3568685 SteerR changed to 0.00
[Step 347100] Mesh Raycast HIT at T=0.24 | Z=80.00
t=3568715 Gas changed to 0.00
t=3568785 Gas changed to 1.00
t=3568815 SteerL changed to -1.00
t=3568845 Gas changed to 0.00
t=3569495 Gas changed to 1.00
[Step 347200] Mesh Raycast HIT at T=0.24 | Z=80.00
t=3570265 Gas changed to 0.00
t=3570485 Gas changed to 1.00
[Step 347300] Mesh Raycast HIT at T=0.24 | Z=80.00
[Step 347400] Mesh Raycast HIT at T=0.24 | Z=80.00
t=3571835 SteerL changed to 0.00
t=3571995 SteerR changed to 1.00
t=3572585 SteerR changed to 0.00
[Step 347500] Mesh Raycast HIT at T=0.24 | Z=80.00
T: 3475.00s | Pos: (483, 1.21, -92023) | Spd: 91 km/h | Yaw: 1.57 | Steer: 0.00
t=3572825 SteerR changed to 1.00
t=3572885 SteerR changed to 0.00
t=3573255 SteerL changed to -1.00
t=3573645 SteerL changed to 0.00
t=3573665 Gas changed to 0.00
[Step 347600] Mesh Raycast HIT at T=0.24 | Z=80.00
t=3573915 SteerR changed to 1.00
t=3574695 Gas changed to 1.00
[Step 347700] Mesh Raycast HIT at T=0.24 | Z=80.00
[Step 347800] Mesh Raycast HIT at T=0.24 | Z=80.00
t=3576415 SteerR changed to 0.00
[Step 347900] Mesh Raycast HIT at T=0.24 | Z=80.00
t=3576735 SteerL changed to -1.00
t=3576955 SteerL changed to 0.00
t=3577065 SteerL changed to -1.00
t=3577205 SteerL changed to 0.00
t=3577475 SteerR changed to 1.00
t=3577565 SteerR changed to 0.00
[Step 348000] Mesh Raycast HIT at T=0.24 | Z=80.00
T: 3480.00s | Pos: (483, 1.21, -92140) | Spd: 93 km/h | Yaw: 1.57 | Steer: 0.00
t=3577875 SteerL changed to -1.00
t=3578065 SteerL changed to 0.00
t=3578645 SteerL changed to -1.00
[Step 348100] Mesh Raycast HIT at T=0.24 | Z=80.00
t=3578815 SteerL changed to 0.00
t=3578895 SteerL changed to -1.00
t=3579065 SteerL changed to 0.00
t=3579155 SteerL changed to -1.00
[Step 348200] Mesh Raycast HIT at T=0.24 | Z=80.00
t=3579965 SteerL changed to 0.00
t=3579995 SteerR changed to 1.00
t=3580425 Gas changed to 0.00
[Step 348300] Mesh Raycast HIT at T=0.24 | Z=80.00
t=3580805 Gas changed to 1.00
[Step 348400] Mesh Raycast HIT at T=0.24 | Z=80.00
[Step 348500] Mesh Raycast HIT at T=0.24 | Z=80.00
T: 3485.00s | Pos: (483, 1.21, -92275) | Spd: 98 km/h | Yaw: 1.57 | Steer: 1.00
t=3583425 SteerR changed to 0.00
[Step 348600] Mesh Raycast HIT at T=0.24 | Z=80.00
t=3583865 SteerL changed to -1.00
t=3584005 SteerL changed to 0.00
t=3584135 SteerL changed to -1.00
t=3584285 SteerL changed to 0.00
t=3584365 SteerL changed to -1.00
[Step 348700] Mesh Raycast HIT at T=0.24 | Z=80.00
t=3584875 SteerL changed to 0.00
t=3585135 SteerR changed to 1.00
[Step 348800] Mesh Raycast HIT at T=0.24 | Z=80.00
t=3585785 SteerR changed to 0.00
[Step 348900] Mesh Raycast HIT at T=0.24 | Z=80.00
[Step 349000] Mesh Raycast HIT at T=0.24 | Z=80.00
T: 3490.00s | Pos: (483, 1.21, -92418) | Spd: 106 km/h | Yaw: 1.57 | Steer: 0.00
[Step 349100] Mesh Raycast HIT at T=0.24 | Z=80.00
t=3589435 SteerR changed to 1.00
t=3589635 SteerR changed to 0.00
[Step 349200] Mesh Raycast HIT at T=0.24 | Z=80.00
t=3589765 SteerR changed to 1.00
t=3590045 Gas changed to 0.00
t=3590305 Gas changed to 1.00
[Step 349300] Mesh Raycast HIT at T=0.24 | Z=80.00
t=3591545 SteerR changed to 0.00
[Step 349400] Mesh Raycast HIT at T=0.24 | Z=80.00
[Step 349500] Mesh Raycast HIT at T=0.24 | Z=80.00
T: 3495.00s | Pos: (483, 1.21, -92563) | Spd: 103 km/h | Yaw: 1.57 | Steer: 0.00
[Step 349600] Mesh Raycast HIT at T=0.24 | Z=80.00
t=3594105 SteerL changed to -1.00
t=3594165 SteerL changed to 0.00
[Step 349700] Mesh Raycast HIT at T=0.24 | Z=80.00
t=3594875 SteerR changed to 1.00
t=3595315 SteerR changed to 0.00
t=3595555 SteerL changed to -1.00
[Step 349800] Mesh Raycast HIT at T=0.24 | Z=80.00
t=3595945 SteerL changed to 0.00
t=3596685 SteerR changed to 1.00
[Step 349900] Mesh Raycast HIT at T=0.24 | Z=80.00
t=3597175 Gas changed to 0.00
[Step 350000] Mesh Raycast HIT at T=0.24 | Z=80.00
T: 3500.00s | Pos: (483, 1.21, -92709) | Spd: 89 km/h | Yaw: 1.57 | Steer: 1.00
t=3597775 Gas changed to 1.00
[Step 350100] Mesh Raycast HIT at T=0.24 | Z=80.00
[Step 350200] Mesh Raycast HIT at T=0.24 | Z=80.00
t=3599875 SteerR changed to 0.00
t=3600105 SteerR changed to 1.00
t=3600295 SteerR changed to 0.00
t=3600355 SteerR changed to 1.00
[Step 350300] Mesh Raycast HIT at T=0.24 | Z=80.00
t=3600795 SteerR changed to 0.00
[Step 350400] Mesh Raycast HIT at T=0.24 | Z=80.00
[Step 350500] Mesh Raycast HIT at T=0.24 | Z=80.00
T: 3505.00s | Pos: (483, 1.21, -92845) | Spd: 104 km/h | Yaw: 1.57 | Steer: 0.00
[Step 350600] Mesh Raycast HIT at T=0.24 | Z=80.00
[Step 350700] Mesh Raycast HIT at T=0.24 | Z=80.00
t=3605145 SteerL changed to -1.00
t=3605225 SteerL changed to 0.00
[Step 350800] Mesh Raycast HIT at T=0.24 | Z=80.00
[Step 350900] Mesh Raycast HIT at T=0.24 | Z=80.00
[Step 351000] Mesh Raycast HIT at T=0.24 | Z=80.00
T: 3510.00s | Pos: (483, 1.21, -92992) | Spd: 107 km/h | Yaw: 1.57 | Steer: 0.00
[Step 351100] Mesh Raycast HIT at T=0.24 | Z=80.00
[Step 351200] Mesh Raycast HIT at T=0.24 | Z=80.00
[Step 351300] Mesh Raycast HIT at T=0.24 | Z=80.00
[Step 351400] Mesh Raycast HIT at T=0.24 | Z=80.00
[Step 351500] Mesh Raycast HIT at T=0.24 | Z=80.00
T: 3515.00s | Pos: (483, 1.21, -93141) | Spd: 107 km/h | Yaw: 1.57 | Steer: 0.00
[Step 351600] Mesh Raycast HIT at T=0.24 | Z=80.00
[Step 351700] Mesh Raycast HIT at T=0.24 | Z=80.00
[Step 351800] Mesh Raycast HIT at T=0.24 | Z=80.00
[Step 351900] Mesh Raycast HIT at T=0.24 | Z=80.00
[Step 352000] Mesh Raycast HIT at T=0.24 | Z=80.00
T: 3520.00s | Pos: (483, 1.21, -93289) | Spd: 107 km/h | Yaw: 1.57 | Steer: 0.00
[Step 352100] Mesh Raycast HIT at T=0.24 | Z=80.00
[Step 352200] Mesh Raycast HIT at T=0.24 | Z=80.00
[Step 352300] Mesh Raycast HIT at T=0.24 | Z=80.00
[Step 352400] Mesh Raycast HIT at T=0.24 | Z=80.00
[Step 352500] Mesh Raycast HIT at T=0.24 | Z=80.00
T: 3525.00s | Pos: (483, 1.21, -93437) | Spd: 107 km/h | Yaw: 1.57 | Steer: 0.00
[Step 352600] Mesh Raycast HIT at T=0.24 | Z=80.00
[Step 352700] Mesh Raycast HIT at T=0.24 | Z=80.00
[Step 352800] Mesh Raycast HIT at T=0.24 | Z=80.00
[Step 352900] Mesh Raycast HIT at T=0.24 | Z=80.00
[Step 353000] Mesh Raycast HIT at T=0.24 | Z=80.00
T: 3530.00s | Pos: (483, 1.21, -93586) | Spd: 107 km/h | Yaw: 1.57 | Steer: 0.00
[Step 353100] Mesh Raycast HIT at T=0.24 | Z=80.00
[Step 353200] Mesh Raycast HIT at T=0.24 | Z=80.00
[Step 353300] Mesh Raycast HIT at T=0.24 | Z=80.00
[Step 353400] Mesh Raycast HIT at T=0.24 | Z=80.00
[Step 353500] Mesh Raycast HIT at T=0.24 | Z=80.00
T: 3535.00s | Pos: (483, 1.20, -93734) | Spd: 107 km/h | Yaw: 1.57 | Steer: 0.00
[Step 353600] Mesh Raycast HIT at T=0.24 | Z=80.00
[Step 353700] Mesh Raycast HIT at T=0.24 | Z=80.00
[Step 353800] Mesh Raycast HIT at T=0.24 | Z=80.00
[Step 353900] Mesh Raycast HIT at T=0.24 | Z=80.00
[Step 354000] Mesh Raycast HIT at T=0.24 | Z=80.00
T: 3540.00s | Pos: (483, 1.20, -93883) | Spd: 107 km/h | Yaw: 1.57 | Steer: 0.00
[Step 354100] Mesh Raycast HIT at T=0.24 | Z=80.00
[Step 354200] Mesh Raycast HIT at T=0.24 | Z=80.00
[Step 354300] Mesh Raycast HIT at T=0.24 | Z=80.00
[Step 354400] Mesh Raycast HIT at T=0.24 | Z=80.00
[Step 354500] Mesh Raycast HIT at T=0.24 | Z=80.00
T: 3545.00s | Pos: (483, 1.20, -94031) | Spd: 107 km/h | Yaw: 1.57 | Steer: 0.00
[Step 354600] Mesh Raycast HIT at T=0.24 | Z=80.00
[Step 354700] Mesh Raycast HIT at T=0.24 | Z=80.00
[Step 354800] Mesh Raycast HIT at T=0.24 | Z=80.00
[Step 354900] Mesh Raycast HIT at T=0.24 | Z=80.00
[Step 355000] Mesh Raycast HIT at T=0.24 | Z=80.00
T: 3550.00s | Pos: (483, 1.20, -94180) | Spd: 107 km/h | Yaw: 1.57 | Steer: 0.00
[Step 355100] Mesh Raycast HIT at T=0.24 | Z=80.00
[Step 355200] Mesh Raycast HIT at T=0.24 | Z=80.00
[Step 355300] Mesh Raycast HIT at T=0.24 | Z=80.00
[Step 355400] Mesh Raycast HIT at T=0.24 | Z=80.00
[Step 355500] Mesh Raycast HIT at T=0.24 | Z=80.00
T: 3555.00s | Pos: (483, 1.20, -94328) | Spd: 107 km/h | Yaw: 1.57 | Steer: 0.00
[Step 355600] Mesh Raycast HIT at T=0.24 | Z=80.00
[Step 355700] Mesh Raycast HIT at T=0.24 | Z=80.00
[Step 355800] Mesh Raycast HIT at T=0.24 | Z=80.00
[Step 355900] Mesh Raycast HIT at T=0.24 | Z=80.00
[Step 356000] Mesh Raycast HIT at T=0.24 | Z=80.00
T: 3560.00s | Pos: (483, 1.20, -94476) | Spd: 107 km/h | Yaw: 1.57 | Steer: 0.00
[Step 356100] Mesh Raycast HIT at T=0.24 | Z=80.00
[Step 356200] Mesh Raycast HIT at T=0.24 | Z=80.00
[Step 356300] Mesh Raycast HIT at T=0.24 | Z=80.00
[Step 356400] Mesh Raycast HIT at T=0.24 | Z=80.00
[Step 356500] Mesh Raycast HIT at T=0.24 | Z=80.00
T: 3565.00s | Pos: (483, 1.20, -94625) | Spd: 107 km/h | Yaw: 1.57 | Steer: 0.00
[Step 356600] Mesh Raycast HIT at T=0.24 | Z=80.00
[Step 356700] Mesh Raycast HIT at T=0.24 | Z=80.00
[Step 356800] Mesh Raycast HIT at T=0.24 | Z=80.00
[Step 356900] Mesh Raycast HIT at T=0.24 | Z=80.00
[Step 357000] Mesh Raycast HIT at T=0.24 | Z=80.00
T: 3570.00s | Pos: (483, 1.20, -94773) | Spd: 107 km/h | Yaw: 1.57 | Steer: 0.00
[Step 357100] Mesh Raycast HIT at T=0.24 | Z=80.00
[Step 357200] Mesh Raycast HIT at T=0.24 | Z=80.00
[Step 357300] Mesh Raycast HIT at T=0.24 | Z=80.00
[Step 357400] Mesh Raycast HIT at T=0.24 | Z=80.00
[Step 357500] Mesh Raycast HIT at T=0.24 | Z=80.00
T: 3575.00s | Pos: (483, 1.20, -94922) | Spd: 107 km/h | Yaw: 1.57 | Steer: 0.00
[Step 357600] Mesh Raycast HIT at T=0.24 | Z=80.00
[Step 357700] Mesh Raycast HIT at T=0.24 | Z=80.00
[Step 357800] Mesh Raycast HIT at T=0.24 | Z=80.00
[Step 357900] Mesh Raycast HIT at T=0.24 | Z=80.00
[Step 358000] Mesh Raycast HIT at T=0.24 | Z=80.00
T: 3580.00s | Pos: (483, 1.20, -95070) | Spd: 107 km/h | Yaw: 1.57 | Steer: 0.00
[Step 358100] Mesh Raycast HIT at T=0.24 | Z=80.00
[Step 358200] Mesh Raycast HIT at T=0.24 | Z=80.00
[Step 358300] Mesh Raycast HIT at T=0.24 | Z=80.00
[Step 358400] Mesh Raycast HIT at T=0.24 | Z=80.00
[Step 358500] Mesh Raycast HIT at T=0.24 | Z=80.00
T: 3585.00s | Pos: (483, 1.20, -95219) | Spd: 107 km/h | Yaw: 1.57 | Steer: 0.00
[Step 358600] Mesh Raycast HIT at T=0.24 | Z=80.00
[Step 358700] Mesh Raycast HIT at T=0.24 | Z=80.00
[Step 358800] Mesh Raycast HIT at T=0.24 | Z=80.00
[Step 358900] Mesh Raycast HIT at T=0.24 | Z=80.00
[Step 359000] Mesh Raycast HIT at T=0.24 | Z=80.00
T: 3590.00s | Pos: (483, 1.20, -95367) | Spd: 107 km/h | Yaw: 1.57 | Steer: 0.00
[Step 359100] Mesh Raycast HIT at T=0.24 | Z=80.00
[Step 359200] Mesh Raycast HIT at T=0.24 | Z=80.00
[Step 359300] Mesh Raycast HIT at T=0.24 | Z=80.00
[Step 359400] Mesh Raycast HIT at T=0.24 | Z=80.00
[Step 359500] Mesh Raycast HIT at T=0.24 | Z=80.00
T: 3595.00s | Pos: (483, 1.20, -95516) | Spd: 107 km/h | Yaw: 1.57 | Steer: 0.00
[Step 359600] Mesh Raycast HIT at T=0.24 | Z=80.00
[Step 359700] Mesh Raycast HIT at T=0.24 | Z=80.00
[Step 359800] Mesh Raycast HIT at T=0.24 | Z=80.00
[Step 359900] Mesh Raycast HIT at T=0.24 | Z=80.00
[Step 360000] Mesh Raycast HIT at T=0.24 | Z=80.00
T: 3600.00s | Pos: (483, 1.20, -95664) | Spd: 107 km/h | Yaw: 1.57 | Steer: 0.00
[Step 360100] Mesh Raycast HIT at T=0.24 | Z=80.00
[Step 360200] Mesh Raycast HIT at T=0.24 | Z=80.00
[Step 360300] Mesh Raycast HIT at T=0.24 | Z=80.00
[Step 360400] Mesh Raycast HIT at T=0.24 | Z=80.00
[Step 360500] Mesh Raycast HIT at T=0.24 | Z=80.00
T: 3605.00s | Pos: (483, 1.20, -95812) | Spd: 107 km/h | Yaw: 1.57 | Steer: 0.00
[Step 360600] Mesh Raycast HIT at T=0.24 | Z=80.00
[Step 360700] Mesh Raycast HIT at T=0.24 | Z=80.00
[Step 360800] Mesh Raycast HIT at T=0.24 | Z=80.00
[Step 360900] Mesh Raycast HIT at T=0.24 | Z=80.00
==================================================
Simulation Finished. Total Ground Hits: 180519
