v 126.13546752929688 2.134937286376953 99.1981201171875
v 126.13732147216797 2.0245938301086426 99.16313171386719
v 127.13581848144531 2.0119705200195312 99.20182800292969
v 127.13495635986328 2.1223487854003906 99.23686218261719
v 124.86811065673828 2.172700881958008 99.10806274414062
v 123.20277404785156 2.248227596282959 98.91949462890625
v 123.2075424194336 2.1381945610046387 98.88478088378906
v 124.87123107910156 2.0624608993530273 0.3870045244693756
v 128.00296020507812 2.011965274810791 0.38754868507385254
v 128.00296020507812 2.1223435401916504 0.38768553733825684
v 128.00296020507812 3.0561466217041016 0.3811127543449402
v 128.00296020507812 2.5814208984375 97.41938018798828
v 127.17982482910156 2.581423759460449 97.40929412841797
v 127.17625427246094 3.056151866912842 97.55473327636719
v 126.23217010498047 2.5958056449890137 97.37256622314453
v 126.22447204589844 3.0703911781311035 97.5178451538086
v 125.03054809570312 2.6389503479003906 97.28717041015625
v 0 0 0
v 0 0 0
v 0 0 0
v 0 0 0
v 0 0 0
v 0 0 0
v 0 0 0
v 0 0 0
v 33.58797073364258 22.9963436126709 55.23556900024414
v -2.9272698611748638e-06 89.42090606689453 111.85680389404297
v -2.9272698611748638e-06 70.98535919189453 61.700862884521484
v 99.17984771728516 17.40601348876953 60.645179748535156
v 66.68570709228516 13.907840728759766 58.90498733520508
v 117.4298324584961 29.277118682861328 76.10880279541016
v 126.42593383789062 25.833751678466797 127.5032958984375
v 125.44741821289062 24.64185905456543 126.2181396484375
v 57.49225997924805 10.245737075805664 70.12825775146484
v 111.53726196289062 13.79017162322998 57.699867248535156
v 124.46890258789062 23.57496452331543 87.446533203125
v 104.64468383789062 25.883081436157227 39.269187927246094
v 54.04597473144531 18.794212341308594 103.29422760009766
v 122.99038696289062 22.383071899414062 45.0953369140625
v 121.01187896728516 21.441177368164062 58.0338134765625
v 33.09871292114258 8.255009651184082 59.33949661254883
v 49.09578323364258 11.112674713134766 114.12821197509766
v -2.9272698611748638e-06 49.30713653564453 57.7569465637207
v -3917236666368.0 -8.181823482433393e+32 -666787774464.0
v 222.2077178955078 2.7971675395965576 -666787774464.0
v 206.73109436035156 5.139500617980957 42.54393768310547
v 56.68277359008789 7.107518196105957 88.58006286621094
v 60.55192947387695 3.6405510902404785 79.03121948242188
v 93.20539855957031 7.511204719543457 40.50877380371094
v 54.21794509887695 3.2173943519592285 45.09665298461914
v 95.22689819335938 2.9245476722717285 71.43350982666016
v 99.2698974609375 3.0120718479156494 50.69820022583008
v 57.21113204956055 3.9737420082092285 80.16791534423828
v 33.715999603271484 2.9175286293029785 99.21286010742188
v 62.50127029418945 3.382675886154175 67.70895385742188
v 44.57151794433594 6.20797872543335 54.08495330810547
v 113.19576263427734 6.67904806137085 56.58592987060547
v 107.05331420898438 3.415085554122925 87.49799346923828
v 56.174129486083984 2.536240339279175 47.201133728027344
v 44.01985549926758 4.623627662658691 61.195274353027344
v 115.15481567382812 5.37875509262085 116.49018096923828
v 38.24047088623047 3.8200225830078125 -2.0683816536503916e-29
v 0.4070146977901459 2.2929840087890625 -2.0683816536503916e-29
v 0.3752082586288452 4.64328145980835 38.01756286621094
v 48.13491439819336 2.5820794105529785 109.08787536621094
v 34.214012145996094 2.2552361488342285 54.22066116333008
v 42.67497634887695 5.395725727081299 87.19721221923828
v 114.29523468017578 4.033177375793457 -2.0683816536503916e-29
v 0.47822684049606323 6.448582649230957 90.04434967041016
v 38.15242385864258 27.6208553314209 76.50333404541016
v 72.88687896728516 12.802613258361816 65.34122467041016
v 106.55679321289062 22.526142120361328 99.14005279541016
v 86.05484771728516 13.854131698608398 104.49160766601562
v 72.88687896728516 20.674720764160156 2.2247053655977797e-38
v 62.48061752319336 20.674720764160156 1.4007684932456094e-38
v 62.48061752319336 20.674720764160156 2.2458344241025621e-38
v 62.73061752319336 15.294068336486816 43.06809997558594
v 62.23061752319336 20.707765579223633 63.906959533691406
v 110.35576629638672 24.2092342376709 46.58665466308594
v 57.17495346069336 15.41150188446045 120.40180969238281
v 32.02163314819336 11.323369979858398 37.04465866088867
v 50.95717239379883 15.528450965881348 53.47044372558594
v 91.84598541259766 17.152605056762695 70.25924682617188
v 42.50796127319336 9.313848495483398 68.76898956298828
v 37.276493072509766 20.674720764160156 2.6060914436989007e-39
v 39.7169075012207 20.674720764160156 1.3077131667744235e-38
v 39.7169075012207 22.591554641723633 124.27875518798828
v 37.276493072509766 22.091066360473633 59.11886978149414
v 105.3322525024414 14.23352336883545 101.31781768798828
v 61.7257080078125 11.10803508758545 79.32758331298828
v 118.0314712524414 15.454717636108398 53.758522033691406
v 40.46592330932617 21.951433181762695 56.548561096191406
v 107.54320526123047 8.786995887756348 113.40766143798828
v 75.148681640625 25.032482147216797 74.77876281738281
v 119.54325866699219 22.5847225189209 33.370826721191406
v 58.324363708496094 28.588136672973633 36.684303283691406
v 64.23075103759766 25.647228240966797 51.77708053588867
v 81.60379028320312 29.182878494262695 84.22993469238281
v 58.324363708496094 20.674720764160156 3.438444514627806e-39
v 74.00643157958984 6.00753927230835 121.67381286621094
v 120.05329895019531 5.50985860824585 115.91789245605469
v 50.53937911987305 3.9485936164855957 54.004859924316406
v 62.68193435668945 5.627105712890625 -2.0683816536503916e-29
v 0.42208319902420044 7.13546895980835 41.279029846191406
v 44.78822708129883 20.674720764160156 5.032557443748325e-39
v 40.3653678894043 20.674720764160156 1.476891369852973e-38
v 40.3653678894043 8.857789039611816 68.06782531738281
v 44.78822708129883 9.044800758361816 56.22433853149414
v 126.1272201538086 21.4641170501709 44.303443908691406
v 58.73646545410156 14.23108196258545 51.019264221191406
v 69.32252502441406 27.529552459716797 60.113014221191406
v 83.71118927001953 31.194108963012695 79.38227844238281
v 55.7725944519043 30.688737869262695 116.19477844238281
v 36.33216857910156 21.40119743347168 -568003526656.0
v 389.1413879394531 7.269439697265625 -0.00040961994091048837
v 6.0671001405126415e-28 7.269439697265625 -0.00019099187920801342
v 52.568519592285156 3.8062896728515625 -0.00019099187920801342
v 106.28534698486328 3.8062896728515625 -0.000294238212518394
v 66.03743743896484 4.672637939453125 -0.000294238212518394
v 34.093849182128906 4.672637939453125 -0.00025697032106108963
v 38.62028884887695 3.536668300628662 51.597618103027344
v 50.07245635986328 5.342745304107666 51.597618103027344
v 101.29322052001953 5.342745304107666 67.36322784423828
v 78.38888549804688 3.536668300628662 48.166526794433594
v 52.86629104614258 14.401739120483398 53.898948669433594
v 58.46003341674805 13.589483261108398 41.115745544433594
v 52.72272872924805 25.872806549072266 36.633323669433594
v 56.0032958984375 -1.125584756062344e+33 94.48735046386719
v 42.82820510864258 26.224384307861328 40.90676498413086
v 111.50211334228516 15.221084594726562 55.63918685913086
v 46.09675216674805 28.568145751953125 111.45219421386719
v 86.3438949584961 14.612680435180664 98.21195983886719
v 52.72272872924805 20.674720764160156 1.65757773656979e-38
v 56.0032958984375 -1.6773326199192742e+33 4.603796547425003e-39
v 62.80485153198242 -1.6773326199192742e+33 1.6791011204624334e-38
v 88.10379028320312 -1.6773326199192742e+33 8.529403874473796e-39
v 88.10379028320312 -1.0804049737598373e+33 105.5830307006836
v 63.05485153198242 -1.3088695160037902e+33 73.0068588256836
v 125.59207153320312 29.202404022216797 121.6513900756836
v 44.54899215698242 31.075450897216797 60.5835075378418
v 112.05886840820312 31.38991355895996 109.00100708007812
v 82.9924545288086 26.754182815551758 82.64553833007812
v 77.98664855957031 22.499298095703125 81.3115463256836
v 53.53043746948242 13.81849193572998 36.59567642211914
v 38.13195037841797 14.936763763427734 115.72064971923828
v 80.93367767333984 17.977529525756836 127.47848510742188
v 73.91805267333984 15.122309684753418 83.46481323242188
v 57.12609100341797 20.5156192779541 32.22065734863281
v 45.64855194091797 17.83348846435547 41.24211883544922
v 59.93175506591797 10.437495231628418 112.06237030029297
v 39.28813171386719 20.604969024658203 76.49209594726562
v 101.48055267333984 15.218989372253418 -0.00040961994091048837
v 9.077334421379724e-28 8.312251091003418 -0.00040961994091048837
v 7.020999760458029e-28 12.88525104522705 -0.00040961994091048837
v 6.957875480600793e-28 4.716302871704102 -0.00040961994091048837
v 5.97718232326909e-28 2.0625534057617188 41.0976448059082
v 78.73208618164062 4.6384172439575195 86.40814971923828
v 62.16991424560547 5.336175918579102 59.0331916809082
v 120.75193786621094 4.496454238891602 50.0654182434082
v 99.74201202392578 2.2915608882904053 63.773414611816406
v 49.16983413696289 5.2042155265808105 52.592750549316406
v 36.66975402832031 5.0410051345825195 49.77239990234375
v 39.7802734375 8.989733695983887 61.15327835083008
v 36.050777435302734 2.741574287414551 59.019493103027344
v 97.12873840332031 4.6953043937683105 64.4002685546875
v 94.70882415771484 5.020377159118652 93.25574493408203
v 46.898277282714844 2.7730047702789307 56.885704040527344
v 61.32893753051758 7.9074602127075195 43.73432159423828
v 45.73503112792969 3.2829511165618896 122.11122131347656
v 92.38233184814453 6.07151985168457 54.50191879272461
v 41.593505859375 3.575493812561035 52.61812973022461
v 108.71419525146484 6.394393444061279 124.46089172363281
v 85.83723449707031 4.777083873748779 41.662086486816406
v 111.33739471435547 4.8777947425842285 32.1298713684082
v 60.611080169677734 2.3625423908233643 110.3222427368164
v 49.856117248535156 4.842879772186279 44.00443649291992
v 72.88687896728516 20.674720764160156 1.4736203188476995e-38
v 67.00798034667969 20.674720764160156 1.6208799718666659e-38
v 67.00798034667969 14.930299758911133 45.26322555541992
v 72.88687896728516 30.733646392822266 96.81355285644531
v 63.98347854614258 21.027111053466797 39.54545211791992
v 59.67195510864258 10.699346542358398 82.46394348144531
v 58.67195510864258 17.680438995361328 78.27840423583984
v 49.04890823364258 10.999892234802246 109.05184936523438
v 44.97761535644531 29.365018844604492 82.23934173583984
v 33.10750198364258 31.049091339111328 42.1899528503418
v 57.10173034667969 26.072521209716797 75.9619369506836
v 119.94561004638672 18.196544647216797 81.8935775756836
v 62.23061752319336 19.3811092376709 42.1557731628418
v 76.21713256835938 20.7565975189209 69.53811645507812
v 101.16049194335938 8.37855052947998 119.37014770507812
v 74.07650756835938 27.741485595703125 33.97706604003906
v 39.90737533569336 9.307022094726562 111.12014770507812
v 53.45132064819336 12.00257396697998 35.6879997253418
v 61.98061752319336 20.674720764160156 1.3277946145472767e-38
v 76.21713256835938 20.674720764160156 2.2547242615602388e-38
v 72.217529296875 -8.17506355610637e+32 110.19441223144531
v -3917236666368.0 -8.005908334288318e+32 34.11283493041992
v 51.42585754394531 31.001251220703125 117.40925598144531
v 41.04793167114258 8.403451919555664 101.67683410644531
v -2.9272698611748638e-06 82.69888305664062 1.917638973240129e-38
v 113.22460174560547 7.088129043579102 33.5331916809082
v 78.63866424560547 6.404657363891602 36.52044677734375
v 87.25 10.431139945983887 32.90230178833008
v 91.48436737060547 3.445675849914551 -0.00040961994091048837
v 9.357615006186399e-28 6.655755996704102 -0.00040961994091048837
v 5.976006543038042e-28 30.78124237060547 -0.00040961994091048837
v 6.718889722696697e-28 19.566394805908203 43.74900817871094
v 54.73252868652344 10.406000137329102 56.23826599121094
v 47.8468017578125 13.888423919677734 91.25971221923828
v 54.24327087402344 21.794910430908203 58.60739517211914
v 100.207275390625 14.629878997802734 110.05655670166016
v 52.7755012512207 16.755847930908203 107.16197967529297
v 49.8399543762207 23.04881477355957 115.54479217529297
v 77.840087890625 31.011709213256836 94.48037719726562
v 57.1260986328125 10.172602653503418 -0.00040961994091048837
v 7.198118870758573e-28 17.69236946105957 -0.00040961994091048837
v 5.44487358297493e-28 10.023674964904785 59.5058479309082
v 44.38873291015625 24.04246711730957 58.5048713684082
v 58.52937316894531 10.718987464904785 53.89548110961914
v 64.3028564453125 19.27586555480957 41.64352798461914
v 57.79206848144531 31.29588508605957 39.30464553833008
v 60.19049072265625 11.368644714355469 35.371028900146484
v 51.768619537353516 31.405746459960938 58.615169525146484
v 50.40632629394531 8.400627136230469 59.55073928833008
v 55.33015441894531 15.566155433654785 84.26166534423828
v 55.80186080932617 24.536121368408203 79.99801635742188
v 47.29111862182617 11.526605606079102 61.03023147583008
v 99.16817474365234 21.24705696105957 49.583919525146484
v 73.79903411865234 30.41502571105957 -0.00040961994091048837
v 5.811206162144284e-28 21.55727195739746 2.1834864965445485e+19
v 114.20346069335938 10.912237167358398 63.5932731628418
v 76.21713256835938 11.37878704071045 107.74710083007812
v 73.58627319335938 17.120880126953125 39.2075309753418
v 101.16439819335938 21.88454246520996 112.6670150756836
v 76.21713256835938 20.674720764160156 1.9722482750440992e-38
v 5.153615678967734e-28 10.569818496704102 1.9722482750440992e-38
v 7.541397587011126e-28 11.675042152404785 100.0058364868164
v 60.999107360839844 26.47020149230957 101.5019302368164
v 42.08115005493164 23.384754180908203 79.77924346923828
v 117.02165985107422 18.07859992980957 53.88571548461914
v 126.18378448486328 14.121575355529785 65.08975982666016
v 51.54793930053711 28.41453742980957 53.606380462646484
v 37.37118148803711 9.354240417480469 52.595638275146484
v 60.19638442993164 12.186271667480469 52.28804397583008
v 62.12704849243164 16.07908821105957 114.81156921386719
v 47.92294692993164 20.674720764160156 2.1087554846866084e-38
v 39.7169075012207 20.674720764160156 6.030120801024197e-39
v 39.7169075012207 17.622318267822266 6.030120801024197e-39
v 47.67294692993164 17.622318267822266 9.440231060703355e-39
v 103.4064712524414 20.552501678466797 9.440231060703355e-39
v 119.31855010986328 20.552501678466797 1.8652121937943446e-38
v 111.3283462524414 27.847919464111328 33.43899154663086
v 32.3370246887207 29.814727783203125 33.43899154663086
v 40.29306411743164 29.814727783203125 101.55181121826172
v 127.24042510986328 27.847919464111328 72.30219268798828
v 104.65641021728516 20.2160701751709 62.66867446899414
v 78.8438949584961 21.8405818939209 70.42719268798828
v 66.0411605834961 29.531993865966797 86.89203643798828
v 40.92781066894531 16.532970428466797 94.26313018798828
v 56.0032958984375 -2.3195828757132505e+33 51.12668228149414
v 56.0032958984375 -1.6773326199192742e+33 5.563122673504844e-39
v 52.72272872924805 20.674720764160156 1.5666820912918213e-38
v 52.72272872924805 15.233033180236816 127.11470031738281
v 52.467838287353516 23.323015213012695 46.040748596191406
v 100.2501449584961 10.724740028381348 47.8141975402832
v 99.4885482788086 9.90857219696045 111.48190307617188
v 42.248207092285156 8.97204875946045 99.5678482055664
v 44.077308654785156 30.995370864868164 124.2123794555664
v 35.5723991394043 13.621220588684082 60.5456428527832
v 87.10379028320312 -2.3896601854571173e+33 50.5407600402832
v 87.10379028320312 -1.6773326199192742e+33 1.899801424698199e-38
v 62.80485153198242 -1.6773326199192742e+33 2.313240523612593e-38
v 62.80485153198242 -1.9435264023392948e+33 91.2475357055664
v 48.985504150390625 29.266862869262695 65.3920669555664
v 79.95337677001953 24.886980056762695 39.820987701416016
v 58.35553741455078 24.738554000854492 62.602256774902344
v 61.55182647705078 17.23415756225586 77.85881805419922
v 123.27745819091797 13.393939971923828 76.34120178222656
v 41.743221282958984 14.107319831848145 74.3235855102539
v 53.59674072265625 14.820700645446777 97.57748413085938
v 54.90924835205078 8.059219360351562 120.06393432617188
v 47.23244094848633 25.38751220703125 120.81195831298828
v 98.78719329833984 24.144824981689453 121.36074829101562
v 95.66610717773438 12.061427116394043 75.70061492919922
v 53.05569076538086 11.896150588989258 47.91864776611328
v 58.628936767578125 22.19660186767578 121.40953826904297
v 92.0450210571289 23.97539710998535 71.10871124267578
v 74.05086517333984 19.005693435668945 115.9720230102539
v 63.95218276977539 10.300695419311523 122.45832824707031
v 88.9239273071289 11.914214134216309 122.00712585449219
v 86.30284118652344 23.555971145629883 70.7883529663086
v 91.10755157470703 16.61992073059082 72.30596923828125
v 67.4005126953125 15.596580505371094 34.976200103759766
v 47.76667404174805 15.438616752624512 57.75747299194336
v 51.46295928955078 11.811417579650879 36.16084671020508
v 120.42203521728516 13.99621868133545 99.41544342041016
v 43.83406448364258 25.201915740966797 39.64033889770508
v 67.00798034667969 26.353273391723633 56.13447952270508
v 67.00798034667969 20.674720764160156 1.7653476778253115e-38
v 87.15640258789062 15.008432388305664 84.75534057617188
v 43.80290222167969 11.47351360321045 111.34127807617188
v 122.76790618896484 12.875371932983398 83.21823120117188
v 76.21713256835938 19.332277297973633 60.10423278808594
v 76.71713256835938 20.674720764160156 1.0014279983106338e-38
v 64.59602355957031 24.149675369262695 110.37442779541016
v 72.67203521728516 28.8664608001709 63.98506546020508
v 42.20808410644531 13.037969589233398 45.66182327270508
v -2.9272698611748638e-06 82.69888305664062 2.219359271826534e-38
v -2.9272698611748638e-06 40.956546783447266 53.084678649902344
v 53.95124435424805 20.764911651611328 47.69503402709961
v 120.89855194091797 30.285438537597656 57.617881774902344
v 38.86432647705078 13.17884635925293 79.09323120117188
v 49.039085388183594 27.13409423828125 42.67160415649414
v 107.90438079833984 9.571191787719727 40.5300178527832
v 36.6280517578125 8.424211502075195 37.19408416748047
v 126.031494140625 30.41482925415039 85.7963638305664
v 124.7307357788086 26.552515029907227 34.97727584838867
v 39.4337272644043 9.047741889953613 126.44090270996094
v 101.93379974365234 14.700340270996094 37.550540924072266
v 115.2228775024414 104.3508071899414 42.18921661376953
v 84.32632446289062 17.37090301513672 95.24755859375
v 110.10958099365234 31.825483322143555 83.50338745117188
v 48.188560485839844 29.636999130249023 69.08151245117188
v 63.23740005493164 23.131628036499023 33.484107971191406
v 77.5353775024414 14.309948921203613 58.444068908691406
v 41.46493911743164 19.248804092407227 32.7009162902832
v 98.62318420410156 13.975486755371094 124.07763671875
v 126.01962280273438 10.387357711791992 59.075927734375
v 41.049861907958984 15.007963180541992 108.4760513305664
v 40.10652542114258 30.068649291992188 110.0248794555664
v 83.45140075683594 28.10037612915039 61.70969772338867
v 110.55885314941406 19.846948623657227 42.95482635498047
v 63.067481994628906 21.403610229492188 111.56787872314453
v 108.4630355834961 15.733304023742676 48.44017028808594
v 88.10385131835938 27.0700740814209 51.48313903808594
v 123.26399993896484 20.872812271118164 39.91673278808594
v 76.71713256835938 20.674720764160156 7.409881307952342e-39
v 76.21713256835938 8.665894508361816 66.1459732055664
v 65.58625793457031 9.385384559631348 93.70651245117188
v 48.55967712402344 22.37283706665039 83.35885620117188
v 55.7120246887207 25.98709487915039 90.24947357177734
v 70.51392364501953 10.427868843078613 56.04758834838867
v 43.846797943115234 10.994275093078613 54.04955291748047
v 35.17098617553711 22.682418823242188 89.26904296875
v 88.21106719970703 29.751766204833984 109.91162109375
v 38.73932647705078 13.242581367492676 45.12377166748047
v 80.12714385986328 16.293746948242188 59.11886978149414
v 121.24433135986328 14.23352336883545 79.32758331298828
v 35.222747802734375 15.454717636108398 39.09445571899414
v 47.67294692993164 20.674720764160156 1.3077131667744235e-38
v 47.67294692993164 22.591554641723633 53.758522033691406
v 48.67196273803711 21.951433181762695 63.50541305541992
v 87.4161605834961 9.428619384765625 46.738807678222656
v 49.30670928955078 29.98419189453125 71.91705322265625
v 39.22077178955078 15.380271911621094 41.226104736328125
v 54.62409973144531 29.133590698242188 101.05381774902344
v 115.5333480834961 21.291828155517578 41.04059600830078
v 36.81354522705078 11.684496879577637 118.54798889160156
v 33.91607666015625 28.747411727905273 125.02061462402344
v 77.23450469970703 29.294757843017578 -3925635497984.0
v 60.8682975769043 10.990387916564941 37.44582748413086
v 122.70344543457031 8.673005104064941 90.80179595947266
v 91.36360168457031 18.467086791992188 89.65921783447266
v 77.3811264038086 13.299705505371094 60.920448303222656
v 112.5686264038086 25.07600975036621 33.21440887451172
v 78.89088439941406 14.65715503692627 54.279842376708984
v 127.32257843017578 18.29868507385254 49.238807678222656
v 79.01985168457031 26.56331443786621 60.29542541503906
v 48.71491622924805 9.285039901733398 70.74905395507812
v 38.94147872924805 14.25110912322998 32.00245666503906
v 52.22272872924805 20.674720764160156 1.3228442474623564e-38
v 52.22272872924805 31.6301326751709 55.04054641723633
v 100.7872543334961 9.742324829101562 120.58309936523438
v 93.32241821289062 22.614042282104492 56.087467193603516
v 127.77749633789062 15.700087547302246 58.68804931640625
v 46.03328323364258 18.115495681762695 104.77059173583984
v 51.79207229614258 16.923603057861328 -3680689192960.0
v 38.85750198364258 13.011602401733398 54.61676025390625
v 107.20914459228516 15.869267463684082 56.17244338989258
v 72.20523834228516 21.328866958618164 32.99080276489258
v 40.02449417114258 19.182390213012695 104.26481628417969
v 49.61726379394531 12.15565299987793 59.14314651489258
v -2.9272698611748638e-06 108.30567932128906 119.6710205078125
v -2.9272698611748638e-06 89.87013244628906 60.52885055541992
v -2.9272698611748638e-06 71.93458557128906 59.52006149291992
v -2.9272698611748638e-06 82.69888305664062 2.156290331193435e-38
v -2.9272698611748638e-06 126.24122619628906 57.228126525878906
v 50.60066604614258 26.919198989868164 78.08516693115234
v 34.26570510864258 20.374282836914062 47.67832565307617
v 69.68960571289062 8.548718452453613 73.42100524902344
v 83.6524887084961 13.986479759216309 110.18663787841797
v 33.73053741455078 9.477202415466309 88.1670913696289
v 105.02163696289062 19.646772384643555 119.89559936523438
v 32.34382629394531 21.035444259643555 35.707584381103516
v 48.76862335205078 22.493972778320312 67.37418365478516
v 107.3790283203125 27.65658950805664 63.812095642089844
v 97.1192626953125 13.37614631652832 95.67298889160156
v 123.31067657470703 14.047523498535156 39.305206298828125
v 118.75228118896484 18.455385208129883 33.595245361328125
v 102.47489929199219 9.412507057189941 59.053245544433594
v 97.66631317138672 9.663475036621094 99.02445983886719
v 71.43587493896484 16.705856323242188 54.09525680541992
v 113.54134368896484 12.584391593933105 69.76476287841797
v 83.31672668457031 26.02427101135254 122.83898162841797
v 43.009910583496094 20.76548194885254 43.13431930541992
v 96.25419616699219 15.705729484558105 99.36827087402344
v 91.41615295410156 28.851377487182617 83.34286499023438
v 46.47272872924805 10.769186973571777 55.41267776489258
v 85.1563720703125 24.53744888305664 123.36243438720703
v 76.30677032470703 14.436927795410156 52.66066360473633
v 62.96987533569336 12.405157089233398 62.73878860473633
v 64.37529754638672 9.993051528930664 109.25296783447266
v 62.48061752319336 25.6257381439209 58.11769485473633
v 62.48061752319336 20.674720764160156 6.668305752840863e-39
v 70.74639129638672 10.417373657226562 33.658714294433594
v 38.013797760009766 26.678478240966797 67.97172546386719
v 40.7257080078125 17.599872589111328 61.865745544433594
v 37.276493072509766 20.674720764160156 1.9698542967476467e-38
v 37.276493072509766 18.247806549072266 125.29595184326172
v 46.3995361328125 18.317657470703125 47.17824172973633
v 49.813621520996094 13.217412948608398 53.756370544433594
v 112.06083679199219 16.985126495361328 100.78812408447266
v 58.324363708496094 13.75036907196045 54.13527297973633
v 58.324363708496094 20.674720764160156 1.25646866284299e-39
v 37.46596145629883 22.708282470703125 102.98931121826172
v 59.14274215698242 25.588685989379883 54.45167922973633
v 71.45540618896484 10.231101989746094 124.65148162841797
v 82.37922668457031 8.70647144317627 83.07332611083984
v 113.08821868896484 15.652262687683105 60.343284606933594
v 85.2053451538086 13.777715682983398 80.02836608886719
v 55.52650833129883 20.557384490966797 64.68461608886719
v 113.48269653320312 21.356220245361328 39.421409606933594
v 49.5665397644043 15.613901138305664 43.560081481933594
v 40.3653678894043 11.249391555786133 101.10063171386719
v 40.3653678894043 20.674720764160156 2.0193233555247807e-38
v 44.78822708129883 20.674720764160156 6.421496455617797e-39
v 44.78822708129883 11.062379837036133 94.51079559326172
v 118.84402465820312 21.202423095703125 117.66704559326172
v 64.98658752441406 20.697052001953125 60.78666305541992
v 105.57443237304688 9.801422119140625 60.78666305541992
v 121.98650360107422 9.801422119140625 86.51471710205078
v 32.663177490234375 13.377830505371094 86.51471710205078
v 113.41232299804688 13.377830505371094 115.11436462402344
v 40.84287643432617 9.643228530883789 41.31989288330078
v 41.134864807128906 8.618578910827637 41.31989288330078
v 49.090904235839844 8.618578910827637 115.11436462402344
v 48.79891586303711 9.643228530883789 34.73527526855469
v 60.60365295410156 3.591721296310425 113.97836303710938
v 79.2111587524414 2.512558698654175 66.02528381347656
v 45.23052978515625 3.906724214553833 123.51747131347656
v 54.73543930053711 2.220322847366333 43.61025619506836
v 33.625205993652344 7.033661842346191 34.215702056884766
v 107.19396209716797 2.1051480770111084 89.94507598876953
v 62.616485595703125 6.489470958709717 59.61611557006836
v 83.26988983154297 2.2502293586730957 40.98234939575195
v 100.29154205322266 3.0836029052734375 127.9236831665039
v 68.3327865600586 7.863372802734375 80.85145568847656
v 100.40885162353516 4.993744373321533 56.69037628173828
v 79.30901336669922 4.891083240509033 51.428619384765625
v 44.59799575805664 4.301604270935059 46.1063346862793
v 48.02973937988281 7.200651168823242 56.0750846862793
v 48.489776611328125 2.948225975036621 54.403228759765625
v 112.16692352294922 3.4206995964050293 52.96671676635742
v 73.10206604003906 3.885789632797241 35.17960739135742
v 121.05326080322266 6.069431304931641 86.07019805908203
v 52.620338439941406 4.829075336456299 91.12488555908203
v 42.58810043334961 6.812107086181641 45.764549255371094
v 84.20960998535156 2.574998140335083 85.581787109375
v 37.07950210571289 3.629929304122925 41.232295989990234
v 85.34066009521484 3.512741804122925 114.43143463134766
v 55.01594924926758 6.666110038757324 68.3631362915039
v 103.35433197021484 2.0635836124420166 34.67082595825195
v 105.41084289550781 7.382050037384033 42.14545440673828
v 117.1138687133789 3.3345189094543457 74.30653381347656
v 70.02415466308594 5.476410865783691 103.22637939453125
v 53.541500091552734 3.7242276668548584 79.5525131225586
v 48.43998718261719 3.70463490486145 61.0086784362793
v 37.30909729003906 6.6951584815979 32.099517822265625
v 54.05022430419922 3.0391690731048584 109.44710540771484
v 35.610591888427734 5.393283367156982 46.568302154541016
v 50.63594055175781 4.527561187744141 117.04667663574219
v 48.677059173583984 2.214036226272583 73.105224609375
v 85.32890319824219 2.987778425216675 96.3963394165039
v 114.48322296142578 5.650848388671875 44.41596221923828
v 82.10226440429688 3.0469212532043457 108.6052474975586
v 50.50248718261719 6.902189254760742 127.26934814453125
v 58.6352424621582 5.878631114959717 36.22648620605469
v 101.36186218261719 3.406174421310425 36.22648620605469
v 51.006065368652344 3.406174421310425 57.00287628173828
v 97.30109405517578 4.725801944732666 57.00287628173828
v 48.076393127441406 4.725801944732666 79.19707489013672
v 95.37371826171875 7.912446022033691 107.90210723876953
v 113.28601837158203 2.1226041316986084 107.90210723876953
v 57.2181396484375 2.1226041316986084 79.19707489013672
v 48.011993408203125 7.912446022033691 102.57786560058594
v 82.11937713623047 20.062484741210938 93.73606872558594
v 54.46879577636719 15.773428916931152 120.71855926513672
v 83.73251342773438 30.06688117980957 83.60332489013672
v 62.98741912841797 12.792718887329102 45.09846496582031
v 45.143672943115234 17.54001808166504 73.24372863769531
v 62.232540130615234 31.268037796020508 68.49372863769531
v 33.21294021606445 14.755599975585938 62.95002746582031
v 42.08696365356445 8.139148712158203 105.43732452392578
v 90.1756362915039 2.132502794265747 75.41973876953125
v 99.994140625 14.28782844543457 50.0965576171875
v 46.78028106689453 16.070770263671875 53.200077056884766
v 49.247982025146484 3.961420774459839 56.0536003112793
v 36.43442916870117 3.9139952659606934 35.728431701660156
v 109.35906982421875 5.385974884033203 76.00547790527344
v 61.20411682128906 26.211870193481445 49.06624984741211
v 45.6064567565918 8.474835395812988 97.54267120361328
v 34.31733322143555 2.1358585357666016 34.81231689453125
v 80.55657196044922 3.905755043029785 63.62091827392578
v 54.64735412597656 2.5037765502929688 48.727394104003906
v 83.83959197998047 2.153008222579956 57.489097595214844
v 101.26903533935547 3.7622580528259277 121.35903930664062
v 36.51642608642578 6.2659735679626465 96.86495971679688
v 49.27323913574219 2.1701579093933105 48.13854217529297
v 113.25140380859375 2.187307596206665 62.010643005371094
v 86.6126937866211 3.8035192489624023 59.15711975097656
v 112.23979949951172 3.850944757461548 66.99203491210938
v 40.863948822021484 7.628035545349121 50.48722457885742
v 127.04251098632812 3.253533124923706 114.183349609375
v 110.24415588378906 10.289291381835938 55.706939697265625
v 35.841800689697266 13.04173469543457 83.4917984008789
v 40.29298782348633 16.094194412231445 78.12078094482422
v 119.3926010131836 12.040997505187988 124.93333435058594
v 39.08702850341797 8.56053638458252 115.20091247558594
v 120.17798614501953 31.202619552612305 112.69316864013672
v 123.986572265625 18.59861946105957 39.18252182006836
v 45.4473762512207 30.512680053710938 119.15396881103516
v 32.49816131591797 9.11595344543457 78.30623626708984
v 113.83812713623047 31.09566879272461 53.719520568847656
v 71.63502502441406 8.645248413085938 64.85513305664062
v 125.89868927001953 26.433082580566406 112.08959197998047
v 63.56745147705078 17.606910705566406 86.06810760498047
v 126.89469146728516 15.00072193145752 60.48134994506836
v 41.53328323364258 29.766096115112305 83.47832489013672
v 59.398502349853516 13.185781478881836 113.35514068603516
v 43.51276779174805 9.548325538635254 121.55233764648438
v 43.47077560424805 27.215295791625977 47.00956726074219
v 75.18181610107422 12.804425239562988 60.91389846801758
v 102.27555847167969 29.865205764770508 105.44309997558594
v 82.29904174804688 24.36228370666504 85.37090301513672
v 116.51583862304688 14.002189636230469 43.58382034301758
v 83.1252212524414 12.11180305480957 50.16093063354492
v 100.9728775024414 24.08785629272461 82.03295135498047
v 96.30096435546875 20.15769386291504 97.48997497558594
v 63.712013244628906 17.57077980041504 44.95302963256836
v 91.62324523925781 19.836896896362305 46.96865463256836
v 91.98455047607422 12.649161338806152 45.89143753051758
v 90.66620635986328 14.88548469543457 93.46248626708984
v 40.028419494628906 18.51314926147461 40.19804000854492
v 43.07041931152344 23.54879379272461 33.11409378051758
v 118.26973724365234 12.65403938293457 37.19624710083008
v 36.07538986206055 4.699437141418457 109.03507232666016
v 115.47140502929688 2.086963415145874 46.216766357421875
v 63.55307388305664 2.046802282333374 43.83298110961914
v 97.16442108154297 3.6372551918029785 49.50779724121094
v 78.1722183227539 4.217991828918457 60.68845748901367
v 101.17253875732422 4.318702697753906 79.73824310302734
v 63.16845703125 4.450663089752197 48.100555419921875
v 39.387210845947266 4.818827152252197 80.17959594726562
v 56.0737419128418 3.8241472244262695 74.4511489868164
v 121.1904296875 4.984842777252197 59.75780487060547
v 71.36198425292969 2.535755157470703 50.79003143310547
v 46.17106628417969 5.126805782318115 -666787774464.0
v 164.68426513671875 3.7668941020965576 92.3866958618164
v 39.10115432739258 2.449148654937744 102.09957122802734
v 73.83707427978516 4.645123481750488 50.48434066772461
v 125.24333190917969 2.803335666656494 57.91205978393555
v 101.05780029296875 7.12266206741333 47.08201599121094
v 33.014930725097656 4.074190616607666 100.41400909423828
v 59.64286804199219 2.253098726272583 68.64842224121094
v 68.10993194580078 2.210191011428833 -666787774464.0
v 252.21986389160156 3.679246187210083 66.77336120605469
v 49.649723052978516 7.400728225708008 102.13668823242188
v 85.36564636230469 2.849473476409912 45.18552017211914
v 41.53830337524414 2.4716339111328125 -0.00040961994091048837
v 4.7624034552943e-28 3.913499355316162 51.31835174560547
v 42.73164749145508 2.131944179534912 120.70500183105469
v 40.7482795715332 4.962740421295166 50.33103942871094
v 57.02955627441406 3.694443941116333 44.20602798461914
v 40.156517028808594 7.445772647857666 38.07421112060547
v 62.5705680847168 7.891207218170166 -666787774464.0
v 232.2822723388672 3.430344820022583 37.134727478027344
v 75.31893157958984 5.590425491333008 52.57225036621094
v 125.03367614746094 5.003268241882324 77.15231323242188
v 48.07642364501953 6.493380069732666 52.69821548461914
v 82.38919067382812 2.384568452835083 40.69137954711914
v 95.25634765625 5.653902530670166 120.13865661621094
v 56.5637092590332 3.5028228759765625 -0.00040961994091048837
v 6.50825509802144e-28 6.412506103515625 -6.074294651625678e-05
v -32.120365142822266 6.965181827545166 118.14256286621094
v 39.620365142822266 3.888535737991333 34.123008728027344
v 60.18191909790039 3.534959077835083 33.112266540527344
v 50.60084915161133 4.517183780670166 75.28705596923828
v 44.628936767578125 24.04197883605957 81.28510284423828
v 35.50783920288086 21.30076789855957 73.09952545166016
v 100.08989715576172 10.131096839904785 42.55171585083008
v 54.667022705078125 12.251702308654785 79.0097427368164
v 41.366241455078125 29.80858039855957 -0.00040961994091048837
v 5.0633815277308175e-28 13.031731605529785 -0.00040961994091048837
v 5.111205257144869e-28 12.036126136779785 43.5048713684082
v 41.745140075683594 27.81736946105957 38.114192962646484
v 47.62112045288086 20.305648803710938 68.23229217529297
v 84.98638916015625 27.671859741210938 32.84958267211914
v 101.47683715820312 8.856197357177734 79.45303344726562
v 84.01395416259766 13.898677825927734 -0.00040961994091048837
v 7.981071022910205e-28 26.35887908935547 62.73435974121094
v 64.46511840820312 10.927242279052734 50.001888275146484
v 56.79408645629883 13.669428825378418 52.94626235961914
v 97.53516387939453 12.02342700958252 59.88960647583008
v 108.15821075439453 13.75462818145752 70.5585708618164
v 94.494140625 13.03148365020752 -0.00040961994091048837
v 1.1611292967754649e-27 14.28368091583252 102.5018310546875
v 32.203128814697266 14.277820587158203 42.85544204711914
v 124.12918853759766 27.03026580810547 122.47256469726562
v 74.17215728759766 15.432856559753418 53.23728942871094
v 98.61551666259766 27.04735565185547 -0.00040961994091048837
v 1.2194592629256406e-27 15.276119232177734 39.517513275146484
v 101.75614166259766 9.141352653503418 109.38861846923828
v 53.197265625 8.78026294708252 123.27335357666016
v 96.01563262939453 9.38646411895752 -0.00040961994091048837
v 8.068691205730102e-28 11.66551685333252 111.0566177368164
v 66.853515625 10.28831958770752 32.997982025146484
v 76.75977325439453 31.068824768066406 102.20307159423828
v 60.93959426879883 15.093257904052734 51.23139953613281
v 71.41825103759766 28.52147674560547 -0.00040961994091048837
v 1.178438495854148e-27 10.229244232177734 98.47067260742188
v 95.86551666259766 16.45360565185547 61.008724212646484
v 98.99637603759766 10.594233512878418 53.89548110961914
v 81.21493530273438 19.27586555480957 39.30464553833008
v 73.29306030273438 11.368644714355469 107.37940979003906
v 6.480621373696886e-28 10.023674964904785 59.5058479309082
v 52.59477233886719 24.04246711730957 35.371028900146484
v 60.47465515136719 31.405746459960938 38.728309631347656
v 44.422607421875 7.159021854400635 55.05349349975586
v 125.10701751708984 5.087123870849609 48.32402038574219
v 107.61077880859375 3.2726891040802 49.665828704833984
v 39.84928512573242 6.732754230499268 91.38442993164062
v 35.27596664428711 3.31852650642395 98.37854766845703
v 35.777976989746094 7.926849842071533 105.37266540527344
v 36.02998733520508 5.185518741607666 46.982208251953125
v 70.52494049072266 6.389130115509033 79.2573471069336
v 97.87076568603516 3.507613182067871 44.975460052490234
v 103.01448822021484 2.263657331466675 98.59736633300781
v 125.90335083007812 7.433319091796875 74.78093719482422
v 54.18806838989258 5.574556827545166 95.8317642211914
v 56.255401611328125 3.6343860626220703 51.10728073120117
v 109.26289367675781 6.010229587554932 57.73225402832031
v 91.84696960449219 3.8578970432281494 108.09540557861328
v 53.00847244262695 2.3759045600891113 45.82404327392578
v 37.40987777709961 2.912890911102295 34.165828704833984
v 61.145294189453125 7.966897010803223 119.36090087890625
v 37.78400802612305 7.70273494720459 112.36678314208984
v 37.03199768066406 3.2220940589904785 40.78001403808594
v 52.699134826660156 6.84005880355835 44.04859161376953
v 124.85130310058594 6.014256000518799 45.64039993286133
v 48.719547271728516 3.100877046585083 112.40770721435547
v 69.634521484375 2.4560394287109375 36.20198059082031
v 82.22966766357422 2.1927330493927 94.35118865966797
v 101.88411712646484 3.662519693374634 121.11299133300781
v 63.28761672973633 7.181610107421875 75.47810363769531
v 120.53858184814453 3.6413395404815674 75.49968719482422
v 34.45671463012695 3.0437450408935547 41.497894287109375
v 114.25128936767578 2.9436471462249756 54.09553527832031
v 51.409908294677734 2.419415235519409 107.1363754272461
v 107.2632064819336 2.1743595600128174 110.0094985961914
v 47.780860900878906 2.969099998474121 43.57508087158203
v 60.85501480102539 7.306242942810059 76.4430923461914
v 63.09236526489258 6.329190254211426 115.0465087890625
v 89.88639831542969 2.4048268795013428 67.43907165527344
v 80.61494445800781 3.892559289932251 60.33382797241211
v 73.80587768554688 6.773159503936768 51.10726547241211
v 60.17053985595703 7.800259113311768 48.90900421142578
v 58.533905029296875 3.7799503803253174 75.26527404785156
v 41.50653839111328 2.5631537437438965 36.61021423339844
v 32.80032730102539 4.2818284034729 71.43726348876953
v 125.2743911743164 4.646819591522217 119.75949096679688
v 62.057186126708984 5.964933395385742 112.08750915527344
v 56.89727020263672 2.481670618057251 74.03086853027344
v 91.71832275390625 3.670940637588501 48.74007797241211
v 124.37434387207031 7.401699066162109 50.30744552612305
v 48.609130859375 6.162806034088135 106.49191284179688
v 88.03240203857422 5.940031051635742 65.13453674316406
v 57.345237731933594 2.5135340690612793 107.41368103027344
v 69.56023406982422 2.627727746963501 88.78874969482422
v 34.685203552246094 3.834333658218384 50.69027328491211
v 113.16339874267578 3.158430337905884 51.00178146362305
v 120.96238708496094 3.9918034076690674 44.45099639892578
v 98.12838745117188 3.6987125873565674 65.32589721679688
v 52.80524826049805 2.541487693786621 36.246952056884766
v 76.35060119628906 3.2103726863861084 85.06031799316406
v 99.56546783447266 2.5652921199798584 48.70298767089844
v 107.36441802978516 2.849715232849121 48.14629364013672
v 127.76139068603516 5.950523853302002 33.59062957763672
v 63.44416046142578 7.769981861114502 51.509498596191406
v 39.58989334106445 11.458956718444824 125.49750518798828
v 75.41024017333984 28.29974937438965 111.86267852783203
v 42.15727233886719 15.626675605773926 58.943058013916016
v 120.08604431152344 24.12151336669922 49.95484161376953
v 50.38578796386719 10.123756408691406 97.02499389648438
v 61.43168258666992 27.354944229125977 37.50566101074219
v 59.801795959472656 9.181622505187988 47.69605255126953
v 32.50394821166992 20.129838943481445 69.51692199707031
v 94.2168960571289 15.185505867004395 46.521156311035156
v 98.99424743652344 24.48966407775879 54.73311996459961
v 32.6612548828125 15.520727157592773 47.525115966796875
v 48.57241439819336 18.261669158935547 96.80211639404297
v 111.84014129638672 30.443296432495117 102.20836639404297
v 49.250125885009766 30.221128463745117 124.48779296875
v 94.142822265625 25.642051696777344 58.653114318847656
v 32.376121520996094 20.860321044921875 62.531009674072266
v 80.94755554199219 15.180399894714355 35.17641830444336
v 64.53741455078125 30.037033081054688 56.37466049194336
v 70.17798614501953 19.562911987304688 50.08079528808594
v 50.718780517578125 19.51214599609375 101.81979370117188
v 69.46880340576172 28.080503463745117 82.84121704101562
v 95.16022491455078 9.34468936920166 64.66348266601562
v 91.59382629394531 14.43355655670166 107.40774536132812
v 111.27935028076172 14.409398078918457 39.93730545043945
v 60.061546325683594 15.515848159790039 39.52418899536133
v 53.638694763183594 9.504612922668457 88.6399917602539
v 122.35163879394531 12.795122146606445 76.44467163085938
v 41.37601852416992 14.382037162780762 47.840545654296875
v 45.98354721069336 14.920140266418457 91.72796630859375
v 92.1057357788086 22.073190689086914 34.00164794921875
v 50.4210319519043 14.254607200622559 86.94860076904297
v 60.845855712890625 29.024839401245117 36.588626861572266
v 124.24053192138672 29.06148338317871 43.201942443847656
v 93.51592254638672 15.217025756835938 62.109134674072266
v 40.93567657470703 11.146952629089355 56.285797119140625
v 111.57644653320312 19.607343673706055 53.256500244140625
v 89.41632080078125 21.121992111206055 48.31517028808594
v 38.377960205078125 13.886688232421875 74.62832641601562
v 33.95315933227539 22.377368927001953 46.17558670043945
v 47.72755813598633 20.293903350830078 104.88040161132812
v 43.05276107788086 15.165257453918457 116.90560913085938
v 122.55477142333984 9.261919975280762 74.10882568359375
v 45.061676025390625 16.115671157836914 86.36852264404297
v 59.916168212890625 20.423765182495117 120.84919738769531
v 91.70342254638672 8.418685913085938 32.057376861572266
v 122.91240692138672 29.83833885192871 51.46255111694336
v 87.54132843017578 22.018966674804688 58.528053283691406
v 43.13679885864258 9.264864921569824 58.528053283691406
v 51.592838287353516 9.264864921569824 101.42713165283203
v 50.80084991455078 13.74215316772461 101.42713165283203
v 42.344810485839844 13.74215316772461 127.44093322753906
v 43.17878723144531 15.304176330566406 121.55233764648438
v 51.926815032958984 27.215295791625977 127.44093322753906
v 51.63482666015625 15.304176330566406 89.08723449707031
v 50.75886154174805 12.739216804504395 89.08723449707031
v 42.55282211303711 12.739216804504395 50.341575622558594
v 54.3416862487793 3.759256362915039 122.21049499511719
v 44.5028076171875 2.446146011352539 125.05622863769531
v 100.27302551269531 3.9428513050079346 48.015419006347656
v 60.23027420043945 2.1467087268829346 40.5241813659668
v 47.703086853027344 2.8359153270721436 124.13623046875
v 73.3125228881836 30.767391204833984 44.084716796875
v 64.98242950439453 12.631986618041992 81.0776596069336
v 77.2362289428711 2.7103660106658936 94.10118103027344
v 56.52119445800781 3.059368371963501 35.03887176513672
v 69.23772430419922 7.588951587677002 69.17731475830078
v 48.81052780151367 3.945107936859131 82.05817413330078
v 71.92385864257812 14.040929794311523 60.65898132324219
v 102.7049789428711 3.4878337383270264 60.46464538574219
v 47.21961975097656 3.6567790508270264 103.62651062011719
v 41.20022201538086 28.831850051879883 38.6452751159668
v 83.2403564453125 24.69707489013672 98.1577377319336
v 111.31853485107422 19.83769989013672 61.000755310058594
v 92.49620056152344 14.550202369689941 46.63360595703125
v 63.28013610839844 6.1396098136901855 115.3687744140625
v 45.37871170043945 2.3947560787200928 87.5600814819336
v 103.67366027832031 3.6699624061584473 121.33351135253906
v 47.674720764160156 7.412312984466553 74.30033874511719
v 37.597496032714844 3.035930633544922 115.01128387451172
v 37.97542190551758 2.4835011959075928 58.166744232177734
v 65.89840698242188 6.1404595375061035 75.34323120117188
v 39.030296325683594 13.177397727966309 38.547603607177734
v 56.5019416809082 2.1996243000030518 87.67342376708984
v 56.863037109375 3.2602357864379883 64.37261962890625
v 55.351585388183594 14.182287216186523 97.80426025390625
v 48.50489044189453 27.12629508972168 114.57968139648438
v 38.97746658325195 5.206868648529053 58.07206726074219
v 82.82023620605469 3.1642863750457764 117.30423736572266
v 116.2462158203125 8.002107620239258 73.45265197753906
v 60.02060317993164 13.99355697631836 45.11696243286133
v 61.52153015136719 14.382234573364258 120.6051025390625
v 72.73217010498047 2.2154958248138428 60.0525016784668
v 69.09162139892578 3.5596108436584473 44.52712631225586
v 107.35317993164062 2.7949025630950928 96.39205932617188
v 124.28128814697266 14.799468040466309 61.190181732177734
v 47.66501998901367 5.9825005531311035 55.60624313354492
v 41.558345794677734 5.049280166625977 73.47418212890625
v 56.054710388183594 22.846508026123047 40.61991882324219
v 85.60148620605469 3.1617839336395264 41.0329704284668
v 60.739349365234375 10.29946517944336 120.41165924072266
v 117.1680908203125 29.988100051879883 124.6929931640625
v 75.98216247558594 2.0877492427825928 41.565208435058594
v 108.63076782226562 4.427082061767578 41.565208435058594
v 38.97843551635742 4.427082061767578 109.48004913330078
v 68.24967956542969 3.6323654651641846 109.48004913330078
v 49.71276092529297 3.6323654651641846 61.74585723876953
v 45.4589958190918 29.57013511657715 124.07763671875
v 39.71682357788086 10.387357711791992 61.74585723876953
v 85.66210174560547 7.392533779144287 74.03086853027344
v 124.54248046875 3.670940637588501 67.33515167236328
v 37.26770782470703 20.258682250976562 46.156837463378906
v 43.21783447265625 12.837347984313965 35.531864166259766
v 52.59185791015625 15.989455223083496 35.0582275390625
v 105.35572052001953 11.036575317382812 44.46638107299805
v 54.60657501220703 8.251646995544434 73.45616912841797
v 113.93762969970703 15.25090503692627 98.93667602539062
v 34.093814849853516 13.027280807495117 32.581695556640625
v 61.465877532958984 31.334394454956055 43.33171463012695
v 60.095741271972656 26.08438491821289 117.01111602783203
v 47.78419876098633 9.24873161315918 104.26887512207031
v 43.92385482788086 27.86366081237793 53.634422302246094
v 87.38680267333984 28.40956687927246 57.6021728515625
v 118.0821304321289 27.0404109954834 35.67152404785156
v 49.547889709472656 28.7889404296875 91.97979736328125
v 81.60747528076172 30.4124698638916 50.63542938232422
v 88.3066635131836 27.06775665283203 84.36074829101562
v 38.446285247802734 3.3481318950653076 43.576744079589844
v 58.237361907958984 14.374436378479004 119.49140930175781
v 42.63970184326172 22.234241485595703 89.75121307373047
v 108.77938842773438 16.280136108398438 67.01680755615234
v 44.93462371826172 30.344083786010742 111.38011932373047
v 127.2618179321289 15.907391548156738 62.00550842285156
v 67.28132629394531 13.22551441192627 45.62269592285156
v 100.65634155273438 8.705241203308105 47.135406494140625
v 45.391632080078125 10.31096076965332 32.01530838012695
v 114.28324890136719 30.667327880859375 34.128604888916016
v 54.816410064697266 8.955008506774902 56.05925369262695
v 127.61917114257812 8.080743789672852 47.636436462402344
v 57.478477478027344 6.4314866065979 98.27088928222656
v 56.518550872802734 6.567963123321533 57.605194091796875
v 91.14444732666016 4.768161296844482 39.5894775390625
v 54.86821365356445 11.1476469039917 116.24345397949219
v 41.77250671386719 13.51996898651123 115.46406555175781
v 71.92784118652344 27.988147735595703 53.20566940307617
v 43.9503288269043 22.944225311279297 51.604103088378906
v 33.27455520629883 12.409125328063965 76.964111328125
v 61.15638732910156 30.624418258666992 69.12232971191406
v 51.7784538269043 15.18061637878418 47.784751892089844
v 36.37220764160156 25.2122745513916 34.059146881103516
v 121.08621978759766 13.961841583251953 102.32534790039062
v 76.78348541259766 16.570674896240234 96.67902374267578
v 59.10657501220703 11.790243148803711 117.38204956054688
v 41.968841552734375 18.361215591430664 34.65879821777344
v 53.80870056152344 14.873967170715332 119.5012435913086
v 71.21114349365234 28.03115463256836 81.0637435913086
v 42.510833740234375 11.19672966003418 69.06755828857422
v 41.67685317993164 31.8895206451416 89.06556701660156
v 118.4279556274414 24.120458602905273 95.99723815917969
v 40.5118293762207 27.5247745513916 57.515296936035156
v 97.30488586425781 18.86759376525879 127.43868255615234
v 77.56080627441406 14.219671249389648 48.82483673095703
v 62.606571197509766 28.73037338256836 95.09880065917969
v 95.40846252441406 24.2078800201416 47.574771881103516
v 112.2561264038086 22.544776916503906 60.10220718383789
v 53.6827392578125 17.699138641357422 67.71017456054688
v 81.39280700683594 26.266490936279297 55.04063415527344
v 88.857666015625 14.769720077514648 126.78053283691406
v 60.744258880615234 29.07754135131836 117.40162658691406
v 46.25206756591797 25.67715072631836 41.192955017089844
v 35.391719818115234 14.8956880569458 58.974185943603516
v 61.8360595703125 12.129810333251953 48.652896881103516
v 44.54895782470703 27.526222229003906 46.124595642089844
v 121.22681427001953 10.9681978225708 33.66373062133789
v 44.059688568115234 30.918376922607422 48.21939468383789
v 102.6135025024414 23.515544891357422 51.404029846191406
v 32.0888671875 14.527503967285156 36.533931732177734
v 57.64256286621094 2.9032375812530518 85.30812072753906
v 53.569252014160156 3.1286418437957764 32.58568572998047
v 118.6697998046875 2.9100756645202637 54.266334533691406
v 68.20304870605469 2.691509485244751 68.54826354980469
v 51.10645294189453 18.88411521911621 41.888450622558594
v 48.74592971801758 5.760581970214844 86.77491760253906
v 101.60716247558594 5.928308010101318 44.88744354248047
v 53.362205505371094 6.064784526824951 92.77290344238281
v 110.33970642089844 6.263760566711426 88.89395904541016
v 39.61814880371094 2.4573183059692383 98.28845977783203
v 76.24807739257812 24.838220596313477 94.60112762451172
v 39.0791130065918 14.500160217285156 96.9897689819336
v 32.54204177856445 10.123933792114258 122.42146301269531
v 58.98333740234375 2.6520185470581055 33.598411560058594
v 53.874000549316406 5.580402374267578 48.2810173034668
v 42.243186950683594 8.967684745788574 71.04255676269531
v 54.76063919067383 5.855185031890869 36.53689193725586
v 71.87110137939453 23.505203247070312 48.7302360534668
v 45.14652633666992 10.626132011413574 46.698036193847656
v 106.4021987915039 5.711629867553711 69.30229187011719
v 120.90623474121094 3.209756851196289 90.43119812011719
v 35.46484375 22.405105590820312 100.3100814819336
v 74.32820129394531 23.52374839782715 110.1733627319336
v 53.29104995727539 15.771883964538574 73.14216613769531
v 45.32413101196289 6.443686008453369 64.26325988769531
v 34.78117370605469 5.593587875366211 99.82931518554688
v 59.40533447265625 21.870492935180664 39.15098571777344
v 113.02355194091797 8.187932968139648 55.740806579589844
v 61.213924407958984 23.7772159576416 110.51091766357422
v 48.109439849853516 22.6478214263916 47.2574577331543
v 77.90245819091797 18.15371322631836 65.98756408691406
v 52.06060028076172 9.89228630065918 59.22714614868164
v 95.92999267578125 23.86268424987793 70.05776977539062
v 55.81363296508789 16.359737396240234 34.8638916015625
v 40.617340087890625 11.774856567382812 56.476192474365234
v 126.56455993652344 22.5848445892334 76.22578430175781
v 58.611385345458984 10.449152946472168 75.53251647949219
v 72.40829467773438 15.79218578338623 72.13984680175781
v 43.18375015258789 23.70496940612793 37.37751770019531
v 58.546058654785156 29.330928802490234 37.4508056640625
v 120.14093780517578 13.006546020507812 79.90746307373047
v 104.3555679321289 23.5926570892334 69.67890930175781
v 95.00597381591797 10.702570915222168 50.74574661254883
v 113.20516967773438 14.54658031463623 63.519142150878906
v 42.48062515258789 14.549017906188965 36.07380676269531
v 57.835121154785156 31.596553802490234 54.6529541015625
v 119.25031280517578 13.016555786132812 117.38204956054688
v 49.92488098144531 18.361215591430664 69.06755828857422
v 49.63289260864258 31.8895206451416 81.0637435913086
v 50.71686935424805 11.19672966003418 71.20476531982422
v 93.29207611083984 5.707363605499268 113.22429656982422
v 71.57916259765625 2.180952310562134 104.76925659179688
v 51.09805679321289 3.466353416442871 100.75167846679688
v 83.1395263671875 6.903287887573242 122.80628967285156
v 81.01490020751953 5.998133182525635 65.32972717285156
v 124.8097915649414 2.0920231342315674 65.25751495361328
v 43.196895599365234 3.8226141929626465 79.17353057861328
v 112.26890563964844 3.4200873374938965 75.09934997558594
v 71.62422180175781 4.374966144561768 38.08678436279297
v 41.60599899291992 2.761701822280884 74.48403930664062
v 44.537803649902344 4.441979885101318 80.39028930664062
v 44.20777893066406 4.386437892913818 74.06217193603516
v 123.77653503417969 3.263777732849121 46.626808166503906
v 48.27687072753906 4.729217529296875 112.0289306640625
v 86.50130462646484 2.3903026580810547 78.04267120361328
v 58.52802276611328 3.9727609157562256 127.4841079711914
v 53.4839973449707 2.318647861480713 90.24380493164062
v 63.572052001953125 4.741052150726318 77.09342193603516
v 95.13980865478516 4.462247848510742 47.640480041503906
v 34.70166778564453 4.320037841796875 101.5640869140625
v 60.68912124633789 6.402919769287109 50.05746841430664
v 60.121768951416016 3.7039620876312256 35.77428436279297
v 55.3121223449707 2.237165927886963 90.32388305664062
v 66.86284637451172 6.891320705413818 60.33382797241211
v 106.13003540039062 6.773159503936768 36.61021423339844
v 49.46240234375 4.2818284034729 75.26527404785156
v 57.91861343383789 2.5631537437438965 88.30218505859375
v 94.92784118652344 24.796823501586914 86.28272247314453
v 112.17588806152344 11.508036613464355 63.54266357421875
v 75.67980194091797 29.984310150146484 62.69021224975586
v 85.23043060302734 3.1953048706054688 50.78200149536133
v 90.10356140136719 9.001194953918457 41.66966247558594
v 120.79888153076172 19.074155807495117 38.172603607177734
v 92.044921875 30.039480209350586 34.67554473876953
v 126.58386993408203 3.125661611557007 85.19685363769531
v 118.24983215332031 4.2493720054626465 38.68135070800781
v 43.998077392578125 21.05803108215332 40.023162841796875
v 40.89551544189453 10.904011726379395 41.36497116088867
v 43.086883544921875 5.6393818855285645 42.70677947998047
v 37.13175582885742 2.913439989089966 126.35501861572266
v 69.57594299316406 4.992653846740723 108.0132827758789
v 44.13559341430664 6.108134746551514 49.61203384399414
v 84.02564239501953 21.27240753173828 44.82593536376953
v 98.681884765625 23.982866287231445 69.55603790283203
v 68.36939239501953 15.297329902648926 72.00923156738281
v 43.247161865234375 30.54584312438965 40.45093536376953
v 56.044036865234375 11.937966346740723 39.688175201416016
v 122.89862823486328 8.93746566772461 77.24359893798828
v 36.085079193115234 8.00778579711914 47.08472442626953
v 118.32054138183594 12.050271034240723 38.039737701416016
v 44.2589111328125 23.33782386779785 42.96750259399414
v 123.83419036865234 15.473849296569824 72.84320831298828
v 87.3791275024414 20.35492515563965 102.75538635253906
v 59.0049934387207 24.937944412231445 71.33546447753906
v 69.94551086425781 27.278764724731445 44.146183013916016
v 56.11241149902344 9.199917793273926 37.095401763916016
v 118.74827575683594 8.027554512023926 94.50955200195312
v 89.29195404052734 2.2231318950653076 47.21083450317383
v 85.22134399414062 2.224656581878662 83.84944915771484
v 115.25833129882812 3.5825672149658203 78.14241027832031
v 65.0008316040039 3.629992723464966 72.43536376953125
v 36.686073303222656 3.6930432319641113 47.54969024658203
v 110.18079376220703 2.190357208251953 61.032169342041016
v 115.45746612548828 4.206028461456299 46.02337646484375
v 47.0413932800293 7.05368709564209 126.02721405029297
v 102.10258483886719 2.9663589000701904 96.00962829589844
v 61.957618713378906 4.811626434326172 66.22832489013672
v 112.49143981933594 3.756093740463257 95.687255859375
v 112.46609497070312 2.1888325214385986 123.6072769165039
v 43.717185974121094 6.965058326721191 73.39824676513672
v 51.60886001586914 2.0643770694732666 118.61903381347656
v 33.24448013305664 7.627901077270508 49.23722839355469
v 72.27210998535156 3.856858015060425 35.36318588256836
v 33.66151428222656 2.6257786750793457 76.52137756347656
v 39.014915466308594 7.845797061920166 39.29973220825195
v 69.428466796875 2.5617527961730957 52.69326400756836
v 45.59809494018555 6.630707263946533 56.05658721923828
v 89.4967269897461 4.317598342895508 51.00481033325195
v 111.07099914550781 3.087326765060425 43.52629470825195
v 61.67418670654297 3.410691022872925 62.91299057006836
v 60.517032623291016 6.390839099884033 50.38564682006836
v 94.18246459960938 5.275116443634033 103.04676818847656
v 44.63798904418945 5.025362014770508 107.07801818847656
v 97.48694610595703 3.195359230041504 115.07201385498047
v 108.57234191894531 16.247535705566406 35.032100677490234
v 44.411163330078125 24.75583839416504 36.41096878051758
v 110.19928741455078 8.435044288635254 52.66682815551758
v 80.95515441894531 11.305893898010254 36.73330307006836
v 42.87112808227539 27.387189865112305 66.95879364013672
v 54.24709701538086 15.010489463806152 120.61692810058594
v 35.18568801879883 29.277328491210938 41.87385559082031
v 56.277488708496094 23.38083839416504 58.31631088256836
v 50.10560989379883 12.649896621704102 78.609130859375
v 79.3496322631836 14.822495460510254 50.26253890991211
v 33.23341369628906 30.14645004272461 53.179595947265625
v 49.15821075439453 9.013171195983887 58.08971405029297
v 61.040184020996094 28.347639083862305 89.82583618164062
v 63.645652770996094 21.077613830566406 61.58877182006836
v 105.39676666259766 11.684563636779785 37.5477294921875
v 44.3476676940918 11.641587257385254 75.00554656982422
v 52.40235900878906 8.517316818237305 104.34747314453125
v 87.16603088378906 13.644762992858887 44.07311248779297
v 120.29716491699219 11.126457214355469 65.28286743164062
v 62.497215270996094 13.615955352783203 108.15215301513672
v 102.12724304199219 20.774402618408203 112.08959197998047
v 80.04698181152344 17.606910705566406 113.35514068603516
v 52.21880340576172 9.548325538635254 83.47832489013672
v 71.7090835571289 13.185781478881836 77.56588745117188
v 117.18370056152344 30.507604598999023 112.09909057617188
v 45.68168640136719 9.627825736999512 119.9936294555664
v 90.59771728515625 17.942184448242188 39.9811897277832
v 66.92389678955078 25.945114135742188 121.45063781738281
v 44.372135162353516 8.435437202453613 67.98579406738281
v 52.712947845458984 15.559460639953613 93.82567596435547
v 97.55685424804688 27.25906753540039 33.343502044677734
v 109.0998764038086 31.76883316040039 82.53858184814453
v 33.32140350341797 20.548627853393555 61.587650299072266
v 42.29110336303711 22.160932540893555 57.12181854248047
v 71.80297088623047 19.405054092407227 56.30052947998047
v 34.916160583496094 13.768689155578613 68.15570068359375
v 47.224666595458984 21.266883850097656 109.60102844238281
v 61.96097946166992 24.86796760559082 42.00362777709961
v 107.80482482910156 12.48451042175293 126.46629333496094
v 39.13392639160156 15.392229080200195 73.32568359375
v 125.33422088623047 11.034323692321777 52.4391975402832
v 59.48745346069336 14.649304389953613 53.104217529296875
v 111.18370819091797 10.194232940673828 121.15180969238281
v 105.15047454833984 9.24428653717041 60.02999496459961
v 52.27350616455078 24.46609115600586 51.043697357177734
v 78.23464965820312 11.888078689575195 48.971435546875
v 125.78734588623047 8.028952598571777 94.9994888305664
v 59.72768783569336 25.542261123657227 83.50338745117188
v 56.64459991455078 29.636999130249023 32.7009162902832
v 115.03526306152344 13.975486755371094 58.444068908691406
v 49.67097854614258 19.248804092407227 65.81353759765625
v 71.42591857910156 12.033112525939941 126.38777923583984
v 95.68959045410156 16.15022850036621 35.866722106933594
v 48.06550216674805 8.660301208496094 123.65349578857422
v 83.8282470703125 11.619787216186523 124.20228576660156
v 83.17005157470703 23.092117309570312 63.608943939208984
v 79.82240295410156 22.451963424682617 65.23550415039062
v 41.32233428955078 20.900203704833984 67.25312042236328
v 85.46497344970703 19.59844207763672 123.10470581054688
v 84.98644256591797 23.261545181274414 78.1983413696289
v 37.19440841674805 14.322653770446777 124.26087951660156
v 79.2989730834961 10.632955551147461 53.16268539428711
v 42.35554122924805 29.76102638244629 87.88790893554688
v 90.1212387084961 22.381629943847656 68.77073669433594
v 44.393619537353516 18.046682357788086 123.05591583251953
v 85.64464569091797 11.704501152038574 124.01667785644531
v 92.75224304199219 8.195954322814941 119.0733413696289
v 106.42996978759766 8.918375015258789 34.97512435913086
v 80.03154754638672 27.908981323242188 72.49519348144531
v 67.71508026123047 13.054107666015625 36.27007293701172
v 91.83421325683594 17.168292999267578 36.718292236328125
v 54.7725830078125 17.384567260742188 47.275917053222656
v 33.46595764160156 10.569733619689941 95.1065444946289
v 32.80287170410156 25.833332061767578 80.48345184326172
v 96.21317291259766 13.078758239746094 55.685096740722656
v 107.92603302001953 13.558502197265625 61.108924865722656
v 112.8127670288086 11.626374244689941 90.7686538696289
v 60.98352813720703 30.943195343017578 73.4170913696289
v 113.06079864501953 24.554523468017578 91.30767822265625
v 111.24244689941406 24.015914916992188 56.576690673828125
v 82.61355590820312 25.023727416992188 37.99095153808594
v 93.83214569091797 13.068493843078613 34.39524841308594
v 54.80082702636719 14.704236030578613 33.26144027709961
v 47.333045959472656 13.89686393737793 60.00655746459961
v 95.2071533203125 8.07874870300293 91.05022430419922
v 37.060585021972656 12.72743034362793 79.31588745117188
v 44.52836608886719 23.566675186157227 49.5143928527832
v 50.376033782958984 26.821069717407227 99.06389617919922
v 51.06353759765625 12.61097526550293 108.38383483886719
v 50.55475997924805 30.195114135742188 79.56548309326172
v 76.39464569091797 13.830711364746094 41.41557312011719
v 34.00590515136719 28.522260665893555 69.34872436523438
v 49.26862335205078 15.147604942321777 111.28427124023438
v 34.00590515136719 27.590129852294922 46.50930404663086
v 76.39464569091797 23.101362228393555 34.649925231933594
v 50.55475997924805 23.962690353393555 112.76669311523438
v 49.26862335205078 8.284078598022461 69.19843292236328
v 97.3653564453125 30.010629653930664 80.81366729736328
v 35.82622146606445 10.418643951416016 69.15550231933594
v 76.51371765136719 20.444215774536133 34.35411834716797
v 107.03915405273438 8.919373512268066 47.76329803466797
v 76.01371765136719 14.697937965393066 42.08945083618164
v 35.82622146606445 10.893253326416016 103.45428466796875
v 97.3653564453125 12.272403717041016 57.7379035949707
v 106.53915405273438 16.251832962036133 36.41184616088867
v 64.09190368652344 14.63083553314209 62.17747116088867
v 102.37702941894531 19.580516815185547 47.70873260498047
v 115.076171875 17.118593215942383 103.49363708496094
v 40.801780700683594 25.756290435791016 33.86205291748047
v 115.076171875 11.793183326721191 63.82590866088867
v 102.37702941894531 10.148412704467773 57.229225158691406
v 64.09190368652344 21.825634002685547 48.57396697998047
v 40.801780700683594 10.849335670471191 82.15020751953125
v 74.42781829833984 8.650383949279785 110.59356689453125
v 112.71295166015625 22.370590209960938 95.63849639892578
v 56.21577453613281 2.2411468029022217 54.61514663696289
v 59.1201171875 11.154284477233887 91.40997314453125
v 56.21577453613281 6.229363918304443 46.17763900756836
v 112.71295166015625 12.804435729980469 60.61025619506836
v 74.42781829833984 11.827141761779785 118.32012939453125
v 59.1201171875 17.288061141967773 107.37940979003906
v 8.751635593659538e-28 0.515667200088501 93.16600036621094
v 94.33760070800781 1.5233386754989624 34.60154724121094
v 44.36119079589844 1.2571338415145874 62.686485290527344
v 53.83781433105469 0.5014764666557312 35.24020767211914
v 73.87281036376953 0.6435205340385437 45.66182327270508
v -2.1214975731709274e-06 31.874753952026367 121.33341217041016
v -2.1214975731709274e-06 10.239136695861816 110.37442779541016
v 48.04985427856445 28.7414608001709 53.084678649902344
v 33.66508102416992 20.639911651611328 64.47013092041016
v 107.84188842773438 12.975469589233398 56.02220153808594
v 96.8341293334961 30.4494686126709 47.50364685058594
v 52.22272872924805 12.291871070861816 32.15696716308594
v 94.83997344970703 16.406999588012695 110.13034057617188
v 37.00202560424805 30.130138397216797 32.24876022338867
v 52.47272872924805 20.674720764160156 2.2859855487411683e-38
v 105.13964080810547 4.777083873748779 122.04878997802734
v 118.34060668945312 3.5554723739624023 93.3632583618164
v 59.51893615722656 3.8539342880249023 110.8222427368164
v 34.19481658935547 4.842879772186279 52.61812973022461
v 37.34912109375 6.394393444061279 43.73432159423828
v 60.726078033447266 3.2829511165618896 117.1932601928711
v 51.537513732910156 6.7129950523376465 113.38274383544922
v 56.126365661621094 6.103498458862305 107.37940979003906
v 5.997732958740674e-28 4.958723068237305 107.37940979003906
v 1.5573714716846559e-27 2.0625534057617188 38.01756286621094
v 124.47660827636719 2.5664544105529785 108.08787536621094
v 97.13481140136719 2.2552361488342285 54.22066116333008
v 113.0567398071289 5.395725727081299 87.19721221923828
v 78.00397491455078 4.033177375793457 -2.0683816536503916e-29
v 0.3325578570365906 6.448582649230957 104.87940979003906
v 0.3522500991821289 6.448582649230957 109.08787536621094
v 99.176025390625 2.2552361488342285 38.01756286621094
v 127.01782989501953 2.5664544105529785 87.19721221923828
v 81.0451889038086 4.033177375793457 -1.0693139961746581e-29
v 116.09795379638672 5.395725727081299 104.87940979003906
v 0.21887566149234772 2.91637921333313 111.0566177368164
v 57.282169342041016 2.57207989692688 109.38861846923828
v 32.573184967041016 2.19506573677063 32.997982025146484
v 71.87684631347656 7.767206192016602 123.27335357666016
v 110.38855743408203 2.34661602973938 -0.00022138142958283424
v 49.189449310302734 2.0637524127960205 45.20469665527344
v 81.90428924560547 2.0039989948272705 49.17735290527344
v 126.49999237060547 2.006866931915283 57.7569465637207
v -8658653544448.0 2.52121901512146 -774731988992.0
v 40.755855560302734 5.360294342041016 87.446533203125
v 109.7753677368164 6.470770359039307 44.6509895324707
v 57.76854705810547 4.422430515289307 43.0181770324707
v 73.11522674560547 2.919160842895508 77.83908081054688
v 124.99999237060547 2.0218400955200195 6.285749870781723e-39
v -8658653544448.0 2.0218400955200195 2.2547242615602388e-38
v 47.82231521606445 10.139043807983398 110.19441223144531
v -2445920174080.0 9.930543899536133 34.11283493041992
v 125.77743530273438 31.001251220703125 117.40925598144531
v 105.0215835571289 8.403451919555664 101.17683410644531
v 35.34282302856445 8.149860382080078 1.8583249519720345e-38
v 52.22272872924805 20.674720764160156 2.0239517042225992e-38
v -3588718592000.0 9.868043899536133 122.75886535644531
v 64.9044418334961 -8.17506355610637e+32 117.40925598144531
v 37.14167404174805 8.403451919555664 34.11283493041992
v 47.26960372924805 31.001251220703125 53.104217529296875
v 70.11138153076172 10.194232940673828 60.02999496459961
v 127.97272491455078 24.46609115600586 96.39205932617188
v 51.210914611816406 3.699867010116577 121.15180969238281
v 64.0781478881836 9.24428653717041 75.76316833496094
v 117.04891967773438 25.04861831665039 33.8356819152832
v 42.868221282958984 28.683862686157227 69.76124572753906
v 81.375 23.50957679748535 118.62646484375
v 70.64263153076172 31.086713790893555 78.7258529663086
v 120.35155487060547 2.1235055923461914 47.4224967956543
v 95.90623474121094 2.425569534301758 57.5806999206543
v 32.75 20.674720764160156 1.279728956182164e-38
v 32.5 12.142213821411133 42.54652404785156
v 54.2578010559082 2.290865898132324 110.37442779541016
v 64.8595199584961 28.8664608001709 64.47013092041016
v 38.05183029174805 12.975469589233398 121.33341217041016
v -3.097816033914569e-06 10.239136695861816 45.66182327270508
v -3.097816033914569e-06 20.674720764160156 7.745287700582344e-39
v 49.79499053955078 20.764911651611328 70.7883529663086
v 85.20110321044922 4.154980182647705 107.188720703125
v 49.78122329711914 3.8884034156799316 64.32347106933594
v 100.57223510742188 7.458566188812256 34.976200103759766
v 93.55074310302734 3.859654188156128 122.00712585449219
v 75.09169006347656 5.888992786407471 71.10871124267578
v 57.29386520385742 4.751423358917236 103.60673522949219
v 113.75572204589844 2.7416787147521973 108.95045471191406
v 61.92182922363281 2.1344990730285645 99.36827087402344
v 57.421913146972656 28.851377487182617 83.34286499023438
v 115.87117767333984 10.769186973571777 55.41267776489258
v 54.292022705078125 24.53744888305664 123.36243438720703
v 49.86722183227539 14.436927795410156 99.36827087402344
v 83.10364532470703 28.851377487182617 83.34286499023438
v 42.31647491455078 10.769186973571777 123.36243438720703
v 68.49425506591797 14.436927795410156 55.41267776489258
v 77.34385681152344 24.53744888305664 45.40324783325195
v 123.24813842773438 3.6480562686920166 38.13275909423828
v 120.51170349121094 1.9426500797271729 48.73133087158203
v 38.72385025024414 3.81999135017395 33.327056884765625
v 59.188594818115234 2.2929532527923584 62.010643005371094
v 116.59478759765625 3.8035192489624023 59.235252380371094
v 56.03073501586914 5.88206148147583 125.8201675415039
v 43.55609130859375 3.669424533843994 66.99203491210938
v 55.85499572753906 7.628035545349121 48.13854217529297
v 39.61772537231445 2.187307596206665 57.489097595214844
v 34.12654113769531 3.7622580528259277 126.18719482421875
v 87.24519348144531 5.524392604827881 69.85521697998047
v 42.15576934814453 7.4647016525268555 109.44710540771484
v 100.42796325683594 5.393283367156982 46.568302154541016
v 32.74030685424805 4.527561187744141 73.105224609375
v 56.518821716308594 2.972153425216675 117.04667663574219
v 125.06090545654297 2.214036226272583 109.44710540771484
v 103.46917724609375 5.393283367156982 46.568302154541016
v 34.01091766357422 4.527561187744141 117.04667663574219
v 32.05203628540039 2.214036226272583 73.105224609375
v 58.0394287109375 2.972153425216675 37.5477294921875
v 93.24601745605469 2.9103968143463135 104.34747314453125
v 92.68936157226562 3.4111907482147217 46.17558670043945
v 107.76558685302734 5.0734758377075195 75.00554656982422
v 124.96478271484375 2.129329204559326 126.37300109863281
v 56.73490905761719 6.380723476409912 97.08782196044922
v 65.2686538696289 6.654038429260254 104.87940979003906
v 0.21654337644577026 3.661309003829956 127.2812271118164
v 54.18510437011719 5.946641445159912 60.12104034423828
v 98.86631774902344 6.449936866760254 109.38861846923828
v 68.16600036621094 2.19506573677063 123.27335357666016
v 56.45507049560547 2.34661602973938 -0.0004236473760101944
v 117.58396911621094 2.57207989692688 104.87940979003906
v 0.441734254360199 2.91637921333313 32.997982025146484
v 37.449214935302734 7.767206192016602 77.59342193603516
v 38.74757385253906 4.462247848510742 102.0640869140625
v 103.23163604736328 6.402919769287109 47.640480041503906
v 102.01248931884766 4.320037841796875 55.60624313354492
v 64.97007751464844 5.049280166625977 43.210784912109375
v 47.02198028564453 2.6031930446624756 113.60708618164062
v 37.039642333984375 4.501184463500977 57.1893196105957
v 101.01632690429688 6.148648262023926 49.228328704833984
v 116.61266326904297 5.815269470214844 119.36090087890625
v 53.275054931640625 7.70273494720459 49.202903747558594
v 63.11102294921875 2.9407236576080322 86.52685546875
v 96.58931732177734 3.7968623638153076 44.04859161376953
v 45.91767501831055 6.014256000518799 34.165828704833984
v 88.7726821899414 7.966897010803223 103.26725006103516
v 58.12950897216797 2.762319803237915 105.9937515258789
v 61.181297302246094 5.712870121002197 104.88422393798828
v 63.609153747558594 2.691148281097412 40.78001403808594
v 72.38036346435547 6.84005880355835 48.31517028808594
v 99.181640625 13.886688232421875 74.62832641601562
v 90.33203887939453 22.377368927001953 104.88040161132812
v 89.06639099121094 3.7913143634796143 116.90560913085938
v 82.48243713378906 9.261919975280762 48.31517028808594
v 34.471702575683594 13.886688232421875 74.62832641601562
v 123.59185791015625 22.377368927001953 104.88040161132812
v 39.14650344848633 15.165257453918457 46.17558670043945
v 43.57130432128906 20.293903350830078 116.90560913085938
v 115.24225616455078 9.261919975280762 108.19879150390625
v 76.68331909179688 6.56746244430542 59.99100875854492
v 96.14799499511719 2.4341838359832764 46.81129837036133
v 59.60931396484375 4.820145606994629 34.128604888916016
v 122.24968719482422 2.2387521266937256 51.55732727050781
v 49.37384796142578 3.5838444232940674 120.04242706298828
v 53.759544372558594 3.166731595993042 47.636436462402344
v 81.93904876708984 6.4314866065979 32.01530838012695
v 33.52722930908203 7.666831970214844 51.55534362792969
v 120.91777801513672 2.00980544090271 92.46422576904297
v 123.4665298461914 6.020834922790527 61.61693572998047
v 84.54242706298828 4.266693592071533 60.3025016784668
v 116.94500732421875 3.5596108436584473 44.52712631225586
v 44.60426330566406 2.7949025630950928 61.190181732177734
v 77.18343353271484 5.9825005531311035 60.3025016784668
v 58.98329544067383 3.5596108436584473 44.52712631225586
v 90.72815704345703 2.7949025630950928 61.190181732177734
v 39.352508544921875 5.9825005531311035 96.39205932617188
v 116.4687728881836 14.799468040466309 55.60624313354492
v 32.99583053588867 5.049280166625977 80.40746307373047
v 63.89162063598633 23.5926570892334 50.99574661254883
v 72.63284301757812 14.54658031463623 70.17890930175781
v 59.216819763183594 10.702570915222168 97.89781188964844
v 84.75363159179688 5.818447589874268 50.047523498535156
v 40.570213317871094 2.65647554397583 70.00137329101562
v 122.85901641845703 3.2648160457611084 79.90746307373047
v 96.04306030273438 23.5926570892334 69.67890930175781
v 87.1934585571289 10.702570915222168 50.74574661254883
v 105.39265441894531 14.54658031463623 76.31794738769531
v 45.189083099365234 5.555394649505615 47.333805084228516
v 121.18276977539062 3.094898223876953 90.16555786132812
v 89.57943725585938 2.233079433441162 77.59342193603516
v 78.51478576660156 4.462247848510742 47.640480041503906
v 105.05370330810547 4.320037841796875 102.0640869140625
v 52.376609802246094 6.402919769287109 66.07205963134766
v 43.20563888549805 2.6660077571868896 122.6969985961914
v 39.579681396484375 2.5953285694122314 35.58195495605469
v 43.93218994140625 4.011093616485596 37.5477294921875
v 40.441410064697266 11.641587257385254 75.00554656982422
v 48.49610137939453 8.517316818237305 104.34747314453125
v 79.353515625 13.644762992858887 49.193992614746094
v 37.42085647583008 4.501904010772705 36.03287124633789
v 94.83971405029297 3.7701797485351562 75.07938385009766
v 91.02925109863281 2.021275043487549 53.104217529296875
v 103.3711929321289 10.194232940673828 121.15180969238281
v 97.33795928955078 9.24428653717041 60.02999496459961
v 48.36724853515625 24.46609115600586 117.53667449951172
v 37.19910430908203 2.3398830890655518 32.443138122558594
v 99.87276458740234 2.141152858734131 72.54249572753906
v 45.509639739990234 6.255329608917236 52.51636505126953
v 86.64827728271484 7.098103046417236 43.06226348876953
v 33.11119842529297 2.350260019302368 60.230247497558594
v 75.57588958740234 5.008013725280762 54.08572006225586
v 93.86499786376953 3.908608913421631 113.67726135253906
v 52.558509826660156 3.196512460708618 90.21864318847656
v 119.28125 2.1710667610168457 38.61615753173828
v 50.92665481567383 0.6498834490776062 80.67566680908203
v 58.54304504394531 5.403049468994141 45.059513092041016
v 55.09489440917969 5.902317047119141 76.82019805908203
v 58.54304504394531 3.5461902618408203 61.68256378173828
v 50.92665481567383 1.4876636266708374 51.22846221923828
v 120.28125 2.906906843185425 73.37683868408203
v 55.59489440917969 2.2653064727783203 78.41571807861328
v 39.66746139526367 3.4007396697998047 68.32001495361328
v 59.11272048950195 4.312832355499268 108.28678894042969
v 118.8955078125 6.1482834815979 74.28874206542969
v 96.0342788696289 3.0585777759552 78.90788269042969
v 122.40135955810547 2.15483021736145 72.93134307861328
v 68.33480072021484 6.036221027374268 39.807472229003906
v 51.620574951171875 2.9517650604248047 47.00277328491211
v 108.23738861083984 7.501067161560059 63.160011291503906
v 42.0 7.466410160064697 64.78291320800781
v 86.66200256347656 1.6133066415786743 106.91180419921875
v 87.16200256347656 0.5079473257064819 110.05829620361328
v 42.0 7.7934370040893555 41.07310485839844
v 42.5 3.4720969200134277 74.72433471679688
v 86.16200256347656 1.4830576181411743 120.3298110961914
v 42.5 3.205922842025757 104.00559997558594
v 87.66200256347656 0.7692693471908569 49.10240936279297
v 42.5 7.893169403076172 54.21764373779297
v 87.66200256347656 0.509915828704834 116.16184997558594
v 43.0 7.689679145812988 104.39036560058594
v 89.16200256347656 0.8368812799453735 37.3504524230957
v 43.0 6.4138007164001465 39.6824836730957
v 90.16200256347656 1.8405107259750366 92.42745208740234
v 43.0 5.6175360679626465 118.47823333740234
v 90.16200256347656 0.7897927761077881 110.05635070800781
v 43.0 6.1396307945251465 59.23910903930664
v 89.66200256347656 0.8939492106437683 77.33758544921875
v 42.5 3.928823947906494 50.576019287109375
v 89.16200256347656 1.473994493484497 32.98812484741211
v 42.0 7.593242645263672 50.11898422241211
v 88.16200256347656 1.664027214050293 73.56219482421875
v 42.0 3.882863759994507 47.17074203491211
v 87.16200256347656 0.9699224829673767 46.117042541503906
v 126.04054260253906 0.8004887104034424 94.71258544921875
v 126.04054260253906 0.7599156498908997 41.66685485839844
v 126.04054260253906 1.1742807626724243 89.74583435058594
v 127.54054260253906 0.6429418325424194 42.625850677490234
v 127.54054260253906 1.159907341003418 105.20482635498047
v 32.77124786376953 1.941157579421997 73.59153747558594
v 33.02124786376953 1.0629534721374512 93.05050659179688
v 33.02124786376953 1.0763201713562012 109.36884307861328
v 32.77124786376953 1.0966753959655762 93.89421844482422
v 32.27124786376953 0.7460304498672485 83.40983581542969
v 32.02124786376953 1.5313063859939575 119.03679656982422
v 127.04054260253906 0.5781988501548767 98.72041320800781
v 83.10658264160156 1.1310372352600098 50.580902099609375
v 83.10658264160156 0.6187871098518372 83.36105346679688
v 83.10658264160156 1.1654001474380493 83.30833435058594
v 84.60658264160156 0.8105596303939819 51.166866302490234
v 84.60658264160156 1.691004753112793 115.28685760498047
v 86.60658264160156 0.5880104303359985 41.57604217529297
v 87.10658264160156 1.8217120170593262 63.03501892089844
v 87.10658264160156 0.9879739284515381 54.92074966430664
v 86.60658264160156 1.0977435111999512 50.91390609741211
v 85.60658264160156 1.7661088705062866 107.82389831542969
v 85.10658264160156 0.8359809517860413 63.229331970214844
v 84.10658264160156 0.5193151235580444 99.22041320800781
v 55.75048828125 1.1388497352600098 50.580902099609375
v 56.00048828125 0.6187871098518372 83.36105346679688
v 57.75048828125 1.1654001474380493 83.30833435058594
v 56.50048828125 0.8105596303939819 51.166866302490234
v 58.00048828125 1.691004753112793 115.28685760498047
v 57.75048828125 0.5880104303359985 41.57604217529297
v 58.00048828125 1.8217120170593262 63.03501892089844
v 58.00048828125 0.9879739284515381 54.92074966430664
v 59.50048828125 1.0977435111999512 50.91390609741211
v 58.50048828125 1.7739213705062866 108.32389831542969
v 57.00048828125 0.8359809517860413 63.479331970214844
v 57.75048828125 0.5193151235580444 120.3298110961914
v 97.28190612792969 3.221547842025757 41.07310485839844
v 45.22103500366211 3.4720969200134277 49.10240936279297
v 44.57846450805664 7.893169403076172 115.66184997558594
v 80.051513671875 7.689679145812988 37.3504524230957
v 85.37969970703125 6.4138007164001465 92.42745208740234
v 45.170345306396484 5.6175360679626465 110.05829620361328
v 87.02226257324219 7.7934370040893555 73.56219482421875
v 68.0125503540039 3.867238759994507 63.160011291503906
v 125.031982421875 7.466410160064697 64.28291320800781
v 40.58939743041992 6.453226566314697 65.26533508300781
v 58.5942268371582 4.790628910064697 104.34149169921875
v 55.36670684814453 4.089334964752197 106.41180419921875
v 36.370662689208984 2.0317893028259277 74.22433471679688
v 120.03423309326172 5.963480472564697 39.13169860839844
v 116.30752563476562 4.707743167877197 103.50559997558594
v 33.651878356933594 3.0770773887634277 37.54576873779297
v 44.71918869018555 5.7128705978393555 54.21764373779297
v 52.52884292602539 2.039663314819336 49.773311614990234
v 47.050262451171875 2.039297103881836 104.39036560058594
v 34.50933074951172 3.331900119781494 54.750850677490234
v 63.14306640625 2.286306858062744 39.4324836730957
v 56.50056457519531 7.3620429039001465 117.4430923461914
v 42.24464797973633 3.5117709636688232 118.47823333740234
v 36.671478271484375 3.1591711044311523 96.00363159179688
v 93.11238098144531 5.949689865112305 58.73910903930664
v 120.68087005615234 3.5757968425750732 113.43915557861328
v 43.45951843261719 4.344831466674805 50.576019287109375
v 37.74766159057617 5.895977973937988 40.031097412109375
v 94.2647476196289 6.055645942687988 50.11898422241211
v 75.97381591796875 6.656108856201172 58.06136703491211
v 55.480995178222656 2.000051736831665 47.17074203491211
v 127.74722290039062 3.879689931869507 75.23406219482422
v 60.00832748413086 2.596914052963257 49.888526916503906
v 43.556053161621094 2.6317646503448486 122.38641357421875
v 124.2234878540039 2.4995625019073486 70.73800659179688
v 78.2917251586914 7.211405277252197 49.51842498779297
v 124.36007690429688 3.4514060020446777 87.97434997558594
v 63.6790771484375 7.078960418701172 32.21569061279297
v 104.10431671142578 6.039654731750488 85.8923110961914
v 93.2840805053711 2.3538730144500732 63.49399948120117
v 54.18406295776367 2.0822057723999023 60.48227310180664
v 41.85498046875 2.9362094402313232 104.11883544921875
v 43.543460845947266 6.022198677062988 48.84847640991211
v 40.1157112121582 3.078115463256836 91.30242156982422
v 91.06535339355469 3.754140615463257 110.05635070800781
v 54.58149719238281 6.1396307945251465 77.33758544921875
v 45.072715759277344 3.928823947906494 32.98812484741211
v 36.16352081298828 7.593242645263672 88.91143798828125
v 34.5 2.2240986824035645 93.03449249267578
v 60.08100128173828 0.6796513199806213 126.23174285888672
v 60.33100128173828 1.2900887727737427 32.60512924194336
v 35.0 5.799759387969971 80.89386749267578
v 35.5 6.772172451019287 48.542640686035156
v 61.08100128173828 0.9084112048149109 36.269203186035156
v 35.0 4.0425591468811035 44.374671936035156
v 61.58100128173828 0.9860785603523254 33.65298843383789
v 35.5 2.545083522796631 126.48371124267578
v 61.83100128173828 0.65694659948349 67.74932861328125
v 35.5 3.66996169090271 67.85089111328125
v 62.33100128173828 1.5024919509887695 35.25454330444336
v 35.5 7.814044952392578 42.50161361694336
v 62.33100128173828 1.4103593826293945 66.27860260009766
v 35.0 3.55198073387146 48.58266067504883
v 62.08100128173828 1.403889536857605 46.63343811035156
v 35.5 2.5295193195343018 77.07546997070312
v 61.58100128173828 1.1331679821014404 51.06019592285156
v 35.0 3.0647974014282227 90.9074935913086
v 60.83100128173828 0.5626776218414307 44.69007873535156
v 35.0 7.268754005432129 37.10414123535156
v 60.83100128173828 1.7443125247955322 34.48305130004883
v 35.0 2.3543474674224854 84.88016510009766
v 60.33100128173828 0.6727390885353088 110.20441436767578
v 96.04054260253906 0.7910557389259338 58.88344955444336
v 96.54054260253906 1.6601448059082031 58.173500061035156
v 97.54054260253906 1.6823009252548218 89.03841400146484
v 99.04054260253906 1.5432325601577759 94.23176574707031
v 100.54054260253906 0.752252995967865 117.49151611328125
v 100.54054260253906 0.5622200965881348 46.748680114746094
v 101.04054260253906 0.840555727481842 96.00907135009766
v 100.04054260253906 0.7586464881896973 60.9068717956543
v 99.04054260253906 0.6338447332382202 61.5582389831543
v 97.54054260253906 0.7613317370414734 61.9859733581543
v 96.54054260253906 0.9172611832618713 33.88344192504883
v 96.04054260253906 0.6741886138916016 88.24933624267578
v 58.55329132080078 0.8413487076759338 41.88833236694336
v 58.55329132080078 1.3776130676269531 58.707679748535156
v 59.30329132080078 0.8409368395805359 59.55729293823242
v 60.05329132080078 0.7209418416023254 112.29621887207031
v 60.80329132080078 1.39592444896698 125.52863311767578
v 60.80329132080078 1.000661015510559 84.49540710449219
v 61.05329132080078 0.645914614200592 39.23500061035156
v 60.55329132080078 1.3933305740356445 60.6226921081543
v 60.05329132080078 1.2681167125701904 66.0403060913086
v 59.30329132080078 1.0067332983016968 37.7056999206543
v 58.55329132080078 1.6851388216018677 117.23563385009766
v 58.55329132080078 0.5915164947509766 88.24933624267578
v 40.75048828125 0.8413487076759338 41.88833236694336
v 41.00048828125 1.3854255676269531 58.707679748535156
v 43.50048828125 0.8409368395805359 59.55729293823242
v 42.25048828125 0.7209418416023254 112.79621887207031
v 44.50048828125 1.39592444896698 125.52863311767578
v 43.25048828125 1.000661015510559 84.49540710449219
v 43.50048828125 0.645914614200592 39.23500061035156
v 43.00048828125 1.3933305740356445 60.6226921081543
v 44.25048828125 1.2681167125701904 65.5403060913086
v 43.00048828125 1.0145457983016968 37.7056999206543
v 41.00048828125 1.6851388216018677 117.23563385009766
v 42.25048828125 0.5954227447509766 34.23305130004883
v 45.20783996582031 2.3387224674224854 44.69007873535156
v 63.81233596801758 7.268754005432129 36.269203186035156
v 58.284976959228516 4.0425591468811035 80.89386749267578
v 33.955875396728516 6.772172451019287 33.65298843383789
v 71.9937744140625 2.545083522796631 67.74932861328125
v 109.20276641845703 3.66996169090271 35.25454330444336
v 72.14222717285156 7.814044952392578 66.27860260009766
v 62.09650802612305 3.55198073387146 46.63343811035156
v 33.85432434082031 2.5295193195343018 51.06019592285156
v 81.54850006103516 3.0647974014282227 32.60512924194336
v 63.98810958862305 5.831009387969971 88.91143798828125
v 76.42543029785156 2.2240986824035645 93.03449249267578
v 48.098567962646484 2.7029802799224854 50.04751968383789
v 34.0789909362793 7.213089466094971 126.24346160888672
f 946 940 476
f 674 948 949
f 949 656038 656034
f 677 656042 807
f 807 656310 656037
f 656034 656037 656310
f 656310 948 656034
f 493 492 656038
f 656038 949 493
f 948 924 656287
f 927 656309 948
f 656310 807 763
f 763 656288 656310
f 656308 656310 656288
f 928 924 948
f 452 493 949
f 949 927 452
f 708 951 952
f 952 712 708
f 711 716 815
f 815 953 711
f 708 711 953
f 953 951 708
f 501 500 712
f 712 952 501
f 3248882173 4060088576 656314
f 656314 3248882619 3248882173
f 656316 3248882619 656314
f 656314 656317 656316
f 656318 656317 656314
f 656314 656319 656318
f 2817 656319 656314
f 656314 4060088576 2817
f 656176 656320 656321
f 656321 817 656176
f 656184 817 656321
f 656321 656322 656184
f 656318 656322 656321
f 656321 656317 656318
f 656316 656317 656321
f 656321 656320 656316
f 656017 656198 656323
f 656323 656018 656017
f 656015 656018 656323
f 656323 656324 656015
f 656318 656324 656323
f 656323 656322 656318
f 656184 656322 656323
f 656323 656198 656184
f 515 654 656325
f 656325 516 515
f 2817 516 656325
f 656325 656319 2817
f 656318 656319 656325
f 656325 656324 656318
f 656015 656324 656325
f 656325 654 656015
f 656316 718 723
f 723 656315 656316
f 960 656176 656084
f 656084 656079 656320
f 718 656316 656320
f 656320 656079 718
f 525 3248882173 656315
f 656315 723 525
f 966 727 732
f 732 967 966
f 968 849 733
f 733 728 968
f 966 968 728
f 728 727 966
f 15860245 532 967
f 967 732 15860245
f 745 969 656330
f 656330 656109 656105
f 748 656113 857
f 857 656331 656108
f 656105 656108 971
f 971 969 656105
f 541 540 656109
f 656109 656330 541
f 972 966 967
f 967 973 972
f 974 862 849
f 849 968 974
f 972 974 968
f 968 966 972
f 15860244 546 973
f 973 967 15860244
f 975 976 977
f 977 656338 975
f 979 872 871
f 871 656340 979
f 975 979 656340
f 980 976 975
f 15860265 15860264 978
f 978 977 15860265
f 969 975 978
f 978 970 969
f 971 857 872
f 872 979 971
f 969 656331 979
f 979 975 969
f 15860264 541 656330
f 656330 978 15860264
f 976 972 656333
f 973 977 656336
f 980 871 862
f 862 974 656340
f 976 656340 656334
f 974 972 656336
f 546 15860265 977
f 977 973 546
f 656006 656009 656341
f 656341 656342 656006
f 656343 656342 656341
f 656341 984 656343
f 656345 984 656341
f 656341 656346 656345
f 656010 986 656341
f 656341 656009 656010
f 555 987 656348
f 656348 556 555
f 563 556 656348
f 656348 989 563
f 656345 989 656348
f 656348 984 656345
f 656343 984 656348
f 656348 987 656343
f 655783 655931 656350
f 656350 521 655783
f 519 655881 656350
f 656350 991 519
f 656345 991 656350
f 656350 989 656345
f 563 989 656350
f 656350 655931 563
f 515 518 656352
f 656352 652 515
f 656010 652 656352
f 656352 986 656010
f 656345 986 656352
f 656352 991 656345
f 519 991 656352
f 656352 518 519
f 656343 2256 470
f 470 982 656343
f 987 555 51
f 51 655825 987
f 2256 656343 987
f 987 655825 464
f 469 656006 982
f 982 470 469
f 656353 472 478
f 478 656354 656353
f 995 576 15876667
f 15876667 473 656355
f 656353 656355 473
f 473 472 656353
f 477 670 656354
f 656354 478 477
f 487 656356 997
f 997 491 487
f 490 62072 581
f 581 998 490
f 487 490 998
f 998 656356 487
f 492 491 997
f 997 679 492
f 656359 656353 656354
f 656354 656360 656359
f 1001 586 576
f 15860288 656355 656361
f 656359 1001 656355
f 656355 656353 656359
f 670 686 656360
f 656360 656354 670
f 1002 1003 1004
f 1004 1005 1002
f 1006 596 595
f 595 1007 1006
f 1002 1006 656367
f 1007 1003 1002
f 656054 656053 1005
f 1005 1004 656054
f 996 1002 1005
f 1005 997 656356
f 998 581 655956
f 655956 1006 998
f 996 998 1006
f 1006 1002 656356
f 656053 679 997
f 997 1005 693
f 656363 656359 1000
f 1000 1004 1003
f 1007 595 586
f 586 1001 656367
f 656363 656367 1001
f 656361 656359 1003
f 686 656054 1004
f 656364 1000 686
f 1008 1009 656370
f 656370 656371 656368
f 1012 606 605
f 605 1013 656372
f 1008 656372 656373
f 1013 1009 656368
f 704 656063 656371
f 1011 656370 704
f 495 656374 656375
f 656375 499 495
f 498 148 611
f 611 1016 498
f 495 498 656376
f 656376 656374 495
f 713 500 499
f 499 656375 713
f 3248882681 523 526
f 526 3248882682 1017
f 1019 616 202
f 202 524 1019
f 523 1017 1019
f 1019 524 523
f 525 722 3248882682
f 3248882682 526 525
f 1020 528 534
f 534 1021 656380
f 1022 621 15876821
f 15876821 15860241 656382
f 1020 656382 15860241
f 15860241 528 656380
f 15860245 731 1021
f 1021 534 15860245
f 656368 656383 1024
f 656384 656371 656368
f 1012 606 626
f 626 1025 656372
f 1008 656372 1025
f 1025 656383 656368
f 737 656063 656371
f 656371 1024 737
f 3248882687 1017 3248882682
f 656378 1024 1023
f 1025 626 616
f 897581672 656379 1025
f 3248882687 1025 1019
f 3248882683 1017 1023
f 722 737 1024
f 1024 3248882682 656082
f 656374 1026 15860748
f 15860748 656375 656374
f 656376 611 631
f 631 1028 656376
f 656374 656376 15860740
f 15860740 1026 656374
f 742 713 656375
f 656375 15860748 742
f 1026 656380 1021
f 656381 15860748 15860738
f 15860740 631 621
f 15860333 656382 15860740
f 15860738 15860740 656382
f 1022 656380 15860738
f 731 742 15860748
f 15860748 656381 731
f 535 15860741 1030
f 1030 2843 655895
f 538 222 655996
f 655996 1031 655898
f 535 655898 1031
f 1031 15860741 655895
f 540 2843 1030
f 1030 656110 655900
f 15860741 656368 656371
f 1011 1030 15860741
f 1031 655996 655966
f 655966 656372 1031
f 15860741 1031 656372
f 1012 656368 15860741
f 656063 3054 1030
f 1030 1011 656063
f 1032 1033 15860746
f 15860746 15860747 15860744
f 15860748 264 263
f 263 15860749 15860748
f 1032 15860748 15860749
f 1037 1033 15860744
f 760 759 15860747
f 1035 15860746 760
f 15860750 15860751 15860752
f 15860752 15860753 15860750
f 15860754 274 273
f 273 15860755 15860754
f 15860750 15860754 15860755
f 15860755 15860751 15860750
f 770 769 15860753
f 15860753 15860752 770
f 15860756 310 313
f 313 15860757 1044
f 1046 299 70
f 70 311 1046
f 15860756 1046 311
f 311 310 1044
f 312 779 1045
f 1045 313 312
f 1047 315 321
f 321 15860760 15860759
f 15860761 304 62033
f 62033 316 15860761
f 1047 15860761 316
f 316 315 15860759
f 2112 787 15860760
f 15860760 321 2112
f 15860744 1050 1051
f 15860763 15860747 15860744
f 15860748 264 309
f 309 1052 15860748
f 1032 15860748 15860764
f 15860764 1050 15860744
f 792 759 15860747
f 1035 1051 792
f 15860762 1044 1045
f 1045 1051 1050
f 15860764 309 299
f 299 1046 1052
f 15860762 1052 1046
f 15860758 1044 1050
f 779 792 1051
f 1051 1045 779
f 15860751 15860765 15860766
f 15860766 15860752 15860751
f 15860755 273 2130
f 2130 15860767 15860755
f 15860751 15860755 15860767
f 15860767 15860765 15860751
f 797 770 15860752
f 15860752 15860766 797
f 15860765 15860759 15860760
f 15860760 15860766 15860765
f 15860767 2130 2096
f 304 15860761 15860767
f 15860765 1055 15860761
f 15860761 15860759 15860765
f 787 797 15860766
f 15860766 15860760 787
f 322 15860768 1057
f 1057 326 322
f 325 90 351
f 351 1058 325
f 322 325 1058
f 1058 15860768 322
f 327 326 1057
f 1057 805 327
f 1056 15860744 1035
f 1035 1057 15860768
f 1058 351 264
f 264 15860748 1058
f 1056 1058 15860748
f 15860748 1032 15860768
f 759 805 1057
f 1057 1035 759
f 360 1059 1060
f 1060 364 360
f 363 140 372
f 372 1061 363
f 360 363 1061
f 1061 1059 360
f 813 655725 364
f 364 1060 813
f 656185 656188 1062
f 1062 656423 656185
f 1064 656423 1062
f 1062 1065 1064
f 1066 1065 1062
f 1062 1067 1066
f 656189 1067 1062
f 1062 656188 656189
f 2165 1068 1069
f 1069 2166 2165
f 381 2166 1069
f 1069 1070 2173
f 1066 1070 1069
f 1069 1065 1066
f 1064 1065 1069
f 1069 1068 1064
f 35 2181 1071
f 1071 293 35
f 291 293 1071
f 1071 1072 2083
f 1066 1072 1071
f 1071 1070 1066
f 2173 1070 1071
f 1071 2181 2173
f 2079 2082 1073
f 1073 656191 655647
f 656189 656191 1073
f 1073 1067 656189
f 1066 1067 1073
f 1073 1072 1066
f 2083 1072 1073
f 1073 2082 2083
f 1064 2183 397
f 397 1063 1064
f 1068 2165 183
f 183 2184 1068
f 2183 1064 1068
f 1068 2184 391
f 424 656185 1063
f 1063 397 396
f 1074 399 2197
f 2197 1075 15860786
f 15860788 2206 62143
f 62143 2192 15860788
f 1074 15860788 2192
f 2192 399 15860786
f 2196 847 15860787
f 15860787 2197 2196
f 439 15860789 1078
f 1078 2235 439
f 442 252 419
f 419 1079 442
f 439 442 1079
f 1079 15860789 439
f 444 2235 1078
f 1078 855 444
f 1080 15860786 15860787
f 15860787 15860793 15860792
f 15860794 15860136 2206
f 2206 15860788 15860794
f 1080 1082 15860788
f 1076 15860786 15860792
f 847 861 15860793
f 15860793 15860787 847
f 1083 1084 1085
f 1085 1086 1083
f 1087 2230 437
f 437 1088 1087
f 1083 1087 1088
f 1088 1084 1083
f 869 868 1086
f 1086 1085 869
f 1077 1083 1086
f 15860798 1078 1077
f 1079 419 438
f 438 1087 1079
f 1077 1079 1087
f 1087 1083 1077
f 868 855 1078
f 1078 1086 868
f 15860796 15860792 1081
f 1081 1085 1084
f 1088 437 424
f 424 1082 1088
f 15860796 1088 1082
f 15860794 15860792 1084
f 861 869 1085
f 15860797 1081 861
f 1089 1090 12649539
f 12649539 12649540 12649537
f 1093 12649539 12649538
f 12649538 12649542 12649541
f 1095 12649544 12649541
f 12649541 12649542 12649543
f 12649542 12649538 12649537
f 12649537 12649543 12649542
f 12649543 12649537 12649540
f 1092 12649544 12649543
f 1097 1098 12649547
f 12649547 12649548 12649545
f 1101 12649547 12649546
f 12649546 12649550 12649549
f 1103 12649552 12649549
f 12649549 12649550 12649551
f 12649550 12649546 12649545
f 12649545 12649551 12649550
f 12649551 12649545 12649548
f 1100 12649552 12649551
f 1105 1106 12649555
f 12649555 12649556 12649553
f 1109 12649555 12649554
f 12649554 12649558 12649557
f 1111 12649560 12649557
f 12649557 12649558 12649559
f 12649558 12649554 12649553
f 12649553 12649559 12649558
f 12649559 12649553 12649556
f 1108 12649560 12649559
f 1113 1114 12649563
f 12649563 12649564 12649561
f 1117 12649563 12649562
f 12649562 12649566 12649565
f 1119 12649568 12649565
f 12649565 12649566 12649567
f 12649566 12649562 12649561
f 12649561 12649567 12649566
f 12649567 12649561 12649564
f 1116 12649568 12649567
f 1121 1122 12649571
f 12649571 12649572 12649569
f 1125 12649571 12649570
f 12649570 12649574 12649573
f 1127 12649576 12649573
f 12649573 12649574 12649575
f 12649574 12649570 12649569
f 1121 12649575 12649574
f 12649575 12649569 12649572
f 1124 12649576 12649575
f 153 155 158
f 158 157 153
f 154 174 173
f 173 155 154
f 154 564 655928
f 655928 174 154
f 655927 655926 655925
f 655925 564 655927
f 926253078 2174 655746
f 655746 926253098 655382
f 2177 2176 655743
f 655743 2174 655745
f 926253077 926253079 655386
f 655386 655385 655381
f 655382 926253098 655401
f 926253097 926253079 655382
f 1129 9 3
f 3 1130 1129
f 9 1131 1130
f 1130 655363 9
f 8 7 1132
f 1132 1133 8
f 1131 9 8
f 8 1133 1131
f 1134 2099 2100
f 2100 1135 1134
f 2097 1136 1135
f 1135 2100 2097
f 15860018 309 1137
f 1137 1138 2098
f 1136 2097 2098
f 2098 1138 1136
f 2057 1139 1140
f 1140 2061 265
f 15859980 274 1141
f 1141 1142 268
f 1139 265 268
f 15859980 1142 1139
f 1143 270 2061
f 2061 1140 1143
f 1144 1145 1146
f 1146 1147 1144
f 1148 1149 1150
f 1150 1151 1148
f 1145 1144 1148
f 1148 1151 1145
f 1152 1153 1147
f 1147 1146 1152
f 1145 1154 12649603
f 1155 1146 12649593
f 1151 1150 12649604
f 12649604 1157 1151
f 1154 12649593 1151
f 12649599 1157 1154
f 1158 1152 1146
f 1146 1155 1158
f 9 1159 1160
f 1160 655363 9
f 1161 9 3
f 3 1160 1161
f 1162 1163 7
f 7 8 1162
f 9 1161 1162
f 1162 655368 9
f 2162 131 125
f 125 2163 2162
f 124 368 2163
f 2163 125 124
f 130 129 372
f 372 2161 130
f 368 124 130
f 130 2161 368
f 1164 624 625
f 625 1165 1164
f 622 1166 1165
f 1165 625 622
f 623 626 1167
f 1167 1168 623
f 1166 622 623
f 623 1168 1166
f 1169 1170 1171
f 1171 1172 1169
f 1173 1174 1175
f 1175 1176 1173
f 1170 1169 1173
f 1173 1176 1170
f 1177 1178 1172
f 1172 1171 1177
f 1170 1179 1180
f 1180 1171 1170
f 1176 1175 1181
f 1181 1182 1176
f 1179 1170 1176
f 1176 1182 1179
f 1183 1177 1171
f 1171 1180 1183
f 131 1184 1185
f 1185 125 131
f 1186 124 125
f 125 1185 1186
f 1187 1188 129
f 129 130 1187
f 124 1186 1187
f 1187 130 124
f 256 1139 1142
f 1142 257 256
f 262 261 1143
f 1143 1140 262
f 1139 256 262
f 262 1140 1139
f 1141 263 257
f 15859969 1142 1141
f 15860762 15860901 1190
f 1190 15860764 1050
f 1051 792 1191
f 1191 1192 1051
f 15860901 1050 1051
f 1051 1192 1189
f 1137 309 1052
f 15860764 1190 1137
f 15860750 15860905 1194
f 1194 15860754 1038
f 15860753 769 1195
f 1195 1196 15860753
f 15860905 1038 15860753
f 15860753 15860908 15860905
f 1141 274 15860754
f 15860754 1194 1141
f 1169 1197 1198
f 1198 1173 1169
f 1172 1178 1199
f 1199 1200 1172
f 1197 1169 1172
f 1172 1200 1197
f 1201 1174 1173
f 1173 1198 1201
f 1197 1136 1138
f 1138 1198 1197
f 1200 1199 1134
f 1134 1135 1200
f 1136 1197 1200
f 1200 1135 1136
f 1137 1201 1198
f 1198 1138 1137
f 1202 256 15859969
f 15859969 1203 1202
f 1204 1205 261
f 261 262 1204
f 256 1202 1204
f 1204 262 256
f 263 15860918 1203
f 1203 257 263
f 353 1059 1061
f 1061 354 353
f 359 2150 813
f 813 1060 359
f 1059 353 359
f 359 1060 1059
f 372 129 354
f 354 1061 372
f 195 1179 1182
f 1182 198 195
f 196 199 1183
f 1183 1180 196
f 1179 195 196
f 196 1180 1179
f 1181 197 198
f 198 1182 1181
f 1207 1208 1209
f 1209 1210 1207
f 1211 1212 1213
f 1213 1214 1211
f 1208 1207 1211
f 1211 1214 1208
f 1175 1174 1210
f 1210 1209 1175
f 1208 1215 1216
f 1216 1209 1208
f 1214 1213 1217
f 1217 1218 1214
f 1215 1208 1214
f 1214 1218 1215
f 1181 1175 1209
f 1209 1216 1181
f 1219 353 354
f 354 1220 1219
f 1221 1222 2150
f 358 359 1221
f 353 1219 1221
f 1221 359 353
f 129 1188 1220
f 1220 354 129
f 448 1223 1224
f 1224 449 448
f 454 453 1225
f 1225 1226 454
f 1223 448 454
f 454 1226 1223
f 1132 7 449
f 449 1224 1132
f 1227 1228 1229
f 1229 1230 1227
f 1231 1232 1233
f 1233 1234 1231
f 1228 1227 1231
f 1231 1234 1228
f 1150 1149 1230
f 1230 1229 1150
f 1228 1235 1236
f 1236 1229 1228
f 1234 1233 1237
f 1237 1238 1234
f 1235 1228 1234
f 1234 1238 1235
f 12649604 1150 1229
f 1229 1236 12649604
f 1239 448 449
f 449 1240 1239
f 1241 1242 453
f 453 454 1241
f 448 1239 1241
f 1241 454 448
f 7 1163 1240
f 1240 449 7
f 3248882687 1243 1244
f 1244 1025 1023
f 1024 737 1245
f 1245 1246 1024
f 656603 656383 1024
f 1024 1246 1243
f 1167 626 1025
f 1025 1244 1167
f 897604159 1154 1157
f 1157 66 63
f 64 67 1158
f 1158 1155 64
f 1154 63 64
f 64 1155 1154
f 12649604 65 66
f 66 1157 12649604
f 15 1131 1133
f 1133 17 15
f 13 12 1129
f 1129 1130 13
f 1131 15 13
f 13 1130 1131
f 1132 18 17
f 17 1133 1132
f 598 144 150
f 150 599 598
f 604 603 151
f 151 145 604
f 144 598 604
f 604 145 144
f 149 605 599
f 599 150 149
f 1144 1247 12649696
f 12649696 1148 1144
f 1147 1153 1249
f 1249 1250 1147
f 1247 1144 1147
f 1147 1250 1247
f 1251 1149 1148
f 1148 12649696 1251
f 1247 1166 12649616
f 1168 12649696 12649695
f 1250 1249 12649612
f 12649612 1165 1250
f 12649614 12649695 1250
f 12649698 1165 1166
f 12649615 1251 1248
f 12649696 1168 1167
f 1252 598 599
f 599 1253 1252
f 1254 1255 603
f 603 604 1254
f 598 1252 1254
f 1254 604 598
f 605 1256 1253
f 1253 599 605
f 942 1257 1258
f 1258 944 942
f 943 2274 1237
f 1237 1259 943
f 1257 942 943
f 943 1259 1257
f 1260 794 944
f 944 1258 1260
f 930 1261 1262
f 1262 934 930
f 933 460 1225
f 1225 4075947247 933
f 1261 930 933
f 933 4075947247 1261
f 1264 773 934
f 934 1262 1264
f 699 951 953
f 953 700 699
f 656065 704 501
f 501 952 705
f 951 699 705
f 705 952 951
f 815 706 700
f 700 953 815
f 1265 1266 1267
f 1267 1268 1265
f 1269 1232 1270
f 1270 1271 1269
f 1266 1265 1269
f 1269 1271 1266
f 1272 1273 1268
f 1268 1267 1272
f 1266 1274 1275
f 1275 1267 1266
f 1271 1270 1245
f 1245 1276 1271
f 1274 1266 1271
f 1271 1276 1274
f 1277 1272 1267
f 1267 1275 1277
f 1278 699 700
f 700 1279 1278
f 1280 656641 704
f 704 705 1280
f 699 1278 1280
f 1280 705 699
f 706 1282 1279
f 1279 700 706
f 755 1283 1284
f 1284 756 755
f 15860473 760 1195
f 1195 1285 761
f 1283 755 761
f 761 1285 1283
f 1264 762 756
f 756 1284 1264
f 1286 1287 1288
f 1288 1289 1286
f 1290 1212 1291
f 1291 1292 1290
f 1287 1286 1290
f 1290 1292 1287
f 1293 1273 1289
f 1289 1288 1293
f 1287 1294 1295
f 1295 1288 1287
f 1292 1291 1191
f 1191 1296 1292
f 1294 1287 1292
f 1292 1296 1294
f 1260 1293 1288
f 1288 1295 1260
f 1297 755 756
f 756 1298 1297
f 1299 15861012 760
f 760 761 1299
f 755 1297 1299
f 1299 761 755
f 762 1301 1298
f 1298 756 762
f 915 1302 1303
f 1303 917 915
f 916 2200 1217
f 1217 1304 916
f 1302 915 916
f 916 1304 1302
f 1277 739 917
f 917 1303 1277
f 790 1294 1296
f 1296 793 790
f 791 794 1260
f 1260 1295 791
f 790 791 1295
f 1295 1294 790
f 1191 792 793
f 793 1296 1191
f 764 1283 1285
f 1285 768 764
f 767 773 1264
f 1264 1284 767
f 764 767 1284
f 1284 1283 764
f 1195 769 768
f 768 1285 1195
f 901 809 814
f 814 902 901
f 905 706 815
f 815 810 905
f 901 905 810
f 810 809 901
f 813 358 902
f 902 814 813
f 1286 1305 1306
f 1306 1290 1286
f 1289 1273 1272
f 1272 1307 1289
f 1286 1289 1307
f 1307 1305 1286
f 1213 1212 1290
f 1290 1306 1213
f 1305 1302 1304
f 1304 1306 1305
f 1307 1272 1277
f 1277 1303 1307
f 1305 1307 1303
f 1303 1302 1305
f 1217 1213 1306
f 1306 1304 1217
f 1308 901 902
f 902 1309 1308
f 1310 1282 706
f 706 905 1310
f 1308 1310 905
f 905 901 1308
f 358 1222 1309
f 1309 902 2150
f 925 1261 1263
f 1263 926 925
f 929 762 1264
f 1264 1262 929
f 925 929 1262
f 1262 1261 925
f 1225 453 926
f 926 4075947247 1225
f 1265 1311 1312
f 1312 1269 1265
f 1268 1273 1293
f 1293 1313 1268
f 1265 1268 1313
f 1313 1311 1265
f 1233 1232 1269
f 1269 1312 1233
f 1311 1257 1259
f 1259 1312 1311
f 1313 1293 1260
f 1260 1258 1313
f 1311 1313 1258
f 1258 1257 1311
f 1237 1233 1312
f 1312 1259 1237
f 1314 925 926
f 926 1315 1314
f 1316 1301 762
f 762 929 1316
f 1314 1316 929
f 929 925 1314
f 453 1242 1315
f 1315 926 453
f 735 1274 1276
f 1276 738 735
f 736 739 1277
f 1277 1275 736
f 735 736 1275
f 1275 1274 735
f 1245 737 738
f 738 1276 1245
f 479 1235 1238
f 1238 481 479
f 12648928 65 12649604
f 12649604 1236 480
f 479 480 12649684
f 12649684 1235 479
f 1237 2274 481
f 481 1238 1237
f 455 1223 1226
f 1226 459 2247
f 458 18 1132
f 1132 1224 2250
f 455 458 1224
f 1224 1223 2247
f 1225 460 2251
f 459 1226 1225
f 1009 496 502
f 502 656370 1009
f 1013 605 149
f 149 655857 656373
f 1009 1013 497
f 497 496 1009
f 501 704 656370
f 656370 502 501
f 1227 1317 1318
f 1318 1231 1227
f 1230 1149 1251
f 1251 1319 1230
f 1227 1230 1319
f 1319 1317 1227
f 1270 1232 1231
f 1231 1318 1270
f 1317 1243 1246
f 1246 1318 1317
f 1319 1251 1167
f 12649615 1244 1319
f 1317 1319 1244
f 1244 1243 1317
f 1245 1270 1318
f 1318 1246 1245
f 1320 1009 656370
f 656370 1321 1320
f 1322 1256 605
f 605 1013 1322
f 1320 1322 656373
f 1013 1009 1320
f 704 656641 1321
f 1321 656370 704
f 1033 15860905 1196
f 1196 15860746 1033
f 1037 263 1141
f 1141 1194 15860749
f 1033 1037 1194
f 1194 15860905 1033
f 1195 760 15860746
f 15860746 1196 1195
f 1207 1323 1324
f 1324 1211 1207
f 1210 1174 1201
f 1201 1325 1210
f 1207 1210 1325
f 1325 1323 1207
f 1291 1212 1211
f 1211 1324 1291
f 1323 1189 1192
f 1192 1324 1323
f 1325 1201 1137
f 1137 1190 1325
f 1323 1325 1190
f 1190 1189 1323
f 1191 1291 1324
f 1324 1192 1191
f 1326 1033 15860746
f 15860746 1327 1326
f 1328 15860918 263
f 263 15860749 1328
f 1326 1328 15860749
f 1037 1033 1326
f 760 15861012 1327
f 1327 15860746 760
f 406 1215 1218
f 1218 409 406
f 407 197 1181
f 1181 1216 407
f 406 407 1216
f 1216 1215 406
f 1217 2200 409
f 409 1218 1217
f 1329 1330 1331
f 1331 1332 1329
f 1333 1331 1330
f 1330 1334 1333
f 1335 1336 1333
f 1333 1334 1335
f 1334 1330 1329
f 1329 1335 1334
f 1335 1329 1332
f 1332 1336 1335
f 1337 1338 1339
f 1339 1340 1337
f 1341 1339 1338
f 1338 1342 1341
f 1343 1344 1341
f 1341 1342 1343
f 1342 1338 1337
f 1337 1343 1342
f 1343 1337 1340
f 1340 1344 1343
f 1345 1346 1347
f 1347 1348 1345
f 1349 1347 1346
f 1346 1350 1349
f 1351 1352 1349
f 1349 1350 1351
f 1350 1346 1345
f 1345 1351 1350
f 1351 1345 1348
f 1348 1352 1351
f 1353 1354 1355
f 1355 1356 1353
f 656717 1358 1354
f 1354 1353 1357
f 656719 656720 1358
f 1358 1357 1359
f 656721 656722 656720
f 1360 1359 656721
f 656723 656724 656722
f 1362 656721 656723
f 656725 656726 656724
f 656724 656723 656725
f 656727 656728 656726
f 656726 656725 656727
f 656729 656730 656728
f 656728 656727 656729
f 656731 656732 656730
f 656730 656729 656731
f 656733 656734 656732
f 656732 656731 656733
f 656735 656736 656734
f 656734 656733 656735
f 1356 1355 656736
f 656736 656735 656716
f 1354 1377 656738
f 1378 1355 1354
f 1358 1379 1377
f 1377 1354 1358
f 1360 1380 1379
f 1379 1358 656720
f 1362 1381 1380
f 1380 656720 656722
f 656724 1382 1381
f 656741 656722 656724
f 656726 656743 1382
f 656742 656724 656726
f 656728 656744 656743
f 656743 656726 656728
f 656730 656745 656744
f 656744 656728 656730
f 656732 656746 656745
f 656745 656730 656732
f 656734 656747 656746
f 656746 656732 656734
f 656736 656748 656747
f 656747 656734 656736
f 1355 656738 656748
f 656748 656736 1355
f 1377 1389 1390
f 1390 656738 1377
f 1379 1391 1389
f 656749 1377 1379
f 1380 1392 1391
f 1391 1379 1380
f 656741 1393 1392
f 1392 1380 1381
f 656742 656754 1393
f 1393 1381 1382
f 656743 656755 656754
f 1394 1382 656743
f 656744 656756 656755
f 1395 656743 656744
f 656745 656757 656756
f 656756 656744 656745
f 656746 656758 656757
f 656757 656745 656746
f 656747 656759 656758
f 656758 656746 656747
f 656748 656760 656759
f 656759 656747 656748
f 1378 1390 656760
f 656760 656748 656738
f 656749 656761 656762
f 1402 1390 1389
f 1391 656763 656761
f 1401 1389 1391
f 1392 1404 656763
f 1403 1391 1392
f 1393 1405 1404
f 1404 1392 1393
f 1394 1406 1405
f 1405 1393 656754
f 1395 1407 1406
f 1406 656754 656755
f 656756 1408 1407
f 656767 656755 656756
f 656757 656769 1408
f 656768 656756 656757
f 656758 656770 656769
f 656769 656757 656758
f 656759 656771 656770
f 656770 656758 656759
f 656760 656772 656771
f 656771 656759 656760
f 1390 656762 656772
f 656772 656760 1390
f 1413 1359 1357
f 1357 1414 1413
f 1361 1359 1413
f 1413 1415 656721
f 656723 1361 1415
f 1415 656776 656723
f 656725 656723 656776
f 656776 656777 656725
f 656727 656725 656777
f 656777 656778 656727
f 656779 656716 656735
f 656735 656780 656779
f 1421 1353 656716
f 656716 656779 656781
f 656782 656783 1424
f 1424 1425 1422
f 656786 656787 656783
f 1423 1422 656786
f 656788 656789 656787
f 1427 656786 656788
f 656790 656791 656789
f 656789 656788 656790
f 656792 656793 656791
f 656791 656790 656792
f 656794 656795 656793
f 656793 656792 656794
f 656796 656797 656795
f 656795 656794 656796
f 656798 656799 656797
f 656797 656796 656798
f 656800 656801 656799
f 656799 656798 656800
f 656802 656803 656801
f 656801 656800 656802
f 656804 656805 656803
f 656803 656802 656804
f 656785 1424 656805
f 656805 656804 656785
f 1423 1446 656807
f 656807 1424 656783
f 1427 1448 1446
f 1446 656783 656787
f 656789 1449 1448
f 656808 656787 656789
f 656791 656810 1449
f 656809 656789 656791
f 656793 656811 656810
f 656810 656791 656793
f 656795 656812 656811
f 656811 656793 656795
f 656797 656813 656812
f 656812 656795 656797
f 656799 656814 656813
f 656813 656797 656799
f 656801 656815 656814
f 656814 656799 656801
f 656803 656816 656815
f 656815 656801 656803
f 656805 656817 656816
f 656816 656803 656805
f 1424 656807 656817
f 656817 656805 1424
f 1446 656781 1419
f 1419 656807 1446
f 656808 1414 656781
f 656781 1446 1448
f 656809 656773 1414
f 1414 1448 1449
f 656810 656775 656773
f 1413 1449 656810
f 656811 656776 656775
f 1415 656810 656811
f 656812 656777 656776
f 656776 656811 656812
f 656813 656778 656777
f 656777 656812 656813
f 656814 656818 656778
f 656778 656813 656814
f 656815 656819 656818
f 656818 656814 656815
f 656816 656820 656819
f 656819 656815 656816
f 656817 656780 656820
f 656820 656816 656817
f 656807 1419 656780
f 656780 656817 656807
f 656778 656818 656729
f 656729 656727 656778
f 656818 656819 656731
f 656731 656729 656818
f 656731 656819 656820
f 656820 656733 656731
f 656733 656820 656780
f 656780 656735 656733
f 1353 656781 1414
f 1414 1357 1353
f 1461 1462 656823
f 656823 656824 656821
f 656825 1466 1462
f 656822 656821 656825
f 656827 656828 1466
f 656826 656825 1467
f 656829 656830 656828
f 656828 1467 656829
f 656831 656832 656830
f 1470 656829 656831
f 656833 656834 656832
f 656832 656831 656833
f 656835 656836 656834
f 656834 656833 656835
f 656837 656838 656836
f 656836 656835 656837
f 656839 656840 656838
f 656838 656837 656839
f 656841 656842 656840
f 656840 656839 656841
f 656843 656844 656842
f 656842 656841 656843
f 1464 656823 656844
f 656844 656843 656824
f 656822 656845 656846
f 1486 656823 1462
f 656826 656847 656845
f 656845 1462 1466
f 656828 656848 656847
f 1487 1466 656828
f 1470 656849 656848
f 1488 656828 656830
f 656832 1490 656849
f 656849 656830 656832
f 656834 656851 1490
f 656850 656832 656834
f 656836 656852 656851
f 656851 656834 656836
f 656838 656853 656852
f 656852 656836 656838
f 656840 656854 656853
f 656853 656838 656840
f 656842 656855 656854
f 656854 656840 656842
f 656844 656856 656855
f 656855 656842 656844
f 656823 656846 656856
f 656856 656844 656823
f 656845 656857 656858
f 656858 656846 656845
f 1487 656859 656857
f 656857 656845 656847
f 1488 1500 656859
f 656859 656847 656848
f 656849 1501 1500
f 656860 656848 656849
f 656850 656862 1501
f 656861 656849 1490
f 656851 656863 656862
f 656862 1490 656851
f 656852 656864 656863
f 1503 656851 656852
f 656853 656865 656864
f 656864 656852 656853
f 656854 656866 656865
f 656865 656853 656854
f 656855 656867 656866
f 656866 656854 656855
f 656856 656868 656867
f 656867 656855 656856
f 656846 656858 656868
f 656868 656856 656846
f 656857 1509 656870
f 656870 656858 656857
f 656859 656871 1509
f 656869 656857 656859
f 656860 656872 656871
f 656871 656859 1500
f 656861 656873 656872
f 656872 1500 1501
f 656862 656874 656873
f 1513 1501 656862
f 1503 656875 656874
f 1514 656862 656863
f 656864 1516 656875
f 656875 656863 656864
f 656865 656877 1516
f 656876 656864 656865
f 656866 656878 656877
f 656877 656865 656866
f 656867 656879 656878
f 656878 656866 656867
f 656868 656880 656879
f 656879 656867 656868
f 1498 656870 656880
f 656880 656868 656858
f 656881 656843 656841
f 656841 656882 656881
f 656883 1467 656825
f 656825 656884 656883
f 1525 656829 656827
f 656827 656883 656885
f 656886 656831 656829
f 656829 656885 656886
f 656833 656831 656886
f 656886 656887 656833
f 656835 656833 656887
f 656887 656888 656835
f 656837 656835 656888
f 656888 656889 656837
f 656890 656839 656837
f 656837 656889 656890
f 656882 656841 656839
f 656839 656890 656882
f 656843 656881 656891
f 656891 656824 656843
f 1464 656891 656892
f 656892 656821 656824
f 656821 656892 656884
f 1524 656825 656821
f 656893 656894 656895
f 656895 656896 656893
f 1537 656898 656894
f 656894 656893 1537
f 1539 1540 656898
f 656898 1537 656899
f 656901 1542 1540
f 1540 656899 656901
f 656903 656904 1542
f 656902 656901 1543
f 1545 656906 656904
f 656904 1543 656905
f 656907 1548 656906
f 1546 656905 656907
f 656909 656910 1548
f 656908 656907 1549
f 1551 656912 656910
f 656910 1549 656911
f 656913 1554 656912
f 1552 656911 656913
f 656915 656916 1554
f 656914 656913 1555
f 656896 656895 1556
f 656916 1555 656896
f 656894 1557 1558
f 1558 656895 656894
f 656898 656919 1557
f 656917 656894 1538
f 1540 656920 656919
f 1559 656898 1540
f 656902 1561 656920
f 656920 1540 656902
f 656904 656922 1561
f 1561 656902 656904
f 1546 656923 656922
f 656922 656904 1546
f 656908 1564 656923
f 656923 1546 1548
f 656910 656925 1564
f 1564 1548 656910
f 1552 656926 656925
f 1565 656910 1552
f 656914 1567 656926
f 656926 1552 656914
f 656916 656928 1567
f 1567 656914 656916
f 656895 656918 656928
f 656928 656916 656895
f 656917 1532 656891
f 656891 656918 1557
f 1559 656884 656892
f 656892 1557 656919
f 656920 656883 656884
f 1524 1559 656920
f 1561 656885 656883
f 656883 656920 1561
f 656922 656886 656885
f 1525 656921 656922
f 656923 656887 656886
f 656886 1562 656923
f 1564 656888 656887
f 656887 656923 1564
f 1565 656889 656888
f 656888 656924 656925
f 656926 656890 656889
f 656889 1565 656926
f 1567 656882 656890
f 656890 656926 1567
f 656928 656881 656882
f 656882 656927 656928
f 1558 656891 656881
f 656881 1568 1558
f 1569 1570 656931
f 656931 656932 656929
f 656933 656934 656935
f 656935 656936 656933
f 656937 656938 656939
f 656939 656940 656937
f 656941 656942 656943
f 656943 656944 656941
f 656945 656946 656947
f 656947 656948 656945
f 656948 656947 656949
f 656949 656950 656948
f 656951 656952 656946
f 656946 656945 656951
f 656953 656871 656872
f 656953 656872 656873
f 656953 656873 656874
f 656876 656877 656954
f 656875 656876 656954
f 656874 656875 656954
f 656874 656954 656942
f 656953 656874 656942
f 656941 656953 656942
f 656944 656943 656934
f 656934 656933 656944
f 656936 656935 656955
f 656955 656956 656936
f 656956 656955 656957
f 656957 656958 656956
f 656958 656957 656959
f 656959 656960 656958
f 656961 656960 656959
f 656959 656962 656769
f 656959 656769 656770
f 656959 656770 656771
f 656959 656771 656772
f 656961 656959 656772
f 656961 656772 656762
f 656961 656762 656761
f 656961 656761 656763
f 656961 656763 656764
f 656961 656764 656765
f 656961 656765 656766
f 656768 656769 656962
f 656767 656768 656962
f 656766 656767 656962
f 656766 656962 656938
f 656961 656766 656938
f 656937 656961 656938
f 656940 656939 656930
f 656930 656929 656940
f 656953 656950 656949
f 656949 656954 656877
f 656949 656877 656878
f 656949 656878 656879
f 656949 656879 656880
f 656953 656949 656880
f 656953 656880 656870
f 656953 656870 656869
f 656953 656869 656871
f 656945 656948 656950
f 656950 656953 656941
f 656941 656944 656933
f 656950 656941 656933
f 656933 656936 656963
f 656950 656933 656963
f 656945 656950 656963
f 656951 656945 656963
f 656938 656962 656964
f 656939 656938 656964
f 656930 656939 656964
f 656931 656930 656964
f 656942 656954 656965
f 656943 656942 656965
f 656934 656943 656965
f 656935 656934 656965
f 656935 656965 656966
f 656956 656958 656960
f 656960 656961 656937
f 656937 656940 656929
f 656960 656937 656929
f 656929 656932 656963
f 656960 656929 656963
f 656956 656960 656963
f 656936 656956 656963
f 656955 656935 656966
f 656957 656955 656966
f 656959 656957 656966
f 656959 656966 656964
f 656962 656959 656964
f 656946 656952 656965
f 656947 656946 656965
f 656949 656947 656965
f 656954 656949 656965
f 1086091161 1119879168 1107296267
f 1086091160 1117780264 1107296267
f 1086091162 1117780264 1098907659
f 1091911935 1117750019 1089030737
f 1091911935 1116674516 1089030737
f 1091962482 1116159650 1089030737
f 1092402614 1116049279 1079941953
f 1092620323 1116049279 1065910977
f 1092626933 1115785515 1064608513
f 1092626933 1115785515 1050307841
f 1093283337 1115784916 1026157569
f 1093121815 1115785515 1033170433
f 1093283337 1115784916 1026160641
f 1093391371 1115785281 1028832257
f 1093391371 1115785281 1028828161
f 1093431193 1115785116 1033014785
f 1092357377 1115785515 1049994497
f 1092357377 1115785515 1049991681
f 1093121815 1115785515 1033172993
f 1093431193 1115784916 1033014785
f 1092479079 1115783399 1050176769
f 1092898475 1115783065 1035249153
f 1092582555 1115782471 1028335617
f 1092339631 1115782471 1008058369
f 1092765852 1115782811 1033377793
f 1092339631 1115782471 1008058369
f 1092765852 1115782601 1033377793
f 1092066001 1115782575 1023722497
f 1091875930 1115782632 1020948481
f 1093082226 1115783343 1020987393
f 1093082226 1115783399 1020987393
f 1092991439 1115783343 1036245505
f 1091875930 1115782575 1020948481
f 1092991439 1115783065 1036245505
f 1092582555 1115782601 1028335617
f 1092066001 1115782575 1023720449
f 1092898475 1115782811 1035249153
f 1092479077 1115784783 1059947905
f 1093135481 1115783399 1054926337
f 1093135481 1115784783 1054926337
f 1091822674 1115782632 1058867457
f 1091822674 1115784575 1058867457
f 1092619465 1116259665 1065543489
f 1092988499 1116253079 1034995713
f 1092579188 1116249113 1033830913
f 1092569089 1116249113 1033816577
f 1091872607 1116249245 1036175873
